time,com_x,com_y,com_z,base_x,base_y,base_z,base_roll,base_pitch,base_yaw,support_x_min,support_x_max,support_y_min,support_y_max,com_inside_support,left_contact,right_contact,support_point_count,left_fx,left_fy,left_fz,right_fx,right_fy,right_fz,left_contact_x_mean,left_contact_y_mean,right_contact_x_mean,right_contact_y_mean,right_minus_left_fz,left_force_age,right_force_age,left_force_stale,right_force_stale,com_support_signed_distance,source_sim_time,pose_updated
0.0,1.5445505953825543e-05,-0.027681949878848335,0.34312626398584434,0.00010015308551046911,-0.00136905022690281,0.41337058732229426,0.0006539273514862111,-0.00187959626438038,-0.0044507961705781765,-0.14078419983049187,0.1449524881723434,-0.04438061233141838,0.11658718678421198,1,0,0,0,nan,nan,nan,nan,nan,nan,nan,nan,nan,nan,nan,nan,nan,1,1,0.01668054299557698,0.0,1
0.01,1.5445505953825543e-05,-0.027681949878848335,0.34312626398584434,0.00010015308551046911,-0.00136905022690281,0.41337058732229426,0.0006539273514862111,-0.00187959626438038,-0.0044507961705781765,-0.14078419983049187,0.1449524881723434,-0.04438061233141838,0.11658718678421198,1,0,0,0,nan,nan,nan,nan,nan,nan,nan,nan,nan,nan,nan,nan,nan,1,1,0.01668054299557698,0.0,0
0.02,0.0018900642132241257,-0.029569411856739662,0.348313438681143,0.001441296791977606,-0.0045200026169986566,0.41901267272020654,0.02006315034086989,-0.014299685807055477,-0.01841756834709345,-0.1337217385936346,0.15166869003456848,-0.04183298299307732,0.12186383308707775,1,0,0,0,nan,nan,nan,nan,nan,nan,nan,nan,nan,nan,nan,nan,nan,1,1,0.010462751490573805,0.017,1
0.03,0.0018900642132241257,-0.029569411856739662,0.348313438681143,0.001441296791977606,-0.0045200026169986566,0.41901267272020654,0.02006315034086989,-0.014299685807055477,-0.01841756834709345,-0.1337217385936346,0.15166869003456848,-0.04183298299307732,0.12186383308707775,1,0,0,0,nan,nan,nan,nan,nan,nan,nan,nan,nan,nan,nan,nan,nan,1,1,0.010462751490573805,0.017,0
0.04,0.003620707353966008,-0.031375976387422615,0.35085104655316285,0.0028192365301951813,-0.00781668615041548,0.4220562799828705,0.03991073557957136,-0.024575594818556444,-0.03305364556958866,-0.12951694649340767,0.15991041318028562,-0.038701476066283644,0.12931035918545086,1,0,0,0,nan,nan,nan,nan,nan,nan,nan,nan,nan,nan,nan,nan,nan,1,1,0.003322044214101839,0.034,1
0.05,0.003620707353966008,-0.031375976387422615,0.35085104655316285,0.0028192365301951813,-0.00781668615041548,0.4220562799828705,0.03991073557957136,-0.024575594818556444,-0.03305364556958866,-0.12951694649340767,0.15991041318028562,-0.038701476066283644,0.12931035918545086,1,0,0,0,nan,nan,nan,nan,nan,nan,nan,nan,nan,nan,nan,nan,nan,1,1,0.003322044214101839,0.034,0
0.06,0.005340095307740242,-0.03317004418390109,0.35096616182363344,0.004322706815284016,-0.011073960605500048,0.42262440453035555,0.06270713273511794,-0.03265134757360838,-0.04837190783370101,-0.12536838475734224,0.16629866497339896,-0.035672619399437694,0.13585216435861291,0,0,0,0,nan,nan,nan,nan,nan,nan,nan,nan,nan,nan,nan,nan,nan,1,1,-0.003799844197620007,0.051000000000000004,1
0.07,0.007155231429435415,-0.03500657877558165,0.35089487141092635,0.006481159309450238,-0.014457783100932197,0.4230187381935115,0.08303421296170856,-0.03014520668089167,-0.061028632041563266,-0.12457910260716601,0.17068080877010988,-0.032053872194941206,0.14279428948145742,0,0,0,0,nan,nan,nan,nan,nan,nan,nan,nan,nan,nan,nan,nan,nan,1,1,-0.01096674803893062,0.068,1
0.08,0.007155231429435415,-0.03500657877558165,0.35089487141092635,0.006481159309450238,-0.014457783100932197,0.4230187381935115,0.08303421296170856,-0.03014520668089167,-0.061028632041563266,-0.12457910260716601,0.17068080877010988,-0.032053872194941206,0.14279428948145742,0,0,0,0,nan,nan,nan,nan,nan,nan,nan,nan,nan,nan,nan,nan,nan,1,1,-0.01096674803893062,0.068,0
0.09,0.009148581430332939,-0.036933633724476514,0.34922639512553866,0.009046283779075624,-0.017873092995015556,0.4217553999993071,0.10508035288388769,-0.024268546235560167,-0.07311640015084876,-0.12375374166596148,0.17245842628935026,-0.028707596488167786,0.14868260098317482,0,0,0,0,nan,nan,nan,nan,nan,nan,nan,nan,nan,nan,nan,nan,nan,1,1,-0.017914504397625784,0.085,1
0.1,0.009148581430332939,-0.036933633724476514,0.34922639512553866,0.009046283779075624,-0.017873092995015556,0.4217553999993071,0.10508035288388769,-0.024268546235560167,-0.07311640015084876,-0.12375374166596148,0.17245842628935026,-0.028707596488167786,0.14868260098317482,0,0,0,0,nan,nan,nan,nan,nan,nan,nan,nan,nan,nan,nan,nan,nan,1,1,-0.017914504397625784,0.085,0
0.11,0.01155479172322938,-0.039089210551861146,0.34747346055451,0.012407245671209289,-0.02156358182629155,0.42039291893229275,0.12366966354156782,-0.011019694480332238,-0.082047810691363,-0.12486501702332249,0.17319692471986464,-0.02509163668813609,0.1546192553006855,0,0,0,0,nan,nan,nan,nan,nan,nan,nan,nan,nan,nan,nan,nan,nan,1,1,-0.024753872306934904,0.10200000000000001,1
0.12,0.013983634367208415,-0.04171215788452016,0.34560488787645316,0.01601475122979316,-0.025411559652643214,0.41877787304761743,0.14148104121337693,0.005678529821948201,-0.09122549824989772,-0.12621573283840926,0.1723839771509036,-0.022594050003459487,0.15755039124276554,0,0,0,0,nan,nan,nan,nan,nan,nan,nan,nan,nan,nan,nan,nan,nan,1,1,-0.029731891362394045,0.11900000000000001,1
0.13,0.013983634367208415,-0.04171215788452016,0.34560488787645316,0.01601475122979316,-0.025411559652643214,0.41877787304761743,0.14148104121337693,0.005678529821948201,-0.09122549824989772,-0.12621573283840926,0.1723839771509036,-0.022594050003459487,0.15755039124276554,0,0,0,0,nan,nan,nan,nan,nan,nan,nan,nan,nan,nan,nan,nan,nan,1,1,-0.029731891362394045,0.11900000000000001,0
0.14,0.01626897349145269,-0.04547917265465758,0.34698996324675446,0.019169363909404786,-0.029839888744397438,0.42028368860924614,0.1476118231720619,0.01521384863286978,-0.10413145288589212,-0.12677636187108599,0.17481877371713253,-0.025326168691006123,0.1583150625203325,0,0,0,0,nan,nan,nan,nan,nan,nan,nan,nan,nan,nan,nan,nan,nan,1,1,-0.032319444206898605,0.136,1
0.15,0.01626897349145269,-0.04547917265465758,0.34698996324675446,0.019169363909404786,-0.029839888744397438,0.42028368860924614,0.1476118231720619,0.01521384863286978,-0.10413145288589212,-0.12677636187108599,0.17481877371713253,-0.025326168691006123,0.1583150625203325,0,0,0,0,nan,nan,nan,nan,nan,nan,nan,nan,nan,nan,nan,nan,nan,1,1,-0.032319444206898605,0.136,0
0.16,0.018289308897284254,-0.04948354965788823,0.34690842213253464,0.021956031356868334,-0.034315190633681034,0.42025137474674285,0.1538607731729108,0.021268972919808483,-0.12051347110809058,-0.12598185855370708,0.17698201715990475,-0.029471969955481986,0.15783037354463425,0,0,0,0,nan,nan,nan,nan,nan,nan,nan,nan,nan,nan,nan,nan,nan,1,1,-0.03405819452679662,0.15300000000000002,1
0.17,0.0197838684311456,-0.053873142658534864,0.346946501205362,0.0237008260004064,-0.03905787269000756,0.42034704152758134,0.15583916082238936,0.020929393745579963,-0.14034845244746258,-0.12327530095188427,0.1825461938974045,-0.035131258266328284,0.15714574451133673,0,0,0,0,nan,nan,nan,nan,nan,nan,nan,nan,nan,nan,nan,nan,nan,1,1,-0.03530356109716424,0.16999999999999998,1
0.18,0.0197838684311456,-0.053873142658534864,0.346946501205362,0.0237008260004064,-0.03905787269000756,0.42034704152758134,0.15583916082238936,0.020929393745579963,-0.14034845244746258,-0.12327530095188427,0.1825461938974045,-0.035131258266328284,0.15714574451133673,0,0,0,0,nan,nan,nan,nan,nan,nan,nan,nan,nan,nan,nan,nan,nan,1,1,-0.03530356109716424,0.16999999999999998,0
0.19,0.02086236524529572,-0.058506777876460005,0.346046471891218,0.024870909663964123,-0.043874471823789465,0.41946182785869157,0.1590221749054836,0.01648207097463712,-0.1634898176863833,-0.1193522350057504,0.18790413648177462,-0.04215144515032799,0.15520665634660052,0,0,0,0,nan,nan,nan,nan,nan,nan,nan,nan,nan,nan,nan,nan,nan,1,1,-0.03588476659822493,0.187,1
0.2,0.02086236524529572,-0.058506777876460005,0.346046471891218,0.024870909663964123,-0.043874471823789465,0.41946182785869157,0.1590221749054836,0.01648207097463712,-0.1634898176863833,-0.1193522350057504,0.18790413648177462,-0.04215144515032799,0.15520665634660052,0,0,0,0,nan,nan,nan,nan,nan,nan,nan,nan,nan,nan,nan,nan,nan,1,1,-0.03588476659822493,0.187,0
0.21,0.021286815339758222,-0.06334991446165575,0.3449196822120443,0.025065821573231842,-0.04891914965518347,0.41837518655158384,0.15960611769264776,0.007659220277286948,-0.1878009540320336,-0.11434275791844947,0.19473879316708553,-0.0492147535822037,0.1532845558868572,0,0,0,0,nan,nan,nan,nan,nan,nan,nan,nan,nan,nan,nan,nan,nan,1,1,-0.03669337358658592,0.20400000000000001,1
0.22,0.021286815339758222,-0.06334991446165575,0.3449196822120443,0.025065821573231842,-0.04891914965518347,0.41837518655158384,0.15960611769264776,0.007659220277286948,-0.1878009540320336,-0.11434275791844947,0.19473879316708553,-0.0492147535822037,0.1532845558868572,0,0,0,0,nan,nan,nan,nan,nan,nan,nan,nan,nan,nan,nan,nan,nan,1,1,-0.03669337358658592,0.20400000000000001,0
0.23,0.020871689654813647,-0.06840737992022744,0.34417633959901456,0.02455617422039487,-0.05414374636915207,0.417638416789174,0.16328193378803987,0.003074518265448097,-0.20987340315022626,-0.11181293207129844,0.1998656922744943,-0.05730566949928267,0.15100104630806505,0,0,0,0,nan,nan,nan,nan,nan,nan,nan,nan,nan,nan,nan,nan,nan,1,1,-0.03757004601630809,0.22100000000000003,1
0.24,0.019878110273751397,-0.07372902061421974,0.3440123938789628,0.02400312847307792,-0.059819036461983305,0.4174989485981095,0.16425676168633124,0.007867434407024467,-0.22834443780560365,-0.11286617840790428,0.2021233599628218,-0.06405280163269944,0.1489575803241343,0,0,0,0,nan,nan,nan,nan,nan,nan,nan,nan,nan,nan,nan,nan,nan,1,1,-0.038693727098740104,0.238,1
0.25,0.019878110273751397,-0.07372902061421974,0.3440123938789628,0.02400312847307792,-0.059819036461983305,0.4174989485981095,0.16425676168633124,0.007867434407024467,-0.22834443780560365,-0.11286617840790428,0.2021233599628218,-0.06405280163269944,0.1489575803241343,0,0,0,0,nan,nan,nan,nan,nan,nan,nan,nan,nan,nan,nan,nan,nan,1,1,-0.038693727098740104,0.238,0
0.26,0.018490274305906166,-0.07907567226861223,0.34434470543188667,0.022789700990671714,-0.0656932909572561,0.4179018215652514,0.17218756328143214,0.008989385164732315,-0.2449892695744917,-0.11291191548645835,0.20347968948028627,-0.06960036415160722,0.14690198310345254,0,0,0,0,nan,nan,nan,nan,nan,nan,nan,nan,nan,nan,nan,nan,nan,1,1,-0.04077350757100472,0.255,1
0.27,0.018490274305906166,-0.07907567226861223,0.34434470543188667,0.022789700990671714,-0.0656932909572561,0.4179018215652514,0.17218756328143214,0.008989385164732315,-0.2449892695744917,-0.11291191548645835,0.20347968948028627,-0.06960036415160722,0.14690198310345254,0,0,0,0,nan,nan,nan,nan,nan,nan,nan,nan,nan,nan,nan,nan,nan,1,1,-0.04077350757100472,0.255,0
0.28,0.016927218700979515,-0.0844126415782751,0.3432528867345126,0.021352637231903844,-0.07177186599709141,0.41693182597714024,0.17929754462736983,0.010567113077536872,-0.2588441534650605,-0.11302241518060283,0.20464694799898275,-0.07364500374096902,0.1456837902219668,0,0,0,0,nan,nan,nan,nan,nan,nan,nan,nan,nan,nan,nan,nan,nan,1,1,-0.043836647817940104,0.272,1
0.29,0.014568665936747098,-0.09018961847511917,0.34353015699611394,0.018837581112680753,-0.07810673435282195,0.4172894106850761,0.1884900940022144,0.007462453680850256,-0.27562921261382006,-0.11254911177352965,0.20638686105896326,-0.0796126366711916,0.14326224378289054,0,0,0,0,nan,nan,nan,nan,nan,nan,nan,nan,nan,nan,nan,nan,nan,1,1,-0.04638733930954624,0.289,1
0.3,0.014568665936747098,-0.09018961847511917,0.34353015699611394,0.018837581112680753,-0.07810673435282195,0.4172894106850761,0.1884900940022144,0.007462453680850256,-0.27562921261382006,-0.11254911177352965,0.20638686105896326,-0.0796126366711916,0.14326224378289054,0,0,0,0,nan,nan,nan,nan,nan,nan,nan,nan,nan,nan,nan,nan,nan,1,1,-0.04638733930954624,0.289,0
0.31,0.011932803951817192,-0.09609849634248746,0.34256625160253573,0.01612777439770285,-0.08468323629697526,0.41644978791536275,0.19573940342813928,0.006742726770563473,-0.29035049021567993,-0.11266548394755249,0.20733720392589666,-0.0848742720515461,0.14102918134608017,0,0,0,0,nan,nan,nan,nan,nan,nan,nan,nan,nan,nan,nan,nan,nan,1,1,-0.04926156686304656,0.306,1
0.32,0.011932803951817192,-0.09609849634248746,0.34256625160253573,0.01612777439770285,-0.08468323629697526,0.41644978791536275,0.19573940342813928,0.006742726770563473,-0.29035049021567993,-0.11266548394755249,0.20733720392589666,-0.0848742720515461,0.14102918134608017,0,0,0,0,nan,nan,nan,nan,nan,nan,nan,nan,nan,nan,nan,nan,nan,1,1,-0.04926156686304656,0.306,0
0.33,0.009353995964700304,-0.10230653869292809,0.3420157475719629,0.013758150373665314,-0.09183066898842351,0.41598504545738846,0.20763523044299917,0.01181738738550266,-0.3061658777420616,-0.11408769623795025,0.20721462872868798,-0.08988963367718983,0.14003159375736834,0,0,0,0,nan,nan,nan,nan,nan,nan,nan,nan,nan,nan,nan,nan,nan,1,1,-0.05335227021079991,0.323,1
0.34,0.0066101591800567785,-0.10880171963488668,0.3410044740843592,0.011014828123842755,-0.09932750472466834,0.4151051603169407,0.21850646907830318,0.013315118918723804,-0.3227980404792655,-0.11464486930429196,0.20833507666721524,-0.09447076960921702,0.13842726732420374,0,0,0,0,nan,nan,nan,nan,nan,nan,nan,nan,nan,nan,nan,nan,nan,1,1,-0.05751758972163762,0.34,1
0.35000000000000003,0.0066101591800567785,-0.10880171963488668,0.3410044740843592,0.011014828123842755,-0.09932750472466834,0.4151051603169407,0.21850646907830318,0.013315118918723804,-0.3227980404792655,-0.11464486930429196,0.20833507666721524,-0.09447076960921702,0.13842726732420374,0,0,0,0,nan,nan,nan,nan,nan,nan,nan,nan,nan,nan,nan,nan,nan,1,1,-0.05751758972163762,0.34,0
0.36,0.0033357764096065973,-0.1156138099538934,0.3403211316927375,0.007493497864269059,-0.1071079443859107,0.4145391805830853,0.23348830877952104,0.012051630678040496,-0.3397948435496855,-0.11441939696094292,0.209203710410858,-0.09977457249330915,0.13622877255425836,0,0,0,0,nan,nan,nan,nan,nan,nan,nan,nan,nan,nan,nan,nan,nan,1,1,-0.061840067896917095,0.357,1
0.37,0.0033357764096065973,-0.1156138099538934,0.3403211316927375,0.007493497864269059,-0.1071079443859107,0.4145391805830853,0.23348830877952104,0.012051630678040496,-0.3397948435496855,-0.11441939696094292,0.209203710410858,-0.09977457249330915,0.13622877255425836,0,0,0,0,nan,nan,nan,nan,nan,nan,nan,nan,nan,nan,nan,nan,nan,1,1,-0.061840067896917095,0.357,0
0.38,-0.0002582312204267402,-0.12253825994279333,0.33874501468449253,0.0036088248649975303,-0.11522554833172514,0.4131124501520771,0.2479552950120309,0.012954460940100419,-0.3529246671336497,-0.1144668508343044,0.2094705366020506,-0.10342552966203944,0.13446905133982381,0,0,0,0,nan,nan,nan,nan,nan,nan,nan,nan,nan,nan,nan,nan,nan,1,1,-0.06716594804220552,0.374,1
0.39,-0.0002582312204267402,-0.12253825994279333,0.33874501468449253,0.0036088248649975303,-0.11522554833172514,0.4131124501520771,0.2479552950120309,0.012954460940100419,-0.3529246671336497,-0.1144668508343044,0.2094705366020506,-0.10342552966203944,0.13446905133982381,0,0,0,0,nan,nan,nan,nan,nan,nan,nan,nan,nan,nan,nan,nan,nan,1,1,-0.06716594804220552,0.374,0
0.4,-0.004384507511060693,-0.1299363283549063,0.3376416807797988,-0.0007377079584503724,-0.12382709604592762,0.41212317357661565,0.2657527346332882,0.013960315861388147,-0.3650605953410969,-0.11575970786514003,0.20807862438318342,-0.10753616281323411,0.13220362746771713,0,0,0,0,nan,nan,nan,nan,nan,nan,nan,nan,nan,nan,nan,nan,nan,1,1,-0.07245404131419883,0.391,1
0.41000000000000003,-0.009027384537823344,-0.13788347052356845,0.336638575866137,-0.005823176962715967,-0.1329546393703082,0.41121947362091477,0.28036577472356256,0.014164415322550337,-0.37751916316172823,-0.11667470764606949,0.20804371687647477,-0.11246855352518195,0.12933294677570334,0,0,0,0,nan,nan,nan,nan,nan,nan,nan,nan,nan,nan,nan,nan,nan,1,1,-0.07797852070854074,0.40800000000000003,1
0.42,-0.009027384537823344,-0.13788347052356845,0.336638575866137,-0.005823176962715967,-0.1329546393703082,0.41121947362091477,0.28036577472356256,0.014164415322550337,-0.37751916316172823,-0.11667470764606949,0.20804371687647477,-0.11246855352518195,0.12933294677570334,0,0,0,0,nan,nan,nan,nan,nan,nan,nan,nan,nan,nan,nan,nan,nan,1,1,-0.07797852070854074,0.40800000000000003,0
0.43,-0.013955836753896955,-0.14612476615750636,0.33483089656250137,-0.011106986920405931,-0.1424525190456032,0.40948538890388153,0.29912295952931073,0.015501403388642908,-0.3891906208877136,-0.1180544139252631,0.20616773270582545,-0.1171516386013568,0.126210328069627,0,0,0,0,nan,nan,nan,nan,nan,nan,nan,nan,nan,nan,nan,nan,nan,1,1,-0.08361328275866743,0.425,1
0.44,-0.013955836753896955,-0.14612476615750636,0.33483089656250137,-0.011106986920405931,-0.1424525190456032,0.40948538890388153,0.29912295952931073,0.015501403388642908,-0.3891906208877136,-0.1180544139252631,0.20616773270582545,-0.1171516386013568,0.126210328069627,0,0,0,0,nan,nan,nan,nan,nan,nan,nan,nan,nan,nan,nan,nan,nan,1,1,-0.08361328275866743,0.425,0
0.45,-0.019262703537135408,-0.15478468471261952,0.33305425631674024,-0.017017726759893468,-0.15258150677173296,0.4077858465344523,0.31829681559442025,0.016176469120412183,-0.39817253467622304,-0.11930538349118948,0.20516001099300063,-0.1209411176587313,0.12323784707324906,0,0,0,0,nan,nan,nan,nan,nan,nan,nan,nan,nan,nan,nan,nan,nan,1,1,-0.09050617760388183,0.442,1
0.46,-0.025006959121363376,-0.16405191520763718,0.33115949858935345,-0.02330967426511407,-0.1632911740824869,0.405932201576872,0.3405166229287759,0.015339494444740153,-0.40858080187075074,-0.12084034867491686,0.20261434204413886,-0.12564737167678863,0.1194750976744864,0,0,0,0,nan,nan,nan,nan,nan,nan,nan,nan,nan,nan,nan,nan,nan,1,1,-0.09712030575112886,0.459,1
0.47000000000000003,-0.025006959121363376,-0.16405191520763718,0.33115949858935345,-0.02330967426511407,-0.1632911740824869,0.405932201576872,0.3405166229287759,0.015339494444740153,-0.40858080187075074,-0.12084034867491686,0.20261434204413886,-0.12564737167678863,0.1194750976744864,0,0,0,0,nan,nan,nan,nan,nan,nan,nan,nan,nan,nan,nan,nan,nan,1,1,-0.09712030575112886,0.459,0
0.48,-0.030761662325775332,-0.17358798576572562,0.32816395265712234,-0.029750369120477838,-0.17462717792931115,0.4029288728797694,0.36353178800737346,0.01651925895145166,-0.42073777623113123,-0.1218769399059493,0.20200127411509272,-0.12992781154170216,0.11693744359643035,0,0,0,0,nan,nan,nan,nan,nan,nan,nan,nan,nan,nan,nan,nan,nan,1,1,-0.1056639069568123,0.47600000000000003,1
0.49,-0.030761662325775332,-0.17358798576572562,0.32816395265712234,-0.029750369120477838,-0.17462717792931115,0.4029288728797694,0.36353178800737346,0.01651925895145166,-0.42073777623113123,-0.1218769399059493,0.20200127411509272,-0.12992781154170216,0.11693744359643035,0,0,0,0,nan,nan,nan,nan,nan,nan,nan,nan,nan,nan,nan,nan,nan,1,1,-0.1056639069568123,0.47600000000000003,0
0.5,-0.03694368132420524,-0.18375900389727526,0.3250428545126461,-0.03659272261492961,-0.18668045321725807,0.3997508711345052,0.3916528326840134,0.01949871425746755,-0.43478918646843584,-0.12305535368200471,0.20038030754479058,-0.1345992239826137,0.11368550300232422,0,0,0,0,nan,nan,nan,nan,nan,nan,nan,nan,nan,nan,nan,nan,nan,1,1,-0.11400188535932963,0.493,1
0.51,-0.043530185693273084,-0.19448354107947421,0.3213992407422123,-0.04412136758138636,-0.19941191800501973,0.3960087963521336,0.4195265625483728,0.021048568092790227,-0.446460952202887,-0.12374809177410546,0.19944779492137538,-0.138950181648476,0.10976313784184988,0,0,0,0,nan,nan,nan,nan,nan,nan,nan,nan,nan,nan,nan,nan,nan,1,1,-0.12326847438613997,0.51,1
0.52,-0.043530185693273084,-0.19448354107947421,0.3213992407422123,-0.04412136758138636,-0.19941191800501973,0.3960087963521336,0.4195265625483728,0.021048568092790227,-0.446460952202887,-0.12374809177410546,0.19944779492137538,-0.138950181648476,0.10976313784184988,0,0,0,0,nan,nan,nan,nan,nan,nan,nan,nan,nan,nan,nan,nan,nan,1,1,-0.12326847438613997,0.51,0
0.53,-0.05056308396171648,-0.20586584174736916,0.3175674584190967,-0.05216438904952611,-0.2129515251335586,0.3919804532947333,0.45340672848271707,0.02124463343088831,-0.45638529822939,-0.1252444481025476,0.1972575384445879,-0.14310270411083087,0.1057117129815173,0,0,0,0,nan,nan,nan,nan,nan,nan,nan,nan,nan,nan,nan,nan,nan,1,1,-0.1330870883642414,0.527,1
0.54,-0.05056308396171648,-0.20586584174736916,0.3175674584190967,-0.05216438904952611,-0.2129515251335586,0.3919804532947333,0.45340672848271707,0.02124463343088831,-0.45638529822939,-0.1252444481025476,0.1972575384445879,-0.14310270411083087,0.1057117129815173,0,0,0,0,nan,nan,nan,nan,nan,nan,nan,nan,nan,nan,nan,nan,nan,1,1,-0.1330870883642414,0.527,0
0.55,-0.0579505340886989,-0.21769687634607662,0.31253876866414804,-0.06077838745326974,-0.22710062642173848,0.38666815796198184,0.486880371570254,0.022053793868900592,-0.4629092422033312,-0.12618186363137254,0.19511008727455426,-0.14642407054080564,0.1009429432471004,0,0,0,0,nan,nan,nan,nan,nan,nan,nan,nan,nan,nan,nan,nan,nan,1,1,-0.14386690066933125,0.544,1
0.56,-0.0579505340886989,-0.21769687634607662,0.31253876866414804,-0.06077838745326974,-0.22710062642173848,0.38666815796198184,0.486880371570254,0.022053793868900592,-0.4629092422033312,-0.12618186363137254,0.19511008727455426,-0.14642407054080564,0.1009429432471004,0,0,0,0,nan,nan,nan,nan,nan,nan,nan,nan,nan,nan,nan,nan,nan,1,1,-0.14386690066933125,0.544,0
0.5700000000000001,-0.06576181539191087,-0.230084714396773,0.3064868078544383,-0.06973772053651307,-0.24191633825148673,0.38021065363738477,0.5244377175634803,0.02378328043272355,-0.4674257594304668,-0.12783386823134685,0.1908385182805004,-0.1497578429926239,0.09604433474694908,0,0,0,0,nan,nan,nan,nan,nan,nan,nan,nan,nan,nan,nan,nan,nan,1,1,-0.15481035664712806,0.561,1
0.58,-0.07405904981375538,-0.2433792331832483,0.30009725138424903,-0.07948858227483688,-0.2577948809213805,0.37327478855373175,0.5634123064585271,0.02264470895938165,-0.470781137621886,-0.13001981651001737,0.18798245315449436,-0.15328538878828593,0.09003357822779953,0,0,0,0,nan,nan,nan,nan,nan,nan,nan,nan,nan,nan,nan,nan,nan,1,1,-0.16671269547273287,0.5780000000000001,1
0.59,-0.07405904981375538,-0.2433792331832483,0.30009725138424903,-0.07948858227483688,-0.2577948809213805,0.37327478855373175,0.5634123064585271,0.02264470895938165,-0.470781137621886,-0.13001981651001737,0.18798245315449436,-0.15328538878828593,0.09003357822779953,0,0,0,0,nan,nan,nan,nan,nan,nan,nan,nan,nan,nan,nan,nan,nan,1,1,-0.16671269547273287,0.5780000000000001,0
0.6,-0.08280946428626029,-0.2574567709783122,0.29262002518544256,-0.08949088859162277,-0.2745624960341723,0.3651072940674673,0.6050727156008497,0.025805056731843006,-0.47139696122497565,-0.13252896097265549,0.18197891638483682,-0.1569338066958883,0.08343791308382618,0,0,0,0,nan,nan,nan,nan,nan,nan,nan,nan,nan,nan,nan,nan,nan,1,1,-0.17852540308273127,0.595,1
0.61,-0.08280946428626029,-0.2574567709783122,0.29262002518544256,-0.08949088859162277,-0.2745624960341723,0.3651072940674673,0.6050727156008497,0.025805056731843006,-0.47139696122497565,-0.13252896097265549,0.18197891638483682,-0.1569338066958883,0.08343791308382618,0,0,0,0,nan,nan,nan,nan,nan,nan,nan,nan,nan,nan,nan,nan,nan,1,1,-0.17852540308273127,0.595,0
0.62,-0.09158893704225639,-0.2722473248856816,0.284074385382699,-0.09983904034291495,-0.2923295273922343,0.3556411971466135,0.6504452931193389,0.025761638120321263,-0.47232405442673053,-0.1351612515232365,0.1780655806637557,-0.16030509383881497,0.07605947391274462,0,0,0,0,nan,nan,nan,nan,nan,nan,nan,nan,nan,nan,nan,nan,nan,1,1,-0.19167664120560277,0.612,1
0.63,-0.10069094375271924,-0.2876981869598016,0.2739863172623165,-0.11039614728691138,-0.31084743963649636,0.3444328066939248,0.6998241340256739,0.027610593625752255,-0.4722860232591882,-0.13803532513433492,0.17198513883169383,-0.16410301005721228,0.06819482658022069,0,0,0,0,nan,nan,nan,nan,nan,nan,nan,nan,nan,nan,nan,nan,nan,1,1,-0.2046366974444351,0.629,1
0.64,-0.10069094375271924,-0.2876981869598016,0.2739863172623165,-0.11039614728691138,-0.31084743963649636,0.3444328066939248,0.6998241340256739,0.027610593625752255,-0.4722860232591882,-0.13803532513433492,0.17198513883169383,-0.16410301005721228,0.06819482658022069,0,0,0,0,nan,nan,nan,nan,nan,nan,nan,nan,nan,nan,nan,nan,nan,1,1,-0.2046366974444351,0.629,0
0.65,-0.10996626546486427,-0.30393031220244704,0.2626502723558344,-0.121538884244547,-0.33032188973466386,0.33167287116745525,0.7515140077155238,0.025572717913898892,-0.4724337504987056,-0.13982352138120907,0.16712793067225967,-0.16815492565516416,0.0587152901527021,0,0,0,0,nan,nan,nan,nan,nan,nan,nan,nan,nan,nan,nan,nan,nan,1,1,-0.21878213227540794,0.646,1
0.66,-0.10996626546486427,-0.30393031220244704,0.2626502723558344,-0.121538884244547,-0.33032188973466386,0.33167287116745525,0.7515140077155238,0.025572717913898892,-0.4724337504987056,-0.13982352138120907,0.16712793067225967,-0.16815492565516416,0.0587152901527021,0,0,0,0,nan,nan,nan,nan,nan,nan,nan,nan,nan,nan,nan,nan,nan,1,1,-0.21878213227540794,0.646,0
0.67,-0.11945136791612014,-0.3206830117571977,0.2495776670753231,-0.13282907837897545,-0.35049979315845364,0.31684308688831114,0.8088437996579728,0.02585938969049188,-0.4723852646188791,-0.14172246929689797,0.16059357988624545,-0.17228839496414156,0.048896087024159415,0,0,0,0,nan,nan,nan,nan,nan,nan,nan,nan,nan,nan,nan,nan,nan,1,1,-0.23287998960884737,0.663,1
0.68,-0.11945136791612014,-0.3206830117571977,0.2495776670753231,-0.13282907837897545,-0.35049979315845364,0.31684308688831114,0.8088437996579728,0.02585938969049188,-0.4723852646188791,-0.14172246929689797,0.16059357988624545,-0.17228839496414156,0.048896087024159415,0,0,0,0,nan,nan,nan,nan,nan,nan,nan,nan,nan,nan,nan,nan,nan,1,1,-0.23287998960884737,0.663,0
0.6900000000000001,-0.1290714307460592,-0.3378855128246568,0.2350714077610148,-0.14481354311223285,-0.3727704216965881,0.2993222064312083,0.8938641557282117,0.027034319607763667,-0.4687843759548066,-0.14321880038000945,0.15441371372957435,-0.1710328253043321,0.04033300328163793,0,0,0,0,nan,nan,nan,nan,nan,nan,nan,nan,nan,nan,nan,nan,nan,1,1,-0.25274425923044574,0.681,1
0.7000000000000001,-0.13819532487855152,-0.3542629753083648,0.21881317825088348,-0.15609915785520184,-0.3938126920062677,0.27972069741625594,0.974155674196564,0.028587857093711644,-0.465107472360969,-0.14522901829877466,0.1478926245848148,-0.17107493704209895,0.02961990798699904,0,0,0,0,nan,nan,nan,nan,nan,nan,nan,nan,nan,nan,nan,nan,nan,1,1,-0.2703866566669566,0.6980000000000001,1
0.71,-0.13819532487855152,-0.3542629753083648,0.21881317825088348,-0.15609915785520184,-0.3938126920062677,0.27972069741625594,0.974155674196564,0.028587857093711644,-0.465107472360969,-0.14522901829877466,0.1478926245848148,-0.17107493704209895,0.02961990798699904,0,0,0,0,nan,nan,nan,nan,nan,nan,nan,nan,nan,nan,nan,nan,nan,1,1,-0.2703866566669566,0.6980000000000001,0
0.72,-0.14728450847903285,-0.3710301131397374,0.20047407859244043,-0.1672042779914496,-0.4151376172867377,0.25749857950650734,1.0599985090899793,0.03230078682525493,-0.46325761384867437,-0.1471615876772797,0.13980928189203612,-0.17316209813503614,0.017258502687970467,0,0,0,0,nan,nan,nan,nan,nan,nan,nan,nan,nan,nan,nan,nan,nan,1,1,-0.28635734192036183,0.7150000000000001,1
0.73,-0.14728450847903285,-0.3710301131397374,0.20047407859244043,-0.1672042779914496,-0.4151376172867377,0.25749857950650734,1.0599985090899793,0.03230078682525493,-0.46325761384867437,-0.1471615876772797,0.13980928189203612,-0.17316209813503614,0.017258502687970467,0,0,0,0,nan,nan,nan,nan,nan,nan,nan,nan,nan,nan,nan,nan,nan,1,1,-0.28635734192036183,0.7150000000000001,0
0.74,-0.15607067694950832,-0.38789461193254654,0.17977483378374537,-0.17812873484313474,-0.43644350406145843,0.23224000255350494,1.148391431619408,0.03505023924512566,-0.4616259776009203,-0.14929674097642398,0.13236036767541937,-0.17658377049500867,0.001415064418761984,0,0,0,0,nan,nan,nan,nan,nan,nan,nan,nan,nan,nan,nan,nan,nan,1,1,-0.3013652803253464,0.732,1
0.75,-0.16484581729357753,-0.4051457608793153,0.15793832631138666,-0.18933205063109232,-0.45798741445817864,0.20489330930227118,1.2494515597630536,0.029411870857098524,-0.46140283154068473,-0.15090638914069468,0.12244222426087191,-0.18214450042782807,-0.016272488719115324,0,0,0,0,nan,nan,nan,nan,nan,nan,nan,nan,nan,nan,nan,nan,nan,1,1,-0.3147034941029315,0.749,1
0.76,-0.16484581729357753,-0.4051457608793153,0.15793832631138666,-0.18933205063109232,-0.45798741445817864,0.20489330930227118,1.2494515597630536,0.029411870857098524,-0.46140283154068473,-0.15090638914069468,0.12244222426087191,-0.18214450042782807,-0.016272488719115324,0,0,0,0,nan,nan,nan,nan,nan,nan,nan,nan,nan,nan,nan,nan,nan,1,1,-0.3147034941029315,0.749,0
0.77,-0.17412295775119319,-0.4228210176765795,0.1376308069492204,-0.2017332237688374,-0.4800883685814608,0.17703416183867163,1.3714364568819146,0.008404313716135495,-0.4573997563832462,-0.1542076946753209,0.10975159730578475,-0.18989840462112978,-0.039711663582840305,0,0,0,0,nan,nan,nan,nan,nan,nan,nan,nan,nan,nan,nan,nan,nan,1,1,-0.32766421206974883,0.766,1
0.78,-0.17412295775119319,-0.4228210176765795,0.1376308069492204,-0.2017332237688374,-0.4800883685814608,0.17703416183867163,1.3714364568819146,0.008404313716135495,-0.4573997563832462,-0.1542076946753209,0.10975159730578475,-0.18989840462112978,-0.039711663582840305,0,0,0,0,nan,nan,nan,nan,nan,nan,nan,nan,nan,nan,nan,nan,nan,1,1,-0.32766421206974883,0.766,0
0.79,-0.183180762348815,-0.4401443878802367,0.11511838307622306,-0.21341812034942173,-0.5011918666069969,0.14597977386303837,1.5023953205466227,-0.008926594869505951,-0.4594541208121148,-0.15771925664338127,0.09282750802526031,-0.2017995194017283,-0.06685914513312666,0,0,0,0,nan,nan,nan,nan,nan,nan,nan,nan,nan,nan,nan,nan,nan,1,1,-0.3353486204660442,0.783,1
0.8,-0.19209554114341265,-0.4565789100393533,0.09013467130679165,-0.22445218674311002,-0.5205672633245337,0.111385190616841,1.6375479156324109,-0.021704436945521995,-0.46556375062141453,-0.17294155504668868,0.08522640296268416,-0.23348764623061585,-0.08994659854188092,0,0,0,0,nan,nan,nan,nan,nan,nan,nan,nan,nan,nan,nan,nan,nan,1,1,-0.32067519238471426,0.8,1
0.81,-0.19209554114341265,-0.4565789100393533,0.09013467130679165,-0.22445218674311002,-0.5205672633245337,0.111385190616841,1.6375479156324109,-0.021704436945521995,-0.46556375062141453,-0.17294155504668868,0.08522640296268416,-0.23348764623061585,-0.08994659854188092,0,0,0,0,nan,nan,nan,nan,nan,nan,nan,nan,nan,nan,nan,nan,nan,1,1,-0.32067519238471426,0.8,0
0.8200000000000001,-0.19372047133189216,-0.46087717093703273,0.08789434875171478,-0.22631602668479842,-0.5251120680508402,0.10758910921883823,1.6493079304733151,-0.014060735808715263,-0.4680997468870967,-0.17443914080429637,0.08506384106976775,-0.23255616751697017,-0.09568397125982242,0,0,0,0,nan,nan,nan,nan,nan,nan,nan,nan,nan,nan,nan,nan,nan,1,1,-0.31824919639604743,0.8150000000000001,1
0.8300000000000001,-0.19372047133189216,-0.46087717093703273,0.08789434875171478,-0.22631602668479842,-0.5251120680508402,0.10758910921883823,1.6493079304733151,-0.014060735808715263,-0.4680997468870967,-0.17443914080429637,0.08506384106976775,-0.23255616751697017,-0.09568397125982242,0,0,0,0,nan,nan,nan,nan,nan,nan,nan,nan,nan,nan,nan,nan,nan,1,1,-0.31824919639604743,0.8150000000000001,0
0.84,-0.1946904071712635,-0.4635595774084407,0.08818041669591348,-0.22725146663381104,-0.5276531809450987,0.10901369209192091,1.6432217655504144,-0.0023702307249708334,-0.47155051952542254,-0.17129889686496125,0.0891770501893093,-0.22517963288738924,-0.09811600484698697,0,0,0,0,nan,nan,nan,nan,nan,nan,nan,nan,nan,nan,nan,nan,nan,1,1,-0.3216672383749589,0.8330000000000001,1
0.85,-0.1946904071712635,-0.4635595774084407,0.08818041669591348,-0.22725146663381104,-0.5276531809450987,0.10901369209192091,1.6432217655504144,-0.0023702307249708334,-0.47155051952542254,-0.17129889686496125,0.0891770501893093,-0.22517963288738924,-0.09811600484698697,0,0,0,0,nan,nan,nan,nan,nan,nan,nan,nan,nan,nan,nan,nan,nan,1,1,-0.3216672383749589,0.8330000000000001,0
0.86,-0.1952851415486321,-0.46394887646851407,0.088410970910108,-0.2275081379524285,-0.5282454617853108,0.10899784234534195,1.649783425532316,-0.0016335224521257447,-0.46732218766318157,-0.1728857184926222,0.08574891219855843,-0.2238262611148084,-0.0987678987007211,0,0,0,0,nan,nan,nan,nan,nan,nan,nan,nan,nan,nan,nan,nan,nan,1,1,-0.32049098255548436,0.8500000000000001,1
0.87,-0.19753254615130222,-0.4636944617363138,0.08880457793754587,-0.22913159429724914,-0.5284855517491079,0.10932900770137408,1.6528112536479513,-0.001636172274197078,-0.4572124417463681,-0.176613429355039,0.08134168609765413,-0.21987470724727942,-0.0976295548170594,0,0,0,0,nan,nan,nan,nan,nan,nan,nan,nan,nan,nan,nan,nan,nan,1,1,-0.32280469028034936,0.867,1
0.88,-0.19753254615130222,-0.4636944617363138,0.08880457793754587,-0.22913159429724914,-0.5284855517491079,0.10932900770137408,1.6528112536479513,-0.001636172274197078,-0.4572124417463681,-0.176613429355039,0.08134168609765413,-0.21987470724727942,-0.0976295548170594,0,0,0,0,nan,nan,nan,nan,nan,nan,nan,nan,nan,nan,nan,nan,nan,1,1,-0.32280469028034936,0.867,0
0.89,-0.20105061015269832,-0.46330044611147636,0.08893767524011004,-0.23177256943967703,-0.5283372854035113,0.10967162883450111,1.653091195583912,-0.005821450722456501,-0.44364146169687063,-0.18597167350402136,0.0719581770609969,-0.21615380205193252,-0.09736860454246178,0,0,0,0,nan,nan,nan,nan,nan,nan,nan,nan,nan,nan,nan,nan,nan,1,1,-0.32037675400140614,0.884,1
0.9,-0.20105061015269832,-0.46330044611147636,0.08893767524011004,-0.23177256943967703,-0.5283372854035113,0.10967162883450111,1.653091195583912,-0.005821450722456501,-0.44364146169687063,-0.18597167350402136,0.0719581770609969,-0.21615380205193252,-0.09736860454246178,0,0,0,0,nan,nan,nan,nan,nan,nan,nan,nan,nan,nan,nan,nan,nan,1,1,-0.32037675400140614,0.884,0
0.91,-0.20504450204807287,-0.4621276547766014,0.08888716902036005,-0.2351384690142893,-0.527393502086283,0.10994213142610704,1.653055289108353,-0.013615419156432723,-0.43338402865052905,-0.19579133207580476,0.06684859783060908,-0.2125586172909843,-0.09548622365207095,0,0,0,0,nan,nan,nan,nan,nan,nan,nan,nan,nan,nan,nan,nan,nan,1,1,-0.3217671044986834,0.901,1
0.92,-0.20938960985163507,-0.45963521731872176,0.08833448308245272,-0.23878694087793959,-0.5251240691276494,0.10962811823771046,1.6505088277411462,-0.020541594011157256,-0.42088570072618037,-0.20524587740655006,0.05761041809102512,-0.2072530612056529,-0.09253315257359607,0,0,0,0,nan,nan,nan,nan,nan,nan,nan,nan,nan,nan,nan,nan,nan,1,1,-0.323442516631467,0.919,1
0.93,-0.20938960985163507,-0.45963521731872176,0.08833448308245272,-0.23878694087793959,-0.5251240691276494,0.10962811823771046,1.6505088277411462,-0.020541594011157256,-0.42088570072618037,-0.20524587740655006,0.05761041809102512,-0.2072530612056529,-0.09253315257359607,0,0,0,0,nan,nan,nan,nan,nan,nan,nan,nan,nan,nan,nan,nan,nan,1,1,-0.323442516631467,0.919,0
0.9400000000000001,-0.21370941773395147,-0.457385683061054,0.0885032101354228,-0.24245896910771522,-0.5231921827964406,0.10970201712355836,1.6499887927429535,-0.026626197067253988,-0.40893248199185095,-0.21432397094901046,0.048699993537991496,-0.20192311708872135,-0.08992749413193894,0,0,0,0,nan,nan,nan,nan,nan,nan,nan,nan,nan,nan,nan,nan,nan,1,1,-0.32477211901757,0.937,1
0.9500000000000001,-0.21370941773395147,-0.457385683061054,0.0885032101354228,-0.24245896910771522,-0.5231921827964406,0.10970201712355836,1.6499887927429535,-0.026626197067253988,-0.40893248199185095,-0.21432397094901046,0.048699993537991496,-0.20192311708872135,-0.08992749413193894,0,0,0,0,nan,nan,nan,nan,nan,nan,nan,nan,nan,nan,nan,nan,nan,1,1,-0.32477211901757,0.937,0
0.96,-0.21717540271126184,-0.4554319969451232,0.08819933466927277,-0.24508204916031442,-0.5216048246914435,0.10931242353355,1.6493182415578296,-0.022977862096762475,-0.3963245221413357,-0.2209019840824667,0.04202542977891496,-0.196800954488792,-0.08783500441468318,0,0,0,0,nan,nan,nan,nan,nan,nan,nan,nan,nan,nan,nan,nan,nan,1,1,-0.3252841797480095,0.9540000000000001,1
0.97,-0.21717540271126184,-0.4554319969451232,0.08819933466927277,-0.24508204916031442,-0.5216048246914435,0.10931242353355,1.6493182415578296,-0.022977862096762475,-0.3963245221413357,-0.2209019840824667,0.04202542977891496,-0.196800954488792,-0.08783500441468318,0,0,0,0,nan,nan,nan,nan,nan,nan,nan,nan,nan,nan,nan,nan,nan,1,1,-0.3252841797480095,0.9540000000000001,0
0.98,-0.21988032228893845,-0.4539166534891372,0.08753513217917132,-0.24664573883924548,-0.5205564671267399,0.10856819567505,1.6479440321598033,-0.0076461776022847105,-0.38395163474423777,-0.226152801372194,0.03801427193113657,-0.19299886341481107,-0.08630143725718227,0,0,0,0,nan,nan,nan,nan,nan,nan,nan,nan,nan,nan,nan,nan,nan,1,1,-0.32525121017682884,0.9710000000000001,1
0.99,-0.22343307019391073,-0.45295508099880294,0.08729516816507532,-0.24923598763803492,-0.5199570644612986,0.10837005845747355,1.6470066700574038,-0.006034117107541248,-0.3706219281343975,-0.23337311756315732,0.02962339948471296,-0.18829657562317184,-0.08536103251727013,0,0,0,0,nan,nan,nan,nan,nan,nan,nan,nan,nan,nan,nan,nan,nan,1,1,-0.326123365691568,0.988,1
1.0,-0.22343307019391073,-0.45295508099880294,0.08729516816507532,-0.24923598763803492,-0.5199570644612986,0.10837005845747355,1.6470066700574038,-0.006034117107541248,-0.3706219281343975,-0.23337311756315732,0.02962339948471296,-0.18829657562317184,-0.08536103251727013,0,0,0,0,nan,nan,nan,nan,nan,nan,nan,nan,nan,nan,nan,nan,nan,1,1,-0.326123365691568,0.988,0
1.01,-0.22692462390403056,-0.45197353739893187,0.08755896826473215,-0.25177674699297714,-0.5193976745726167,0.10843238248448434,1.6486474605871178,0.001393555472030885,-0.3584196795519662,-0.24045397945870006,0.024430987085752802,-0.18613173084261875,-0.0844458055299931,0,0,0,0,nan,nan,nan,nan,nan,nan,nan,nan,nan,nan,nan,nan,nan,1,1,-0.32563842864456727,1.005,1
1.02,-0.22692462390403056,-0.45197353739893187,0.08755896826473215,-0.25177674699297714,-0.5193976745726167,0.10843238248448434,1.6486474605871178,0.001393555472030885,-0.3584196795519662,-0.24045397945870006,0.024430987085752802,-0.18613173084261875,-0.0844458055299931,0,0,0,0,nan,nan,nan,nan,nan,nan,nan,nan,nan,nan,nan,nan,nan,1,1,-0.32563842864456727,1.005,0
1.03,-0.2309970314164396,-0.45121147928785116,0.08743447241068539,-0.25493671510268795,-0.518939980243497,0.10830137022558942,1.6469148263032367,0.002835044078389235,-0.3461042269322147,-0.2487793762430214,0.016697944962398695,-0.18317288686246955,-0.08377896806064657,0,0,0,0,nan,nan,nan,nan,nan,nan,nan,nan,nan,nan,nan,nan,nan,1,1,-0.3260214230965334,1.023,1
1.04,-0.2309970314164396,-0.45121147928785116,0.08743447241068539,-0.25493671510268795,-0.518939980243497,0.10830137022558942,1.6469148263032367,0.002835044078389235,-0.3461042269322147,-0.2487793762430214,0.016697944962398695,-0.18317288686246955,-0.08377896806064657,0,0,0,0,nan,nan,nan,nan,nan,nan,nan,nan,nan,nan,nan,nan,nan,1,1,-0.3260214230965334,1.023,0
1.05,-0.23526407603348942,-0.45018186088112877,0.08725904810699879,-0.25845637571290114,-0.5181615013830414,0.10813811457231028,1.646602946026821,-0.0011035557524869315,-0.33333842912726114,-0.2572156585066036,0.007412616407294993,-0.17809223036651273,-0.08302268332971864,0,0,0,0,nan,nan,nan,nan,nan,nan,nan,nan,nan,nan,nan,nan,nan,1,1,-0.32621391107488484,1.04,1
1.06,-0.23881153490691118,-0.44921916031053316,0.08753914478430691,-0.26111389509873467,-0.5175237311952882,0.10832796725974322,1.6469874863754186,0.0045547468474183474,-0.32153266653214024,-0.26448735981879096,0.0024401260984189474,-0.1755596950301638,-0.08229395947357472,0,0,0,0,nan,nan,nan,nan,nan,nan,nan,nan,nan,nan,nan,nan,nan,1,1,-0.32569896351903527,1.057,1
1.07,-0.23881153490691118,-0.44921916031053316,0.08753914478430691,-0.26111389509873467,-0.5175237311952882,0.10832796725974322,1.6469874863754186,0.0045547468474183474,-0.32153266653214024,-0.26448735981879096,0.0024401260984189474,-0.1755596950301638,-0.08229395947357472,0,0,0,0,nan,nan,nan,nan,nan,nan,nan,nan,nan,nan,nan,nan,nan,1,1,-0.32569896351903527,1.057,0
1.08,-0.2423493687323946,-0.44888881516309287,0.08762765525119574,-0.2637337781648561,-0.5174746684289243,0.10838715022576577,1.6465923164576601,0.009339470584589248,-0.3097646305810863,-0.27110912998219766,-0.004624207320178042,-0.172508746379802,-0.08225288533522425,0,0,0,0,nan,nan,nan,nan,nan,nan,nan,nan,nan,nan,nan,nan,nan,1,1,-0.3259957783739825,1.074,1
1.09,-0.2423493687323946,-0.44888881516309287,0.08762765525119574,-0.2637337781648561,-0.5174746684289243,0.10838715022576577,1.6465923164576601,0.009339470584589248,-0.3097646305810863,-0.27110912998219766,-0.004624207320178042,-0.172508746379802,-0.08225288533522425,0,0,0,0,nan,nan,nan,nan,nan,nan,nan,nan,nan,nan,nan,nan,nan,1,1,-0.3259957783739825,1.074,0
1.1,-0.24684571665812755,-0.4481839868781607,0.08704973917558387,-0.267450665620467,-0.5169815754268015,0.10788564071595996,1.6451938812985014,0.0043800929283005306,-0.29741432363123194,-0.2807831916102166,-0.013849594138471873,-0.16889940046054425,-0.08187312328795353,0,0,0,0,nan,nan,nan,nan,nan,nan,nan,nan,nan,nan,nan,nan,nan,1,1,-0.3265816993976065,1.092,1
1.11,-0.25125013135137625,-0.44771998938494295,0.0870364567636731,-0.2712120516798539,-0.5167167717693877,0.10785342089343332,1.645090262246374,-7.352202746298115e-05,-0.28652669297249295,-0.2902147008988556,-0.020906767747070558,-0.16601994991917782,-0.08179347924527562,0,0,0,0,nan,nan,nan,nan,nan,nan,nan,nan,nan,nan,nan,nan,nan,1,1,-0.32597929503451173,1.109,1
1.12,-0.25125013135137625,-0.44771998938494295,0.0870364567636731,-0.2712120516798539,-0.5167167717693877,0.10785342089343332,1.645090262246374,-7.352202746298115e-05,-0.28652669297249295,-0.2902147008988556,-0.020906767747070558,-0.16601994991917782,-0.08179347924527562,0,0,0,0,nan,nan,nan,nan,nan,nan,nan,nan,nan,nan,nan,nan,nan,1,1,-0.32597929503451173,1.109,0
1.1300000000000001,-0.2552333248021832,-0.4476177527834946,0.08743350595597636,-0.274275293888871,-0.5168996748483266,0.10818771773734669,1.6458199400878206,0.0050304735609944164,-0.27415669506818285,-0.2976900160189482,-0.027323934024487267,-0.16342273905094046,-0.08210403176833712,0,0,0,0,nan,nan,nan,nan,nan,nan,nan,nan,nan,nan,nan,nan,nan,1,1,-0.3258080456124009,1.127,1
1.1400000000000001,-0.2552333248021832,-0.4476177527834946,0.08743350595597636,-0.274275293888871,-0.5168996748483266,0.10818771773734669,1.6458199400878206,0.0050304735609944164,-0.27415669506818285,-0.2976900160189482,-0.027323934024487267,-0.16342273905094046,-0.08210403176833712,0,0,0,0,nan,nan,nan,nan,nan,nan,nan,nan,nan,nan,nan,nan,nan,1,1,-0.3258080456124009,1.127,0
1.1500000000000001,-0.2593077181260699,-0.4471259095058206,0.08699082031407122,-0.2775771729356138,-0.5165832536639267,0.10782708698608358,1.6447929704529167,0.0022347172869128726,-0.26256363977123537,-0.3057766749088271,-0.03626966092744924,-0.159777306401147,-0.08207695197470467,0,0,0,0,nan,nan,nan,nan,nan,nan,nan,nan,nan,nan,nan,nan,nan,1,1,-0.3265821673344549,1.144,1
1.16,-0.2593077181260699,-0.4471259095058206,0.08699082031407122,-0.2775771729356138,-0.5165832536639267,0.10782708698608358,1.6447929704529167,0.0022347172869128726,-0.26256363977123537,-0.3057766749088271,-0.03626966092744924,-0.159777306401147,-0.08207695197470467,0,0,0,0,nan,nan,nan,nan,nan,nan,nan,nan,nan,nan,nan,nan,nan,1,1,-0.3265821673344549,1.144,0
1.17,-0.2636825524085551,-0.4469209657452648,0.08737931485515749,-0.28105297566424314,-0.5166405305407598,0.10813001742439567,1.6458309599863152,0.004246265624319502,-0.2496933098041257,-0.3142969904703966,-0.04380135565202939,-0.15677269430930268,-0.08244384759390018,0,0,0,0,nan,nan,nan,nan,nan,nan,nan,nan,nan,nan,nan,nan,nan,1,1,-0.3262301719809184,1.162,1
1.18,-0.2674465676622858,-0.4469240455255035,0.08747117185346394,-0.284265691173651,-0.5167978484469247,0.10816811551507166,1.6466923828004603,0.0008042784158891146,-0.24103678079816937,-0.3227206953344707,-0.04944000441806037,-0.15552091445472543,-0.08278113256970639,0,0,0,0,nan,nan,nan,nan,nan,nan,nan,nan,nan,nan,nan,nan,nan,1,1,-0.3260723409300801,1.179,1
1.19,-0.2674465676622858,-0.4469240455255035,0.08747117185346394,-0.284265691173651,-0.5167978484469247,0.10816811551507166,1.6466923828004603,0.0008042784158891146,-0.24103678079816937,-0.3227206953344707,-0.04944000441806037,-0.15552091445472543,-0.08278113256970639,0,0,0,0,nan,nan,nan,nan,nan,nan,nan,nan,nan,nan,nan,nan,nan,1,1,-0.3260723409300801,1.179,0
1.2,-0.2709395261830668,-0.4468490260494983,0.08741927531785107,-0.28714744714411483,-0.5168544530505966,0.10813042426579238,1.646694328798886,0.00042900195449306475,-0.23176702274813904,-0.32912401832395893,-0.056234086743569105,-0.1529285627607435,-0.08322819608865577,0,0,0,0,nan,nan,nan,nan,nan,nan,nan,nan,nan,nan,nan,nan,nan,1,1,-0.326302827763608,1.196,1
1.21,-0.2709395261830668,-0.4468490260494983,0.08741927531785107,-0.28714744714411483,-0.5168544530505966,0.10813042426579238,1.646694328798886,0.00042900195449306475,-0.23176702274813904,-0.32912401832395893,-0.056234086743569105,-0.1529285627607435,-0.08322819608865577,0,0,0,0,nan,nan,nan,nan,nan,nan,nan,nan,nan,nan,nan,nan,nan,1,1,-0.326302827763608,1.196,0
1.22,-0.27352004980313516,-0.4464983582706787,0.08744798322479311,-0.2893080365172463,-0.5166049515124699,0.10815587717580176,1.6466595062001634,-0.0019161940898506735,-0.22505886529580477,-0.33511017909178714,-0.060586814375718126,-0.1516802305605513,-0.08314192438693034,0,0,0,0,nan,nan,nan,nan,nan,nan,nan,nan,nan,nan,nan,nan,nan,1,1,-0.32636523924456545,1.213,1
1.23,-0.27352004980313516,-0.4464983582706787,0.08744798322479311,-0.2893080365172463,-0.5166049515124699,0.10815587717580176,1.6466595062001634,-0.0019161940898506735,-0.22505886529580477,-0.33511017909178714,-0.060586814375718126,-0.1516802305605513,-0.08314192438693034,0,0,0,0,nan,nan,nan,nan,nan,nan,nan,nan,nan,nan,nan,nan,nan,1,1,-0.32636523924456545,1.213,0
1.24,-0.2756328953631873,-0.44598350472415516,0.08696228214092909,-0.2909905385160196,-0.5161460452287803,0.10776825664131605,1.6449145550209927,8.132448340825721e-05,-0.21991136888375198,-0.33901017739484296,-0.06376040236444705,-0.1502791890977359,-0.08291470667056654,0,0,0,0,nan,nan,nan,nan,nan,nan,nan,nan,nan,nan,nan,nan,nan,1,1,-0.3267399974913732,1.231,1
1.25,-0.27774697942776,-0.4461199904720682,0.08696920703221643,-0.2926637715832564,-0.5163515133915584,0.10779892100333614,1.6447165694468304,0.003123162619631009,-0.21418483219755183,-0.34284096540952824,-0.0671991478916402,-0.14902937000627298,-0.08342408719171157,0,0,0,0,nan,nan,nan,nan,nan,nan,nan,nan,nan,nan,nan,nan,nan,1,1,-0.3270288317483323,1.248,1
1.26,-0.27774697942776,-0.4461199904720682,0.08696920703221643,-0.2926637715832564,-0.5163515133915584,0.10779892100333614,1.6447165694468304,0.003123162619631009,-0.21418483219755183,-0.34284096540952824,-0.0671991478916402,-0.14902937000627298,-0.08342408719171157,0,0,0,0,nan,nan,nan,nan,nan,nan,nan,nan,nan,nan,nan,nan,nan,1,1,-0.3270288317483323,1.248,0
1.27,-0.28041156244264187,-0.44627395861252195,0.08733097711296166,-0.2946802703445579,-0.5166556902707317,0.10807597523054864,1.6451350745470452,0.007828937478456742,-0.20681613295335075,-0.34832955513582137,-0.07028387297032648,-0.14889620731651704,-0.08404097817687976,0,0,0,0,nan,nan,nan,nan,nan,nan,nan,nan,nan,nan,nan,nan,nan,1,1,-0.32668120764747444,1.265,1
1.28,-0.28041156244264187,-0.44627395861252195,0.08733097711296166,-0.2946802703445579,-0.5166556902707317,0.10807597523054864,1.6451350745470452,0.007828937478456742,-0.20681613295335075,-0.34832955513582137,-0.07028387297032648,-0.14889620731651704,-0.08404097817687976,0,0,0,0,nan,nan,nan,nan,nan,nan,nan,nan,nan,nan,nan,nan,nan,1,1,-0.32668120764747444,1.265,0
1.29,-0.2840905976365368,-0.446202860769337,0.08716138449538395,-0.2975217355698939,-0.5167435928584385,0.1079511108111837,1.6441066142252985,0.009359464696649507,-0.19603327551300376,-0.354727904862469,-0.07821477579155811,-0.14672977101238527,-0.08468951822309126,0,0,0,0,nan,nan,nan,nan,nan,nan,nan,nan,nan,nan,nan,nan,nan,1,1,-0.32713913386955906,1.2830000000000001,1
1.3,-0.2840905976365368,-0.446202860769337,0.08716138449538395,-0.2975217355698939,-0.5167435928584385,0.1079511108111837,1.6441066142252985,0.009359464696649507,-0.19603327551300376,-0.354727904862469,-0.07821477579155811,-0.14672977101238527,-0.08468951822309126,0,0,0,0,nan,nan,nan,nan,nan,nan,nan,nan,nan,nan,nan,nan,nan,1,1,-0.32713913386955906,1.2830000000000001,0
1.31,-0.2886668529275177,-0.44610297574913893,0.08696772331270113,-0.30129146432295595,-0.5167930912514992,0.10777223722261496,1.6434338085954732,0.005865833690376121,-0.1838679459235334,-0.36357044314446507,-0.08768551116402104,-0.14363102695387941,-0.08548609264300704,0,0,0,0,nan,nan,nan,nan,nan,nan,nan,nan,nan,nan,nan,nan,nan,1,1,-0.32701501681726686,1.301,1
1.32,-0.29249278108856885,-0.44613959451408336,0.08702905049163145,-0.3043644832076683,-0.5169807806612262,0.10778788503605839,1.644381101818948,0.005782320089139229,-0.17280726082435374,-0.37105516428282953,-0.09479370326368756,-0.14122712200278126,-0.08637278944538264,0,0,0,0,nan,nan,nan,nan,nan,nan,nan,nan,nan,nan,nan,nan,nan,1,1,-0.3267071798021007,1.317,1
1.33,-0.29249278108856885,-0.44613959451408336,0.08702905049163145,-0.3043644832076683,-0.5169807806612262,0.10778788503605839,1.644381101818948,0.005782320089139229,-0.17280726082435374,-0.37105516428282953,-0.09479370326368756,-0.14122712200278126,-0.08637278944538264,0,0,0,0,nan,nan,nan,nan,nan,nan,nan,nan,nan,nan,nan,nan,nan,1,1,-0.3267071798021007,1.317,0
1.34,-0.29678110444460754,-0.4461325544034708,0.0868747628535522,-0.3079167813553239,-0.5170804637405153,0.1076630421964363,1.643796313243471,0.0027573269535904207,-0.16138472464303916,-0.3789702836333469,-0.10415853535783069,-0.1379824687343214,-0.0873338701628972,0,0,0,0,nan,nan,nan,nan,nan,nan,nan,nan,nan,nan,nan,nan,nan,1,1,-0.3267552163780483,1.334,1
1.35,-0.29678110444460754,-0.4461325544034708,0.0868747628535522,-0.3079167813553239,-0.5170804637405153,0.1076630421964363,1.643796313243471,0.0027573269535904207,-0.16138472464303916,-0.3789702836333469,-0.10415853535783069,-0.1379824687343214,-0.0873338701628972,0,0,0,0,nan,nan,nan,nan,nan,nan,nan,nan,nan,nan,nan,nan,nan,1,1,-0.3267552163780483,1.334,0
1.36,-0.30085441534633983,-0.4461828023457175,0.08701562453876967,-0.31121226756665066,-0.517272039150799,0.1077503186731234,1.6445154295355695,0.0015989090055033347,-0.14999931334299604,-0.38762718369475496,-0.11096001743005826,-0.13628978819814386,-0.08830178592033328,0,0,0,0,nan,nan,nan,nan,nan,nan,nan,nan,nan,nan,nan,nan,nan,1,1,-0.3263029032040334,1.351,1
1.37,-0.30085441534633983,-0.4461828023457175,0.08701562453876967,-0.31121226756665066,-0.517272039150799,0.1077503186731234,1.6445154295355695,0.0015989090055033347,-0.14999931334299604,-0.38762718369475496,-0.11096001743005826,-0.13628978819814386,-0.08830178592033328,0,0,0,0,nan,nan,nan,nan,nan,nan,nan,nan,nan,nan,nan,nan,nan,1,1,-0.3263029032040334,1.351,0
1.3800000000000001,-0.3051099989747891,-0.4463013664227952,0.08687051105089676,-0.3145808268577582,-0.5174962217070163,0.10766643691534285,1.6440772054244348,0.002559895598947462,-0.13790397552542388,-0.3961866268742467,-0.11878579647107122,-0.13401111615048758,-0.08948829425744623,0,0,0,0,nan,nan,nan,nan,nan,nan,nan,nan,nan,nan,nan,nan,nan,1,1,-0.32653335126011124,1.369,1
1.3900000000000001,-0.30920076284511383,-0.44665488993513947,0.08741008166066196,-0.31790523071175014,-0.5179880342389597,0.10806555024155999,1.6460079865612014,0.002078803822410232,-0.12681242729645276,-0.4044673689529375,-0.12598234544352604,-0.13269508573120997,-0.09085796944296695,0,0,0,0,nan,nan,nan,nan,nan,nan,nan,nan,nan,nan,nan,nan,nan,1,1,-0.3262556151936159,1.387,1
1.4000000000000001,-0.30920076284511383,-0.44665488993513947,0.08741008166066196,-0.31790523071175014,-0.5179880342389597,0.10806555024155999,1.6460079865612014,0.002078803822410232,-0.12681242729645276,-0.4044673689529375,-0.12598234544352604,-0.13269508573120997,-0.09085796944296695,0,0,0,0,nan,nan,nan,nan,nan,nan,nan,nan,nan,nan,nan,nan,nan,1,1,-0.3262556151936159,1.387,0
1.41,-0.31282683338169687,-0.4466534435331586,0.0868644279993175,-0.320821550745253,-0.5180412067238388,0.1076318702403474,1.64415369902512,0.0007253162369672931,-0.11688977864403262,-0.41137084464493,-0.1333761950941118,-0.13057058889363848,-0.09176185092555225,0,0,0,0,nan,nan,nan,nan,nan,nan,nan,nan,nan,nan,nan,nan,nan,1,1,-0.3266202501925346,1.403,1
1.42,-0.31282683338169687,-0.4466534435331586,0.0868644279993175,-0.320821550745253,-0.5180412067238388,0.1076318702403474,1.64415369902512,0.0007253162369672931,-0.11688977864403262,-0.41137084464493,-0.1333761950941118,-0.13057058889363848,-0.09176185092555225,0,0,0,0,nan,nan,nan,nan,nan,nan,nan,nan,nan,nan,nan,nan,nan,1,1,-0.3266202501925346,1.403,0
1.43,-0.31676460485705815,-0.44725749678071786,0.0874837688304723,-0.3238259533298424,-0.5187789474788578,0.10814346986624798,1.645509794331953,0.00546089661174692,-0.10503691767922119,-0.41859118408262397,-0.14054225097654155,-0.12917033504281722,-0.09354818198555626,0,0,0,0,nan,nan,nan,nan,nan,nan,nan,nan,nan,nan,nan,nan,nan,1,1,-0.32617768065465047,1.421,1
1.44,-0.32082310663052027,-0.4473800532679999,0.08687022004327048,-0.3270662294272343,-0.5189370514462489,0.10766006244430056,1.6439927971429271,0.00367527377134481,-0.093378516979053,-0.4269151860073367,-0.1499484178988238,-0.1268776620516988,-0.09488746789969404,0,0,0,0,nan,nan,nan,nan,nan,nan,nan,nan,nan,nan,nan,nan,nan,1,1,-0.3270885305421312,1.438,1
1.45,-0.32082310663052027,-0.4473800532679999,0.08687022004327048,-0.3270662294272343,-0.5189370514462489,0.10766006244430056,1.6439927971429271,0.00367527377134481,-0.093378516979053,-0.4269151860073367,-0.1499484178988238,-0.1268776620516988,-0.09488746789969404,0,0,0,0,nan,nan,nan,nan,nan,nan,nan,nan,nan,nan,nan,nan,nan,1,1,-0.3270885305421312,1.438,0
1.46,-0.3249362807191978,-0.44789510165451574,0.0873209307167571,-0.3303835931479028,-0.5195634049138191,0.10796551394053755,1.6456326134065267,0.003787974214164138,-0.08226675356010012,-0.4347014744258356,-0.15658649779694567,-0.12591426525228372,-0.09658515968429005,0,0,0,0,nan,nan,nan,nan,nan,nan,nan,nan,nan,nan,nan,nan,nan,1,1,-0.32621313253223905,1.455,1
1.47,-0.3249362807191978,-0.44789510165451574,0.0873209307167571,-0.3303835931479028,-0.5195634049138191,0.10796551394053755,1.6456326134065267,0.003787974214164138,-0.08226675356010012,-0.4347014744258356,-0.15658649779694567,-0.12591426525228372,-0.09658515968429005,0,0,0,0,nan,nan,nan,nan,nan,nan,nan,nan,nan,nan,nan,nan,nan,1,1,-0.32621313253223905,1.455,0
1.48,-0.328886390914544,-0.4482419521894592,0.08689261567611699,-0.33364855215802525,-0.5199090481335146,0.10767681654258253,1.6443030814003277,0.00020176354131757194,-0.0712217899274922,-0.4432245455220216,-0.16519461379564176,-0.12357496789714842,-0.0982643660322076,0,0,0,0,nan,nan,nan,nan,nan,nan,nan,nan,nan,nan,nan,nan,nan,1,1,-0.3267703265606515,1.472,1
1.49,-0.33248070386617123,-0.4485180480550689,0.08725616014409332,-0.3363880336643763,-0.5202589659968162,0.10798899408747979,1.644944228428088,0.004680945992769875,-0.060555246580009214,-0.45040129943393664,-0.170360446550573,-0.12269069160284374,-0.09970797899699746,0,0,0,0,nan,nan,nan,nan,nan,nan,nan,nan,nan,nan,nan,nan,nan,1,1,-0.3264220843735212,1.489,1
1.5,-0.33248070386617123,-0.4485180480550689,0.08725616014409332,-0.3363880336643763,-0.5202589659968162,0.10798899408747979,1.644944228428088,0.004680945992769875,-0.060555246580009214,-0.45040129943393664,-0.170360446550573,-0.12269069160284374,-0.09970797899699746,0,0,0,0,nan,nan,nan,nan,nan,nan,nan,nan,nan,nan,nan,nan,nan,1,1,-0.3264220843735212,1.489,0
1.51,-0.33626013408563016,-0.4490539520752376,0.08712613866789816,-0.3392790054883809,-0.5208214006526456,0.10792019576547983,1.6446269389935313,0.006419270621416557,-0.048711723531723976,-0.4583131664269134,-0.17901771858970253,-0.12207063839588134,-0.10166247050152283,0,0,0,0,nan,nan,nan,nan,nan,nan,nan,nan,nan,nan,nan,nan,nan,1,1,-0.3271297374330051,1.506,1
1.52,-0.33626013408563016,-0.4490539520752376,0.08712613866789816,-0.3392790054883809,-0.5208214006526456,0.10792019576547983,1.6446269389935313,0.006419270621416557,-0.048711723531723976,-0.4583131664269134,-0.17901771858970253,-0.12207063839588134,-0.10166247050152283,0,0,0,0,nan,nan,nan,nan,nan,nan,nan,nan,nan,nan,nan,nan,nan,1,1,-0.3271297374330051,1.506,0
1.53,-0.34048753946926547,-0.4496059057337857,0.08726586058591466,-0.34270441597265255,-0.5214346502499028,0.10797051564804089,1.6453483418986157,0.003680000103480451,-0.03716540766868905,-0.46617858969774023,-0.1869677325421205,-0.12336907201415845,-0.10355589858166389,0,0,0,0,nan,nan,nan,nan,nan,nan,nan,nan,nan,nan,nan,nan,nan,1,1,-0.3267324570020965,1.523,1
1.54,-0.34048753946926547,-0.4496059057337857,0.08726586058591466,-0.34270441597265255,-0.5214346502499028,0.10797051564804089,1.6453483418986157,0.003680000103480451,-0.03716540766868905,-0.46617858969774023,-0.1869677325421205,-0.12336907201415845,-0.10355589858166389,0,0,0,0,nan,nan,nan,nan,nan,nan,nan,nan,nan,nan,nan,nan,nan,1,1,-0.3267324570020965,1.523,0
1.55,-0.34447124156546743,-0.45004115258003946,0.08688434110121204,-0.3458965909260892,-0.5218616303668487,0.10769929230153373,1.644309086157944,0.002833044157450716,-0.02561844718995593,-0.47420147874464835,-0.19464557303196345,-0.12386551202029558,-0.10544476099699493,0,0,0,0,nan,nan,nan,nan,nan,nan,nan,nan,nan,nan,nan,nan,nan,1,1,-0.3270751342133616,1.539,1
1.56,-0.3489216635625223,-0.45062893498908596,0.08690421771022397,-0.3495070254223477,-0.5224674878640095,0.10771122349439614,1.644404790053955,0.001062189088444909,-0.013224267183599531,-0.4826559708240428,-0.2036187176066824,-0.1252641209674456,-0.10763354332540746,0,0,0,0,nan,nan,nan,nan,nan,nan,nan,nan,nan,nan,nan,nan,nan,1,1,-0.32686521976373833,1.5570000000000002,1
1.57,-0.3489216635625223,-0.45062893498908596,0.08690421771022397,-0.3495070254223477,-0.5224674878640095,0.10771122349439614,1.644404790053955,0.001062189088444909,-0.013224267183599531,-0.4826559708240428,-0.2036187176066824,-0.1252641209674456,-0.10763354332540746,0,0,0,0,nan,nan,nan,nan,nan,nan,nan,nan,nan,nan,nan,nan,nan,1,1,-0.32686521976373833,1.5570000000000002,0
1.58,-0.35309876436375665,-0.4511623327382153,0.08701432571807179,-0.35279242682736117,-0.5230064632724968,0.10781092361060625,1.644526341094349,0.0018533266889932947,-0.0009381512486523223,-0.4909202471583791,-0.21181495344178136,-0.1263515554379267,-0.10981119912739662,0,0,0,0,nan,nan,nan,nan,nan,nan,nan,nan,nan,nan,nan,nan,nan,1,1,-0.3268434445245034,1.575,1
1.59,-0.35309876436375665,-0.4511623327382153,0.08701432571807179,-0.35279242682736117,-0.5230064632724968,0.10781092361060625,1.644526341094349,0.0018533266889932947,-0.0009381512486523223,-0.4909202471583791,-0.21181495344178136,-0.1263515554379267,-0.10981119912739662,0,0,0,0,nan,nan,nan,nan,nan,nan,nan,nan,nan,nan,nan,nan,nan,1,1,-0.3268434445245034,1.575,0
1.6,-0.3569675291715264,-0.4519243811635851,0.08736486964203871,-0.3557936227600719,-0.5237899131359651,0.10808392559298342,1.6457580727364185,0.004052389945801306,0.01060684100585874,-0.49883882964293363,-0.21894787304898536,-0.1277977500463443,-0.11215043821698022,0,0,0,0,nan,nan,nan,nan,nan,nan,nan,nan,nan,nan,nan,nan,nan,1,1,-0.3267169488140847,1.593,1
1.61,-0.3569675291715264,-0.4519243811635851,0.08736486964203871,-0.3557936227600719,-0.5237899131359651,0.10808392559298342,1.6457580727364185,0.004052389945801306,0.01060684100585874,-0.49883882964293363,-0.21894787304898536,-0.1277977500463443,-0.11215043821698022,0,0,0,0,nan,nan,nan,nan,nan,nan,nan,nan,nan,nan,nan,nan,nan,1,1,-0.3267169488140847,1.593,0
1.62,-0.36051217755545667,-0.45263404917366545,0.08703650466656743,-0.35854489669599454,-0.5244427699511607,0.10785563655729345,1.6445702733093888,0.005005164698888698,0.021417813227410862,-0.5065395610015055,-0.22675829034575706,-0.12825065925618329,-0.11156090465972199,0,0,0,0,nan,nan,nan,nan,nan,nan,nan,nan,nan,nan,nan,nan,nan,1,1,-0.3274221711684873,1.61,1
1.6300000000000001,-0.3646516915531905,-0.45340286617142334,0.08695143569296047,-0.3619968541828332,-0.5251996503406412,0.10776803276378726,1.6446833125892106,0.0005201726403381551,0.03191672658414257,-0.5140709763502888,-0.23437292738312998,-0.13000382845968275,-0.11096272425459885,0,0,0,0,nan,nan,nan,nan,nan,nan,nan,nan,nan,nan,nan,nan,nan,1,1,-0.32723643055286505,1.627,1
1.6400000000000001,-0.3646516915531905,-0.45340286617142334,0.08695143569296047,-0.3619968541828332,-0.5251996503406412,0.10776803276378726,1.6446833125892106,0.0005201726403381551,0.03191672658414257,-0.5140709763502888,-0.23437292738312998,-0.13000382845968275,-0.11096272425459885,0,0,0,0,nan,nan,nan,nan,nan,nan,nan,nan,nan,nan,nan,nan,nan,1,1,-0.32723643055286505,1.627,0
1.6500000000000001,-0.3685522145472035,-0.4543903496752853,0.08722494386074678,-0.3649325757555735,-0.5261506551938684,0.10800022291512565,1.6447840386549384,0.005845148522057274,0.04405606730187193,-0.5220301336470559,-0.24129538843117562,-0.13317053732178247,-0.11043775264425088,0,0,0,0,nan,nan,nan,nan,nan,nan,nan,nan,nan,nan,nan,nan,nan,1,1,-0.32686725149470797,1.645,1
1.6600000000000001,-0.3685522145472035,-0.4543903496752853,0.08722494386074678,-0.3649325757555735,-0.5261506551938684,0.10800022291512565,1.6447840386549384,0.005845148522057274,0.04405606730187193,-0.5220301336470559,-0.24129538843117562,-0.13317053732178247,-0.11043775264425088,0,0,0,0,nan,nan,nan,nan,nan,nan,nan,nan,nan,nan,nan,nan,nan,1,1,-0.32686725149470797,1.645,0
1.67,-0.3726979063217267,-0.45519995529430324,0.08688335447869121,-0.3682987659836867,-0.5268985347928384,0.10773791093486515,1.6443161205994614,0.002122950716703312,0.05603796870635313,-0.5300771505481255,-0.2515857556310246,-0.1353981167846694,-0.10968444133577711,0,0,0,0,nan,nan,nan,nan,nan,nan,nan,nan,nan,nan,nan,nan,nan,1,1,-0.327535765864132,1.6620000000000001,1
1.68,-0.3726979063217267,-0.45519995529430324,0.08688335447869121,-0.3682987659836867,-0.5268985347928384,0.10773791093486515,1.6443161205994614,0.002122950716703312,0.05603796870635313,-0.5300771505481255,-0.2515857556310246,-0.1353981167846694,-0.10968444133577711,0,0,0,0,nan,nan,nan,nan,nan,nan,nan,nan,nan,nan,nan,nan,nan,1,1,-0.327535765864132,1.6620000000000001,0
1.69,-0.376976815584955,-0.45614647649131984,0.08683631369005679,-0.3717947326605316,-0.5277967596874654,0.1077043367421149,1.6445878144737083,0.0007855007500901357,0.06771247082169976,-0.5380572903556817,-0.2600089267423076,-0.13838394632809334,-0.10923130997900266,0,0,0,0,nan,nan,nan,nan,nan,nan,nan,nan,nan,nan,nan,nan,nan,1,1,-0.3273728456927154,1.68,1
1.7,-0.380987473910357,-0.45704237380968554,0.08704414439950607,-0.37497369926931257,-0.5286479235629182,0.10783818446909395,1.6449011373478757,0.0009019561300092052,0.07869586659692131,-0.5456049291399473,-0.26699584968568324,-0.14101896968786082,-0.10889987424144237,0,0,0,0,nan,nan,nan,nan,nan,nan,nan,nan,nan,nan,nan,nan,nan,1,1,-0.3270384843985896,1.697,1
1.71,-0.380987473910357,-0.45704237380968554,0.08704414439950607,-0.37497369926931257,-0.5286479235629182,0.10783818446909395,1.6449011373478757,0.0009019561300092052,0.07869586659692131,-0.5456049291399473,-0.26699584968568324,-0.14101896968786082,-0.10889987424144237,0,0,0,0,nan,nan,nan,nan,nan,nan,nan,nan,nan,nan,nan,nan,nan,1,1,-0.3270384843985896,1.697,0
1.72,-0.38489246714639225,-0.45788655258889394,0.08680519357292232,-0.3780855405356739,-0.5294024515135816,0.10766171123467082,1.6443310236832929,0.000708721521811359,0.09018153458221555,-0.5532305863280126,-0.2760350231951741,-0.14376225635126477,-0.10842218339349297,0,0,0,0,nan,nan,nan,nan,nan,nan,nan,nan,nan,nan,nan,nan,nan,1,1,-0.3273221132095277,1.7140000000000002,1
1.73,-0.38489246714639225,-0.45788655258889394,0.08680519357292232,-0.3780855405356739,-0.5294024515135816,0.10766171123467082,1.6443310236832929,0.000708721521811359,0.09018153458221555,-0.5532305863280126,-0.2760350231951741,-0.14376225635126477,-0.10842218339349297,0,0,0,0,nan,nan,nan,nan,nan,nan,nan,nan,nan,nan,nan,nan,nan,1,1,-0.3273221132095277,1.7140000000000002,0
1.74,-0.3885487962591389,-0.4590890625373385,0.08723345231103696,-0.38081010351423533,-0.5305457254475516,0.10799330308964009,1.6452091336979895,0.00436750103380628,0.10187584469655735,-0.5605212585721412,-0.28216766218573003,-0.1466926446889723,-0.10843237121307474,0,0,0,0,nan,nan,nan,nan,nan,nan,nan,nan,nan,nan,nan,nan,nan,1,1,-0.32704905311656196,1.731,1
1.75,-0.392503643583858,-0.460169230843723,0.08697579433836568,-0.3839433761814529,-0.5315087485178179,0.10782319319207372,1.644665918988002,0.0027227466522580287,0.11416713776812046,-0.5684943912892597,-0.29179296855593595,-0.14953489831634165,-0.10822784599992477,0,0,0,0,nan,nan,nan,nan,nan,nan,nan,nan,nan,nan,nan,nan,nan,1,1,-0.32765057954190574,1.748,1
1.76,-0.392503643583858,-0.460169230843723,0.08697579433836568,-0.3839433761814529,-0.5315087485178179,0.10782319319207372,1.644665918988002,0.0027227466522580287,0.11416713776812046,-0.5684943912892597,-0.29179296855593595,-0.14953489831634165,-0.10822784599992477,0,0,0,0,nan,nan,nan,nan,nan,nan,nan,nan,nan,nan,nan,nan,nan,1,1,-0.32765057954190574,1.748,0
1.77,-0.39668639146288676,-0.4614369981616692,0.08681275821782669,-0.3872752198341854,-0.5326557079701939,0.10769106100722427,1.6442504749033793,0.0017117827299481861,0.126337267491858,-0.5769348365622373,-0.30011435806096165,-0.15307601643374547,-0.10831848513711441,0,0,0,0,nan,nan,nan,nan,nan,nan,nan,nan,nan,nan,nan,nan,nan,1,1,-0.3276957333889417,1.766,1
1.78,-0.39668639146288676,-0.4614369981616692,0.08681275821782669,-0.3872752198341854,-0.5326557079701939,0.10769106100722427,1.6442504749033793,0.0017117827299481861,0.126337267491858,-0.5769348365622373,-0.30011435806096165,-0.15307601643374547,-0.10831848513711441,0,0,0,0,nan,nan,nan,nan,nan,nan,nan,nan,nan,nan,nan,nan,nan,1,1,-0.3276957333889417,1.766,0
1.79,-0.4004264310733347,-0.46244134888328825,0.08682341728968594,-0.3902153044107234,-0.5335506963948928,0.1076840732486863,1.6441288033780195,0.0013678071121118926,0.13753594690423052,-0.5844930042707568,-0.30638289655540685,-0.15613850266563195,-0.10832590569835558,0,0,0,0,nan,nan,nan,nan,nan,nan,nan,nan,nan,nan,nan,nan,nan,1,1,-0.32747263928976506,1.7830000000000001,1
1.8,-0.4004264310733347,-0.46244134888328825,0.08682341728968594,-0.3902153044107234,-0.5335506963948928,0.1076840732486863,1.6441288033780195,0.0013678071121118926,0.13753594690423052,-0.5844930042707568,-0.30638289655540685,-0.15613850266563195,-0.10832590569835558,0,0,0,0,nan,nan,nan,nan,nan,nan,nan,nan,nan,nan,nan,nan,nan,1,1,-0.32747263928976506,1.7830000000000001,0
1.81,-0.40406879465996,-0.463496684522708,0.08694317635300569,-0.39298877772465485,-0.5344844946103372,0.10775361275844769,1.6445802665766696,0.0035907661514947686,0.1494476780269254,-0.5917796786657581,-0.31503267050369127,-0.15957145974297948,-0.1082947003631051,0,0,0,0,nan,nan,nan,nan,nan,nan,nan,nan,nan,nan,nan,nan,nan,1,1,-0.3274126523977708,1.8,1
1.82,-0.4080030392927464,-0.46472843445651324,0.08680280743293381,-0.39611077192831173,-0.5355818218617023,0.10764819276202225,1.6440948866118013,0.0023557952420674394,0.16081145039210784,-0.5991840180295755,-0.32234089133720056,-0.16252527670172884,-0.1085632749098141,0,0,0,0,nan,nan,nan,nan,nan,nan,nan,nan,nan,nan,nan,nan,nan,1,1,-0.3274842220715342,1.817,1
1.83,-0.4080030392927464,-0.46472843445651324,0.08680280743293381,-0.39611077192831173,-0.5355818218617023,0.10764819276202225,1.6440948866118013,0.0023557952420674394,0.16081145039210784,-0.5991840180295755,-0.32234089133720056,-0.16252527670172884,-0.1085632749098141,0,0,0,0,nan,nan,nan,nan,nan,nan,nan,nan,nan,nan,nan,nan,nan,1,1,-0.3274842220715342,1.817,0
1.84,-0.4119421818969089,-0.46596043292241607,0.08684243711635097,-0.3991967717039467,-0.536657336656225,0.10768928705279193,1.6436982966641636,0.0026256614176181758,0.17291397864180724,-0.6070811885676374,-0.33026470320230056,-0.16630185184258778,-0.1088124097664617,0,0,0,0,nan,nan,nan,nan,nan,nan,nan,nan,nan,nan,nan,nan,nan,1,1,-0.32734243830637866,1.8350000000000002,1
1.85,-0.4119421818969089,-0.46596043292241607,0.08684243711635097,-0.3991967717039467,-0.536657336656225,0.10768928705279193,1.6436982966641636,0.0026256614176181758,0.17291397864180724,-0.6070811885676374,-0.33026470320230056,-0.16630185184258778,-0.1088124097664617,0,0,0,0,nan,nan,nan,nan,nan,nan,nan,nan,nan,nan,nan,nan,nan,1,1,-0.32734243830637866,1.8350000000000002,0
1.86,-0.41579674028447117,-0.46739948287658517,0.08701552703227375,-0.402209490156215,-0.5379589759090301,0.10779389721808534,1.6446651798711274,0.0026818821270387727,0.1846769868420938,-0.6146985233533397,-0.3382078612224013,-0.1703166804172005,-0.10933821547437808,0,0,0,0,nan,nan,nan,nan,nan,nan,nan,nan,nan,nan,nan,nan,nan,1,1,-0.32712315650327145,1.853,1
1.87,-0.41579674028447117,-0.46739948287658517,0.08701552703227375,-0.402209490156215,-0.5379589759090301,0.10779389721808534,1.6446651798711274,0.0026818821270387727,0.1846769868420938,-0.6146985233533397,-0.3382078612224013,-0.1703166804172005,-0.10933821547437808,0,0,0,0,nan,nan,nan,nan,nan,nan,nan,nan,nan,nan,nan,nan,nan,1,1,-0.32712315650327145,1.853,0
1.8800000000000001,-0.4194092359146884,-0.46875599769741305,0.08703260126104014,-0.4050864432474901,-0.5391610229813012,0.10782486390805078,1.644816043327967,0.0013429618138012375,0.19581957717800322,-0.621998811247356,-0.3468610164314712,-0.17411612698227652,-0.1098637902906266,0,0,0,0,nan,nan,nan,nan,nan,nan,nan,nan,nan,nan,nan,nan,nan,1,1,-0.32729735191809234,1.8699999999999999,1
1.8900000000000001,-0.4229398168657868,-0.47019310611458154,0.08703283062717991,-0.40784231697193346,-0.5404371993907628,0.10780192796223617,1.6445598445112564,0.0012750657004032176,0.20655937181933023,-0.6289951951636784,-0.3529088018689645,-0.1777070262911786,-0.1105737178205144,0,0,0,0,nan,nan,nan,nan,nan,nan,nan,nan,nan,nan,nan,nan,nan,1,1,-0.32712404271705264,1.887,1
1.9000000000000001,-0.4229398168657868,-0.47019310611458154,0.08703283062717991,-0.40784231697193346,-0.5404371993907628,0.10780192796223617,1.6445598445112564,0.0012750657004032176,0.20655937181933023,-0.6289951951636784,-0.3529088018689645,-0.1777070262911786,-0.1105737178205144,0,0,0,0,nan,nan,nan,nan,nan,nan,nan,nan,nan,nan,nan,nan,nan,1,1,-0.32712404271705264,1.887,0
1.9100000000000001,-0.4264999913778951,-0.4717078992763447,0.08720476110882046,-0.4105884298779702,-0.5417924146063533,0.10795406737096448,1.6452836571122613,0.002485488107119082,0.21825616046511195,-0.6356905450010727,-0.3618926608477303,-0.18140982637209913,-0.11132060983582706,0,0,0,0,nan,nan,nan,nan,nan,nan,nan,nan,nan,nan,nan,nan,nan,1,1,-0.32726415978589624,1.9040000000000001,1
1.92,-0.4264999913778951,-0.4717078992763447,0.08720476110882046,-0.4105884298779702,-0.5417924146063533,0.10795406737096448,1.6452836571122613,0.002485488107119082,0.21825616046511195,-0.6356905450010727,-0.3618926608477303,-0.18140982637209913,-0.11132060983582706,0,0,0,0,nan,nan,nan,nan,nan,nan,nan,nan,nan,nan,nan,nan,nan,1,1,-0.32726415978589624,1.9040000000000001,0
1.93,-0.42988628695731834,-0.4732772762869136,0.08716926136923135,-0.4130236345607639,-0.5431332275913816,0.10793856489160146,1.6449599009666256,0.007718616617062656,0.2299407314011972,-0.6428030384589641,-0.3674076432437215,-0.1848301014205105,-0.11217442470158553,0,0,0,0,nan,nan,nan,nan,nan,nan,nan,nan,nan,nan,nan,nan,nan,1,1,-0.3274042510200096,1.921,1
1.94,-0.43403475690090004,-0.47487852430055244,0.08692830413926309,-0.41635690600924946,-0.5445129815567757,0.10775507343436631,1.6436729580600284,0.0045671800208827015,0.24220307451793896,-0.650475899552524,-0.37693805109785666,-0.18870990867957116,-0.11311941545783383,0,0,0,0,nan,nan,nan,nan,nan,nan,nan,nan,nan,nan,nan,nan,nan,1,1,-0.3276908909602363,1.939,1
1.95,-0.43403475690090004,-0.47487852430055244,0.08692830413926309,-0.41635690600924946,-0.5445129815567757,0.10775507343436631,1.6436729580600284,0.0045671800208827015,0.24220307451793896,-0.650475899552524,-0.37693805109785666,-0.18870990867957116,-0.11311941545783383,0,0,0,0,nan,nan,nan,nan,nan,nan,nan,nan,nan,nan,nan,nan,nan,1,1,-0.3276908909602363,1.939,0
1.96,-0.4379760884196171,-0.4766471207835651,0.08706931259310549,-0.41952029801457624,-0.5461018991152136,0.1078439113007371,1.6447942266569318,0.002562098248270491,0.2543108185217086,-0.6576574551373422,-0.3870034406312127,-0.19336950075226583,-0.11427363785682693,0,0,0,0,nan,nan,nan,nan,nan,nan,nan,nan,nan,nan,nan,nan,nan,1,1,-0.32754422603796846,1.9560000000000002,1
1.97,-0.4379760884196171,-0.4766471207835651,0.08706931259310549,-0.41952029801457624,-0.5461018991152136,0.1078439113007371,1.6447942266569318,0.002562098248270491,0.2543108185217086,-0.6576574551373422,-0.3870034406312127,-0.19336950075226583,-0.11427363785682693,0,0,0,0,nan,nan,nan,nan,nan,nan,nan,nan,nan,nan,nan,nan,nan,1,1,-0.32754422603796846,1.9560000000000002,0
1.98,-0.44155861880813724,-0.47819953680897015,0.08687209573352107,-0.42238873825246764,-0.5474549198541632,0.10767440422392303,1.6444033423250966,0.0011628341981696304,0.2652247972420377,-0.6643435350423845,-0.3948115442733641,-0.19744263625479191,-0.1153041071736294,0,0,0,0,nan,nan,nan,nan,nan,nan,nan,nan,nan,nan,nan,nan,nan,1,1,-0.32749794500091656,1.9720000000000002,1
1.99,-0.44155861880813724,-0.47819953680897015,0.08687209573352107,-0.42238873825246764,-0.5474549198541632,0.10767440422392303,1.6444033423250966,0.0011628341981696304,0.2652247972420377,-0.6643435350423845,-0.3948115442733641,-0.19744263625479191,-0.1153041071736294,0,0,0,0,nan,nan,nan,nan,nan,nan,nan,nan,nan,nan,nan,nan,nan,1,1,-0.32749794500091656,1.9720000000000002,0
2.0,-0.44481476996628516,-0.4797640820821509,0.08704680727545223,-0.4248557299856263,-0.5488020068792582,0.1078311979689024,1.6446123616916448,0.0036839132792813745,0.2761999214656422,-0.670693701390509,-0.40152156977586156,-0.20151210727045046,-0.1163653686282545,0,0,0,0,nan,nan,nan,nan,nan,nan,nan,nan,nan,nan,nan,nan,nan,1,1,-0.32725194594838347,1.9879999999999998,1
2.0100000000000002,-0.4484328579605275,-0.4815212428391967,0.08684841937763656,-0.42762583319276604,-0.5502961593595649,0.10768751503210447,1.6438696897259157,0.0035780571192514862,0.2879530778264883,-0.6777655640633616,-0.4084162169605555,-0.2052220837836055,-0.11767790383592995,0,0,0,0,nan,nan,nan,nan,nan,nan,nan,nan,nan,nan,nan,nan,nan,1,1,-0.3276537873624059,2.0050000000000003,1
2.02,-0.4484328579605275,-0.4815212428391967,0.08684841937763656,-0.42762583319276604,-0.5502961593595649,0.10768751503210447,1.6438696897259157,0.0035780571192514862,0.2879530778264883,-0.6777655640633616,-0.4084162169605555,-0.2052220837836055,-0.11767790383592995,0,0,0,0,nan,nan,nan,nan,nan,nan,nan,nan,nan,nan,nan,nan,nan,1,1,-0.3276537873624059,2.0050000000000003,0
2.0300000000000002,-0.4523098749554866,-0.4834835916604803,0.08687399641976173,-0.4306952465518045,-0.5520194087872328,0.10768160701887045,1.6442295060078524,0.002102745101372469,0.3001422719199829,-0.6850745641828854,-0.41699617470193723,-0.21025407354954578,-0.11920800740465899,0,0,0,0,nan,nan,nan,nan,nan,nan,nan,nan,nan,nan,nan,nan,nan,1,1,-0.3274351944876347,2.023,1
2.04,-0.4523098749554866,-0.4834835916604803,0.08687399641976173,-0.4306952465518045,-0.5520194087872328,0.10768160701887045,1.6442295060078524,0.002102745101372469,0.3001422719199829,-0.6850745641828854,-0.41699617470193723,-0.21025407354954578,-0.11920800740465899,0,0,0,0,nan,nan,nan,nan,nan,nan,nan,nan,nan,nan,nan,nan,nan,1,1,-0.3274351944876347,2.023,0
2.05,-0.45590034381823474,-0.4853175569711066,0.08686975874778378,-0.4335612614049606,-0.5536149112357261,0.10770419535160976,1.6442951641136097,0.001199913194212314,0.31146662347452375,-0.6917540350248563,-0.4260449885151475,-0.21466554645430896,-0.12071820210127772,0,0,0,0,nan,nan,nan,nan,nan,nan,nan,nan,nan,nan,nan,nan,nan,1,1,-0.3275933882044706,2.04,1
2.06,-0.45900229442865825,-0.48725218500690987,0.08731879963198837,-0.4358070770286803,-0.5552948366623032,0.10804437882292404,1.6448786517892888,0.006086716426421914,0.3223244396190605,-0.6976501603839689,-0.4312973942370025,-0.21936992619285833,-0.12233565216525016,0,0,0,0,nan,nan,nan,nan,nan,nan,nan,nan,nan,nan,nan,nan,nan,1,1,-0.3268161269928339,2.0570000000000004,1
2.07,-0.45900229442865825,-0.48725218500690987,0.08731879963198837,-0.4358070770286803,-0.5552948366623032,0.10804437882292404,1.6448786517892888,0.006086716426421914,0.3223244396190605,-0.6976501603839689,-0.4312973942370025,-0.21936992619285833,-0.12233565216525016,0,0,0,0,nan,nan,nan,nan,nan,nan,nan,nan,nan,nan,nan,nan,nan,1,1,-0.3268161269928339,2.0570000000000004,0
2.08,-0.4623631339541491,-0.4891535276776185,0.08712950052100789,-0.43829884583376577,-0.5568678593912721,0.10791967552113821,1.6442637122620614,0.008301010014713022,0.3344937593755674,-0.7046234656494745,-0.43978899978814945,-0.22334904150229848,-0.12403611730211905,0,0,0,0,nan,nan,nan,nan,nan,nan,nan,nan,nan,nan,nan,nan,nan,1,1,-0.32759547737391037,2.0740000000000003,1
2.09,-0.4623631339541491,-0.4891535276776185,0.08712950052100789,-0.43829884583376577,-0.5568678593912721,0.10791967552113821,1.6442637122620614,0.008301010014713022,0.3344937593755674,-0.7046234656494745,-0.43978899978814945,-0.22334904150229848,-0.12403611730211905,0,0,0,0,nan,nan,nan,nan,nan,nan,nan,nan,nan,nan,nan,nan,nan,1,1,-0.32759547737391037,2.0740000000000003,0
2.1,-0.4662055920725585,-0.4912464871245677,0.08684484689290506,-0.4414367063461569,-0.5587046108247952,0.10768616517216575,1.6440756740031213,0.0032189010766227946,0.3461430738860462,-0.711603688955304,-0.44769925088698603,-0.2283159057294633,-0.12588473062087427,0,0,0,0,nan,nan,nan,nan,nan,nan,nan,nan,nan,nan,nan,nan,nan,1,1,-0.32764118622534244,2.091,1
2.11,-0.4662055920725585,-0.4912464871245677,0.08684484689290506,-0.4414367063461569,-0.5587046108247952,0.10768616517216575,1.6440756740031213,0.0032189010766227946,0.3461430738860462,-0.711603688955304,-0.44769925088698603,-0.2283159057294633,-0.12588473062087427,0,0,0,0,nan,nan,nan,nan,nan,nan,nan,nan,nan,nan,nan,nan,nan,1,1,-0.32764118622534244,2.091,0
2.12,-0.46999509289331126,-0.49354586159077013,0.08703363533665259,-0.44447305765320094,-0.5607389518256201,0.10781788813544002,1.6445938771552302,0.0011377183577456831,0.3578515528061072,-0.7185492491574593,-0.45614618017132014,-0.23401416090136445,-0.1280209091113501,0,0,0,0,nan,nan,nan,nan,nan,nan,nan,nan,nan,nan,nan,nan,nan,1,1,-0.3272503613635129,2.109,1
2.13,-0.47332152536510086,-0.4956623704286063,0.08705667719840744,-0.4470350847876148,-0.5625639119800465,0.10787167060068775,1.6449271190397408,0.0023228431338919477,0.3697870328404694,-0.725053783558388,-0.4645488622339504,-0.23893056717307812,-0.1299854802118286,0,0,0,0,nan,nan,nan,nan,nan,nan,nan,nan,nan,nan,nan,nan,nan,1,1,-0.32739125466872077,2.1260000000000003,1
2.14,-0.47332152536510086,-0.4956623704286063,0.08705667719840744,-0.4470350847876148,-0.5625639119800465,0.10787167060068775,1.6449271190397408,0.0023228431338919477,0.3697870328404694,-0.725053783558388,-0.4645488622339504,-0.23893056717307812,-0.1299854802118286,0,0,0,0,nan,nan,nan,nan,nan,nan,nan,nan,nan,nan,nan,nan,nan,1,1,-0.32739125466872077,2.1260000000000003,0
2.15,-0.47641057133016207,-0.4976777687040494,0.08714309585358947,-0.4491961406847994,-0.564198247452672,0.10794243796567102,1.644080545404006,0.007383303590919301,0.38144759029158615,-0.7315286628754641,-0.46977111289169643,-0.24324811845853084,-0.13193889847881846,0,0,0,0,nan,nan,nan,nan,nan,nan,nan,nan,nan,nan,nan,nan,nan,1,1,-0.3275964330785226,2.1430000000000002,1
2.16,-0.47641057133016207,-0.4976777687040494,0.08714309585358947,-0.4491961406847994,-0.564198247452672,0.10794243796567102,1.644080545404006,0.007383303590919301,0.38144759029158615,-0.7315286628754641,-0.46977111289169643,-0.24324811845853084,-0.13193889847881846,0,0,0,0,nan,nan,nan,nan,nan,nan,nan,nan,nan,nan,nan,nan,nan,1,1,-0.3275964330785226,2.1430000000000002,0
2.17,-0.4803452217973917,-0.5000824581537291,0.08687049455117939,-0.4523497242989504,-0.5662762795278735,0.10770640301608075,1.6441853687254488,0.003442093309262159,0.39397444183412467,-0.7387683261719231,-0.47916213716203904,-0.24866202218354536,-0.1344032267896223,0,0,0,0,nan,nan,nan,nan,nan,nan,nan,nan,nan,nan,nan,nan,nan,1,1,-0.3279557360687723,2.161,1
2.18,-0.4803452217973917,-0.5000824581537291,0.08687049455117939,-0.4523497242989504,-0.5662762795278735,0.10770640301608075,1.6441853687254488,0.003442093309262159,0.39397444183412467,-0.7387683261719231,-0.47916213716203904,-0.24866202218354536,-0.1344032267896223,0,0,0,0,nan,nan,nan,nan,nan,nan,nan,nan,nan,nan,nan,nan,nan,1,1,-0.3279557360687723,2.161,0
2.19,-0.4838233026538056,-0.5023518008115204,0.08682069774301181,-0.4551490298758314,-0.5682409493723167,0.10769295574526759,1.6440400403051778,0.0022495905591922633,0.4054689673303402,-0.7452619973483604,-0.4879261708319234,-0.2541630992235838,-0.13667045727677973,0,0,0,0,nan,nan,nan,nan,nan,nan,nan,nan,nan,nan,nan,nan,nan,1,1,-0.32790132179890663,2.1780000000000004,1
2.2,-0.4871618756216638,-0.5043408267134686,0.08682574437853613,-0.45783318943409756,-0.5699525889536223,0.10768392933226936,1.6441785107882272,0.0006416248906654979,0.4158849152353557,-0.7512635240708342,-0.49401305842403337,-0.2590913508137338,-0.13863327989069069,0,0,0,0,nan,nan,nan,nan,nan,nan,nan,nan,nan,nan,nan,nan,nan,1,1,-0.3276653594251488,2.1950000000000003,1
2.21,-0.4871618756216638,-0.5043408267134686,0.08682574437853613,-0.45783318943409756,-0.5699525889536223,0.10768392933226936,1.6441785107882272,0.0006416248906654979,0.4158849152353557,-0.7512635240708342,-0.49401305842403337,-0.2590913508137338,-0.13863327989069069,0,0,0,0,nan,nan,nan,nan,nan,nan,nan,nan,nan,nan,nan,nan,nan,1,1,-0.3276653594251488,2.1950000000000003,0
2.22,-0.48999514867496624,-0.5065395194163935,0.08748976313217567,-0.45964627917095197,-0.5717183933833563,0.10822562261796566,1.6454270626457377,0.009934040071661248,0.4284341342345461,-0.7573156483723095,-0.49986210991594393,-0.26420397242355753,-0.14096931664936146,0,0,0,0,nan,nan,nan,nan,nan,nan,nan,nan,nan,nan,nan,nan,nan,1,1,-0.3273218075378109,2.213,1
2.23,-0.48999514867496624,-0.5065395194163935,0.08748976313217567,-0.45964627917095197,-0.5717183933833563,0.10822562261796566,1.6454270626457377,0.009934040071661248,0.4284341342345461,-0.7573156483723095,-0.49986210991594393,-0.26420397242355753,-0.14096931664936146,0,0,0,0,nan,nan,nan,nan,nan,nan,nan,nan,nan,nan,nan,nan,nan,1,1,-0.3273218075378109,2.213,0
2.24,-0.49338920592133323,-0.5089037174342581,0.08720101067488266,-0.4622246862677362,-0.5736696458060144,0.10801391481558971,1.6445035884359385,0.009733244666281223,0.44062578133557456,-0.7640096038144364,-0.5077199513506742,-0.26914755446535615,-0.14359588712353355,0,0,0,0,nan,nan,nan,nan,nan,nan,nan,nan,nan,nan,nan,nan,nan,1,1,-0.32802166138935823,2.2310000000000003,1
2.25,-0.49338920592133323,-0.5089037174342581,0.08720101067488266,-0.4622246862677362,-0.5736696458060144,0.10801391481558971,1.6445035884359385,0.009733244666281223,0.44062578133557456,-0.7640096038144364,-0.5077199513506742,-0.26914755446535615,-0.14359588712353355,0,0,0,0,nan,nan,nan,nan,nan,nan,nan,nan,nan,nan,nan,nan,nan,1,1,-0.32802166138935823,2.2310000000000003,0
2.2600000000000002,-0.49731500017816493,-0.5115939699505797,0.0871992983526759,-0.4654205440315342,-0.576026431915522,0.10798164443199545,1.6451522412162358,0.004147756305839428,0.45348245293896405,-0.7708837765119583,-0.5175019693414684,-0.275657174964159,-0.1466441158756529,0,0,0,0,nan,nan,nan,nan,nan,nan,nan,nan,nan,nan,nan,nan,nan,1,1,-0.3279184030337648,2.249,1
2.27,-0.500536671970362,-0.5139119218199463,0.08686696210939374,-0.46800397383049824,-0.5780190344730467,0.10771531237844466,1.6447614455040613,0.0028005060903470574,0.46438385908726015,-0.7765300473006161,-0.5250542396469289,-0.280870393758879,-0.1492070900495532,0,0,0,0,nan,nan,nan,nan,nan,nan,nan,nan,nan,nan,nan,nan,nan,1,1,-0.3279471189109403,2.265,1
2.2800000000000002,-0.500536671970362,-0.5139119218199463,0.08686696210939374,-0.46800397383049824,-0.5780190344730467,0.10771531237844466,1.6447614455040613,0.0028005060903470574,0.46438385908726015,-0.7765300473006161,-0.5250542396469289,-0.280870393758879,-0.1492070900495532,0,0,0,0,nan,nan,nan,nan,nan,nan,nan,nan,nan,nan,nan,nan,nan,1,1,-0.3279471189109403,2.265,0
2.29,-0.5034123182491974,-0.5162971250845045,0.0869224885938666,-0.4701458178092118,-0.5800186760577771,0.10779031639245976,1.6442087472791485,0.004772732113072149,0.4751879882145307,-0.781913574719344,-0.5317335251482859,-0.2857833178655653,-0.15198053143428988,0,0,0,0,nan,nan,nan,nan,nan,nan,nan,nan,nan,nan,nan,nan,nan,1,1,-0.32806364636819624,2.2830000000000004,1
2.3000000000000003,-0.5034123182491974,-0.5162971250845045,0.0869224885938666,-0.4701458178092118,-0.5800186760577771,0.10779031639245976,1.6442087472791485,0.004772732113072149,0.4751879882145307,-0.781913574719344,-0.5317335251482859,-0.2857833178655653,-0.15198053143428988,0,0,0,0,nan,nan,nan,nan,nan,nan,nan,nan,nan,nan,nan,nan,nan,1,1,-0.32806364636819624,2.2830000000000004,0
2.31,-0.5064217193496899,-0.5185378749566905,0.08679509164893882,-0.472511824605419,-0.5819189090628785,0.10768192096620137,1.6441609755028153,0.0028310802025538293,0.4858497788849678,-0.7873588287941565,-0.5390916374240076,-0.2908968739956006,-0.15463478140075598,0,0,0,0,nan,nan,nan,nan,nan,nan,nan,nan,nan,nan,nan,nan,nan,1,1,-0.32815641726440886,2.2990000000000004,1
2.32,-0.509666827334508,-0.520986524589835,0.08668489622949796,-0.4750990373168843,-0.5839975570081863,0.10760474438839857,1.6437978868085497,0.0011399496496000518,0.4970747537356584,-0.793216857155836,-0.5479525949420743,-0.29645654005558125,-0.15761694099814136,0,0,0,0,nan,nan,nan,nan,nan,nan,nan,nan,nan,nan,nan,nan,nan,1,1,-0.328286630892825,2.3160000000000003,1
2.33,-0.509666827334508,-0.520986524589835,0.08668489622949796,-0.4750990373168843,-0.5839975570081863,0.10760474438839857,1.6437978868085497,0.0011399496496000518,0.4970747537356584,-0.793216857155836,-0.5479525949420743,-0.29645654005558125,-0.15761694099814136,0,0,0,0,nan,nan,nan,nan,nan,nan,nan,nan,nan,nan,nan,nan,nan,1,1,-0.328286630892825,2.3160000000000003,0
2.34,-0.5122741975950631,-0.5233564790912674,0.08730048964085528,-0.4768042417123,-0.5859076865678264,0.10810453190123435,1.6448257279098795,0.008267139601421726,0.5089524464307793,-0.7986351561806198,-0.5523593431077247,-0.3018130214779419,-0.1603425746307165,0,0,0,0,nan,nan,nan,nan,nan,nan,nan,nan,nan,nan,nan,nan,nan,1,1,-0.3279543997621333,2.333,1
2.35,-0.5122741975950631,-0.5233564790912674,0.08730048964085528,-0.4768042417123,-0.5859076865678264,0.10810453190123435,1.6448257279098795,0.008267139601421726,0.5089524464307793,-0.7986351561806198,-0.5523593431077247,-0.3018130214779419,-0.1603425746307165,0,0,0,0,nan,nan,nan,nan,nan,nan,nan,nan,nan,nan,nan,nan,nan,1,1,-0.3279543997621333,2.333,0
2.36,-0.5154412312253673,-0.5259292670560498,0.08696449362125908,-0.47918896460036847,-0.5879981478403531,0.10783032631097735,1.6440888896578063,0.008267696663528805,0.521595132751213,-0.8049961623851134,-0.5609697549934493,-0.3073800650949453,-0.16361195648811158,0,0,0,0,nan,nan,nan,nan,nan,nan,nan,nan,nan,nan,nan,nan,nan,1,1,-0.3286894270451753,2.35,1
2.37,-0.5154412312253673,-0.5259292670560498,0.08696449362125908,-0.47918896460036847,-0.5879981478403531,0.10783032631097735,1.6440888896578063,0.008267696663528805,0.521595132751213,-0.8049961623851134,-0.5609697549934493,-0.3073800650949453,-0.16361195648811158,0,0,0,0,nan,nan,nan,nan,nan,nan,nan,nan,nan,nan,nan,nan,nan,1,1,-0.3286894270451753,2.35,0
2.38,-0.5188561917012856,-0.5287865044594116,0.08684684277990494,-0.4820353599739576,-0.5905284430215121,0.10772064115209601,1.6440921416152812,0.0017922876659248182,0.5323028467316058,-0.8107467615866671,-0.5683240594741414,-0.31404012468744813,-0.16696459832943,0,0,0,0,nan,nan,nan,nan,nan,nan,nan,nan,nan,nan,nan,nan,nan,1,1,-0.32845553646479914,2.367,1
2.39,-0.5215178510919644,-0.5315166781024147,0.08735480793907623,-0.48392578597982205,-0.5928336525135128,0.10814869466278874,1.6461699831825356,0.006006540912124902,0.5443181525141673,-0.8160946412256769,-0.5754629868540456,-0.31995006173776547,-0.17024675480404658,0,0,0,0,nan,nan,nan,nan,nan,nan,nan,nan,nan,nan,nan,nan,nan,1,1,-0.328327331439224,2.3840000000000003,1
2.4,-0.5215178510919644,-0.5315166781024147,0.08735480793907623,-0.48392578597982205,-0.5928336525135128,0.10814869466278874,1.6461699831825356,0.006006540912124902,0.5443181525141673,-0.8160946412256769,-0.5754629868540456,-0.31995006173776547,-0.17024675480404658,0,0,0,0,nan,nan,nan,nan,nan,nan,nan,nan,nan,nan,nan,nan,nan,1,1,-0.328327331439224,2.3840000000000003,0
2.41,-0.5246620448534441,-0.5340923336147959,0.08683227394314937,-0.486328801603093,-0.5948903906547335,0.10775524028801498,1.643492168478556,0.006118711849889265,0.5558610267015046,-0.8221004188456028,-0.5814890936632228,-0.3255300920206896,-0.17345936419128527,0,0,0,0,nan,nan,nan,nan,nan,nan,nan,nan,nan,nan,nan,nan,nan,1,1,-0.32891824350148396,2.4010000000000002,1
2.42,-0.5246620448534441,-0.5340923336147959,0.08683227394314937,-0.486328801603093,-0.5948903906547335,0.10775524028801498,1.643492168478556,0.006118711849889265,0.5558610267015046,-0.8221004188456028,-0.5814890936632228,-0.3255300920206896,-0.17345936419128527,0,0,0,0,nan,nan,nan,nan,nan,nan,nan,nan,nan,nan,nan,nan,nan,1,1,-0.32891824350148396,2.4010000000000002,0
2.43,-0.5275748135331093,-0.5367593728541423,0.08678138792978661,-0.4886820119973816,-0.5972210086653404,0.10767048625539037,1.6440163426711842,0.0027051098950394907,0.5662508427774294,-0.8269595904097246,-0.5889198134026693,-0.33159484036519665,-0.17684087693345857,0,0,0,0,nan,nan,nan,nan,nan,nan,nan,nan,nan,nan,nan,nan,nan,1,1,-0.328593482724844,2.4170000000000003,1
2.44,-0.5275748135331093,-0.5367593728541423,0.08678138792978661,-0.4886820119973816,-0.5972210086653404,0.10767048625539037,1.6440163426711842,0.0027051098950394907,0.5662508427774294,-0.8269595904097246,-0.5889198134026693,-0.33159484036519665,-0.17684087693345857,0,0,0,0,nan,nan,nan,nan,nan,nan,nan,nan,nan,nan,nan,nan,nan,1,1,-0.328593482724844,2.4170000000000003,0
2.45,-0.5304242266868157,-0.539699360678859,0.08743678531553323,-0.4907979905063216,-0.5997398563368057,0.10819375612844798,1.6458888948147663,0.003945247637512899,0.5782301007931958,-0.8321231377311901,-0.5958771507791389,-0.3382882533911387,-0.18052677362091307,0,0,0,0,nan,nan,nan,nan,nan,nan,nan,nan,nan,nan,nan,nan,nan,1,1,-0.32798217148326025,2.435,1
2.46,-0.5329407623240692,-0.5421778066990863,0.08708375201600135,-0.4926515250244486,-0.6017197500490074,0.10795393538817352,1.644952227195624,0.006157221120329189,0.589048160259402,-0.8376842371858679,-0.6019432433924806,-0.3437152336408439,-0.1835483391886935,0,0,0,0,nan,nan,nan,nan,nan,nan,nan,nan,nan,nan,nan,nan,nan,1,1,-0.3287938230838659,2.4520000000000004,1
2.47,-0.5329407623240692,-0.5421778066990863,0.08708375201600135,-0.4926515250244486,-0.6017197500490074,0.10795393538817352,1.644952227195624,0.006157221120329189,0.589048160259402,-0.8376842371858679,-0.6019432433924806,-0.3437152336408439,-0.1835483391886935,0,0,0,0,nan,nan,nan,nan,nan,nan,nan,nan,nan,nan,nan,nan,nan,1,1,-0.3287938230838659,2.4520000000000004,0
2.48,-0.5353789828506638,-0.5444627965482316,0.08680350481807843,-0.4947621760894163,-0.6037767751394307,0.10772992582280615,1.6444648163197093,0.000544404124132308,0.5966238000753082,-0.841294512912246,-0.6083767392409593,-0.3485444239760836,-0.1865339606010225,0,0,0,0,nan,nan,nan,nan,nan,nan,nan,nan,nan,nan,nan,nan,nan,1,1,-0.328786065409853,2.4680000000000004,1
2.49,-0.5353789828506638,-0.5444627965482316,0.08680350481807843,-0.4947621760894163,-0.6037767751394307,0.10772992582280615,1.6444648163197093,0.000544404124132308,0.5966238000753082,-0.841294512912246,-0.6083767392409593,-0.3485444239760836,-0.1865339606010225,0,0,0,0,nan,nan,nan,nan,nan,nan,nan,nan,nan,nan,nan,nan,nan,1,1,-0.328786065409853,2.4680000000000004,0
2.5,-0.5377241716814704,-0.546901711713123,0.08690624998640893,-0.4965343371250181,-0.6058326448006799,0.10780248889879954,1.6442073455257873,0.002636988807127084,0.6050210159459538,-0.8451764281453239,-0.6126572270595939,-0.3534456535942611,-0.189663888444239,0,0,0,0,nan,nan,nan,nan,nan,nan,nan,nan,nan,nan,nan,nan,nan,1,1,-0.3284919620846796,2.4850000000000003,1
2.5100000000000002,-0.5403748949567025,-0.5497175174054907,0.0871484032124756,-0.49848650711666226,-0.6081799434641235,0.10799177279197665,1.645452593126434,0.0038404667132534293,0.6166635353070479,-0.8499612370158798,-0.6206342243076796,-0.35935537732785894,-0.19364045176051498,0,0,0,0,nan,nan,nan,nan,nan,nan,nan,nan,nan,nan,nan,nan,nan,1,1,-0.32847671651499083,2.5020000000000002,1
2.52,-0.5403748949567025,-0.5497175174054907,0.0871484032124756,-0.49848650711666226,-0.6081799434641235,0.10799177279197665,1.645452593126434,0.0038404667132534293,0.6166635353070479,-0.8499612370158798,-0.6206342243076796,-0.35935537732785894,-0.19364045176051498,0,0,0,0,nan,nan,nan,nan,nan,nan,nan,nan,nan,nan,nan,nan,nan,1,1,-0.32847671651499083,2.5020000000000002,0
2.5300000000000002,-0.5430936573377401,-0.552499156687566,0.0868714308274777,-0.500528030708803,-0.6104326814892641,0.1077840782420562,1.6439088271005375,0.004812565269779546,0.6275714796019167,-0.8552442244762481,-0.6255769804128773,-0.3655312309855133,-0.19713912675296466,0,0,0,0,nan,nan,nan,nan,nan,nan,nan,nan,nan,nan,nan,nan,nan,1,1,-0.3288032909868921,2.519,1
2.54,-0.5430936573377401,-0.552499156687566,0.0868714308274777,-0.500528030708803,-0.6104326814892641,0.1077840782420562,1.6439088271005375,0.004812565269779546,0.6275714796019167,-0.8552442244762481,-0.6255769804128773,-0.3655312309855133,-0.19713912675296466,0,0,0,0,nan,nan,nan,nan,nan,nan,nan,nan,nan,nan,nan,nan,nan,1,1,-0.3288032909868921,2.519,0
2.5500000000000003,-0.5457335413059609,-0.5550992924967993,0.0867227762711447,-0.5026357999746464,-0.6126361534455481,0.10763921418423482,1.6439669747844214,0.002434670730479432,0.6378790328227578,-0.8597236076864109,-0.633502401727228,-0.3711772114623253,-0.20085961356393572,0,0,0,0,nan,nan,nan,nan,nan,nan,nan,nan,nan,nan,nan,nan,nan,1,1,-0.32888203238321206,2.5340000000000003,1
2.56,-0.5481402299401863,-0.5580659288823931,0.08744701128530674,-0.5041720758703794,-0.6149865199914792,0.10825348360790092,1.6457843803116659,0.009811490753425507,0.6510500063800283,-0.864659862096102,-0.639239578364646,-0.3778926175584309,-0.20481769980243913,0,0,0,0,nan,nan,nan,nan,nan,nan,nan,nan,nan,nan,nan,nan,nan,1,1,-0.3284122908330038,2.5520000000000005,1
2.57,-0.5481402299401863,-0.5580659288823931,0.08744701128530674,-0.5041720758703794,-0.6149865199914792,0.10825348360790092,1.6457843803116659,0.009811490753425507,0.6510500063800283,-0.864659862096102,-0.639239578364646,-0.3778926175584309,-0.20481769980243913,0,0,0,0,nan,nan,nan,nan,nan,nan,nan,nan,nan,nan,nan,nan,nan,1,1,-0.3284122908330038,2.5520000000000005,0
2.58,-0.550755807441825,-0.5609379481481922,0.08708673222103089,-0.5061284669392684,-0.6173074817778845,0.10796146317575503,1.6442353761320754,0.009072511963678913,0.6621082438511181,-0.8696701750013781,-0.6445203196638521,-0.38420688443014844,-0.20871808711995707,0,0,0,0,nan,nan,nan,nan,nan,nan,nan,nan,nan,nan,nan,nan,nan,1,1,-0.328922623787086,2.5690000000000004,1
2.59,-0.550755807441825,-0.5609379481481922,0.08708673222103089,-0.5061284669392684,-0.6173074817778845,0.10796146317575503,1.6442353761320754,0.009072511963678913,0.6621082438511181,-0.8696701750013781,-0.6445203196638521,-0.38420688443014844,-0.20871808711995707,0,0,0,0,nan,nan,nan,nan,nan,nan,nan,nan,nan,nan,nan,nan,nan,1,1,-0.328922623787086,2.5690000000000004,0
2.6,-0.5537539601763014,-0.5641170626762951,0.08674510567307739,-0.5086554385259299,-0.6201117831215543,0.10762451408377666,1.64380566068472,0.0021404390426086103,0.6731866938062399,-0.8741224467713685,-0.6541070582045223,-0.39087585542585235,-0.21346045156980548,0,0,0,0,nan,nan,nan,nan,nan,nan,nan,nan,nan,nan,nan,nan,nan,1,1,-0.3287864749256054,2.5860000000000003,1
2.61,-0.5537539601763014,-0.5641170626762951,0.08674510567307739,-0.5086554385259299,-0.6201117831215543,0.10762451408377666,1.64380566068472,0.0021404390426086103,0.6731866938062399,-0.8741224467713685,-0.6541070582045223,-0.39087585542585235,-0.21346045156980548,0,0,0,0,nan,nan,nan,nan,nan,nan,nan,nan,nan,nan,nan,nan,nan,1,1,-0.3287864749256054,2.5860000000000003,0
2.62,-0.5562972079635868,-0.5673795019896853,0.08693912756204304,-0.5105373754656153,-0.6228464208091096,0.107791159413549,1.6445410890031098,0.003984181772678824,0.6848499726345463,-0.8788929903665237,-0.6602004049333943,-0.3980679260828451,-0.21766670635545865,0,0,0,0,nan,nan,nan,nan,nan,nan,nan,nan,nan,nan,nan,nan,nan,1,1,-0.328490091446969,2.604,1
2.63,-0.5587135729115079,-0.5702905540595704,0.0867696326063515,-0.5124349006867885,-0.6253127663987208,0.10764915015849928,1.64374268808723,0.0014318697018385184,0.6947033352521342,-0.8831588999663037,-0.6652781106081045,-0.40473975941614726,-0.22147359186521898,0,0,0,0,nan,nan,nan,nan,nan,nan,nan,nan,nan,nan,nan,nan,nan,1,1,-0.3283854558087656,2.6210000000000004,1
2.64,-0.5587135729115079,-0.5702905540595704,0.0867696326063515,-0.5124349006867885,-0.6253127663987208,0.10764915015849928,1.64374268808723,0.0014318697018385184,0.6947033352521342,-0.8831588999663037,-0.6652781106081045,-0.40473975941614726,-0.22147359186521898,0,0,0,0,nan,nan,nan,nan,nan,nan,nan,nan,nan,nan,nan,nan,nan,1,1,-0.3283854558087656,2.6210000000000004,0
2.65,-0.5609026629416836,-0.5733031010025273,0.08734819439897062,-0.5138729950433182,-0.627733676125047,0.10812220147012663,1.6454851620007847,0.006720417990120507,0.7066590723189633,-0.8874558976835002,-0.6706920345431951,-0.411218780405608,-0.22569279876834425,0,0,0,0,nan,nan,nan,nan,nan,nan,nan,nan,nan,nan,nan,nan,nan,1,1,-0.3281280235419565,2.6390000000000002,1
2.66,-0.5609026629416836,-0.5733031010025273,0.08734819439897062,-0.5138729950433182,-0.627733676125047,0.10812220147012663,1.6454851620007847,0.006720417990120507,0.7066590723189633,-0.8874558976835002,-0.6706920345431951,-0.411218780405608,-0.22569279876834425,0,0,0,0,nan,nan,nan,nan,nan,nan,nan,nan,nan,nan,nan,nan,nan,1,1,-0.3281280235419565,2.6390000000000002,0
2.67,-0.563220746239935,-0.5761750112046483,0.08722629086069345,-0.5155208873962256,-0.6299805961864832,0.10806774639927463,1.6446903099419727,0.009516017331069063,0.7182358885027025,-0.8919914405421037,-0.6774708316074107,-0.4169237239305811,-0.23008589990644296,0,0,0,0,nan,nan,nan,nan,nan,nan,nan,nan,nan,nan,nan,nan,nan,1,1,-0.3289109553141168,2.656,1
2.68,-0.563220746239935,-0.5761750112046483,0.08722629086069345,-0.5155208873962256,-0.6299805961864832,0.10806774639927463,1.6446903099419727,0.009516017331069063,0.7182358885027025,-0.8919914405421037,-0.6774708316074107,-0.4169237239305811,-0.23008589990644296,0,0,0,0,nan,nan,nan,nan,nan,nan,nan,nan,nan,nan,nan,nan,nan,1,1,-0.3289109553141168,2.656,0
2.69,-0.5658249925082514,-0.5793532642987053,0.08681904503015248,-0.5176525306215491,-0.6327190574679956,0.10772331961536386,1.643911575210796,0.003648726806299407,0.7288563162572765,-0.8961870293074817,-0.6848549771920116,-0.4237677071641115,-0.23474498472280733,0,0,0,0,nan,nan,nan,nan,nan,nan,nan,nan,nan,nan,nan,nan,nan,1,1,-0.32910172702609064,2.672,1
2.7,-0.5683855476498869,-0.5827734381383334,0.08667090144102452,-0.5197012950522364,-0.6356726553958264,0.10759997571866754,1.6440461491586427,0.0015094793381676265,0.7396361961674138,-0.9004125759793064,-0.6914917591455904,-0.4309959538095719,-0.23936361517894356,0,0,0,0,nan,nan,nan,nan,nan,nan,nan,nan,nan,nan,nan,nan,nan,1,1,-0.32892703629890885,2.6900000000000004,1
2.71,-0.5683855476498869,-0.5827734381383334,0.08667090144102452,-0.5197012950522364,-0.6356726553958264,0.10759997571866754,1.6440461491586427,0.0015094793381676265,0.7396361961674138,-0.9004125759793064,-0.6914917591455904,-0.4309959538095719,-0.23936361517894356,0,0,0,0,nan,nan,nan,nan,nan,nan,nan,nan,nan,nan,nan,nan,nan,1,1,-0.32892703629890885,2.6900000000000004,0
2.72,-0.5701653434860127,-0.5857259404374743,0.0873053190742025,-0.5207699319640323,-0.6380085005841568,0.10810295070902604,1.6452513636942374,0.008426847927800157,0.750691606261319,-0.9040061855762637,-0.6946758766659303,-0.43750128102544644,-0.24336307489013267,0,0,0,0,nan,nan,nan,nan,nan,nan,nan,nan,nan,nan,nan,nan,nan,1,1,-0.3283197827600789,2.7070000000000003,1
2.73,-0.5701653434860127,-0.5857259404374743,0.0873053190742025,-0.5207699319640323,-0.6380085005841568,0.10810295070902604,1.6452513636942374,0.008426847927800157,0.750691606261319,-0.9040061855762637,-0.6946758766659303,-0.43750128102544644,-0.24336307489013267,0,0,0,0,nan,nan,nan,nan,nan,nan,nan,nan,nan,nan,nan,nan,nan,1,1,-0.3283197827600789,2.7070000000000003,0
2.74,-0.5725084325184593,-0.5887469664559035,0.08700781940260355,-0.5225243416565896,-0.640424770065586,0.10790131500822782,1.6445635925005997,0.00829806252961435,0.762158239823914,-0.9083293560810873,-0.7018505997470841,-0.4435490172157713,-0.24812102892595056,0,0,0,0,nan,nan,nan,nan,nan,nan,nan,nan,nan,nan,nan,nan,nan,1,1,-0.3292482075485414,2.724,1
2.75,-0.5749372596298506,-0.5919240697178071,0.08678668835018459,-0.5245604382731954,-0.6432242505036099,0.10769744612160127,1.6441539082421124,0.0022881257027936217,0.7718363343996996,-0.9118072255309939,-0.7089693130833534,-0.4502481640139506,-0.25287395087732834,0,0,0,0,nan,nan,nan,nan,nan,nan,nan,nan,nan,nan,nan,nan,nan,1,1,-0.3289717703954482,2.74,1
2.7600000000000002,-0.5749372596298506,-0.5919240697178071,0.08678668835018459,-0.5245604382731954,-0.6432242505036099,0.10769744612160127,1.6441539082421124,0.0022881257027936217,0.7718363343996996,-0.9118072255309939,-0.7089693130833534,-0.4502481640139506,-0.25287395087732834,0,0,0,0,nan,nan,nan,nan,nan,nan,nan,nan,nan,nan,nan,nan,nan,1,1,-0.3289717703954482,2.74,0
2.77,-0.5768449490423124,-0.5950042339169143,0.08728465366509522,-0.525815380734625,-0.6457010797843,0.10809853571998734,1.6451750879814062,0.007501738390957037,0.7828190426179262,-0.9153705732139269,-0.7127046457554786,-0.45710114238335764,-0.2570633267905823,0,0,0,0,nan,nan,nan,nan,nan,nan,nan,nan,nan,nan,nan,nan,nan,1,1,-0.3283296367815581,2.757,1
2.7800000000000002,-0.5768449490423124,-0.5950042339169143,0.08728465366509522,-0.525815380734625,-0.6457010797843,0.10809853571998734,1.6451750879814062,0.007501738390957037,0.7828190426179262,-0.9153705732139269,-0.7127046457554786,-0.45710114238335764,-0.2570633267905823,0,0,0,0,nan,nan,nan,nan,nan,nan,nan,nan,nan,nan,nan,nan,nan,1,1,-0.3283296367815581,2.757,0
2.79,-0.5791567938075997,-0.5984232601795226,0.0872310399062272,-0.5274257113190847,-0.6483777144247521,0.10809069477576959,1.6445228559440699,0.009840443646098825,0.7955220210471718,-0.9197372279237804,-0.7187350897268815,-0.46417269107702885,-0.262417914275491,0,0,0,0,nan,nan,nan,nan,nan,nan,nan,nan,nan,nan,nan,nan,nan,1,1,-0.3289966154248477,2.7750000000000004,1
2.8000000000000003,-0.5791567938075997,-0.5984232601795226,0.0872310399062272,-0.5274257113190847,-0.6483777144247521,0.10809069477576959,1.6445228559440699,0.009840443646098825,0.7955220210471718,-0.9197372279237804,-0.7187350897268815,-0.46417269107702885,-0.262417914275491,0,0,0,0,nan,nan,nan,nan,nan,nan,nan,nan,nan,nan,nan,nan,nan,1,1,-0.3289966154248477,2.7750000000000004,0
2.81,-0.5815817047993713,-0.6018482117476789,0.08686373969657883,-0.5294126257907655,-0.6513474997057468,0.10773788192140953,1.6442506562408596,0.0034008050358858193,0.8062407715459026,-0.9234129435276898,-0.7259289437375096,-0.47156003787112727,-0.26769304076045597,0,0,0,0,nan,nan,nan,nan,nan,nan,nan,nan,nan,nan,nan,nan,nan,1,1,-0.3289675276556035,2.7910000000000004,1
2.82,-0.5839911499638631,-0.6053671740214862,0.08678111748066294,-0.5313304633086084,-0.6543466796815425,0.10768831236520932,1.6441369379939543,0.0013689954040907463,0.8175449385840194,-0.9273725568359096,-0.7323276616249088,-0.47907103945030594,-0.2726470401225385,0,0,0,0,nan,nan,nan,nan,nan,nan,nan,nan,nan,nan,nan,nan,nan,1,1,-0.32895477474376517,2.809,1
2.83,-0.5839911499638631,-0.6053671740214862,0.08678111748066294,-0.5313304633086084,-0.6543466796815425,0.10768831236520932,1.6441369379939543,0.0013689954040907463,0.8175449385840194,-0.9273725568359096,-0.7323276616249088,-0.47907103945030594,-0.2726470401225385,0,0,0,0,nan,nan,nan,nan,nan,nan,nan,nan,nan,nan,nan,nan,nan,1,1,-0.32895477474376517,2.809,0
2.84,-0.5858528438218221,-0.6086141026229565,0.08719386348545574,-0.5324683399511886,-0.6568199054091544,0.10803911097479461,1.6446033257192598,0.008218030686306955,0.8297545472322931,-0.9309731005861298,-0.7372175475151445,-0.485794997445679,-0.2777925864869649,0,0,0,0,nan,nan,nan,nan,nan,nan,nan,nan,nan,nan,nan,nan,nan,1,1,-0.3289306635919603,2.8270000000000004,1
2.85,-0.5858528438218221,-0.6086141026229565,0.08719386348545574,-0.5324683399511886,-0.6568199054091544,0.10803911097479461,1.6446033257192598,0.008218030686306955,0.8297545472322931,-0.9309731005861298,-0.7372175475151445,-0.485794997445679,-0.2777925864869649,0,0,0,0,nan,nan,nan,nan,nan,nan,nan,nan,nan,nan,nan,nan,nan,1,1,-0.3289306635919603,2.8270000000000004,0
2.86,-0.5879097105906653,-0.6118728725321423,0.08679925321507641,-0.5340219530174198,-0.6594767262627043,0.10773126200273736,1.6436978587294682,0.006350255368550429,0.8408382127572189,-0.9346002307854571,-0.7430171416187201,-0.49282044111184165,-0.2828277085296795,0,0,0,0,nan,nan,nan,nan,nan,nan,nan,nan,nan,nan,nan,nan,nan,1,1,-0.3294673609099407,2.8430000000000004,1
2.87,-0.5879097105906653,-0.6118728725321423,0.08679925321507641,-0.5340219530174198,-0.6594767262627043,0.10773126200273736,1.6436978587294682,0.006350255368550429,0.8408382127572189,-0.9346002307854571,-0.7430171416187201,-0.49282044111184165,-0.2828277085296795,0,0,0,0,nan,nan,nan,nan,nan,nan,nan,nan,nan,nan,nan,nan,nan,1,1,-0.3294673609099407,2.8430000000000004,0
2.88,-0.5899377736576605,-0.6152700458059646,0.08700416288563213,-0.5356210255672922,-0.6624360417992201,0.10786287171058459,1.6448163323099922,0.0032755510692788637,0.8513489172323422,-0.9374795801680396,-0.7504829585243205,-0.4994654921024792,-0.2882960179717803,0,0,0,0,nan,nan,nan,nan,nan,nan,nan,nan,nan,nan,nan,nan,nan,1,1,-0.32900756033273587,2.8600000000000003,1
2.89,-0.5915155452234068,-0.6184418368414762,0.08722866053491131,-0.5365938703989312,-0.6648967280591912,0.10807306555077421,1.644721382481807,0.00912225640716202,0.861984511160918,-0.9406991278771737,-0.7532984375418024,-0.5064095822932506,-0.29272251319817344,0,0,0,0,nan,nan,nan,nan,nan,nan,nan,nan,nan,nan,nan,nan,nan,1,1,-0.32898441881411183,2.8770000000000002,1
2.9,-0.5915155452234068,-0.6184418368414762,0.08722866053491131,-0.5365938703989312,-0.6648967280591912,0.10807306555077421,1.644721382481807,0.00912225640716202,0.861984511160918,-0.9406991278771737,-0.7532984375418024,-0.5064095822932506,-0.29272251319817344,0,0,0,0,nan,nan,nan,nan,nan,nan,nan,nan,nan,nan,nan,nan,nan,1,1,-0.32898441881411183,2.8770000000000002,0
2.91,-0.5937003336808512,-0.6219911137382736,0.08682649177031783,-0.5382892985578194,-0.6678249904522555,0.10778035707828189,1.644227054621377,0.005976423926094159,0.8739031974335509,-0.9442806389524162,-0.7607992690244834,-0.5139641225768559,-0.2987061264418584,0,0,0,0,nan,nan,nan,nan,nan,nan,nan,nan,nan,nan,nan,nan,nan,1,1,-0.3298294046751482,2.894,1
2.92,-0.5937003336808512,-0.6219911137382736,0.08682649177031783,-0.5382892985578194,-0.6678249904522555,0.10778035707828189,1.644227054621377,0.005976423926094159,0.8739031974335509,-0.9442806389524162,-0.7607992690244834,-0.5139641225768559,-0.2987061264418584,0,0,0,0,nan,nan,nan,nan,nan,nan,nan,nan,nan,nan,nan,nan,nan,1,1,-0.3298294046751482,2.894,0
2.93,-0.5953265642162633,-0.6252885657946521,0.0870276738895721,-0.5395821869369545,-0.6707716024820883,0.10790946657656,1.6451548778136866,0.002676700415699144,0.882816709497782,-0.9462811789287497,-0.7663883373728028,-0.5198147774292348,-0.30376432621370725,0,0,0,0,nan,nan,nan,nan,nan,nan,nan,nan,nan,nan,nan,nan,nan,1,1,-0.32904834200360084,2.9120000000000004,1
2.94,-0.59670168719045,-0.6283692925902409,0.0871942235518069,-0.5403791343827852,-0.6731316664433761,0.10807925415595876,1.6451786131092851,0.008671364611361561,0.8931399763934015,-0.9490848589276119,-0.7690428388245085,-0.5263914469661561,-0.308270867030373,0,0,0,0,nan,nan,nan,nan,nan,nan,nan,nan,nan,nan,nan,nan,nan,1,1,-0.32916214220226425,2.9290000000000003,1
2.95,-0.59670168719045,-0.6283692925902409,0.0871942235518069,-0.5403791343827852,-0.6731316664433761,0.10807925415595876,1.6451786131092851,0.008671364611361561,0.8931399763934015,-0.9490848589276119,-0.7690428388245085,-0.5263914469661561,-0.308270867030373,0,0,0,0,nan,nan,nan,nan,nan,nan,nan,nan,nan,nan,nan,nan,nan,1,1,-0.32916214220226425,2.9290000000000003,0
2.96,-0.5985377349821022,-0.631860650569272,0.08693845938035416,-0.5417829603998864,-0.6760536724987692,0.10789041793916654,1.644814216976467,0.005133171117571696,0.9045893578032477,-0.9519241647617508,-0.7761474963417024,-0.5333675916762897,-0.31429883159204114,0,0,0,0,nan,nan,nan,nan,nan,nan,nan,nan,nan,nan,nan,nan,nan,1,1,-0.32964901786629197,2.946,1
2.97,-0.5985377349821022,-0.631860650569272,0.08693845938035416,-0.5417829603998864,-0.6760536724987692,0.10789041793916654,1.644814216976467,0.005133171117571696,0.9045893578032477,-0.9519241647617508,-0.7761474963417024,-0.5333675916762897,-0.31429883159204114,0,0,0,0,nan,nan,nan,nan,nan,nan,nan,nan,nan,nan,nan,nan,nan,1,1,-0.32964901786629197,2.946,0
2.98,-0.6001562983571048,-0.6351220415649176,0.08693725790388444,-0.5430712784750579,-0.6789015851991684,0.10787478204121656,1.6449635269999192,0.002892829786007041,0.912910766400985,-0.9542595790797244,-0.7810283685285293,-0.5398415011518393,-0.3191021736899263,0,0,0,0,nan,nan,nan,nan,nan,nan,nan,nan,nan,nan,nan,nan,nan,1,1,-0.32925116874764077,2.9640000000000004,1
2.99,-0.6001562983571048,-0.6351220415649176,0.08693725790388444,-0.5430712784750579,-0.6789015851991684,0.10787478204121656,1.6449635269999192,0.002892829786007041,0.912910766400985,-0.9542595790797244,-0.7810283685285293,-0.5398415011518393,-0.3191021736899263,0,0,0,0,nan,nan,nan,nan,nan,nan,nan,nan,nan,nan,nan,nan,nan,1,1,-0.32925116874764077,2.9640000000000004,0
