sample,time,joint_name,actual_position_rad,target_position_rad,error_rad
1,0.010077013,right_hip_yaw_joint,0.0,0.0,0.0
1,0.010077013,right_hip_roll_joint,0.1,0.1,0.0
1,0.010077013,right_hip_pitch_joint,-0.878,-0.63,0.248
1,0.010077013,right_knee_pitch_joint,0.13,0.15,0.01999999999999999
1,0.010077013,right_ankle_pitch_joint,-0.65,-0.91,-0.26
1,0.010077013,right_ankle_roll_joint,-0.1,-0.1,0.0
1,0.010077013,left_hip_yaw_joint,0.0,0.0,0.0
1,0.010077013,left_hip_roll_joint,-0.1,-0.1,0.0
1,0.010077013,left_hip_pitch_joint,0.878,0.63,-0.248
1,0.010077013,left_knee_pitch_joint,-0.13,-0.15,-0.01999999999999999
1,0.010077013,left_ankle_pitch_joint,0.65,0.91,0.26
1,0.010077013,left_ankle_roll_joint,0.1,0.1,0.0
2,0.020076855,right_hip_yaw_joint,0.0,0.0,0.0
2,0.020076855,right_hip_roll_joint,0.1,0.1,0.0
2,0.020076855,right_hip_pitch_joint,-0.878,-0.63,0.248
2,0.020076855,right_knee_pitch_joint,0.13,0.15,0.01999999999999999
2,0.020076855,right_ankle_pitch_joint,-0.65,-0.91,-0.26
2,0.020076855,right_ankle_roll_joint,-0.1,-0.1,0.0
2,0.020076855,left_hip_yaw_joint,0.0,0.0,0.0
2,0.020076855,left_hip_roll_joint,-0.1,-0.1,0.0
2,0.020076855,left_hip_pitch_joint,0.878,0.63,-0.248
2,0.020076855,left_knee_pitch_joint,-0.13,-0.15,-0.01999999999999999
2,0.020076855,left_ankle_pitch_joint,0.65,0.91,0.26
2,0.020076855,left_ankle_roll_joint,0.1,0.1,0.0
3,0.030083406,right_hip_yaw_joint,0.0,0.0,0.0
3,0.030083406,right_hip_roll_joint,0.1,0.1,0.0
3,0.030083406,right_hip_pitch_joint,-0.878,-0.63,0.248
3,0.030083406,right_knee_pitch_joint,0.13,0.15,0.01999999999999999
3,0.030083406,right_ankle_pitch_joint,-0.65,-0.91,-0.26
3,0.030083406,right_ankle_roll_joint,-0.1,-0.1,0.0
3,0.030083406,left_hip_yaw_joint,0.0,0.0,0.0
3,0.030083406,left_hip_roll_joint,-0.1,-0.1,0.0
3,0.030083406,left_hip_pitch_joint,0.878,0.63,-0.248
3,0.030083406,left_knee_pitch_joint,-0.13,-0.15,-0.01999999999999999
3,0.030083406,left_ankle_pitch_joint,0.65,0.91,0.26
3,0.030083406,left_ankle_roll_joint,0.1,0.1,0.0
4,0.040088313,right_hip_yaw_joint,0.0,0.0,0.0
4,0.040088313,right_hip_roll_joint,0.1,0.1,0.0
4,0.040088313,right_hip_pitch_joint,-0.878,-0.63,0.248
4,0.040088313,right_knee_pitch_joint,0.13,0.15,0.01999999999999999
4,0.040088313,right_ankle_pitch_joint,-0.65,-0.91,-0.26
4,0.040088313,right_ankle_roll_joint,-0.1,-0.1,0.0
4,0.040088313,left_hip_yaw_joint,0.0,0.0,0.0
4,0.040088313,left_hip_roll_joint,-0.1,-0.1,0.0
4,0.040088313,left_hip_pitch_joint,0.878,0.63,-0.248
4,0.040088313,left_knee_pitch_joint,-0.13,-0.15,-0.01999999999999999
4,0.040088313,left_ankle_pitch_joint,0.65,0.91,0.26
4,0.040088313,left_ankle_roll_joint,0.1,0.1,0.0
5,0.050064121,right_hip_yaw_joint,0.0,0.0,0.0
5,0.050064121,right_hip_roll_joint,0.1,0.1,0.0
5,0.050064121,right_hip_pitch_joint,-0.878,-0.63,0.248
5,0.050064121,right_knee_pitch_joint,0.13,0.15,0.01999999999999999
5,0.050064121,right_ankle_pitch_joint,-0.65,-0.91,-0.26
5,0.050064121,right_ankle_roll_joint,-0.1,-0.1,0.0
5,0.050064121,left_hip_yaw_joint,0.0,0.0,0.0
5,0.050064121,left_hip_roll_joint,-0.1,-0.1,0.0
5,0.050064121,left_hip_pitch_joint,0.878,0.63,-0.248
5,0.050064121,left_knee_pitch_joint,-0.13,-0.15,-0.01999999999999999
5,0.050064121,left_ankle_pitch_joint,0.65,0.91,0.26
5,0.050064121,left_ankle_roll_joint,0.1,0.1,0.0
6,0.060085591,right_hip_yaw_joint,0.0,0.0,0.0
6,0.060085591,right_hip_roll_joint,0.1,0.1,0.0
6,0.060085591,right_hip_pitch_joint,-0.878,-0.63,0.248
6,0.060085591,right_knee_pitch_joint,0.13,0.15,0.01999999999999999
6,0.060085591,right_ankle_pitch_joint,-0.65,-0.91,-0.26
6,0.060085591,right_ankle_roll_joint,-0.1,-0.1,0.0
6,0.060085591,left_hip_yaw_joint,0.0,0.0,0.0
6,0.060085591,left_hip_roll_joint,-0.1,-0.1,0.0
6,0.060085591,left_hip_pitch_joint,0.878,0.63,-0.248
6,0.060085591,left_knee_pitch_joint,-0.13,-0.15,-0.01999999999999999
6,0.060085591,left_ankle_pitch_joint,0.65,0.91,0.26
6,0.060085591,left_ankle_roll_joint,0.1,0.1,0.0
7,0.070085214,right_hip_yaw_joint,0.0,0.0,0.0
7,0.070085214,right_hip_roll_joint,0.1,0.1,0.0
7,0.070085214,right_hip_pitch_joint,-0.878,-0.63,0.248
7,0.070085214,right_knee_pitch_joint,0.13,0.15,0.01999999999999999
7,0.070085214,right_ankle_pitch_joint,-0.65,-0.91,-0.26
7,0.070085214,right_ankle_roll_joint,-0.1,-0.1,0.0
7,0.070085214,left_hip_yaw_joint,0.0,0.0,0.0
7,0.070085214,left_hip_roll_joint,-0.1,-0.1,0.0
7,0.070085214,left_hip_pitch_joint,0.878,0.63,-0.248
7,0.070085214,left_knee_pitch_joint,-0.13,-0.15,-0.01999999999999999
7,0.070085214,left_ankle_pitch_joint,0.65,0.91,0.26
7,0.070085214,left_ankle_roll_joint,0.1,0.1,0.0
8,0.080061995,right_hip_yaw_joint,0.0,0.0,0.0
8,0.080061995,right_hip_roll_joint,0.1,0.1,0.0
8,0.080061995,right_hip_pitch_joint,-0.878,-0.63,0.248
8,0.080061995,right_knee_pitch_joint,0.13,0.15,0.01999999999999999
8,0.080061995,right_ankle_pitch_joint,-0.65,-0.91,-0.26
8,0.080061995,right_ankle_roll_joint,-0.1,-0.1,0.0
8,0.080061995,left_hip_yaw_joint,0.0,0.0,0.0
8,0.080061995,left_hip_roll_joint,-0.1,-0.1,0.0
8,0.080061995,left_hip_pitch_joint,0.878,0.63,-0.248
8,0.080061995,left_knee_pitch_joint,-0.13,-0.15,-0.01999999999999999
8,0.080061995,left_ankle_pitch_joint,0.65,0.91,0.26
8,0.080061995,left_ankle_roll_joint,0.1,0.1,0.0
9,0.090086437,right_hip_yaw_joint,0.0,0.0,0.0
9,0.090086437,right_hip_roll_joint,0.1,0.1,0.0
9,0.090086437,right_hip_pitch_joint,-0.878,-0.63,0.248
9,0.090086437,right_knee_pitch_joint,0.13,0.15,0.01999999999999999
9,0.090086437,right_ankle_pitch_joint,-0.65,-0.91,-0.26
9,0.090086437,right_ankle_roll_joint,-0.1,-0.1,0.0
9,0.090086437,left_hip_yaw_joint,0.0,0.0,0.0
9,0.090086437,left_hip_roll_joint,-0.1,-0.1,0.0
9,0.090086437,left_hip_pitch_joint,0.878,0.63,-0.248
9,0.090086437,left_knee_pitch_joint,-0.13,-0.15,-0.01999999999999999
9,0.090086437,left_ankle_pitch_joint,0.65,0.91,0.26
9,0.090086437,left_ankle_roll_joint,0.1,0.1,0.0
10,0.100064052,right_hip_yaw_joint,0.0,0.0,0.0
10,0.100064052,right_hip_roll_joint,0.1,0.1,0.0
10,0.100064052,right_hip_pitch_joint,-0.878,-0.63,0.248
10,0.100064052,right_knee_pitch_joint,0.13,0.15,0.01999999999999999
10,0.100064052,right_ankle_pitch_joint,-0.65,-0.91,-0.26
10,0.100064052,right_ankle_roll_joint,-0.1,-0.1,0.0
10,0.100064052,left_hip_yaw_joint,0.0,0.0,0.0
10,0.100064052,left_hip_roll_joint,-0.1,-0.1,0.0
10,0.100064052,left_hip_pitch_joint,0.878,0.63,-0.248
10,0.100064052,left_knee_pitch_joint,-0.13,-0.15,-0.01999999999999999
10,0.100064052,left_ankle_pitch_joint,0.65,0.91,0.26
10,0.100064052,left_ankle_roll_joint,0.1,0.1,0.0
11,0.110065659,right_hip_yaw_joint,0.0,0.0,0.0
11,0.110065659,right_hip_roll_joint,0.1,0.1,0.0
11,0.110065659,right_hip_pitch_joint,-0.878,-0.63,0.248
11,0.110065659,right_knee_pitch_joint,0.13,0.15,0.01999999999999999
11,0.110065659,right_ankle_pitch_joint,-0.65,-0.91,-0.26
11,0.110065659,right_ankle_roll_joint,-0.1,-0.1,0.0
11,0.110065659,left_hip_yaw_joint,0.0,0.0,0.0
11,0.110065659,left_hip_roll_joint,-0.1,-0.1,0.0
11,0.110065659,left_hip_pitch_joint,0.878,0.63,-0.248
11,0.110065659,left_knee_pitch_joint,-0.13,-0.15,-0.01999999999999999
11,0.110065659,left_ankle_pitch_joint,0.65,0.91,0.26
11,0.110065659,left_ankle_roll_joint,0.1,0.1,0.0
12,0.120081596,right_hip_yaw_joint,0.0,0.0,0.0
12,0.120081596,right_hip_roll_joint,0.1,0.1,0.0
12,0.120081596,right_hip_pitch_joint,-0.878,-0.63,0.248
12,0.120081596,right_knee_pitch_joint,0.13,0.15,0.01999999999999999
12,0.120081596,right_ankle_pitch_joint,-0.65,-0.91,-0.26
12,0.120081596,right_ankle_roll_joint,-0.1,-0.1,0.0
12,0.120081596,left_hip_yaw_joint,0.0,0.0,0.0
12,0.120081596,left_hip_roll_joint,-0.1,-0.1,0.0
12,0.120081596,left_hip_pitch_joint,0.878,0.63,-0.248
12,0.120081596,left_knee_pitch_joint,-0.13,-0.15,-0.01999999999999999
12,0.120081596,left_ankle_pitch_joint,0.65,0.91,0.26
12,0.120081596,left_ankle_roll_joint,0.1,0.1,0.0
13,0.130089783,right_hip_yaw_joint,0.0,0.0,0.0
13,0.130089783,right_hip_roll_joint,0.1,0.1,0.0
13,0.130089783,right_hip_pitch_joint,-0.878,-0.63,0.248
13,0.130089783,right_knee_pitch_joint,0.13,0.15,0.01999999999999999
13,0.130089783,right_ankle_pitch_joint,-0.65,-0.91,-0.26
13,0.130089783,right_ankle_roll_joint,-0.1,-0.1,0.0
13,0.130089783,left_hip_yaw_joint,0.0,0.0,0.0
13,0.130089783,left_hip_roll_joint,-0.1,-0.1,0.0
13,0.130089783,left_hip_pitch_joint,0.878,0.63,-0.248
13,0.130089783,left_knee_pitch_joint,-0.13,-0.15,-0.01999999999999999
13,0.130089783,left_ankle_pitch_joint,0.65,0.91,0.26
13,0.130089783,left_ankle_roll_joint,0.1,0.1,0.0
14,0.140081916,right_hip_yaw_joint,0.0,0.0,0.0
14,0.140081916,right_hip_roll_joint,0.1,0.1,0.0
14,0.140081916,right_hip_pitch_joint,-0.878,-0.63,0.248
14,0.140081916,right_knee_pitch_joint,0.13,0.15,0.01999999999999999
14,0.140081916,right_ankle_pitch_joint,-0.65,-0.91,-0.26
14,0.140081916,right_ankle_roll_joint,-0.1,-0.1,0.0
14,0.140081916,left_hip_yaw_joint,0.0,0.0,0.0
14,0.140081916,left_hip_roll_joint,-0.1,-0.1,0.0
14,0.140081916,left_hip_pitch_joint,0.878,0.63,-0.248
14,0.140081916,left_knee_pitch_joint,-0.13,-0.15,-0.01999999999999999
14,0.140081916,left_ankle_pitch_joint,0.65,0.91,0.26
14,0.140081916,left_ankle_roll_joint,0.1,0.1,0.0
15,0.150082683,right_hip_yaw_joint,0.0,0.0,0.0
15,0.150082683,right_hip_roll_joint,0.1,0.1,0.0
15,0.150082683,right_hip_pitch_joint,-0.878,-0.63,0.248
15,0.150082683,right_knee_pitch_joint,0.13,0.15,0.01999999999999999
15,0.150082683,right_ankle_pitch_joint,-0.65,-0.91,-0.26
15,0.150082683,right_ankle_roll_joint,-0.1,-0.1,0.0
15,0.150082683,left_hip_yaw_joint,0.0,0.0,0.0
15,0.150082683,left_hip_roll_joint,-0.1,-0.1,0.0
15,0.150082683,left_hip_pitch_joint,0.878,0.63,-0.248
15,0.150082683,left_knee_pitch_joint,-0.13,-0.15,-0.01999999999999999
15,0.150082683,left_ankle_pitch_joint,0.65,0.91,0.26
15,0.150082683,left_ankle_roll_joint,0.1,0.1,0.0
16,0.160065801,right_hip_yaw_joint,0.0,0.0,0.0
16,0.160065801,right_hip_roll_joint,0.1,0.1,0.0
16,0.160065801,right_hip_pitch_joint,-0.878,-0.63,0.248
16,0.160065801,right_knee_pitch_joint,0.13,0.15,0.01999999999999999
16,0.160065801,right_ankle_pitch_joint,-0.65,-0.91,-0.26
16,0.160065801,right_ankle_roll_joint,-0.1,-0.1,0.0
16,0.160065801,left_hip_yaw_joint,0.0,0.0,0.0
16,0.160065801,left_hip_roll_joint,-0.1,-0.1,0.0
16,0.160065801,left_hip_pitch_joint,0.878,0.63,-0.248
16,0.160065801,left_knee_pitch_joint,-0.13,-0.15,-0.01999999999999999
16,0.160065801,left_ankle_pitch_joint,0.65,0.91,0.26
16,0.160065801,left_ankle_roll_joint,0.1,0.1,0.0
17,0.170060598,right_hip_yaw_joint,0.0,0.0,0.0
17,0.170060598,right_hip_roll_joint,0.1,0.1,0.0
17,0.170060598,right_hip_pitch_joint,-0.878,-0.63,0.248
17,0.170060598,right_knee_pitch_joint,0.13,0.15,0.01999999999999999
17,0.170060598,right_ankle_pitch_joint,-0.65,-0.91,-0.26
17,0.170060598,right_ankle_roll_joint,-0.1,-0.1,0.0
17,0.170060598,left_hip_yaw_joint,0.0,0.0,0.0
17,0.170060598,left_hip_roll_joint,-0.1,-0.1,0.0
17,0.170060598,left_hip_pitch_joint,0.878,0.63,-0.248
17,0.170060598,left_knee_pitch_joint,-0.13,-0.15,-0.01999999999999999
17,0.170060598,left_ankle_pitch_joint,0.65,0.91,0.26
17,0.170060598,left_ankle_roll_joint,0.1,0.1,0.0
18,0.180076635,right_hip_yaw_joint,0.0,0.0,0.0
18,0.180076635,right_hip_roll_joint,0.1,0.1,0.0
18,0.180076635,right_hip_pitch_joint,-0.878,-0.63,0.248
18,0.180076635,right_knee_pitch_joint,0.13,0.15,0.01999999999999999
18,0.180076635,right_ankle_pitch_joint,-0.65,-0.91,-0.26
18,0.180076635,right_ankle_roll_joint,-0.1,-0.1,0.0
18,0.180076635,left_hip_yaw_joint,0.0,0.0,0.0
18,0.180076635,left_hip_roll_joint,-0.1,-0.1,0.0
18,0.180076635,left_hip_pitch_joint,0.878,0.63,-0.248
18,0.180076635,left_knee_pitch_joint,-0.13,-0.15,-0.01999999999999999
18,0.180076635,left_ankle_pitch_joint,0.65,0.91,0.26
18,0.180076635,left_ankle_roll_joint,0.1,0.1,0.0
19,0.190081548,right_hip_yaw_joint,0.0,0.0,0.0
19,0.190081548,right_hip_roll_joint,0.1,0.1,0.0
19,0.190081548,right_hip_pitch_joint,-0.878,-0.63,0.248
19,0.190081548,right_knee_pitch_joint,0.13,0.15,0.01999999999999999
19,0.190081548,right_ankle_pitch_joint,-0.65,-0.91,-0.26
19,0.190081548,right_ankle_roll_joint,-0.1,-0.1,0.0
19,0.190081548,left_hip_yaw_joint,0.0,0.0,0.0
19,0.190081548,left_hip_roll_joint,-0.1,-0.1,0.0
19,0.190081548,left_hip_pitch_joint,0.878,0.63,-0.248
19,0.190081548,left_knee_pitch_joint,-0.13,-0.15,-0.01999999999999999
19,0.190081548,left_ankle_pitch_joint,0.65,0.91,0.26
19,0.190081548,left_ankle_roll_joint,0.1,0.1,0.0
20,0.200060906,right_hip_yaw_joint,0.0,0.0,0.0
20,0.200060906,right_hip_roll_joint,0.1,0.1,0.0
20,0.200060906,right_hip_pitch_joint,-0.878,-0.63,0.248
20,0.200060906,right_knee_pitch_joint,0.13,0.15,0.01999999999999999
20,0.200060906,right_ankle_pitch_joint,-0.65,-0.91,-0.26
20,0.200060906,right_ankle_roll_joint,-0.1,-0.1,0.0
20,0.200060906,left_hip_yaw_joint,0.0,0.0,0.0
20,0.200060906,left_hip_roll_joint,-0.1,-0.1,0.0
20,0.200060906,left_hip_pitch_joint,0.878,0.63,-0.248
20,0.200060906,left_knee_pitch_joint,-0.13,-0.15,-0.01999999999999999
20,0.200060906,left_ankle_pitch_joint,0.65,0.91,0.26
20,0.200060906,left_ankle_roll_joint,0.1,0.1,0.0
21,0.210073155,right_hip_yaw_joint,0.0,0.0,0.0
21,0.210073155,right_hip_roll_joint,0.1,0.1,0.0
21,0.210073155,right_hip_pitch_joint,-0.878,-0.63,0.248
21,0.210073155,right_knee_pitch_joint,0.13,0.15,0.01999999999999999
21,0.210073155,right_ankle_pitch_joint,-0.65,-0.91,-0.26
21,0.210073155,right_ankle_roll_joint,-0.1,-0.1,0.0
21,0.210073155,left_hip_yaw_joint,0.0,0.0,0.0
21,0.210073155,left_hip_roll_joint,-0.1,-0.1,0.0
21,0.210073155,left_hip_pitch_joint,0.878,0.63,-0.248
21,0.210073155,left_knee_pitch_joint,-0.13,-0.15,-0.01999999999999999
21,0.210073155,left_ankle_pitch_joint,0.65,0.91,0.26
21,0.210073155,left_ankle_roll_joint,0.1,0.1,0.0
22,0.220063246,right_hip_yaw_joint,0.0,0.0,0.0
22,0.220063246,right_hip_roll_joint,0.1,0.1,0.0
22,0.220063246,right_hip_pitch_joint,-0.878,-0.63,0.248
22,0.220063246,right_knee_pitch_joint,0.13,0.15,0.01999999999999999
22,0.220063246,right_ankle_pitch_joint,-0.65,-0.91,-0.26
22,0.220063246,right_ankle_roll_joint,-0.1,-0.1,0.0
22,0.220063246,left_hip_yaw_joint,0.0,0.0,0.0
22,0.220063246,left_hip_roll_joint,-0.1,-0.1,0.0
22,0.220063246,left_hip_pitch_joint,0.878,0.63,-0.248
22,0.220063246,left_knee_pitch_joint,-0.13,-0.15,-0.01999999999999999
22,0.220063246,left_ankle_pitch_joint,0.65,0.91,0.26
22,0.220063246,left_ankle_roll_joint,0.1,0.1,0.0
23,0.230080656,right_hip_yaw_joint,0.0,0.0,0.0
23,0.230080656,right_hip_roll_joint,0.1,0.1,0.0
23,0.230080656,right_hip_pitch_joint,-0.878,-0.63,0.248
23,0.230080656,right_knee_pitch_joint,0.13,0.15,0.01999999999999999
23,0.230080656,right_ankle_pitch_joint,-0.65,-0.91,-0.26
23,0.230080656,right_ankle_roll_joint,-0.1,-0.1,0.0
23,0.230080656,left_hip_yaw_joint,0.0,0.0,0.0
23,0.230080656,left_hip_roll_joint,-0.1,-0.1,0.0
23,0.230080656,left_hip_pitch_joint,0.878,0.63,-0.248
23,0.230080656,left_knee_pitch_joint,-0.13,-0.15,-0.01999999999999999
23,0.230080656,left_ankle_pitch_joint,0.65,0.91,0.26
23,0.230080656,left_ankle_roll_joint,0.1,0.1,0.0
24,0.240076749,right_hip_yaw_joint,0.0,0.0,0.0
24,0.240076749,right_hip_roll_joint,0.1,0.1,0.0
24,0.240076749,right_hip_pitch_joint,-0.878,-0.63,0.248
24,0.240076749,right_knee_pitch_joint,0.13,0.15,0.01999999999999999
24,0.240076749,right_ankle_pitch_joint,-0.65,-0.91,-0.26
24,0.240076749,right_ankle_roll_joint,-0.1,-0.1,0.0
24,0.240076749,left_hip_yaw_joint,0.0,0.0,0.0
24,0.240076749,left_hip_roll_joint,-0.1,-0.1,0.0
24,0.240076749,left_hip_pitch_joint,0.878,0.63,-0.248
24,0.240076749,left_knee_pitch_joint,-0.13,-0.15,-0.01999999999999999
24,0.240076749,left_ankle_pitch_joint,0.65,0.91,0.26
24,0.240076749,left_ankle_roll_joint,0.1,0.1,0.0
25,0.250063135,right_hip_yaw_joint,0.0,0.0,0.0
25,0.250063135,right_hip_roll_joint,0.1,0.1,0.0
25,0.250063135,right_hip_pitch_joint,-0.878,-0.63,0.248
25,0.250063135,right_knee_pitch_joint,0.13,0.15,0.01999999999999999
25,0.250063135,right_ankle_pitch_joint,-0.65,-0.91,-0.26
25,0.250063135,right_ankle_roll_joint,-0.1,-0.1,0.0
25,0.250063135,left_hip_yaw_joint,0.0,0.0,0.0
25,0.250063135,left_hip_roll_joint,-0.1,-0.1,0.0
25,0.250063135,left_hip_pitch_joint,0.878,0.63,-0.248
25,0.250063135,left_knee_pitch_joint,-0.13,-0.15,-0.01999999999999999
25,0.250063135,left_ankle_pitch_joint,0.65,0.91,0.26
25,0.250063135,left_ankle_roll_joint,0.1,0.1,0.0
26,0.260060647,right_hip_yaw_joint,0.0,0.0,0.0
26,0.260060647,right_hip_roll_joint,0.1,0.1,0.0
26,0.260060647,right_hip_pitch_joint,-0.878,-0.63,0.248
26,0.260060647,right_knee_pitch_joint,0.13,0.15,0.01999999999999999
26,0.260060647,right_ankle_pitch_joint,-0.65,-0.91,-0.26
26,0.260060647,right_ankle_roll_joint,-0.1,-0.1,0.0
26,0.260060647,left_hip_yaw_joint,0.0,0.0,0.0
26,0.260060647,left_hip_roll_joint,-0.1,-0.1,0.0
26,0.260060647,left_hip_pitch_joint,0.878,0.63,-0.248
26,0.260060647,left_knee_pitch_joint,-0.13,-0.15,-0.01999999999999999
26,0.260060647,left_ankle_pitch_joint,0.65,0.91,0.26
26,0.260060647,left_ankle_roll_joint,0.1,0.1,0.0
27,0.270084551,right_hip_yaw_joint,0.0,0.0,0.0
27,0.270084551,right_hip_roll_joint,0.1,0.1,0.0
27,0.270084551,right_hip_pitch_joint,-0.878,-0.63,0.248
27,0.270084551,right_knee_pitch_joint,0.13,0.15,0.01999999999999999
27,0.270084551,right_ankle_pitch_joint,-0.65,-0.91,-0.26
27,0.270084551,right_ankle_roll_joint,-0.1,-0.1,0.0
27,0.270084551,left_hip_yaw_joint,0.0,0.0,0.0
27,0.270084551,left_hip_roll_joint,-0.1,-0.1,0.0
27,0.270084551,left_hip_pitch_joint,0.878,0.63,-0.248
27,0.270084551,left_knee_pitch_joint,-0.13,-0.15,-0.01999999999999999
27,0.270084551,left_ankle_pitch_joint,0.65,0.91,0.26
27,0.270084551,left_ankle_roll_joint,0.1,0.1,0.0
28,0.280097723,right_hip_yaw_joint,0.0,0.0,0.0
28,0.280097723,right_hip_roll_joint,0.1,0.1,0.0
28,0.280097723,right_hip_pitch_joint,-0.878,-0.63,0.248
28,0.280097723,right_knee_pitch_joint,0.13,0.15,0.01999999999999999
28,0.280097723,right_ankle_pitch_joint,-0.65,-0.91,-0.26
28,0.280097723,right_ankle_roll_joint,-0.1,-0.1,0.0
28,0.280097723,left_hip_yaw_joint,0.0,0.0,0.0
28,0.280097723,left_hip_roll_joint,-0.1,-0.1,0.0
28,0.280097723,left_hip_pitch_joint,0.878,0.63,-0.248
28,0.280097723,left_knee_pitch_joint,-0.13,-0.15,-0.01999999999999999
28,0.280097723,left_ankle_pitch_joint,0.65,0.91,0.26
28,0.280097723,left_ankle_roll_joint,0.1,0.1,0.0
29,0.290086678,right_hip_yaw_joint,0.0,0.0,0.0
29,0.290086678,right_hip_roll_joint,0.1,0.1,0.0
29,0.290086678,right_hip_pitch_joint,-0.878,-0.63,0.248
29,0.290086678,right_knee_pitch_joint,0.13,0.15,0.01999999999999999
29,0.290086678,right_ankle_pitch_joint,-0.65,-0.91,-0.26
29,0.290086678,right_ankle_roll_joint,-0.1,-0.1,0.0
29,0.290086678,left_hip_yaw_joint,0.0,0.0,0.0
29,0.290086678,left_hip_roll_joint,-0.1,-0.1,0.0
29,0.290086678,left_hip_pitch_joint,0.878,0.63,-0.248
29,0.290086678,left_knee_pitch_joint,-0.13,-0.15,-0.01999999999999999
29,0.290086678,left_ankle_pitch_joint,0.65,0.91,0.26
29,0.290086678,left_ankle_roll_joint,0.1,0.1,0.0
30,0.300058362,right_hip_yaw_joint,0.0,0.0,0.0
30,0.300058362,right_hip_roll_joint,0.1,0.1,0.0
30,0.300058362,right_hip_pitch_joint,-0.878,-0.63,0.248
30,0.300058362,right_knee_pitch_joint,0.13,0.15,0.01999999999999999
30,0.300058362,right_ankle_pitch_joint,-0.65,-0.91,-0.26
30,0.300058362,right_ankle_roll_joint,-0.1,-0.1,0.0
30,0.300058362,left_hip_yaw_joint,0.0,0.0,0.0
30,0.300058362,left_hip_roll_joint,-0.1,-0.1,0.0
30,0.300058362,left_hip_pitch_joint,0.878,0.63,-0.248
30,0.300058362,left_knee_pitch_joint,-0.13,-0.15,-0.01999999999999999
30,0.300058362,left_ankle_pitch_joint,0.65,0.91,0.26
30,0.300058362,left_ankle_roll_joint,0.1,0.1,0.0
31,0.310058770,right_hip_yaw_joint,0.0,0.0,0.0
31,0.310058770,right_hip_roll_joint,0.1,0.1,0.0
31,0.310058770,right_hip_pitch_joint,-0.878,-0.63,0.248
31,0.310058770,right_knee_pitch_joint,0.13,0.15,0.01999999999999999
31,0.310058770,right_ankle_pitch_joint,-0.65,-0.91,-0.26
31,0.310058770,right_ankle_roll_joint,-0.1,-0.1,0.0
31,0.310058770,left_hip_yaw_joint,0.0,0.0,0.0
31,0.310058770,left_hip_roll_joint,-0.1,-0.1,0.0
31,0.310058770,left_hip_pitch_joint,0.878,0.63,-0.248
31,0.310058770,left_knee_pitch_joint,-0.13,-0.15,-0.01999999999999999
31,0.310058770,left_ankle_pitch_joint,0.65,0.91,0.26
31,0.310058770,left_ankle_roll_joint,0.1,0.1,0.0
32,0.320078874,right_hip_yaw_joint,0.0,0.0,0.0
32,0.320078874,right_hip_roll_joint,0.1,0.1,0.0
32,0.320078874,right_hip_pitch_joint,-0.878,-0.63,0.248
32,0.320078874,right_knee_pitch_joint,0.13,0.15,0.01999999999999999
32,0.320078874,right_ankle_pitch_joint,-0.65,-0.91,-0.26
32,0.320078874,right_ankle_roll_joint,-0.1,-0.1,0.0
32,0.320078874,left_hip_yaw_joint,0.0,0.0,0.0
32,0.320078874,left_hip_roll_joint,-0.1,-0.1,0.0
32,0.320078874,left_hip_pitch_joint,0.878,0.63,-0.248
32,0.320078874,left_knee_pitch_joint,-0.13,-0.15,-0.01999999999999999
32,0.320078874,left_ankle_pitch_joint,0.65,0.91,0.26
32,0.320078874,left_ankle_roll_joint,0.1,0.1,0.0
33,0.330080173,right_hip_yaw_joint,0.0,0.0,0.0
33,0.330080173,right_hip_roll_joint,0.1,0.1,0.0
33,0.330080173,right_hip_pitch_joint,-0.878,-0.63,0.248
33,0.330080173,right_knee_pitch_joint,0.13,0.15,0.01999999999999999
33,0.330080173,right_ankle_pitch_joint,-0.65,-0.91,-0.26
33,0.330080173,right_ankle_roll_joint,-0.1,-0.1,0.0
33,0.330080173,left_hip_yaw_joint,0.0,0.0,0.0
33,0.330080173,left_hip_roll_joint,-0.1,-0.1,0.0
33,0.330080173,left_hip_pitch_joint,0.878,0.63,-0.248
33,0.330080173,left_knee_pitch_joint,-0.13,-0.15,-0.01999999999999999
33,0.330080173,left_ankle_pitch_joint,0.65,0.91,0.26
33,0.330080173,left_ankle_roll_joint,0.1,0.1,0.0
34,0.340064468,right_hip_yaw_joint,0.0,0.0,0.0
34,0.340064468,right_hip_roll_joint,0.1,0.1,0.0
34,0.340064468,right_hip_pitch_joint,-0.878,-0.63,0.248
34,0.340064468,right_knee_pitch_joint,0.13,0.15,0.01999999999999999
34,0.340064468,right_ankle_pitch_joint,-0.65,-0.91,-0.26
34,0.340064468,right_ankle_roll_joint,-0.1,-0.1,0.0
34,0.340064468,left_hip_yaw_joint,0.0,0.0,0.0
34,0.340064468,left_hip_roll_joint,-0.1,-0.1,0.0
34,0.340064468,left_hip_pitch_joint,0.878,0.63,-0.248
34,0.340064468,left_knee_pitch_joint,-0.13,-0.15,-0.01999999999999999
34,0.340064468,left_ankle_pitch_joint,0.65,0.91,0.26
34,0.340064468,left_ankle_roll_joint,0.1,0.1,0.0
35,0.350068704,right_hip_yaw_joint,0.0,0.0,0.0
35,0.350068704,right_hip_roll_joint,0.1,0.1,0.0
35,0.350068704,right_hip_pitch_joint,-0.878,-0.63,0.248
35,0.350068704,right_knee_pitch_joint,0.13,0.15,0.01999999999999999
35,0.350068704,right_ankle_pitch_joint,-0.65,-0.91,-0.26
35,0.350068704,right_ankle_roll_joint,-0.1,-0.1,0.0
35,0.350068704,left_hip_yaw_joint,0.0,0.0,0.0
35,0.350068704,left_hip_roll_joint,-0.1,-0.1,0.0
35,0.350068704,left_hip_pitch_joint,0.878,0.63,-0.248
35,0.350068704,left_knee_pitch_joint,-0.13,-0.15,-0.01999999999999999
35,0.350068704,left_ankle_pitch_joint,0.65,0.91,0.26
35,0.350068704,left_ankle_roll_joint,0.1,0.1,0.0
36,0.360064154,right_hip_yaw_joint,0.0,0.0,0.0
36,0.360064154,right_hip_roll_joint,0.1,0.1,0.0
36,0.360064154,right_hip_pitch_joint,-0.878,-0.63,0.248
36,0.360064154,right_knee_pitch_joint,0.13,0.15,0.01999999999999999
36,0.360064154,right_ankle_pitch_joint,-0.65,-0.91,-0.26
36,0.360064154,right_ankle_roll_joint,-0.1,-0.1,0.0
36,0.360064154,left_hip_yaw_joint,0.0,0.0,0.0
36,0.360064154,left_hip_roll_joint,-0.1,-0.1,0.0
36,0.360064154,left_hip_pitch_joint,0.878,0.63,-0.248
36,0.360064154,left_knee_pitch_joint,-0.13,-0.15,-0.01999999999999999
36,0.360064154,left_ankle_pitch_joint,0.65,0.91,0.26
36,0.360064154,left_ankle_roll_joint,0.1,0.1,0.0
37,0.370062104,right_hip_yaw_joint,0.0,0.0,0.0
37,0.370062104,right_hip_roll_joint,0.1,0.1,0.0
37,0.370062104,right_hip_pitch_joint,-0.878,-0.63,0.248
37,0.370062104,right_knee_pitch_joint,0.13,0.15,0.01999999999999999
37,0.370062104,right_ankle_pitch_joint,-0.65,-0.91,-0.26
37,0.370062104,right_ankle_roll_joint,-0.1,-0.1,0.0
37,0.370062104,left_hip_yaw_joint,0.0,0.0,0.0
37,0.370062104,left_hip_roll_joint,-0.1,-0.1,0.0
37,0.370062104,left_hip_pitch_joint,0.878,0.63,-0.248
37,0.370062104,left_knee_pitch_joint,-0.13,-0.15,-0.01999999999999999
37,0.370062104,left_ankle_pitch_joint,0.65,0.91,0.26
37,0.370062104,left_ankle_roll_joint,0.1,0.1,0.0
38,0.380064288,right_hip_yaw_joint,0.0,0.0,0.0
38,0.380064288,right_hip_roll_joint,0.1,0.1,0.0
38,0.380064288,right_hip_pitch_joint,-0.878,-0.63,0.248
38,0.380064288,right_knee_pitch_joint,0.13,0.15,0.01999999999999999
38,0.380064288,right_ankle_pitch_joint,-0.65,-0.91,-0.26
38,0.380064288,right_ankle_roll_joint,-0.1,-0.1,0.0
38,0.380064288,left_hip_yaw_joint,0.0,0.0,0.0
38,0.380064288,left_hip_roll_joint,-0.1,-0.1,0.0
38,0.380064288,left_hip_pitch_joint,0.878,0.63,-0.248
38,0.380064288,left_knee_pitch_joint,-0.13,-0.15,-0.01999999999999999
38,0.380064288,left_ankle_pitch_joint,0.65,0.91,0.26
38,0.380064288,left_ankle_roll_joint,0.1,0.1,0.0
39,0.390062641,right_hip_yaw_joint,0.0,0.0,0.0
39,0.390062641,right_hip_roll_joint,0.1,0.1,0.0
39,0.390062641,right_hip_pitch_joint,-0.878,-0.63,0.248
39,0.390062641,right_knee_pitch_joint,0.13,0.15,0.01999999999999999
39,0.390062641,right_ankle_pitch_joint,-0.65,-0.91,-0.26
39,0.390062641,right_ankle_roll_joint,-0.1,-0.1,0.0
39,0.390062641,left_hip_yaw_joint,0.0,0.0,0.0
39,0.390062641,left_hip_roll_joint,-0.1,-0.1,0.0
39,0.390062641,left_hip_pitch_joint,0.878,0.63,-0.248
39,0.390062641,left_knee_pitch_joint,-0.13,-0.15,-0.01999999999999999
39,0.390062641,left_ankle_pitch_joint,0.65,0.91,0.26
39,0.390062641,left_ankle_roll_joint,0.1,0.1,0.0
40,0.400065592,right_hip_yaw_joint,0.0,0.0,0.0
40,0.400065592,right_hip_roll_joint,0.1,0.1,0.0
40,0.400065592,right_hip_pitch_joint,-0.878,-0.63,0.248
40,0.400065592,right_knee_pitch_joint,0.13,0.15,0.01999999999999999
40,0.400065592,right_ankle_pitch_joint,-0.65,-0.91,-0.26
40,0.400065592,right_ankle_roll_joint,-0.1,-0.1,0.0
40,0.400065592,left_hip_yaw_joint,0.0,0.0,0.0
40,0.400065592,left_hip_roll_joint,-0.1,-0.1,0.0
40,0.400065592,left_hip_pitch_joint,0.878,0.63,-0.248
40,0.400065592,left_knee_pitch_joint,-0.13,-0.15,-0.01999999999999999
40,0.400065592,left_ankle_pitch_joint,0.65,0.91,0.26
40,0.400065592,left_ankle_roll_joint,0.1,0.1,0.0
41,0.410062572,right_hip_yaw_joint,0.0,0.0,0.0
41,0.410062572,right_hip_roll_joint,0.1,0.1,0.0
41,0.410062572,right_hip_pitch_joint,-0.878,-0.63,0.248
41,0.410062572,right_knee_pitch_joint,0.13,0.15,0.01999999999999999
41,0.410062572,right_ankle_pitch_joint,-0.65,-0.91,-0.26
41,0.410062572,right_ankle_roll_joint,-0.1,-0.1,0.0
41,0.410062572,left_hip_yaw_joint,0.0,0.0,0.0
41,0.410062572,left_hip_roll_joint,-0.1,-0.1,0.0
41,0.410062572,left_hip_pitch_joint,0.878,0.63,-0.248
41,0.410062572,left_knee_pitch_joint,-0.13,-0.15,-0.01999999999999999
41,0.410062572,left_ankle_pitch_joint,0.65,0.91,0.26
41,0.410062572,left_ankle_roll_joint,0.1,0.1,0.0
42,0.420081941,right_hip_yaw_joint,0.0,0.0,0.0
42,0.420081941,right_hip_roll_joint,0.1,0.1,0.0
42,0.420081941,right_hip_pitch_joint,-0.878,-0.63,0.248
42,0.420081941,right_knee_pitch_joint,0.13,0.15,0.01999999999999999
42,0.420081941,right_ankle_pitch_joint,-0.65,-0.91,-0.26
42,0.420081941,right_ankle_roll_joint,-0.1,-0.1,0.0
42,0.420081941,left_hip_yaw_joint,0.0,0.0,0.0
42,0.420081941,left_hip_roll_joint,-0.1,-0.1,0.0
42,0.420081941,left_hip_pitch_joint,0.878,0.63,-0.248
42,0.420081941,left_knee_pitch_joint,-0.13,-0.15,-0.01999999999999999
42,0.420081941,left_ankle_pitch_joint,0.65,0.91,0.26
42,0.420081941,left_ankle_roll_joint,0.1,0.1,0.0
43,0.430077546,right_hip_yaw_joint,0.0,0.0,0.0
43,0.430077546,right_hip_roll_joint,0.1,0.1,0.0
43,0.430077546,right_hip_pitch_joint,-0.878,-0.63,0.248
43,0.430077546,right_knee_pitch_joint,0.13,0.15,0.01999999999999999
43,0.430077546,right_ankle_pitch_joint,-0.65,-0.91,-0.26
43,0.430077546,right_ankle_roll_joint,-0.1,-0.1,0.0
43,0.430077546,left_hip_yaw_joint,0.0,0.0,0.0
43,0.430077546,left_hip_roll_joint,-0.1,-0.1,0.0
43,0.430077546,left_hip_pitch_joint,0.878,0.63,-0.248
43,0.430077546,left_knee_pitch_joint,-0.13,-0.15,-0.01999999999999999
43,0.430077546,left_ankle_pitch_joint,0.65,0.91,0.26
43,0.430077546,left_ankle_roll_joint,0.1,0.1,0.0
44,0.440081014,right_hip_yaw_joint,0.0,0.0,0.0
44,0.440081014,right_hip_roll_joint,0.1,0.1,0.0
44,0.440081014,right_hip_pitch_joint,-0.878,-0.63,0.248
44,0.440081014,right_knee_pitch_joint,0.13,0.15,0.01999999999999999
44,0.440081014,right_ankle_pitch_joint,-0.65,-0.91,-0.26
44,0.440081014,right_ankle_roll_joint,-0.1,-0.1,0.0
44,0.440081014,left_hip_yaw_joint,0.0,0.0,0.0
44,0.440081014,left_hip_roll_joint,-0.1,-0.1,0.0
44,0.440081014,left_hip_pitch_joint,0.878,0.63,-0.248
44,0.440081014,left_knee_pitch_joint,-0.13,-0.15,-0.01999999999999999
44,0.440081014,left_ankle_pitch_joint,0.65,0.91,0.26
44,0.440081014,left_ankle_roll_joint,0.1,0.1,0.0
45,0.450078269,right_hip_yaw_joint,0.0,0.0,0.0
45,0.450078269,right_hip_roll_joint,0.1,0.1,0.0
45,0.450078269,right_hip_pitch_joint,-0.878,-0.63,0.248
45,0.450078269,right_knee_pitch_joint,0.13,0.15,0.01999999999999999
45,0.450078269,right_ankle_pitch_joint,-0.65,-0.91,-0.26
45,0.450078269,right_ankle_roll_joint,-0.1,-0.1,0.0
45,0.450078269,left_hip_yaw_joint,0.0,0.0,0.0
45,0.450078269,left_hip_roll_joint,-0.1,-0.1,0.0
45,0.450078269,left_hip_pitch_joint,0.878,0.63,-0.248
45,0.450078269,left_knee_pitch_joint,-0.13,-0.15,-0.01999999999999999
45,0.450078269,left_ankle_pitch_joint,0.65,0.91,0.26
45,0.450078269,left_ankle_roll_joint,0.1,0.1,0.0
46,0.460059583,right_hip_yaw_joint,0.0,0.0,0.0
46,0.460059583,right_hip_roll_joint,0.1,0.1,0.0
46,0.460059583,right_hip_pitch_joint,-0.878,-0.63,0.248
46,0.460059583,right_knee_pitch_joint,0.13,0.15,0.01999999999999999
46,0.460059583,right_ankle_pitch_joint,-0.65,-0.91,-0.26
46,0.460059583,right_ankle_roll_joint,-0.1,-0.1,0.0
46,0.460059583,left_hip_yaw_joint,0.0,0.0,0.0
46,0.460059583,left_hip_roll_joint,-0.1,-0.1,0.0
46,0.460059583,left_hip_pitch_joint,0.878,0.63,-0.248
46,0.460059583,left_knee_pitch_joint,-0.13,-0.15,-0.01999999999999999
46,0.460059583,left_ankle_pitch_joint,0.65,0.91,0.26
46,0.460059583,left_ankle_roll_joint,0.1,0.1,0.0
47,0.470079998,right_hip_yaw_joint,0.0,0.0,0.0
47,0.470079998,right_hip_roll_joint,0.1,0.1,0.0
47,0.470079998,right_hip_pitch_joint,-0.878,-0.63,0.248
47,0.470079998,right_knee_pitch_joint,0.13,0.15,0.01999999999999999
47,0.470079998,right_ankle_pitch_joint,-0.65,-0.91,-0.26
47,0.470079998,right_ankle_roll_joint,-0.1,-0.1,0.0
47,0.470079998,left_hip_yaw_joint,0.0,0.0,0.0
47,0.470079998,left_hip_roll_joint,-0.1,-0.1,0.0
47,0.470079998,left_hip_pitch_joint,0.878,0.63,-0.248
47,0.470079998,left_knee_pitch_joint,-0.13,-0.15,-0.01999999999999999
47,0.470079998,left_ankle_pitch_joint,0.65,0.91,0.26
47,0.470079998,left_ankle_roll_joint,0.1,0.1,0.0
48,0.480072347,right_hip_yaw_joint,0.0,0.0,0.0
48,0.480072347,right_hip_roll_joint,0.1,0.1,0.0
48,0.480072347,right_hip_pitch_joint,-0.878,-0.63,0.248
48,0.480072347,right_knee_pitch_joint,0.13,0.15,0.01999999999999999
48,0.480072347,right_ankle_pitch_joint,-0.65,-0.91,-0.26
48,0.480072347,right_ankle_roll_joint,-0.1,-0.1,0.0
48,0.480072347,left_hip_yaw_joint,0.0,0.0,0.0
48,0.480072347,left_hip_roll_joint,-0.1,-0.1,0.0
48,0.480072347,left_hip_pitch_joint,0.878,0.63,-0.248
48,0.480072347,left_knee_pitch_joint,-0.13,-0.15,-0.01999999999999999
48,0.480072347,left_ankle_pitch_joint,0.65,0.91,0.26
48,0.480072347,left_ankle_roll_joint,0.1,0.1,0.0
49,0.490058225,right_hip_yaw_joint,0.0,0.0,0.0
49,0.490058225,right_hip_roll_joint,0.1,0.1,0.0
49,0.490058225,right_hip_pitch_joint,-0.878,-0.63,0.248
49,0.490058225,right_knee_pitch_joint,0.13,0.15,0.01999999999999999
49,0.490058225,right_ankle_pitch_joint,-0.65,-0.91,-0.26
49,0.490058225,right_ankle_roll_joint,-0.1,-0.1,0.0
49,0.490058225,left_hip_yaw_joint,0.0,0.0,0.0
49,0.490058225,left_hip_roll_joint,-0.1,-0.1,0.0
49,0.490058225,left_hip_pitch_joint,0.878,0.63,-0.248
49,0.490058225,left_knee_pitch_joint,-0.13,-0.15,-0.01999999999999999
49,0.490058225,left_ankle_pitch_joint,0.65,0.91,0.26
49,0.490058225,left_ankle_roll_joint,0.1,0.1,0.0
50,0.500063829,right_hip_yaw_joint,0.0,0.0,0.0
50,0.500063829,right_hip_roll_joint,0.1,0.1,0.0
50,0.500063829,right_hip_pitch_joint,-0.878,-0.63,0.248
50,0.500063829,right_knee_pitch_joint,0.13,0.15,0.01999999999999999
50,0.500063829,right_ankle_pitch_joint,-0.65,-0.91,-0.26
50,0.500063829,right_ankle_roll_joint,-0.1,-0.1,0.0
50,0.500063829,left_hip_yaw_joint,0.0,0.0,0.0
50,0.500063829,left_hip_roll_joint,-0.1,-0.1,0.0
50,0.500063829,left_hip_pitch_joint,0.878,0.63,-0.248
50,0.500063829,left_knee_pitch_joint,-0.13,-0.15,-0.01999999999999999
50,0.500063829,left_ankle_pitch_joint,0.65,0.91,0.26
50,0.500063829,left_ankle_roll_joint,0.1,0.1,0.0
51,0.510085146,right_hip_yaw_joint,0.0,0.0,0.0
51,0.510085146,right_hip_roll_joint,0.1,0.1,0.0
51,0.510085146,right_hip_pitch_joint,-0.878,-0.63,0.248
51,0.510085146,right_knee_pitch_joint,0.13,0.15,0.01999999999999999
51,0.510085146,right_ankle_pitch_joint,-0.65,-0.91,-0.26
51,0.510085146,right_ankle_roll_joint,-0.1,-0.1,0.0
51,0.510085146,left_hip_yaw_joint,0.0,0.0,0.0
51,0.510085146,left_hip_roll_joint,-0.1,-0.1,0.0
51,0.510085146,left_hip_pitch_joint,0.878,0.63,-0.248
51,0.510085146,left_knee_pitch_joint,-0.13,-0.15,-0.01999999999999999
51,0.510085146,left_ankle_pitch_joint,0.65,0.91,0.26
51,0.510085146,left_ankle_roll_joint,0.1,0.1,0.0
52,0.520058828,right_hip_yaw_joint,0.0,0.0,0.0
52,0.520058828,right_hip_roll_joint,0.1,0.1,0.0
52,0.520058828,right_hip_pitch_joint,-0.878,-0.63,0.248
52,0.520058828,right_knee_pitch_joint,0.13,0.15,0.01999999999999999
52,0.520058828,right_ankle_pitch_joint,-0.65,-0.91,-0.26
52,0.520058828,right_ankle_roll_joint,-0.1,-0.1,0.0
52,0.520058828,left_hip_yaw_joint,0.0,0.0,0.0
52,0.520058828,left_hip_roll_joint,-0.1,-0.1,0.0
52,0.520058828,left_hip_pitch_joint,0.878,0.63,-0.248
52,0.520058828,left_knee_pitch_joint,-0.13,-0.15,-0.01999999999999999
52,0.520058828,left_ankle_pitch_joint,0.65,0.91,0.26
52,0.520058828,left_ankle_roll_joint,0.1,0.1,0.0
53,0.530086328,right_hip_yaw_joint,0.0,0.0,0.0
53,0.530086328,right_hip_roll_joint,0.1,0.1,0.0
53,0.530086328,right_hip_pitch_joint,-0.878,-0.63,0.248
53,0.530086328,right_knee_pitch_joint,0.13,0.15,0.01999999999999999
53,0.530086328,right_ankle_pitch_joint,-0.65,-0.91,-0.26
53,0.530086328,right_ankle_roll_joint,-0.1,-0.1,0.0
53,0.530086328,left_hip_yaw_joint,0.0,0.0,0.0
53,0.530086328,left_hip_roll_joint,-0.1,-0.1,0.0
53,0.530086328,left_hip_pitch_joint,0.878,0.63,-0.248
53,0.530086328,left_knee_pitch_joint,-0.13,-0.15,-0.01999999999999999
53,0.530086328,left_ankle_pitch_joint,0.65,0.91,0.26
53,0.530086328,left_ankle_roll_joint,0.1,0.1,0.0
54,0.540058726,right_hip_yaw_joint,0.0,0.0,0.0
54,0.540058726,right_hip_roll_joint,0.1,0.1,0.0
54,0.540058726,right_hip_pitch_joint,-0.878,-0.63,0.248
54,0.540058726,right_knee_pitch_joint,0.13,0.15,0.01999999999999999
54,0.540058726,right_ankle_pitch_joint,-0.65,-0.91,-0.26
54,0.540058726,right_ankle_roll_joint,-0.1,-0.1,0.0
54,0.540058726,left_hip_yaw_joint,0.0,0.0,0.0
54,0.540058726,left_hip_roll_joint,-0.1,-0.1,0.0
54,0.540058726,left_hip_pitch_joint,0.878,0.63,-0.248
54,0.540058726,left_knee_pitch_joint,-0.13,-0.15,-0.01999999999999999
54,0.540058726,left_ankle_pitch_joint,0.65,0.91,0.26
54,0.540058726,left_ankle_roll_joint,0.1,0.1,0.0
55,0.550062661,right_hip_yaw_joint,0.0,0.0,0.0
55,0.550062661,right_hip_roll_joint,0.1,0.1,0.0
55,0.550062661,right_hip_pitch_joint,-0.878,-0.63,0.248
55,0.550062661,right_knee_pitch_joint,0.13,0.15,0.01999999999999999
55,0.550062661,right_ankle_pitch_joint,-0.65,-0.91,-0.26
55,0.550062661,right_ankle_roll_joint,-0.1,-0.1,0.0
55,0.550062661,left_hip_yaw_joint,0.0,0.0,0.0
55,0.550062661,left_hip_roll_joint,-0.1,-0.1,0.0
55,0.550062661,left_hip_pitch_joint,0.878,0.63,-0.248
55,0.550062661,left_knee_pitch_joint,-0.13,-0.15,-0.01999999999999999
55,0.550062661,left_ankle_pitch_joint,0.65,0.91,0.26
55,0.550062661,left_ankle_roll_joint,0.1,0.1,0.0
56,0.560081715,right_hip_yaw_joint,0.0,0.0,0.0
56,0.560081715,right_hip_roll_joint,0.1,0.1,0.0
56,0.560081715,right_hip_pitch_joint,-0.878,-0.63,0.248
56,0.560081715,right_knee_pitch_joint,0.13,0.15,0.01999999999999999
56,0.560081715,right_ankle_pitch_joint,-0.65,-0.91,-0.26
56,0.560081715,right_ankle_roll_joint,-0.1,-0.1,0.0
56,0.560081715,left_hip_yaw_joint,0.0,0.0,0.0
56,0.560081715,left_hip_roll_joint,-0.1,-0.1,0.0
56,0.560081715,left_hip_pitch_joint,0.878,0.63,-0.248
56,0.560081715,left_knee_pitch_joint,-0.13,-0.15,-0.01999999999999999
56,0.560081715,left_ankle_pitch_joint,0.65,0.91,0.26
56,0.560081715,left_ankle_roll_joint,0.1,0.1,0.0
57,0.570082250,right_hip_yaw_joint,0.0,0.0,0.0
57,0.570082250,right_hip_roll_joint,0.1,0.1,0.0
57,0.570082250,right_hip_pitch_joint,-0.878,-0.63,0.248
57,0.570082250,right_knee_pitch_joint,0.13,0.15,0.01999999999999999
57,0.570082250,right_ankle_pitch_joint,-0.65,-0.91,-0.26
57,0.570082250,right_ankle_roll_joint,-0.1,-0.1,0.0
57,0.570082250,left_hip_yaw_joint,0.0,0.0,0.0
57,0.570082250,left_hip_roll_joint,-0.1,-0.1,0.0
57,0.570082250,left_hip_pitch_joint,0.878,0.63,-0.248
57,0.570082250,left_knee_pitch_joint,-0.13,-0.15,-0.01999999999999999
57,0.570082250,left_ankle_pitch_joint,0.65,0.91,0.26
57,0.570082250,left_ankle_roll_joint,0.1,0.1,0.0
58,0.580065314,right_hip_yaw_joint,0.0,0.0,0.0
58,0.580065314,right_hip_roll_joint,0.1,0.1,0.0
58,0.580065314,right_hip_pitch_joint,-0.878,-0.63,0.248
58,0.580065314,right_knee_pitch_joint,0.13,0.15,0.01999999999999999
58,0.580065314,right_ankle_pitch_joint,-0.65,-0.91,-0.26
58,0.580065314,right_ankle_roll_joint,-0.1,-0.1,0.0
58,0.580065314,left_hip_yaw_joint,0.0,0.0,0.0
58,0.580065314,left_hip_roll_joint,-0.1,-0.1,0.0
58,0.580065314,left_hip_pitch_joint,0.878,0.63,-0.248
58,0.580065314,left_knee_pitch_joint,-0.13,-0.15,-0.01999999999999999
58,0.580065314,left_ankle_pitch_joint,0.65,0.91,0.26
58,0.580065314,left_ankle_roll_joint,0.1,0.1,0.0
59,0.590019329,right_hip_yaw_joint,0.0,0.0,0.0
59,0.590019329,right_hip_roll_joint,0.1,0.1,0.0
59,0.590019329,right_hip_pitch_joint,-0.878,-0.63,0.248
59,0.590019329,right_knee_pitch_joint,0.13,0.15,0.01999999999999999
59,0.590019329,right_ankle_pitch_joint,-0.65,-0.91,-0.26
59,0.590019329,right_ankle_roll_joint,-0.1,-0.1,0.0
59,0.590019329,left_hip_yaw_joint,0.0,0.0,0.0
59,0.590019329,left_hip_roll_joint,-0.1,-0.1,0.0
59,0.590019329,left_hip_pitch_joint,0.878,0.63,-0.248
59,0.590019329,left_knee_pitch_joint,-0.13,-0.15,-0.01999999999999999
59,0.590019329,left_ankle_pitch_joint,0.65,0.91,0.26
59,0.590019329,left_ankle_roll_joint,0.1,0.1,0.0
60,0.600060477,right_hip_yaw_joint,0.0,0.0,0.0
60,0.600060477,right_hip_roll_joint,0.1,0.1,0.0
60,0.600060477,right_hip_pitch_joint,-0.878,-0.63,0.248
60,0.600060477,right_knee_pitch_joint,0.13,0.15,0.01999999999999999
60,0.600060477,right_ankle_pitch_joint,-0.65,-0.91,-0.26
60,0.600060477,right_ankle_roll_joint,-0.1,-0.1,0.0
60,0.600060477,left_hip_yaw_joint,0.0,0.0,0.0
60,0.600060477,left_hip_roll_joint,-0.1,-0.1,0.0
60,0.600060477,left_hip_pitch_joint,0.878,0.63,-0.248
60,0.600060477,left_knee_pitch_joint,-0.13,-0.15,-0.01999999999999999
60,0.600060477,left_ankle_pitch_joint,0.65,0.91,0.26
60,0.600060477,left_ankle_roll_joint,0.1,0.1,0.0
61,0.610063957,right_hip_yaw_joint,0.0,0.0,0.0
61,0.610063957,right_hip_roll_joint,0.1,0.1,0.0
61,0.610063957,right_hip_pitch_joint,-0.878,-0.63,0.248
61,0.610063957,right_knee_pitch_joint,0.13,0.15,0.01999999999999999
61,0.610063957,right_ankle_pitch_joint,-0.65,-0.91,-0.26
61,0.610063957,right_ankle_roll_joint,-0.1,-0.1,0.0
61,0.610063957,left_hip_yaw_joint,0.0,0.0,0.0
61,0.610063957,left_hip_roll_joint,-0.1,-0.1,0.0
61,0.610063957,left_hip_pitch_joint,0.878,0.63,-0.248
61,0.610063957,left_knee_pitch_joint,-0.13,-0.15,-0.01999999999999999
61,0.610063957,left_ankle_pitch_joint,0.65,0.91,0.26
61,0.610063957,left_ankle_roll_joint,0.1,0.1,0.0
62,0.620082672,right_hip_yaw_joint,0.0,0.0,0.0
62,0.620082672,right_hip_roll_joint,0.1,0.1,0.0
62,0.620082672,right_hip_pitch_joint,-0.878,-0.63,0.248
62,0.620082672,right_knee_pitch_joint,0.13,0.15,0.01999999999999999
62,0.620082672,right_ankle_pitch_joint,-0.65,-0.91,-0.26
62,0.620082672,right_ankle_roll_joint,-0.1,-0.1,0.0
62,0.620082672,left_hip_yaw_joint,0.0,0.0,0.0
62,0.620082672,left_hip_roll_joint,-0.1,-0.1,0.0
62,0.620082672,left_hip_pitch_joint,0.878,0.63,-0.248
62,0.620082672,left_knee_pitch_joint,-0.13,-0.15,-0.01999999999999999
62,0.620082672,left_ankle_pitch_joint,0.65,0.91,0.26
62,0.620082672,left_ankle_roll_joint,0.1,0.1,0.0
63,0.630082771,right_hip_yaw_joint,0.0,0.0,0.0
63,0.630082771,right_hip_roll_joint,0.1,0.1,0.0
63,0.630082771,right_hip_pitch_joint,-0.878,-0.63,0.248
63,0.630082771,right_knee_pitch_joint,0.13,0.15,0.01999999999999999
63,0.630082771,right_ankle_pitch_joint,-0.65,-0.91,-0.26
63,0.630082771,right_ankle_roll_joint,-0.1,-0.1,0.0
63,0.630082771,left_hip_yaw_joint,0.0,0.0,0.0
63,0.630082771,left_hip_roll_joint,-0.1,-0.1,0.0
63,0.630082771,left_hip_pitch_joint,0.878,0.63,-0.248
63,0.630082771,left_knee_pitch_joint,-0.13,-0.15,-0.01999999999999999
63,0.630082771,left_ankle_pitch_joint,0.65,0.91,0.26
63,0.630082771,left_ankle_roll_joint,0.1,0.1,0.0
64,0.640064608,right_hip_yaw_joint,0.0,0.0,0.0
64,0.640064608,right_hip_roll_joint,0.1,0.1,0.0
64,0.640064608,right_hip_pitch_joint,-0.878,-0.63,0.248
64,0.640064608,right_knee_pitch_joint,0.13,0.15,0.01999999999999999
64,0.640064608,right_ankle_pitch_joint,-0.65,-0.91,-0.26
64,0.640064608,right_ankle_roll_joint,-0.1,-0.1,0.0
64,0.640064608,left_hip_yaw_joint,0.0,0.0,0.0
64,0.640064608,left_hip_roll_joint,-0.1,-0.1,0.0
64,0.640064608,left_hip_pitch_joint,0.878,0.63,-0.248
64,0.640064608,left_knee_pitch_joint,-0.13,-0.15,-0.01999999999999999
64,0.640064608,left_ankle_pitch_joint,0.65,0.91,0.26
64,0.640064608,left_ankle_roll_joint,0.1,0.1,0.0
65,0.650087268,right_hip_yaw_joint,0.0,0.0,0.0
65,0.650087268,right_hip_roll_joint,0.1,0.1,0.0
65,0.650087268,right_hip_pitch_joint,-0.878,-0.63,0.248
65,0.650087268,right_knee_pitch_joint,0.13,0.15,0.01999999999999999
65,0.650087268,right_ankle_pitch_joint,-0.65,-0.91,-0.26
65,0.650087268,right_ankle_roll_joint,-0.1,-0.1,0.0
65,0.650087268,left_hip_yaw_joint,0.0,0.0,0.0
65,0.650087268,left_hip_roll_joint,-0.1,-0.1,0.0
65,0.650087268,left_hip_pitch_joint,0.878,0.63,-0.248
65,0.650087268,left_knee_pitch_joint,-0.13,-0.15,-0.01999999999999999
65,0.650087268,left_ankle_pitch_joint,0.65,0.91,0.26
65,0.650087268,left_ankle_roll_joint,0.1,0.1,0.0
66,0.660084638,right_hip_yaw_joint,0.0,0.0,0.0
66,0.660084638,right_hip_roll_joint,0.1,0.1,0.0
66,0.660084638,right_hip_pitch_joint,-0.878,-0.63,0.248
66,0.660084638,right_knee_pitch_joint,0.13,0.15,0.01999999999999999
66,0.660084638,right_ankle_pitch_joint,-0.65,-0.91,-0.26
66,0.660084638,right_ankle_roll_joint,-0.1,-0.1,0.0
66,0.660084638,left_hip_yaw_joint,0.0,0.0,0.0
66,0.660084638,left_hip_roll_joint,-0.1,-0.1,0.0
66,0.660084638,left_hip_pitch_joint,0.878,0.63,-0.248
66,0.660084638,left_knee_pitch_joint,-0.13,-0.15,-0.01999999999999999
66,0.660084638,left_ankle_pitch_joint,0.65,0.91,0.26
66,0.660084638,left_ankle_roll_joint,0.1,0.1,0.0
67,0.670058013,right_hip_yaw_joint,0.0,0.0,0.0
67,0.670058013,right_hip_roll_joint,0.1,0.1,0.0
67,0.670058013,right_hip_pitch_joint,-0.878,-0.63,0.248
67,0.670058013,right_knee_pitch_joint,0.13,0.15,0.01999999999999999
67,0.670058013,right_ankle_pitch_joint,-0.65,-0.91,-0.26
67,0.670058013,right_ankle_roll_joint,-0.1,-0.1,0.0
67,0.670058013,left_hip_yaw_joint,0.0,0.0,0.0
67,0.670058013,left_hip_roll_joint,-0.1,-0.1,0.0
67,0.670058013,left_hip_pitch_joint,0.878,0.63,-0.248
67,0.670058013,left_knee_pitch_joint,-0.13,-0.15,-0.01999999999999999
67,0.670058013,left_ankle_pitch_joint,0.65,0.91,0.26
67,0.670058013,left_ankle_roll_joint,0.1,0.1,0.0
68,0.680061744,right_hip_yaw_joint,0.0,0.0,0.0
68,0.680061744,right_hip_roll_joint,0.1,0.1,0.0
68,0.680061744,right_hip_pitch_joint,-0.878,-0.63,0.248
68,0.680061744,right_knee_pitch_joint,0.13,0.15,0.01999999999999999
68,0.680061744,right_ankle_pitch_joint,-0.65,-0.91,-0.26
68,0.680061744,right_ankle_roll_joint,-0.1,-0.1,0.0
68,0.680061744,left_hip_yaw_joint,0.0,0.0,0.0
68,0.680061744,left_hip_roll_joint,-0.1,-0.1,0.0
68,0.680061744,left_hip_pitch_joint,0.878,0.63,-0.248
68,0.680061744,left_knee_pitch_joint,-0.13,-0.15,-0.01999999999999999
68,0.680061744,left_ankle_pitch_joint,0.65,0.91,0.26
68,0.680061744,left_ankle_roll_joint,0.1,0.1,0.0
69,0.690081793,right_hip_yaw_joint,0.0,0.0,0.0
69,0.690081793,right_hip_roll_joint,0.1,0.1,0.0
69,0.690081793,right_hip_pitch_joint,-0.878,-0.63,0.248
69,0.690081793,right_knee_pitch_joint,0.13,0.15,0.01999999999999999
69,0.690081793,right_ankle_pitch_joint,-0.65,-0.91,-0.26
69,0.690081793,right_ankle_roll_joint,-0.1,-0.1,0.0
69,0.690081793,left_hip_yaw_joint,0.0,0.0,0.0
69,0.690081793,left_hip_roll_joint,-0.1,-0.1,0.0
69,0.690081793,left_hip_pitch_joint,0.878,0.63,-0.248
69,0.690081793,left_knee_pitch_joint,-0.13,-0.15,-0.01999999999999999
69,0.690081793,left_ankle_pitch_joint,0.65,0.91,0.26
69,0.690081793,left_ankle_roll_joint,0.1,0.1,0.0
70,0.700058756,right_hip_yaw_joint,0.0,0.0,0.0
70,0.700058756,right_hip_roll_joint,0.1,0.1,0.0
70,0.700058756,right_hip_pitch_joint,-0.878,-0.63,0.248
70,0.700058756,right_knee_pitch_joint,0.13,0.15,0.01999999999999999
70,0.700058756,right_ankle_pitch_joint,-0.65,-0.91,-0.26
70,0.700058756,right_ankle_roll_joint,-0.1,-0.1,0.0
70,0.700058756,left_hip_yaw_joint,0.0,0.0,0.0
70,0.700058756,left_hip_roll_joint,-0.1,-0.1,0.0
70,0.700058756,left_hip_pitch_joint,0.878,0.63,-0.248
70,0.700058756,left_knee_pitch_joint,-0.13,-0.15,-0.01999999999999999
70,0.700058756,left_ankle_pitch_joint,0.65,0.91,0.26
70,0.700058756,left_ankle_roll_joint,0.1,0.1,0.0
71,0.710085510,right_hip_yaw_joint,0.0,0.0,0.0
71,0.710085510,right_hip_roll_joint,0.1,0.1,0.0
71,0.710085510,right_hip_pitch_joint,-0.878,-0.63,0.248
71,0.710085510,right_knee_pitch_joint,0.13,0.15,0.01999999999999999
71,0.710085510,right_ankle_pitch_joint,-0.65,-0.91,-0.26
71,0.710085510,right_ankle_roll_joint,-0.1,-0.1,0.0
71,0.710085510,left_hip_yaw_joint,0.0,0.0,0.0
71,0.710085510,left_hip_roll_joint,-0.1,-0.1,0.0
71,0.710085510,left_hip_pitch_joint,0.878,0.63,-0.248
71,0.710085510,left_knee_pitch_joint,-0.13,-0.15,-0.01999999999999999
71,0.710085510,left_ankle_pitch_joint,0.65,0.91,0.26
71,0.710085510,left_ankle_roll_joint,0.1,0.1,0.0
72,0.720062899,right_hip_yaw_joint,0.0,0.0,0.0
72,0.720062899,right_hip_roll_joint,0.1,0.1,0.0
72,0.720062899,right_hip_pitch_joint,-0.878,-0.63,0.248
72,0.720062899,right_knee_pitch_joint,0.13,0.15,0.01999999999999999
72,0.720062899,right_ankle_pitch_joint,-0.65,-0.91,-0.26
72,0.720062899,right_ankle_roll_joint,-0.1,-0.1,0.0
72,0.720062899,left_hip_yaw_joint,0.0,0.0,0.0
72,0.720062899,left_hip_roll_joint,-0.1,-0.1,0.0
72,0.720062899,left_hip_pitch_joint,0.878,0.63,-0.248
72,0.720062899,left_knee_pitch_joint,-0.13,-0.15,-0.01999999999999999
72,0.720062899,left_ankle_pitch_joint,0.65,0.91,0.26
72,0.720062899,left_ankle_roll_joint,0.1,0.1,0.0
73,0.730068076,right_hip_yaw_joint,0.0,0.0,0.0
73,0.730068076,right_hip_roll_joint,0.1,0.1,0.0
73,0.730068076,right_hip_pitch_joint,-0.878,-0.63,0.248
73,0.730068076,right_knee_pitch_joint,0.13,0.15,0.01999999999999999
73,0.730068076,right_ankle_pitch_joint,-0.65,-0.91,-0.26
73,0.730068076,right_ankle_roll_joint,-0.1,-0.1,0.0
73,0.730068076,left_hip_yaw_joint,0.0,0.0,0.0
73,0.730068076,left_hip_roll_joint,-0.1,-0.1,0.0
73,0.730068076,left_hip_pitch_joint,0.878,0.63,-0.248
73,0.730068076,left_knee_pitch_joint,-0.13,-0.15,-0.01999999999999999
73,0.730068076,left_ankle_pitch_joint,0.65,0.91,0.26
73,0.730068076,left_ankle_roll_joint,0.1,0.1,0.0
74,0.740057450,right_hip_yaw_joint,0.0,0.0,0.0
74,0.740057450,right_hip_roll_joint,0.1,0.1,0.0
74,0.740057450,right_hip_pitch_joint,-0.878,-0.63,0.248
74,0.740057450,right_knee_pitch_joint,0.13,0.15,0.01999999999999999
74,0.740057450,right_ankle_pitch_joint,-0.65,-0.91,-0.26
74,0.740057450,right_ankle_roll_joint,-0.1,-0.1,0.0
74,0.740057450,left_hip_yaw_joint,0.0,0.0,0.0
74,0.740057450,left_hip_roll_joint,-0.1,-0.1,0.0
74,0.740057450,left_hip_pitch_joint,0.878,0.63,-0.248
74,0.740057450,left_knee_pitch_joint,-0.13,-0.15,-0.01999999999999999
74,0.740057450,left_ankle_pitch_joint,0.65,0.91,0.26
74,0.740057450,left_ankle_roll_joint,0.1,0.1,0.0
75,0.750076278,right_hip_yaw_joint,0.0,0.0,0.0
75,0.750076278,right_hip_roll_joint,0.1,0.1,0.0
75,0.750076278,right_hip_pitch_joint,-0.878,-0.63,0.248
75,0.750076278,right_knee_pitch_joint,0.13,0.15,0.01999999999999999
75,0.750076278,right_ankle_pitch_joint,-0.65,-0.91,-0.26
75,0.750076278,right_ankle_roll_joint,-0.1,-0.1,0.0
75,0.750076278,left_hip_yaw_joint,0.0,0.0,0.0
75,0.750076278,left_hip_roll_joint,-0.1,-0.1,0.0
75,0.750076278,left_hip_pitch_joint,0.878,0.63,-0.248
75,0.750076278,left_knee_pitch_joint,-0.13,-0.15,-0.01999999999999999
75,0.750076278,left_ankle_pitch_joint,0.65,0.91,0.26
75,0.750076278,left_ankle_roll_joint,0.1,0.1,0.0
76,0.760056349,right_hip_yaw_joint,0.0,0.0,0.0
76,0.760056349,right_hip_roll_joint,0.1,0.1,0.0
76,0.760056349,right_hip_pitch_joint,-0.878,-0.63,0.248
76,0.760056349,right_knee_pitch_joint,0.13,0.15,0.01999999999999999
76,0.760056349,right_ankle_pitch_joint,-0.65,-0.91,-0.26
76,0.760056349,right_ankle_roll_joint,-0.1,-0.1,0.0
76,0.760056349,left_hip_yaw_joint,0.0,0.0,0.0
76,0.760056349,left_hip_roll_joint,-0.1,-0.1,0.0
76,0.760056349,left_hip_pitch_joint,0.878,0.63,-0.248
76,0.760056349,left_knee_pitch_joint,-0.13,-0.15,-0.01999999999999999
76,0.760056349,left_ankle_pitch_joint,0.65,0.91,0.26
76,0.760056349,left_ankle_roll_joint,0.1,0.1,0.0
77,0.770057049,right_hip_yaw_joint,0.0,0.0,0.0
77,0.770057049,right_hip_roll_joint,0.1,0.1,0.0
77,0.770057049,right_hip_pitch_joint,-0.878,-0.63,0.248
77,0.770057049,right_knee_pitch_joint,0.13,0.15,0.01999999999999999
77,0.770057049,right_ankle_pitch_joint,-0.65,-0.91,-0.26
77,0.770057049,right_ankle_roll_joint,-0.1,-0.1,0.0
77,0.770057049,left_hip_yaw_joint,0.0,0.0,0.0
77,0.770057049,left_hip_roll_joint,-0.1,-0.1,0.0
77,0.770057049,left_hip_pitch_joint,0.878,0.63,-0.248
77,0.770057049,left_knee_pitch_joint,-0.13,-0.15,-0.01999999999999999
77,0.770057049,left_ankle_pitch_joint,0.65,0.91,0.26
77,0.770057049,left_ankle_roll_joint,0.1,0.1,0.0
78,0.780071955,right_hip_yaw_joint,0.0,0.0,0.0
78,0.780071955,right_hip_roll_joint,0.1,0.1,0.0
78,0.780071955,right_hip_pitch_joint,-0.878,-0.63,0.248
78,0.780071955,right_knee_pitch_joint,0.13,0.15,0.01999999999999999
78,0.780071955,right_ankle_pitch_joint,-0.65,-0.91,-0.26
78,0.780071955,right_ankle_roll_joint,-0.1,-0.1,0.0
78,0.780071955,left_hip_yaw_joint,0.0,0.0,0.0
78,0.780071955,left_hip_roll_joint,-0.1,-0.1,0.0
78,0.780071955,left_hip_pitch_joint,0.878,0.63,-0.248
78,0.780071955,left_knee_pitch_joint,-0.13,-0.15,-0.01999999999999999
78,0.780071955,left_ankle_pitch_joint,0.65,0.91,0.26
78,0.780071955,left_ankle_roll_joint,0.1,0.1,0.0
79,0.790057304,right_hip_yaw_joint,0.0,0.0,0.0
79,0.790057304,right_hip_roll_joint,0.1,0.1,0.0
79,0.790057304,right_hip_pitch_joint,-0.878,-0.63,0.248
79,0.790057304,right_knee_pitch_joint,0.13,0.15,0.01999999999999999
79,0.790057304,right_ankle_pitch_joint,-0.65,-0.91,-0.26
79,0.790057304,right_ankle_roll_joint,-0.1,-0.1,0.0
79,0.790057304,left_hip_yaw_joint,0.0,0.0,0.0
79,0.790057304,left_hip_roll_joint,-0.1,-0.1,0.0
79,0.790057304,left_hip_pitch_joint,0.878,0.63,-0.248
79,0.790057304,left_knee_pitch_joint,-0.13,-0.15,-0.01999999999999999
79,0.790057304,left_ankle_pitch_joint,0.65,0.91,0.26
79,0.790057304,left_ankle_roll_joint,0.1,0.1,0.0
80,0.800058286,right_hip_yaw_joint,0.0,0.0,0.0
80,0.800058286,right_hip_roll_joint,0.1,0.1,0.0
80,0.800058286,right_hip_pitch_joint,-0.878,-0.63,0.248
80,0.800058286,right_knee_pitch_joint,0.13,0.15,0.01999999999999999
80,0.800058286,right_ankle_pitch_joint,-0.65,-0.91,-0.26
80,0.800058286,right_ankle_roll_joint,-0.1,-0.1,0.0
80,0.800058286,left_hip_yaw_joint,0.0,0.0,0.0
80,0.800058286,left_hip_roll_joint,-0.1,-0.1,0.0
80,0.800058286,left_hip_pitch_joint,0.878,0.63,-0.248
80,0.800058286,left_knee_pitch_joint,-0.13,-0.15,-0.01999999999999999
80,0.800058286,left_ankle_pitch_joint,0.65,0.91,0.26
80,0.800058286,left_ankle_roll_joint,0.1,0.1,0.0
81,0.810082310,right_hip_yaw_joint,0.0,0.0,0.0
81,0.810082310,right_hip_roll_joint,0.1,0.1,0.0
81,0.810082310,right_hip_pitch_joint,-0.878,-0.63,0.248
81,0.810082310,right_knee_pitch_joint,0.13,0.15,0.01999999999999999
81,0.810082310,right_ankle_pitch_joint,-0.65,-0.91,-0.26
81,0.810082310,right_ankle_roll_joint,-0.1,-0.1,0.0
81,0.810082310,left_hip_yaw_joint,0.0,0.0,0.0
81,0.810082310,left_hip_roll_joint,-0.1,-0.1,0.0
81,0.810082310,left_hip_pitch_joint,0.878,0.63,-0.248
81,0.810082310,left_knee_pitch_joint,-0.13,-0.15,-0.01999999999999999
81,0.810082310,left_ankle_pitch_joint,0.65,0.91,0.26
81,0.810082310,left_ankle_roll_joint,0.1,0.1,0.0
82,0.820056598,right_hip_yaw_joint,0.0,0.0,0.0
82,0.820056598,right_hip_roll_joint,0.1,0.1,0.0
82,0.820056598,right_hip_pitch_joint,-0.878,-0.63,0.248
82,0.820056598,right_knee_pitch_joint,0.13,0.15,0.01999999999999999
82,0.820056598,right_ankle_pitch_joint,-0.65,-0.91,-0.26
82,0.820056598,right_ankle_roll_joint,-0.1,-0.1,0.0
82,0.820056598,left_hip_yaw_joint,0.0,0.0,0.0
82,0.820056598,left_hip_roll_joint,-0.1,-0.1,0.0
82,0.820056598,left_hip_pitch_joint,0.878,0.63,-0.248
82,0.820056598,left_knee_pitch_joint,-0.13,-0.15,-0.01999999999999999
82,0.820056598,left_ankle_pitch_joint,0.65,0.91,0.26
82,0.820056598,left_ankle_roll_joint,0.1,0.1,0.0
83,0.830075900,right_hip_yaw_joint,0.0,0.0,0.0
83,0.830075900,right_hip_roll_joint,0.1,0.1,0.0
83,0.830075900,right_hip_pitch_joint,-0.878,-0.63,0.248
83,0.830075900,right_knee_pitch_joint,0.13,0.15,0.01999999999999999
83,0.830075900,right_ankle_pitch_joint,-0.65,-0.91,-0.26
83,0.830075900,right_ankle_roll_joint,-0.1,-0.1,0.0
83,0.830075900,left_hip_yaw_joint,0.0,0.0,0.0
83,0.830075900,left_hip_roll_joint,-0.1,-0.1,0.0
83,0.830075900,left_hip_pitch_joint,0.878,0.63,-0.248
83,0.830075900,left_knee_pitch_joint,-0.13,-0.15,-0.01999999999999999
83,0.830075900,left_ankle_pitch_joint,0.65,0.91,0.26
83,0.830075900,left_ankle_roll_joint,0.1,0.1,0.0
84,0.840070653,right_hip_yaw_joint,0.0,0.0,0.0
84,0.840070653,right_hip_roll_joint,0.1,0.1,0.0
84,0.840070653,right_hip_pitch_joint,-0.878,-0.63,0.248
84,0.840070653,right_knee_pitch_joint,0.13,0.15,0.01999999999999999
84,0.840070653,right_ankle_pitch_joint,-0.65,-0.91,-0.26
84,0.840070653,right_ankle_roll_joint,-0.1,-0.1,0.0
84,0.840070653,left_hip_yaw_joint,0.0,0.0,0.0
84,0.840070653,left_hip_roll_joint,-0.1,-0.1,0.0
84,0.840070653,left_hip_pitch_joint,0.878,0.63,-0.248
84,0.840070653,left_knee_pitch_joint,-0.13,-0.15,-0.01999999999999999
84,0.840070653,left_ankle_pitch_joint,0.65,0.91,0.26
84,0.840070653,left_ankle_roll_joint,0.1,0.1,0.0
85,0.850074665,right_hip_yaw_joint,0.0,0.0,0.0
85,0.850074665,right_hip_roll_joint,0.1,0.1,0.0
85,0.850074665,right_hip_pitch_joint,-0.878,-0.63,0.248
85,0.850074665,right_knee_pitch_joint,0.13,0.15,0.01999999999999999
85,0.850074665,right_ankle_pitch_joint,-0.65,-0.91,-0.26
85,0.850074665,right_ankle_roll_joint,-0.1,-0.1,0.0
85,0.850074665,left_hip_yaw_joint,0.0,0.0,0.0
85,0.850074665,left_hip_roll_joint,-0.1,-0.1,0.0
85,0.850074665,left_hip_pitch_joint,0.878,0.63,-0.248
85,0.850074665,left_knee_pitch_joint,-0.13,-0.15,-0.01999999999999999
85,0.850074665,left_ankle_pitch_joint,0.65,0.91,0.26
85,0.850074665,left_ankle_roll_joint,0.1,0.1,0.0
86,0.860059255,right_hip_yaw_joint,0.0,0.0,0.0
86,0.860059255,right_hip_roll_joint,0.1,0.1,0.0
86,0.860059255,right_hip_pitch_joint,-0.878,-0.63,0.248
86,0.860059255,right_knee_pitch_joint,0.13,0.15,0.01999999999999999
86,0.860059255,right_ankle_pitch_joint,-0.65,-0.91,-0.26
86,0.860059255,right_ankle_roll_joint,-0.1,-0.1,0.0
86,0.860059255,left_hip_yaw_joint,0.0,0.0,0.0
86,0.860059255,left_hip_roll_joint,-0.1,-0.1,0.0
86,0.860059255,left_hip_pitch_joint,0.878,0.63,-0.248
86,0.860059255,left_knee_pitch_joint,-0.13,-0.15,-0.01999999999999999
86,0.860059255,left_ankle_pitch_joint,0.65,0.91,0.26
86,0.860059255,left_ankle_roll_joint,0.1,0.1,0.0
87,0.870075045,right_hip_yaw_joint,0.0,0.0,0.0
87,0.870075045,right_hip_roll_joint,0.1,0.1,0.0
87,0.870075045,right_hip_pitch_joint,-0.878,-0.63,0.248
87,0.870075045,right_knee_pitch_joint,0.13,0.15,0.01999999999999999
87,0.870075045,right_ankle_pitch_joint,-0.65,-0.91,-0.26
87,0.870075045,right_ankle_roll_joint,-0.1,-0.1,0.0
87,0.870075045,left_hip_yaw_joint,0.0,0.0,0.0
87,0.870075045,left_hip_roll_joint,-0.1,-0.1,0.0
87,0.870075045,left_hip_pitch_joint,0.878,0.63,-0.248
87,0.870075045,left_knee_pitch_joint,-0.13,-0.15,-0.01999999999999999
87,0.870075045,left_ankle_pitch_joint,0.65,0.91,0.26
87,0.870075045,left_ankle_roll_joint,0.1,0.1,0.0
88,0.880072567,right_hip_yaw_joint,0.0,0.0,0.0
88,0.880072567,right_hip_roll_joint,0.1,0.1,0.0
88,0.880072567,right_hip_pitch_joint,-0.878,-0.63,0.248
88,0.880072567,right_knee_pitch_joint,0.13,0.15,0.01999999999999999
88,0.880072567,right_ankle_pitch_joint,-0.65,-0.91,-0.26
88,0.880072567,right_ankle_roll_joint,-0.1,-0.1,0.0
88,0.880072567,left_hip_yaw_joint,0.0,0.0,0.0
88,0.880072567,left_hip_roll_joint,-0.1,-0.1,0.0
88,0.880072567,left_hip_pitch_joint,0.878,0.63,-0.248
88,0.880072567,left_knee_pitch_joint,-0.13,-0.15,-0.01999999999999999
88,0.880072567,left_ankle_pitch_joint,0.65,0.91,0.26
88,0.880072567,left_ankle_roll_joint,0.1,0.1,0.0
89,0.890081251,right_hip_yaw_joint,0.0,0.0,0.0
89,0.890081251,right_hip_roll_joint,0.1,0.1,0.0
89,0.890081251,right_hip_pitch_joint,-0.878,-0.63,0.248
89,0.890081251,right_knee_pitch_joint,0.13,0.15,0.01999999999999999
89,0.890081251,right_ankle_pitch_joint,-0.65,-0.91,-0.26
89,0.890081251,right_ankle_roll_joint,-0.1,-0.1,0.0
89,0.890081251,left_hip_yaw_joint,0.0,0.0,0.0
89,0.890081251,left_hip_roll_joint,-0.1,-0.1,0.0
89,0.890081251,left_hip_pitch_joint,0.878,0.63,-0.248
89,0.890081251,left_knee_pitch_joint,-0.13,-0.15,-0.01999999999999999
89,0.890081251,left_ankle_pitch_joint,0.65,0.91,0.26
89,0.890081251,left_ankle_roll_joint,0.1,0.1,0.0
90,0.900061207,right_hip_yaw_joint,0.0,0.0,0.0
90,0.900061207,right_hip_roll_joint,0.1,0.1,0.0
90,0.900061207,right_hip_pitch_joint,-0.878,-0.63,0.248
90,0.900061207,right_knee_pitch_joint,0.13,0.15,0.01999999999999999
90,0.900061207,right_ankle_pitch_joint,-0.65,-0.91,-0.26
90,0.900061207,right_ankle_roll_joint,-0.1,-0.1,0.0
90,0.900061207,left_hip_yaw_joint,0.0,0.0,0.0
90,0.900061207,left_hip_roll_joint,-0.1,-0.1,0.0
90,0.900061207,left_hip_pitch_joint,0.878,0.63,-0.248
90,0.900061207,left_knee_pitch_joint,-0.13,-0.15,-0.01999999999999999
90,0.900061207,left_ankle_pitch_joint,0.65,0.91,0.26
90,0.900061207,left_ankle_roll_joint,0.1,0.1,0.0
91,0.910060284,right_hip_yaw_joint,0.0,0.0,0.0
91,0.910060284,right_hip_roll_joint,0.1,0.1,0.0
91,0.910060284,right_hip_pitch_joint,-0.878,-0.63,0.248
91,0.910060284,right_knee_pitch_joint,0.13,0.15,0.01999999999999999
91,0.910060284,right_ankle_pitch_joint,-0.65,-0.91,-0.26
91,0.910060284,right_ankle_roll_joint,-0.1,-0.1,0.0
91,0.910060284,left_hip_yaw_joint,0.0,0.0,0.0
91,0.910060284,left_hip_roll_joint,-0.1,-0.1,0.0
91,0.910060284,left_hip_pitch_joint,0.878,0.63,-0.248
91,0.910060284,left_knee_pitch_joint,-0.13,-0.15,-0.01999999999999999
91,0.910060284,left_ankle_pitch_joint,0.65,0.91,0.26
91,0.910060284,left_ankle_roll_joint,0.1,0.1,0.0
92,0.920081676,right_hip_yaw_joint,0.0,0.0,0.0
92,0.920081676,right_hip_roll_joint,0.1,0.1,0.0
92,0.920081676,right_hip_pitch_joint,-0.878,-0.63,0.248
92,0.920081676,right_knee_pitch_joint,0.13,0.15,0.01999999999999999
92,0.920081676,right_ankle_pitch_joint,-0.65,-0.91,-0.26
92,0.920081676,right_ankle_roll_joint,-0.1,-0.1,0.0
92,0.920081676,left_hip_yaw_joint,0.0,0.0,0.0
92,0.920081676,left_hip_roll_joint,-0.1,-0.1,0.0
92,0.920081676,left_hip_pitch_joint,0.878,0.63,-0.248
92,0.920081676,left_knee_pitch_joint,-0.13,-0.15,-0.01999999999999999
92,0.920081676,left_ankle_pitch_joint,0.65,0.91,0.26
92,0.920081676,left_ankle_roll_joint,0.1,0.1,0.0
93,0.930058741,right_hip_yaw_joint,0.0,0.0,0.0
93,0.930058741,right_hip_roll_joint,0.1,0.1,0.0
93,0.930058741,right_hip_pitch_joint,-0.878,-0.63,0.248
93,0.930058741,right_knee_pitch_joint,0.13,0.15,0.01999999999999999
93,0.930058741,right_ankle_pitch_joint,-0.65,-0.91,-0.26
93,0.930058741,right_ankle_roll_joint,-0.1,-0.1,0.0
93,0.930058741,left_hip_yaw_joint,0.0,0.0,0.0
93,0.930058741,left_hip_roll_joint,-0.1,-0.1,0.0
93,0.930058741,left_hip_pitch_joint,0.878,0.63,-0.248
93,0.930058741,left_knee_pitch_joint,-0.13,-0.15,-0.01999999999999999
93,0.930058741,left_ankle_pitch_joint,0.65,0.91,0.26
93,0.930058741,left_ankle_roll_joint,0.1,0.1,0.0
94,0.940071476,right_hip_yaw_joint,0.0,0.0,0.0
94,0.940071476,right_hip_roll_joint,0.1,0.1,0.0
94,0.940071476,right_hip_pitch_joint,-0.878,-0.63,0.248
94,0.940071476,right_knee_pitch_joint,0.13,0.15,0.01999999999999999
94,0.940071476,right_ankle_pitch_joint,-0.65,-0.91,-0.26
94,0.940071476,right_ankle_roll_joint,-0.1,-0.1,0.0
94,0.940071476,left_hip_yaw_joint,0.0,0.0,0.0
94,0.940071476,left_hip_roll_joint,-0.1,-0.1,0.0
94,0.940071476,left_hip_pitch_joint,0.878,0.63,-0.248
94,0.940071476,left_knee_pitch_joint,-0.13,-0.15,-0.01999999999999999
94,0.940071476,left_ankle_pitch_joint,0.65,0.91,0.26
94,0.940071476,left_ankle_roll_joint,0.1,0.1,0.0
95,0.950060095,right_hip_yaw_joint,0.0,0.0,0.0
95,0.950060095,right_hip_roll_joint,0.1,0.1,0.0
95,0.950060095,right_hip_pitch_joint,-0.878,-0.63,0.248
95,0.950060095,right_knee_pitch_joint,0.13,0.15,0.01999999999999999
95,0.950060095,right_ankle_pitch_joint,-0.65,-0.91,-0.26
95,0.950060095,right_ankle_roll_joint,-0.1,-0.1,0.0
95,0.950060095,left_hip_yaw_joint,0.0,0.0,0.0
95,0.950060095,left_hip_roll_joint,-0.1,-0.1,0.0
95,0.950060095,left_hip_pitch_joint,0.878,0.63,-0.248
95,0.950060095,left_knee_pitch_joint,-0.13,-0.15,-0.01999999999999999
95,0.950060095,left_ankle_pitch_joint,0.65,0.91,0.26
95,0.950060095,left_ankle_roll_joint,0.1,0.1,0.0
96,0.960076879,right_hip_yaw_joint,0.0,0.0,0.0
96,0.960076879,right_hip_roll_joint,0.1,0.1,0.0
96,0.960076879,right_hip_pitch_joint,-0.878,-0.63,0.248
96,0.960076879,right_knee_pitch_joint,0.13,0.15,0.01999999999999999
96,0.960076879,right_ankle_pitch_joint,-0.65,-0.91,-0.26
96,0.960076879,right_ankle_roll_joint,-0.1,-0.1,0.0
96,0.960076879,left_hip_yaw_joint,0.0,0.0,0.0
96,0.960076879,left_hip_roll_joint,-0.1,-0.1,0.0
96,0.960076879,left_hip_pitch_joint,0.878,0.63,-0.248
96,0.960076879,left_knee_pitch_joint,-0.13,-0.15,-0.01999999999999999
96,0.960076879,left_ankle_pitch_joint,0.65,0.91,0.26
96,0.960076879,left_ankle_roll_joint,0.1,0.1,0.0
97,0.970056886,right_hip_yaw_joint,0.0,0.0,0.0
97,0.970056886,right_hip_roll_joint,0.1,0.1,0.0
97,0.970056886,right_hip_pitch_joint,-0.878,-0.63,0.248
97,0.970056886,right_knee_pitch_joint,0.13,0.15,0.01999999999999999
97,0.970056886,right_ankle_pitch_joint,-0.65,-0.91,-0.26
97,0.970056886,right_ankle_roll_joint,-0.1,-0.1,0.0
97,0.970056886,left_hip_yaw_joint,0.0,0.0,0.0
97,0.970056886,left_hip_roll_joint,-0.1,-0.1,0.0
97,0.970056886,left_hip_pitch_joint,0.878,0.63,-0.248
97,0.970056886,left_knee_pitch_joint,-0.13,-0.15,-0.01999999999999999
97,0.970056886,left_ankle_pitch_joint,0.65,0.91,0.26
97,0.970056886,left_ankle_roll_joint,0.1,0.1,0.0
98,0.980059160,right_hip_yaw_joint,0.0,0.0,0.0
98,0.980059160,right_hip_roll_joint,0.1,0.1,0.0
98,0.980059160,right_hip_pitch_joint,-0.878,-0.63,0.248
98,0.980059160,right_knee_pitch_joint,0.13,0.15,0.01999999999999999
98,0.980059160,right_ankle_pitch_joint,-0.65,-0.91,-0.26
98,0.980059160,right_ankle_roll_joint,-0.1,-0.1,0.0
98,0.980059160,left_hip_yaw_joint,0.0,0.0,0.0
98,0.980059160,left_hip_roll_joint,-0.1,-0.1,0.0
98,0.980059160,left_hip_pitch_joint,0.878,0.63,-0.248
98,0.980059160,left_knee_pitch_joint,-0.13,-0.15,-0.01999999999999999
98,0.980059160,left_ankle_pitch_joint,0.65,0.91,0.26
98,0.980059160,left_ankle_roll_joint,0.1,0.1,0.0
99,0.990080216,right_hip_yaw_joint,0.0,0.0,0.0
99,0.990080216,right_hip_roll_joint,0.1,0.1,0.0
99,0.990080216,right_hip_pitch_joint,-0.878,-0.63,0.248
99,0.990080216,right_knee_pitch_joint,0.13,0.15,0.01999999999999999
99,0.990080216,right_ankle_pitch_joint,-0.65,-0.91,-0.26
99,0.990080216,right_ankle_roll_joint,-0.1,-0.1,0.0
99,0.990080216,left_hip_yaw_joint,0.0,0.0,0.0
99,0.990080216,left_hip_roll_joint,-0.1,-0.1,0.0
99,0.990080216,left_hip_pitch_joint,0.878,0.63,-0.248
99,0.990080216,left_knee_pitch_joint,-0.13,-0.15,-0.01999999999999999
99,0.990080216,left_ankle_pitch_joint,0.65,0.91,0.26
99,0.990080216,left_ankle_roll_joint,0.1,0.1,0.0
100,1.000059071,right_hip_yaw_joint,0.0,0.0,0.0
100,1.000059071,right_hip_roll_joint,0.1,0.1,0.0
100,1.000059071,right_hip_pitch_joint,-0.878,-0.63,0.248
100,1.000059071,right_knee_pitch_joint,0.13,0.15,0.01999999999999999
100,1.000059071,right_ankle_pitch_joint,-0.65,-0.91,-0.26
100,1.000059071,right_ankle_roll_joint,-0.1,-0.1,0.0
100,1.000059071,left_hip_yaw_joint,0.0,0.0,0.0
100,1.000059071,left_hip_roll_joint,-0.1,-0.1,0.0
100,1.000059071,left_hip_pitch_joint,0.878,0.63,-0.248
100,1.000059071,left_knee_pitch_joint,-0.13,-0.15,-0.01999999999999999
100,1.000059071,left_ankle_pitch_joint,0.65,0.91,0.26
100,1.000059071,left_ankle_roll_joint,0.1,0.1,0.0
101,1.010074439,right_hip_yaw_joint,0.0,0.0,0.0
101,1.010074439,right_hip_roll_joint,0.1,0.1,0.0
101,1.010074439,right_hip_pitch_joint,-0.878,-0.63,0.248
101,1.010074439,right_knee_pitch_joint,0.13,0.15,0.01999999999999999
101,1.010074439,right_ankle_pitch_joint,-0.65,-0.91,-0.26
101,1.010074439,right_ankle_roll_joint,-0.1,-0.1,0.0
101,1.010074439,left_hip_yaw_joint,0.0,0.0,0.0
101,1.010074439,left_hip_roll_joint,-0.1,-0.1,0.0
101,1.010074439,left_hip_pitch_joint,0.878,0.63,-0.248
101,1.010074439,left_knee_pitch_joint,-0.13,-0.15,-0.01999999999999999
101,1.010074439,left_ankle_pitch_joint,0.65,0.91,0.26
101,1.010074439,left_ankle_roll_joint,0.1,0.1,0.0
102,1.020057887,right_hip_yaw_joint,0.0,0.0,0.0
102,1.020057887,right_hip_roll_joint,0.1,0.1,0.0
102,1.020057887,right_hip_pitch_joint,-0.878,-0.63,0.248
102,1.020057887,right_knee_pitch_joint,0.13,0.15,0.01999999999999999
102,1.020057887,right_ankle_pitch_joint,-0.65,-0.91,-0.26
102,1.020057887,right_ankle_roll_joint,-0.1,-0.1,0.0
102,1.020057887,left_hip_yaw_joint,0.0,0.0,0.0
102,1.020057887,left_hip_roll_joint,-0.1,-0.1,0.0
102,1.020057887,left_hip_pitch_joint,0.878,0.63,-0.248
102,1.020057887,left_knee_pitch_joint,-0.13,-0.15,-0.01999999999999999
102,1.020057887,left_ankle_pitch_joint,0.65,0.91,0.26
102,1.020057887,left_ankle_roll_joint,0.1,0.1,0.0
103,1.030059159,right_hip_yaw_joint,0.0,0.0,0.0
103,1.030059159,right_hip_roll_joint,0.1,0.1,0.0
103,1.030059159,right_hip_pitch_joint,-0.878,-0.63,0.248
103,1.030059159,right_knee_pitch_joint,0.13,0.15,0.01999999999999999
103,1.030059159,right_ankle_pitch_joint,-0.65,-0.91,-0.26
103,1.030059159,right_ankle_roll_joint,-0.1,-0.1,0.0
103,1.030059159,left_hip_yaw_joint,0.0,0.0,0.0
103,1.030059159,left_hip_roll_joint,-0.1,-0.1,0.0
103,1.030059159,left_hip_pitch_joint,0.878,0.63,-0.248
103,1.030059159,left_knee_pitch_joint,-0.13,-0.15,-0.01999999999999999
103,1.030059159,left_ankle_pitch_joint,0.65,0.91,0.26
103,1.030059159,left_ankle_roll_joint,0.1,0.1,0.0
104,1.040058594,right_hip_yaw_joint,0.0,0.0,0.0
104,1.040058594,right_hip_roll_joint,0.1,0.1,0.0
104,1.040058594,right_hip_pitch_joint,-0.878,-0.63,0.248
104,1.040058594,right_knee_pitch_joint,0.13,0.15,0.01999999999999999
104,1.040058594,right_ankle_pitch_joint,-0.65,-0.91,-0.26
104,1.040058594,right_ankle_roll_joint,-0.1,-0.1,0.0
104,1.040058594,left_hip_yaw_joint,0.0,0.0,0.0
104,1.040058594,left_hip_roll_joint,-0.1,-0.1,0.0
104,1.040058594,left_hip_pitch_joint,0.878,0.63,-0.248
104,1.040058594,left_knee_pitch_joint,-0.13,-0.15,-0.01999999999999999
104,1.040058594,left_ankle_pitch_joint,0.65,0.91,0.26
104,1.040058594,left_ankle_roll_joint,0.1,0.1,0.0
105,1.050080054,right_hip_yaw_joint,0.0,0.0,0.0
105,1.050080054,right_hip_roll_joint,0.1,0.1,0.0
105,1.050080054,right_hip_pitch_joint,-0.878,-0.63,0.248
105,1.050080054,right_knee_pitch_joint,0.13,0.15,0.01999999999999999
105,1.050080054,right_ankle_pitch_joint,-0.65,-0.91,-0.26
105,1.050080054,right_ankle_roll_joint,-0.1,-0.1,0.0
105,1.050080054,left_hip_yaw_joint,0.0,0.0,0.0
105,1.050080054,left_hip_roll_joint,-0.1,-0.1,0.0
105,1.050080054,left_hip_pitch_joint,0.878,0.63,-0.248
105,1.050080054,left_knee_pitch_joint,-0.13,-0.15,-0.01999999999999999
105,1.050080054,left_ankle_pitch_joint,0.65,0.91,0.26
105,1.050080054,left_ankle_roll_joint,0.1,0.1,0.0
106,1.060073438,right_hip_yaw_joint,0.0,0.0,0.0
106,1.060073438,right_hip_roll_joint,0.1,0.1,0.0
106,1.060073438,right_hip_pitch_joint,-0.878,-0.63,0.248
106,1.060073438,right_knee_pitch_joint,0.13,0.15,0.01999999999999999
106,1.060073438,right_ankle_pitch_joint,-0.65,-0.91,-0.26
106,1.060073438,right_ankle_roll_joint,-0.1,-0.1,0.0
106,1.060073438,left_hip_yaw_joint,0.0,0.0,0.0
106,1.060073438,left_hip_roll_joint,-0.1,-0.1,0.0
106,1.060073438,left_hip_pitch_joint,0.878,0.63,-0.248
106,1.060073438,left_knee_pitch_joint,-0.13,-0.15,-0.01999999999999999
106,1.060073438,left_ankle_pitch_joint,0.65,0.91,0.26
106,1.060073438,left_ankle_roll_joint,0.1,0.1,0.0
107,1.070056689,right_hip_yaw_joint,0.0,0.0,0.0
107,1.070056689,right_hip_roll_joint,0.1,0.1,0.0
107,1.070056689,right_hip_pitch_joint,-0.878,-0.63,0.248
107,1.070056689,right_knee_pitch_joint,0.13,0.15,0.01999999999999999
107,1.070056689,right_ankle_pitch_joint,-0.65,-0.91,-0.26
107,1.070056689,right_ankle_roll_joint,-0.1,-0.1,0.0
107,1.070056689,left_hip_yaw_joint,0.0,0.0,0.0
107,1.070056689,left_hip_roll_joint,-0.1,-0.1,0.0
107,1.070056689,left_hip_pitch_joint,0.878,0.63,-0.248
107,1.070056689,left_knee_pitch_joint,-0.13,-0.15,-0.01999999999999999
107,1.070056689,left_ankle_pitch_joint,0.65,0.91,0.26
107,1.070056689,left_ankle_roll_joint,0.1,0.1,0.0
108,1.080079910,right_hip_yaw_joint,0.0,0.0,0.0
108,1.080079910,right_hip_roll_joint,0.1,0.1,0.0
108,1.080079910,right_hip_pitch_joint,-0.878,-0.63,0.248
108,1.080079910,right_knee_pitch_joint,0.13,0.15,0.01999999999999999
108,1.080079910,right_ankle_pitch_joint,-0.65,-0.91,-0.26
108,1.080079910,right_ankle_roll_joint,-0.1,-0.1,0.0
108,1.080079910,left_hip_yaw_joint,0.0,0.0,0.0
108,1.080079910,left_hip_roll_joint,-0.1,-0.1,0.0
108,1.080079910,left_hip_pitch_joint,0.878,0.63,-0.248
108,1.080079910,left_knee_pitch_joint,-0.13,-0.15,-0.01999999999999999
108,1.080079910,left_ankle_pitch_joint,0.65,0.91,0.26
108,1.080079910,left_ankle_roll_joint,0.1,0.1,0.0
109,1.090084325,right_hip_yaw_joint,0.0,0.0,0.0
109,1.090084325,right_hip_roll_joint,0.1,0.1,0.0
109,1.090084325,right_hip_pitch_joint,-0.878,-0.63,0.248
109,1.090084325,right_knee_pitch_joint,0.13,0.15,0.01999999999999999
109,1.090084325,right_ankle_pitch_joint,-0.65,-0.91,-0.26
109,1.090084325,right_ankle_roll_joint,-0.1,-0.1,0.0
109,1.090084325,left_hip_yaw_joint,0.0,0.0,0.0
109,1.090084325,left_hip_roll_joint,-0.1,-0.1,0.0
109,1.090084325,left_hip_pitch_joint,0.878,0.63,-0.248
109,1.090084325,left_knee_pitch_joint,-0.13,-0.15,-0.01999999999999999
109,1.090084325,left_ankle_pitch_joint,0.65,0.91,0.26
109,1.090084325,left_ankle_roll_joint,0.1,0.1,0.0
110,1.100059703,right_hip_yaw_joint,0.0,0.0,0.0
110,1.100059703,right_hip_roll_joint,0.1,0.1,0.0
110,1.100059703,right_hip_pitch_joint,-0.878,-0.63,0.248
110,1.100059703,right_knee_pitch_joint,0.13,0.15,0.01999999999999999
110,1.100059703,right_ankle_pitch_joint,-0.65,-0.91,-0.26
110,1.100059703,right_ankle_roll_joint,-0.1,-0.1,0.0
110,1.100059703,left_hip_yaw_joint,0.0,0.0,0.0
110,1.100059703,left_hip_roll_joint,-0.1,-0.1,0.0
110,1.100059703,left_hip_pitch_joint,0.878,0.63,-0.248
110,1.100059703,left_knee_pitch_joint,-0.13,-0.15,-0.01999999999999999
110,1.100059703,left_ankle_pitch_joint,0.65,0.91,0.26
110,1.100059703,left_ankle_roll_joint,0.1,0.1,0.0
111,1.110082811,right_hip_yaw_joint,0.0,0.0,0.0
111,1.110082811,right_hip_roll_joint,0.1,0.1,0.0
111,1.110082811,right_hip_pitch_joint,-0.878,-0.63,0.248
111,1.110082811,right_knee_pitch_joint,0.13,0.15,0.01999999999999999
111,1.110082811,right_ankle_pitch_joint,-0.65,-0.91,-0.26
111,1.110082811,right_ankle_roll_joint,-0.1,-0.1,0.0
111,1.110082811,left_hip_yaw_joint,0.0,0.0,0.0
111,1.110082811,left_hip_roll_joint,-0.1,-0.1,0.0
111,1.110082811,left_hip_pitch_joint,0.878,0.63,-0.248
111,1.110082811,left_knee_pitch_joint,-0.13,-0.15,-0.01999999999999999
111,1.110082811,left_ankle_pitch_joint,0.65,0.91,0.26
111,1.110082811,left_ankle_roll_joint,0.1,0.1,0.0
112,1.120084086,right_hip_yaw_joint,0.0,0.0,0.0
112,1.120084086,right_hip_roll_joint,0.1,0.1,0.0
112,1.120084086,right_hip_pitch_joint,-0.878,-0.63,0.248
112,1.120084086,right_knee_pitch_joint,0.13,0.15,0.01999999999999999
112,1.120084086,right_ankle_pitch_joint,-0.65,-0.91,-0.26
112,1.120084086,right_ankle_roll_joint,-0.1,-0.1,0.0
112,1.120084086,left_hip_yaw_joint,0.0,0.0,0.0
112,1.120084086,left_hip_roll_joint,-0.1,-0.1,0.0
112,1.120084086,left_hip_pitch_joint,0.878,0.63,-0.248
112,1.120084086,left_knee_pitch_joint,-0.13,-0.15,-0.01999999999999999
112,1.120084086,left_ankle_pitch_joint,0.65,0.91,0.26
112,1.120084086,left_ankle_roll_joint,0.1,0.1,0.0
113,1.130058980,right_hip_yaw_joint,0.0,0.0,0.0
113,1.130058980,right_hip_roll_joint,0.1,0.1,0.0
113,1.130058980,right_hip_pitch_joint,-0.878,-0.63,0.248
113,1.130058980,right_knee_pitch_joint,0.13,0.15,0.01999999999999999
113,1.130058980,right_ankle_pitch_joint,-0.65,-0.91,-0.26
113,1.130058980,right_ankle_roll_joint,-0.1,-0.1,0.0
113,1.130058980,left_hip_yaw_joint,0.0,0.0,0.0
113,1.130058980,left_hip_roll_joint,-0.1,-0.1,0.0
113,1.130058980,left_hip_pitch_joint,0.878,0.63,-0.248
113,1.130058980,left_knee_pitch_joint,-0.13,-0.15,-0.01999999999999999
113,1.130058980,left_ankle_pitch_joint,0.65,0.91,0.26
113,1.130058980,left_ankle_roll_joint,0.1,0.1,0.0
114,1.140063482,right_hip_yaw_joint,0.0,0.0,0.0
114,1.140063482,right_hip_roll_joint,0.1,0.1,0.0
114,1.140063482,right_hip_pitch_joint,-0.878,-0.63,0.248
114,1.140063482,right_knee_pitch_joint,0.13,0.15,0.01999999999999999
114,1.140063482,right_ankle_pitch_joint,-0.65,-0.91,-0.26
114,1.140063482,right_ankle_roll_joint,-0.1,-0.1,0.0
114,1.140063482,left_hip_yaw_joint,0.0,0.0,0.0
114,1.140063482,left_hip_roll_joint,-0.1,-0.1,0.0
114,1.140063482,left_hip_pitch_joint,0.878,0.63,-0.248
114,1.140063482,left_knee_pitch_joint,-0.13,-0.15,-0.01999999999999999
114,1.140063482,left_ankle_pitch_joint,0.65,0.91,0.26
114,1.140063482,left_ankle_roll_joint,0.1,0.1,0.0
115,1.150082531,right_hip_yaw_joint,0.0,0.0,0.0
115,1.150082531,right_hip_roll_joint,0.1,0.1,0.0
115,1.150082531,right_hip_pitch_joint,-0.878,-0.63,0.248
115,1.150082531,right_knee_pitch_joint,0.13,0.15,0.01999999999999999
115,1.150082531,right_ankle_pitch_joint,-0.65,-0.91,-0.26
115,1.150082531,right_ankle_roll_joint,-0.1,-0.1,0.0
115,1.150082531,left_hip_yaw_joint,0.0,0.0,0.0
115,1.150082531,left_hip_roll_joint,-0.1,-0.1,0.0
115,1.150082531,left_hip_pitch_joint,0.878,0.63,-0.248
115,1.150082531,left_knee_pitch_joint,-0.13,-0.15,-0.01999999999999999
115,1.150082531,left_ankle_pitch_joint,0.65,0.91,0.26
115,1.150082531,left_ankle_roll_joint,0.1,0.1,0.0
116,1.160057128,right_hip_yaw_joint,0.0,0.0,0.0
116,1.160057128,right_hip_roll_joint,0.1,0.1,0.0
116,1.160057128,right_hip_pitch_joint,-0.878,-0.63,0.248
116,1.160057128,right_knee_pitch_joint,0.13,0.15,0.01999999999999999
116,1.160057128,right_ankle_pitch_joint,-0.65,-0.91,-0.26
116,1.160057128,right_ankle_roll_joint,-0.1,-0.1,0.0
116,1.160057128,left_hip_yaw_joint,0.0,0.0,0.0
116,1.160057128,left_hip_roll_joint,-0.1,-0.1,0.0
116,1.160057128,left_hip_pitch_joint,0.878,0.63,-0.248
116,1.160057128,left_knee_pitch_joint,-0.13,-0.15,-0.01999999999999999
116,1.160057128,left_ankle_pitch_joint,0.65,0.91,0.26
116,1.160057128,left_ankle_roll_joint,0.1,0.1,0.0
117,1.170079553,right_hip_yaw_joint,0.0,0.0,0.0
117,1.170079553,right_hip_roll_joint,0.1,0.1,0.0
117,1.170079553,right_hip_pitch_joint,-0.878,-0.63,0.248
117,1.170079553,right_knee_pitch_joint,0.13,0.15,0.01999999999999999
117,1.170079553,right_ankle_pitch_joint,-0.65,-0.91,-0.26
117,1.170079553,right_ankle_roll_joint,-0.1,-0.1,0.0
117,1.170079553,left_hip_yaw_joint,0.0,0.0,0.0
117,1.170079553,left_hip_roll_joint,-0.1,-0.1,0.0
117,1.170079553,left_hip_pitch_joint,0.878,0.63,-0.248
117,1.170079553,left_knee_pitch_joint,-0.13,-0.15,-0.01999999999999999
117,1.170079553,left_ankle_pitch_joint,0.65,0.91,0.26
117,1.170079553,left_ankle_roll_joint,0.1,0.1,0.0
118,1.180073685,right_hip_yaw_joint,0.0,0.0,0.0
118,1.180073685,right_hip_roll_joint,0.1,0.1,0.0
118,1.180073685,right_hip_pitch_joint,-0.878,-0.63,0.248
118,1.180073685,right_knee_pitch_joint,0.13,0.15,0.01999999999999999
118,1.180073685,right_ankle_pitch_joint,-0.65,-0.91,-0.26
118,1.180073685,right_ankle_roll_joint,-0.1,-0.1,0.0
118,1.180073685,left_hip_yaw_joint,0.0,0.0,0.0
118,1.180073685,left_hip_roll_joint,-0.1,-0.1,0.0
118,1.180073685,left_hip_pitch_joint,0.878,0.63,-0.248
118,1.180073685,left_knee_pitch_joint,-0.13,-0.15,-0.01999999999999999
118,1.180073685,left_ankle_pitch_joint,0.65,0.91,0.26
118,1.180073685,left_ankle_roll_joint,0.1,0.1,0.0
119,1.190076424,right_hip_yaw_joint,0.0,0.0,0.0
119,1.190076424,right_hip_roll_joint,0.1,0.1,0.0
119,1.190076424,right_hip_pitch_joint,-0.878,-0.63,0.248
119,1.190076424,right_knee_pitch_joint,0.13,0.15,0.01999999999999999
119,1.190076424,right_ankle_pitch_joint,-0.65,-0.91,-0.26
119,1.190076424,right_ankle_roll_joint,-0.1,-0.1,0.0
119,1.190076424,left_hip_yaw_joint,0.0,0.0,0.0
119,1.190076424,left_hip_roll_joint,-0.1,-0.1,0.0
119,1.190076424,left_hip_pitch_joint,0.878,0.63,-0.248
119,1.190076424,left_knee_pitch_joint,-0.13,-0.15,-0.01999999999999999
119,1.190076424,left_ankle_pitch_joint,0.65,0.91,0.26
119,1.190076424,left_ankle_roll_joint,0.1,0.1,0.0
120,1.200061063,right_hip_yaw_joint,0.0,0.0,0.0
120,1.200061063,right_hip_roll_joint,0.1,0.1,0.0
120,1.200061063,right_hip_pitch_joint,-0.878,-0.63,0.248
120,1.200061063,right_knee_pitch_joint,0.13,0.15,0.01999999999999999
120,1.200061063,right_ankle_pitch_joint,-0.65,-0.91,-0.26
120,1.200061063,right_ankle_roll_joint,-0.1,-0.1,0.0
120,1.200061063,left_hip_yaw_joint,0.0,0.0,0.0
120,1.200061063,left_hip_roll_joint,-0.1,-0.1,0.0
120,1.200061063,left_hip_pitch_joint,0.878,0.63,-0.248
120,1.200061063,left_knee_pitch_joint,-0.13,-0.15,-0.01999999999999999
120,1.200061063,left_ankle_pitch_joint,0.65,0.91,0.26
120,1.200061063,left_ankle_roll_joint,0.1,0.1,0.0
121,1.210084964,right_hip_yaw_joint,0.0,0.0,0.0
121,1.210084964,right_hip_roll_joint,0.1,0.1,0.0
121,1.210084964,right_hip_pitch_joint,-0.878,-0.63,0.248
121,1.210084964,right_knee_pitch_joint,0.13,0.15,0.01999999999999999
121,1.210084964,right_ankle_pitch_joint,-0.65,-0.91,-0.26
121,1.210084964,right_ankle_roll_joint,-0.1,-0.1,0.0
121,1.210084964,left_hip_yaw_joint,0.0,0.0,0.0
121,1.210084964,left_hip_roll_joint,-0.1,-0.1,0.0
121,1.210084964,left_hip_pitch_joint,0.878,0.63,-0.248
121,1.210084964,left_knee_pitch_joint,-0.13,-0.15,-0.01999999999999999
121,1.210084964,left_ankle_pitch_joint,0.65,0.91,0.26
121,1.210084964,left_ankle_roll_joint,0.1,0.1,0.0
122,1.220076999,right_hip_yaw_joint,0.0,0.0,0.0
122,1.220076999,right_hip_roll_joint,0.1,0.1,0.0
122,1.220076999,right_hip_pitch_joint,-0.878,-0.63,0.248
122,1.220076999,right_knee_pitch_joint,0.13,0.15,0.01999999999999999
122,1.220076999,right_ankle_pitch_joint,-0.65,-0.91,-0.26
122,1.220076999,right_ankle_roll_joint,-0.1,-0.1,0.0
122,1.220076999,left_hip_yaw_joint,0.0,0.0,0.0
122,1.220076999,left_hip_roll_joint,-0.1,-0.1,0.0
122,1.220076999,left_hip_pitch_joint,0.878,0.63,-0.248
122,1.220076999,left_knee_pitch_joint,-0.13,-0.15,-0.01999999999999999
122,1.220076999,left_ankle_pitch_joint,0.65,0.91,0.26
122,1.220076999,left_ankle_roll_joint,0.1,0.1,0.0
123,1.230080324,right_hip_yaw_joint,0.0,0.0,0.0
123,1.230080324,right_hip_roll_joint,0.1,0.1,0.0
123,1.230080324,right_hip_pitch_joint,-0.878,-0.63,0.248
123,1.230080324,right_knee_pitch_joint,0.13,0.15,0.01999999999999999
123,1.230080324,right_ankle_pitch_joint,-0.65,-0.91,-0.26
123,1.230080324,right_ankle_roll_joint,-0.1,-0.1,0.0
123,1.230080324,left_hip_yaw_joint,0.0,0.0,0.0
123,1.230080324,left_hip_roll_joint,-0.1,-0.1,0.0
123,1.230080324,left_hip_pitch_joint,0.878,0.63,-0.248
123,1.230080324,left_knee_pitch_joint,-0.13,-0.15,-0.01999999999999999
123,1.230080324,left_ankle_pitch_joint,0.65,0.91,0.26
123,1.230080324,left_ankle_roll_joint,0.1,0.1,0.0
124,1.240056260,right_hip_yaw_joint,0.0,0.0,0.0
124,1.240056260,right_hip_roll_joint,0.1,0.1,0.0
124,1.240056260,right_hip_pitch_joint,-0.878,-0.63,0.248
124,1.240056260,right_knee_pitch_joint,0.13,0.15,0.01999999999999999
124,1.240056260,right_ankle_pitch_joint,-0.65,-0.91,-0.26
124,1.240056260,right_ankle_roll_joint,-0.1,-0.1,0.0
124,1.240056260,left_hip_yaw_joint,0.0,0.0,0.0
124,1.240056260,left_hip_roll_joint,-0.1,-0.1,0.0
124,1.240056260,left_hip_pitch_joint,0.878,0.63,-0.248
124,1.240056260,left_knee_pitch_joint,-0.13,-0.15,-0.01999999999999999
124,1.240056260,left_ankle_pitch_joint,0.65,0.91,0.26
124,1.240056260,left_ankle_roll_joint,0.1,0.1,0.0
125,1.250082513,right_hip_yaw_joint,0.0,0.0,0.0
125,1.250082513,right_hip_roll_joint,0.1,0.1,0.0
125,1.250082513,right_hip_pitch_joint,-0.878,-0.63,0.248
125,1.250082513,right_knee_pitch_joint,0.13,0.15,0.01999999999999999
125,1.250082513,right_ankle_pitch_joint,-0.65,-0.91,-0.26
125,1.250082513,right_ankle_roll_joint,-0.1,-0.1,0.0
125,1.250082513,left_hip_yaw_joint,0.0,0.0,0.0
125,1.250082513,left_hip_roll_joint,-0.1,-0.1,0.0
125,1.250082513,left_hip_pitch_joint,0.878,0.63,-0.248
125,1.250082513,left_knee_pitch_joint,-0.13,-0.15,-0.01999999999999999
125,1.250082513,left_ankle_pitch_joint,0.65,0.91,0.26
125,1.250082513,left_ankle_roll_joint,0.1,0.1,0.0
126,1.260060093,right_hip_yaw_joint,0.0,0.0,0.0
126,1.260060093,right_hip_roll_joint,0.1,0.1,0.0
126,1.260060093,right_hip_pitch_joint,-0.878,-0.63,0.248
126,1.260060093,right_knee_pitch_joint,0.13,0.15,0.01999999999999999
126,1.260060093,right_ankle_pitch_joint,-0.65,-0.91,-0.26
126,1.260060093,right_ankle_roll_joint,-0.1,-0.1,0.0
126,1.260060093,left_hip_yaw_joint,0.0,0.0,0.0
126,1.260060093,left_hip_roll_joint,-0.1,-0.1,0.0
126,1.260060093,left_hip_pitch_joint,0.878,0.63,-0.248
126,1.260060093,left_knee_pitch_joint,-0.13,-0.15,-0.01999999999999999
126,1.260060093,left_ankle_pitch_joint,0.65,0.91,0.26
126,1.260060093,left_ankle_roll_joint,0.1,0.1,0.0
127,1.270080768,right_hip_yaw_joint,0.0,0.0,0.0
127,1.270080768,right_hip_roll_joint,0.1,0.1,0.0
127,1.270080768,right_hip_pitch_joint,-0.878,-0.63,0.248
127,1.270080768,right_knee_pitch_joint,0.13,0.15,0.01999999999999999
127,1.270080768,right_ankle_pitch_joint,-0.65,-0.91,-0.26
127,1.270080768,right_ankle_roll_joint,-0.1,-0.1,0.0
127,1.270080768,left_hip_yaw_joint,0.0,0.0,0.0
127,1.270080768,left_hip_roll_joint,-0.1,-0.1,0.0
127,1.270080768,left_hip_pitch_joint,0.878,0.63,-0.248
127,1.270080768,left_knee_pitch_joint,-0.13,-0.15,-0.01999999999999999
127,1.270080768,left_ankle_pitch_joint,0.65,0.91,0.26
127,1.270080768,left_ankle_roll_joint,0.1,0.1,0.0
128,1.280085376,right_hip_yaw_joint,0.0,0.0,0.0
128,1.280085376,right_hip_roll_joint,0.1,0.1,0.0
128,1.280085376,right_hip_pitch_joint,-0.878,-0.63,0.248
128,1.280085376,right_knee_pitch_joint,0.13,0.15,0.01999999999999999
128,1.280085376,right_ankle_pitch_joint,-0.65,-0.91,-0.26
128,1.280085376,right_ankle_roll_joint,-0.1,-0.1,0.0
128,1.280085376,left_hip_yaw_joint,0.0,0.0,0.0
128,1.280085376,left_hip_roll_joint,-0.1,-0.1,0.0
128,1.280085376,left_hip_pitch_joint,0.878,0.63,-0.248
128,1.280085376,left_knee_pitch_joint,-0.13,-0.15,-0.01999999999999999
128,1.280085376,left_ankle_pitch_joint,0.65,0.91,0.26
128,1.280085376,left_ankle_roll_joint,0.1,0.1,0.0
129,1.290083235,right_hip_yaw_joint,0.0,0.0,0.0
129,1.290083235,right_hip_roll_joint,0.1,0.1,0.0
129,1.290083235,right_hip_pitch_joint,-0.878,-0.63,0.248
129,1.290083235,right_knee_pitch_joint,0.13,0.15,0.01999999999999999
129,1.290083235,right_ankle_pitch_joint,-0.65,-0.91,-0.26
129,1.290083235,right_ankle_roll_joint,-0.1,-0.1,0.0
129,1.290083235,left_hip_yaw_joint,0.0,0.0,0.0
129,1.290083235,left_hip_roll_joint,-0.1,-0.1,0.0
129,1.290083235,left_hip_pitch_joint,0.878,0.63,-0.248
129,1.290083235,left_knee_pitch_joint,-0.13,-0.15,-0.01999999999999999
129,1.290083235,left_ankle_pitch_joint,0.65,0.91,0.26
129,1.290083235,left_ankle_roll_joint,0.1,0.1,0.0
130,1.300083808,right_hip_yaw_joint,0.0,0.0,0.0
130,1.300083808,right_hip_roll_joint,0.1,0.1,0.0
130,1.300083808,right_hip_pitch_joint,-0.878,-0.63,0.248
130,1.300083808,right_knee_pitch_joint,0.13,0.15,0.01999999999999999
130,1.300083808,right_ankle_pitch_joint,-0.65,-0.91,-0.26
130,1.300083808,right_ankle_roll_joint,-0.1,-0.1,0.0
130,1.300083808,left_hip_yaw_joint,0.0,0.0,0.0
130,1.300083808,left_hip_roll_joint,-0.1,-0.1,0.0
130,1.300083808,left_hip_pitch_joint,0.878,0.63,-0.248
130,1.300083808,left_knee_pitch_joint,-0.13,-0.15,-0.01999999999999999
130,1.300083808,left_ankle_pitch_joint,0.65,0.91,0.26
130,1.300083808,left_ankle_roll_joint,0.1,0.1,0.0
131,1.310082610,right_hip_yaw_joint,0.0,0.0,0.0
131,1.310082610,right_hip_roll_joint,0.1,0.1,0.0
131,1.310082610,right_hip_pitch_joint,-0.878,-0.63,0.248
131,1.310082610,right_knee_pitch_joint,0.13,0.15,0.01999999999999999
131,1.310082610,right_ankle_pitch_joint,-0.65,-0.91,-0.26
131,1.310082610,right_ankle_roll_joint,-0.1,-0.1,0.0
131,1.310082610,left_hip_yaw_joint,0.0,0.0,0.0
131,1.310082610,left_hip_roll_joint,-0.1,-0.1,0.0
131,1.310082610,left_hip_pitch_joint,0.878,0.63,-0.248
131,1.310082610,left_knee_pitch_joint,-0.13,-0.15,-0.01999999999999999
131,1.310082610,left_ankle_pitch_joint,0.65,0.91,0.26
131,1.310082610,left_ankle_roll_joint,0.1,0.1,0.0
132,1.320082200,right_hip_yaw_joint,0.0,0.0,0.0
132,1.320082200,right_hip_roll_joint,0.1,0.1,0.0
132,1.320082200,right_hip_pitch_joint,-0.878,-0.63,0.248
132,1.320082200,right_knee_pitch_joint,0.13,0.15,0.01999999999999999
132,1.320082200,right_ankle_pitch_joint,-0.65,-0.91,-0.26
132,1.320082200,right_ankle_roll_joint,-0.1,-0.1,0.0
132,1.320082200,left_hip_yaw_joint,0.0,0.0,0.0
132,1.320082200,left_hip_roll_joint,-0.1,-0.1,0.0
132,1.320082200,left_hip_pitch_joint,0.878,0.63,-0.248
132,1.320082200,left_knee_pitch_joint,-0.13,-0.15,-0.01999999999999999
132,1.320082200,left_ankle_pitch_joint,0.65,0.91,0.26
132,1.320082200,left_ankle_roll_joint,0.1,0.1,0.0
133,1.330073708,right_hip_yaw_joint,0.0,0.0,0.0
133,1.330073708,right_hip_roll_joint,0.1,0.1,0.0
133,1.330073708,right_hip_pitch_joint,-0.878,-0.63,0.248
133,1.330073708,right_knee_pitch_joint,0.13,0.15,0.01999999999999999
133,1.330073708,right_ankle_pitch_joint,-0.65,-0.91,-0.26
133,1.330073708,right_ankle_roll_joint,-0.1,-0.1,0.0
133,1.330073708,left_hip_yaw_joint,0.0,0.0,0.0
133,1.330073708,left_hip_roll_joint,-0.1,-0.1,0.0
133,1.330073708,left_hip_pitch_joint,0.878,0.63,-0.248
133,1.330073708,left_knee_pitch_joint,-0.13,-0.15,-0.01999999999999999
133,1.330073708,left_ankle_pitch_joint,0.65,0.91,0.26
133,1.330073708,left_ankle_roll_joint,0.1,0.1,0.0
134,1.340059887,right_hip_yaw_joint,0.0,0.0,0.0
134,1.340059887,right_hip_roll_joint,0.1,0.1,0.0
134,1.340059887,right_hip_pitch_joint,-0.878,-0.63,0.248
134,1.340059887,right_knee_pitch_joint,0.13,0.15,0.01999999999999999
134,1.340059887,right_ankle_pitch_joint,-0.65,-0.91,-0.26
134,1.340059887,right_ankle_roll_joint,-0.1,-0.1,0.0
134,1.340059887,left_hip_yaw_joint,0.0,0.0,0.0
134,1.340059887,left_hip_roll_joint,-0.1,-0.1,0.0
134,1.340059887,left_hip_pitch_joint,0.878,0.63,-0.248
134,1.340059887,left_knee_pitch_joint,-0.13,-0.15,-0.01999999999999999
134,1.340059887,left_ankle_pitch_joint,0.65,0.91,0.26
134,1.340059887,left_ankle_roll_joint,0.1,0.1,0.0
135,1.350074767,right_hip_yaw_joint,0.0,0.0,0.0
135,1.350074767,right_hip_roll_joint,0.1,0.1,0.0
135,1.350074767,right_hip_pitch_joint,-0.878,-0.63,0.248
135,1.350074767,right_knee_pitch_joint,0.13,0.15,0.01999999999999999
135,1.350074767,right_ankle_pitch_joint,-0.65,-0.91,-0.26
135,1.350074767,right_ankle_roll_joint,-0.1,-0.1,0.0
135,1.350074767,left_hip_yaw_joint,0.0,0.0,0.0
135,1.350074767,left_hip_roll_joint,-0.1,-0.1,0.0
135,1.350074767,left_hip_pitch_joint,0.878,0.63,-0.248
135,1.350074767,left_knee_pitch_joint,-0.13,-0.15,-0.01999999999999999
135,1.350074767,left_ankle_pitch_joint,0.65,0.91,0.26
135,1.350074767,left_ankle_roll_joint,0.1,0.1,0.0
136,1.360060028,right_hip_yaw_joint,0.0,0.0,0.0
136,1.360060028,right_hip_roll_joint,0.1,0.1,0.0
136,1.360060028,right_hip_pitch_joint,-0.878,-0.63,0.248
136,1.360060028,right_knee_pitch_joint,0.13,0.15,0.01999999999999999
136,1.360060028,right_ankle_pitch_joint,-0.65,-0.91,-0.26
136,1.360060028,right_ankle_roll_joint,-0.1,-0.1,0.0
136,1.360060028,left_hip_yaw_joint,0.0,0.0,0.0
136,1.360060028,left_hip_roll_joint,-0.1,-0.1,0.0
136,1.360060028,left_hip_pitch_joint,0.878,0.63,-0.248
136,1.360060028,left_knee_pitch_joint,-0.13,-0.15,-0.01999999999999999
136,1.360060028,left_ankle_pitch_joint,0.65,0.91,0.26
136,1.360060028,left_ankle_roll_joint,0.1,0.1,0.0
137,1.370091971,right_hip_yaw_joint,0.0,0.0,0.0
137,1.370091971,right_hip_roll_joint,0.1,0.1,0.0
137,1.370091971,right_hip_pitch_joint,-0.878,-0.63,0.248
137,1.370091971,right_knee_pitch_joint,0.13,0.15,0.01999999999999999
137,1.370091971,right_ankle_pitch_joint,-0.65,-0.91,-0.26
137,1.370091971,right_ankle_roll_joint,-0.1,-0.1,0.0
137,1.370091971,left_hip_yaw_joint,0.0,0.0,0.0
137,1.370091971,left_hip_roll_joint,-0.1,-0.1,0.0
137,1.370091971,left_hip_pitch_joint,0.878,0.63,-0.248
137,1.370091971,left_knee_pitch_joint,-0.13,-0.15,-0.01999999999999999
137,1.370091971,left_ankle_pitch_joint,0.65,0.91,0.26
137,1.370091971,left_ankle_roll_joint,0.1,0.1,0.0
138,1.380059645,right_hip_yaw_joint,0.0,0.0,0.0
138,1.380059645,right_hip_roll_joint,0.1,0.1,0.0
138,1.380059645,right_hip_pitch_joint,-0.878,-0.63,0.248
138,1.380059645,right_knee_pitch_joint,0.13,0.15,0.01999999999999999
138,1.380059645,right_ankle_pitch_joint,-0.65,-0.91,-0.26
138,1.380059645,right_ankle_roll_joint,-0.1,-0.1,0.0
138,1.380059645,left_hip_yaw_joint,0.0,0.0,0.0
138,1.380059645,left_hip_roll_joint,-0.1,-0.1,0.0
138,1.380059645,left_hip_pitch_joint,0.878,0.63,-0.248
138,1.380059645,left_knee_pitch_joint,-0.13,-0.15,-0.01999999999999999
138,1.380059645,left_ankle_pitch_joint,0.65,0.91,0.26
138,1.380059645,left_ankle_roll_joint,0.1,0.1,0.0
139,1.390078313,right_hip_yaw_joint,0.0,0.0,0.0
139,1.390078313,right_hip_roll_joint,0.1,0.1,0.0
139,1.390078313,right_hip_pitch_joint,-0.878,-0.63,0.248
139,1.390078313,right_knee_pitch_joint,0.13,0.15,0.01999999999999999
139,1.390078313,right_ankle_pitch_joint,-0.65,-0.91,-0.26
139,1.390078313,right_ankle_roll_joint,-0.1,-0.1,0.0
139,1.390078313,left_hip_yaw_joint,0.0,0.0,0.0
139,1.390078313,left_hip_roll_joint,-0.1,-0.1,0.0
139,1.390078313,left_hip_pitch_joint,0.878,0.63,-0.248
139,1.390078313,left_knee_pitch_joint,-0.13,-0.15,-0.01999999999999999
139,1.390078313,left_ankle_pitch_joint,0.65,0.91,0.26
139,1.390078313,left_ankle_roll_joint,0.1,0.1,0.0
140,1.400064423,right_hip_yaw_joint,0.0,0.0,0.0
140,1.400064423,right_hip_roll_joint,0.1,0.1,0.0
140,1.400064423,right_hip_pitch_joint,-0.878,-0.63,0.248
140,1.400064423,right_knee_pitch_joint,0.13,0.15,0.01999999999999999
140,1.400064423,right_ankle_pitch_joint,-0.65,-0.91,-0.26
140,1.400064423,right_ankle_roll_joint,-0.1,-0.1,0.0
140,1.400064423,left_hip_yaw_joint,0.0,0.0,0.0
140,1.400064423,left_hip_roll_joint,-0.1,-0.1,0.0
140,1.400064423,left_hip_pitch_joint,0.878,0.63,-0.248
140,1.400064423,left_knee_pitch_joint,-0.13,-0.15,-0.01999999999999999
140,1.400064423,left_ankle_pitch_joint,0.65,0.91,0.26
140,1.400064423,left_ankle_roll_joint,0.1,0.1,0.0
141,1.410089497,right_hip_yaw_joint,0.0,0.0,0.0
141,1.410089497,right_hip_roll_joint,0.1,0.1,0.0
141,1.410089497,right_hip_pitch_joint,-0.878,-0.63,0.248
141,1.410089497,right_knee_pitch_joint,0.13,0.15,0.01999999999999999
141,1.410089497,right_ankle_pitch_joint,-0.65,-0.91,-0.26
141,1.410089497,right_ankle_roll_joint,-0.1,-0.1,0.0
141,1.410089497,left_hip_yaw_joint,0.0,0.0,0.0
141,1.410089497,left_hip_roll_joint,-0.1,-0.1,0.0
141,1.410089497,left_hip_pitch_joint,0.878,0.63,-0.248
141,1.410089497,left_knee_pitch_joint,-0.13,-0.15,-0.01999999999999999
141,1.410089497,left_ankle_pitch_joint,0.65,0.91,0.26
141,1.410089497,left_ankle_roll_joint,0.1,0.1,0.0
142,1.420062092,right_hip_yaw_joint,0.0,0.0,0.0
142,1.420062092,right_hip_roll_joint,0.1,0.1,0.0
142,1.420062092,right_hip_pitch_joint,-0.878,-0.63,0.248
142,1.420062092,right_knee_pitch_joint,0.13,0.15,0.01999999999999999
142,1.420062092,right_ankle_pitch_joint,-0.65,-0.91,-0.26
142,1.420062092,right_ankle_roll_joint,-0.1,-0.1,0.0
142,1.420062092,left_hip_yaw_joint,0.0,0.0,0.0
142,1.420062092,left_hip_roll_joint,-0.1,-0.1,0.0
142,1.420062092,left_hip_pitch_joint,0.878,0.63,-0.248
142,1.420062092,left_knee_pitch_joint,-0.13,-0.15,-0.01999999999999999
142,1.420062092,left_ankle_pitch_joint,0.65,0.91,0.26
142,1.420062092,left_ankle_roll_joint,0.1,0.1,0.0
143,1.430066580,right_hip_yaw_joint,0.0,0.0,0.0
143,1.430066580,right_hip_roll_joint,0.1,0.1,0.0
143,1.430066580,right_hip_pitch_joint,-0.878,-0.63,0.248
143,1.430066580,right_knee_pitch_joint,0.13,0.15,0.01999999999999999
143,1.430066580,right_ankle_pitch_joint,-0.65,-0.91,-0.26
143,1.430066580,right_ankle_roll_joint,-0.1,-0.1,0.0
143,1.430066580,left_hip_yaw_joint,0.0,0.0,0.0
143,1.430066580,left_hip_roll_joint,-0.1,-0.1,0.0
143,1.430066580,left_hip_pitch_joint,0.878,0.63,-0.248
143,1.430066580,left_knee_pitch_joint,-0.13,-0.15,-0.01999999999999999
143,1.430066580,left_ankle_pitch_joint,0.65,0.91,0.26
143,1.430066580,left_ankle_roll_joint,0.1,0.1,0.0
144,1.440083167,right_hip_yaw_joint,0.0,0.0,0.0
144,1.440083167,right_hip_roll_joint,0.1,0.1,0.0
144,1.440083167,right_hip_pitch_joint,-0.878,-0.63,0.248
144,1.440083167,right_knee_pitch_joint,0.13,0.15,0.01999999999999999
144,1.440083167,right_ankle_pitch_joint,-0.65,-0.91,-0.26
144,1.440083167,right_ankle_roll_joint,-0.1,-0.1,0.0
144,1.440083167,left_hip_yaw_joint,0.0,0.0,0.0
144,1.440083167,left_hip_roll_joint,-0.1,-0.1,0.0
144,1.440083167,left_hip_pitch_joint,0.878,0.63,-0.248
144,1.440083167,left_knee_pitch_joint,-0.13,-0.15,-0.01999999999999999
144,1.440083167,left_ankle_pitch_joint,0.65,0.91,0.26
144,1.440083167,left_ankle_roll_joint,0.1,0.1,0.0
145,1.450057219,right_hip_yaw_joint,0.0,0.0,0.0
145,1.450057219,right_hip_roll_joint,0.1,0.1,0.0
145,1.450057219,right_hip_pitch_joint,-0.878,-0.63,0.248
145,1.450057219,right_knee_pitch_joint,0.13,0.15,0.01999999999999999
145,1.450057219,right_ankle_pitch_joint,-0.65,-0.91,-0.26
145,1.450057219,right_ankle_roll_joint,-0.1,-0.1,0.0
145,1.450057219,left_hip_yaw_joint,0.0,0.0,0.0
145,1.450057219,left_hip_roll_joint,-0.1,-0.1,0.0
145,1.450057219,left_hip_pitch_joint,0.878,0.63,-0.248
145,1.450057219,left_knee_pitch_joint,-0.13,-0.15,-0.01999999999999999
145,1.450057219,left_ankle_pitch_joint,0.65,0.91,0.26
145,1.450057219,left_ankle_roll_joint,0.1,0.1,0.0
146,1.460055498,right_hip_yaw_joint,0.0,0.0,0.0
146,1.460055498,right_hip_roll_joint,0.1,0.1,0.0
146,1.460055498,right_hip_pitch_joint,-0.878,-0.63,0.248
146,1.460055498,right_knee_pitch_joint,0.13,0.15,0.01999999999999999
146,1.460055498,right_ankle_pitch_joint,-0.65,-0.91,-0.26
146,1.460055498,right_ankle_roll_joint,-0.1,-0.1,0.0
146,1.460055498,left_hip_yaw_joint,0.0,0.0,0.0
146,1.460055498,left_hip_roll_joint,-0.1,-0.1,0.0
146,1.460055498,left_hip_pitch_joint,0.878,0.63,-0.248
146,1.460055498,left_knee_pitch_joint,-0.13,-0.15,-0.01999999999999999
146,1.460055498,left_ankle_pitch_joint,0.65,0.91,0.26
146,1.460055498,left_ankle_roll_joint,0.1,0.1,0.0
147,1.470079967,right_hip_yaw_joint,0.0,0.0,0.0
147,1.470079967,right_hip_roll_joint,0.1,0.1,0.0
147,1.470079967,right_hip_pitch_joint,-0.878,-0.63,0.248
147,1.470079967,right_knee_pitch_joint,0.13,0.15,0.01999999999999999
147,1.470079967,right_ankle_pitch_joint,-0.65,-0.91,-0.26
147,1.470079967,right_ankle_roll_joint,-0.1,-0.1,0.0
147,1.470079967,left_hip_yaw_joint,0.0,0.0,0.0
147,1.470079967,left_hip_roll_joint,-0.1,-0.1,0.0
147,1.470079967,left_hip_pitch_joint,0.878,0.63,-0.248
147,1.470079967,left_knee_pitch_joint,-0.13,-0.15,-0.01999999999999999
147,1.470079967,left_ankle_pitch_joint,0.65,0.91,0.26
147,1.470079967,left_ankle_roll_joint,0.1,0.1,0.0
148,1.480054982,right_hip_yaw_joint,0.0,0.0,0.0
148,1.480054982,right_hip_roll_joint,0.1,0.1,0.0
148,1.480054982,right_hip_pitch_joint,-0.878,-0.63,0.248
148,1.480054982,right_knee_pitch_joint,0.13,0.15,0.01999999999999999
148,1.480054982,right_ankle_pitch_joint,-0.65,-0.91,-0.26
148,1.480054982,right_ankle_roll_joint,-0.1,-0.1,0.0
148,1.480054982,left_hip_yaw_joint,0.0,0.0,0.0
148,1.480054982,left_hip_roll_joint,-0.1,-0.1,0.0
148,1.480054982,left_hip_pitch_joint,0.878,0.63,-0.248
148,1.480054982,left_knee_pitch_joint,-0.13,-0.15,-0.01999999999999999
148,1.480054982,left_ankle_pitch_joint,0.65,0.91,0.26
148,1.480054982,left_ankle_roll_joint,0.1,0.1,0.0
149,1.490076474,right_hip_yaw_joint,0.0,0.0,0.0
149,1.490076474,right_hip_roll_joint,0.1,0.1,0.0
149,1.490076474,right_hip_pitch_joint,-0.878,-0.63,0.248
149,1.490076474,right_knee_pitch_joint,0.13,0.15,0.01999999999999999
149,1.490076474,right_ankle_pitch_joint,-0.65,-0.91,-0.26
149,1.490076474,right_ankle_roll_joint,-0.1,-0.1,0.0
149,1.490076474,left_hip_yaw_joint,0.0,0.0,0.0
149,1.490076474,left_hip_roll_joint,-0.1,-0.1,0.0
149,1.490076474,left_hip_pitch_joint,0.878,0.63,-0.248
149,1.490076474,left_knee_pitch_joint,-0.13,-0.15,-0.01999999999999999
149,1.490076474,left_ankle_pitch_joint,0.65,0.91,0.26
149,1.490076474,left_ankle_roll_joint,0.1,0.1,0.0
150,1.500057221,right_hip_yaw_joint,0.0,0.0,0.0
150,1.500057221,right_hip_roll_joint,0.1,0.1,0.0
150,1.500057221,right_hip_pitch_joint,-0.878,-0.63,0.248
150,1.500057221,right_knee_pitch_joint,0.13,0.15,0.01999999999999999
150,1.500057221,right_ankle_pitch_joint,-0.65,-0.91,-0.26
150,1.500057221,right_ankle_roll_joint,-0.1,-0.1,0.0
150,1.500057221,left_hip_yaw_joint,0.0,0.0,0.0
150,1.500057221,left_hip_roll_joint,-0.1,-0.1,0.0
150,1.500057221,left_hip_pitch_joint,0.878,0.63,-0.248
150,1.500057221,left_knee_pitch_joint,-0.13,-0.15,-0.01999999999999999
150,1.500057221,left_ankle_pitch_joint,0.65,0.91,0.26
150,1.500057221,left_ankle_roll_joint,0.1,0.1,0.0
151,1.510065133,right_hip_yaw_joint,0.0,0.0,0.0
151,1.510065133,right_hip_roll_joint,0.1,0.1,0.0
151,1.510065133,right_hip_pitch_joint,-0.878,-0.63,0.248
151,1.510065133,right_knee_pitch_joint,0.13,0.15,0.01999999999999999
151,1.510065133,right_ankle_pitch_joint,-0.65,-0.91,-0.26
151,1.510065133,right_ankle_roll_joint,-0.1,-0.1,0.0
151,1.510065133,left_hip_yaw_joint,0.0,0.0,0.0
151,1.510065133,left_hip_roll_joint,-0.1,-0.1,0.0
151,1.510065133,left_hip_pitch_joint,0.878,0.63,-0.248
151,1.510065133,left_knee_pitch_joint,-0.13,-0.15,-0.01999999999999999
151,1.510065133,left_ankle_pitch_joint,0.65,0.91,0.26
151,1.510065133,left_ankle_roll_joint,0.1,0.1,0.0
152,1.520077354,right_hip_yaw_joint,0.0,0.0,0.0
152,1.520077354,right_hip_roll_joint,0.1,0.1,0.0
152,1.520077354,right_hip_pitch_joint,-0.878,-0.63,0.248
152,1.520077354,right_knee_pitch_joint,0.13,0.15,0.01999999999999999
152,1.520077354,right_ankle_pitch_joint,-0.65,-0.91,-0.26
152,1.520077354,right_ankle_roll_joint,-0.1,-0.1,0.0
152,1.520077354,left_hip_yaw_joint,0.0,0.0,0.0
152,1.520077354,left_hip_roll_joint,-0.1,-0.1,0.0
152,1.520077354,left_hip_pitch_joint,0.878,0.63,-0.248
152,1.520077354,left_knee_pitch_joint,-0.13,-0.15,-0.01999999999999999
152,1.520077354,left_ankle_pitch_joint,0.65,0.91,0.26
152,1.520077354,left_ankle_roll_joint,0.1,0.1,0.0
153,1.530031778,right_hip_yaw_joint,0.0,0.0,0.0
153,1.530031778,right_hip_roll_joint,0.1,0.1,0.0
153,1.530031778,right_hip_pitch_joint,-0.878,-0.63,0.248
153,1.530031778,right_knee_pitch_joint,0.13,0.15,0.01999999999999999
153,1.530031778,right_ankle_pitch_joint,-0.65,-0.91,-0.26
153,1.530031778,right_ankle_roll_joint,-0.1,-0.1,0.0
153,1.530031778,left_hip_yaw_joint,0.0,0.0,0.0
153,1.530031778,left_hip_roll_joint,-0.1,-0.1,0.0
153,1.530031778,left_hip_pitch_joint,0.878,0.63,-0.248
153,1.530031778,left_knee_pitch_joint,-0.13,-0.15,-0.01999999999999999
153,1.530031778,left_ankle_pitch_joint,0.65,0.91,0.26
153,1.530031778,left_ankle_roll_joint,0.1,0.1,0.0
154,1.540083679,right_hip_yaw_joint,0.0,0.0,0.0
154,1.540083679,right_hip_roll_joint,0.1,0.1,0.0
154,1.540083679,right_hip_pitch_joint,-0.878,-0.63,0.248
154,1.540083679,right_knee_pitch_joint,0.13,0.15,0.01999999999999999
154,1.540083679,right_ankle_pitch_joint,-0.65,-0.91,-0.26
154,1.540083679,right_ankle_roll_joint,-0.1,-0.1,0.0
154,1.540083679,left_hip_yaw_joint,0.0,0.0,0.0
154,1.540083679,left_hip_roll_joint,-0.1,-0.1,0.0
154,1.540083679,left_hip_pitch_joint,0.878,0.63,-0.248
154,1.540083679,left_knee_pitch_joint,-0.13,-0.15,-0.01999999999999999
154,1.540083679,left_ankle_pitch_joint,0.65,0.91,0.26
154,1.540083679,left_ankle_roll_joint,0.1,0.1,0.0
155,1.550088117,right_hip_yaw_joint,0.0,0.0,0.0
155,1.550088117,right_hip_roll_joint,0.1,0.1,0.0
155,1.550088117,right_hip_pitch_joint,-0.878,-0.63,0.248
155,1.550088117,right_knee_pitch_joint,0.13,0.15,0.01999999999999999
155,1.550088117,right_ankle_pitch_joint,-0.65,-0.91,-0.26
155,1.550088117,right_ankle_roll_joint,-0.1,-0.1,0.0
155,1.550088117,left_hip_yaw_joint,0.0,0.0,0.0
155,1.550088117,left_hip_roll_joint,-0.1,-0.1,0.0
155,1.550088117,left_hip_pitch_joint,0.878,0.63,-0.248
155,1.550088117,left_knee_pitch_joint,-0.13,-0.15,-0.01999999999999999
155,1.550088117,left_ankle_pitch_joint,0.65,0.91,0.26
155,1.550088117,left_ankle_roll_joint,0.1,0.1,0.0
156,1.560089978,right_hip_yaw_joint,0.0,0.0,0.0
156,1.560089978,right_hip_roll_joint,0.1,0.1,0.0
156,1.560089978,right_hip_pitch_joint,-0.878,-0.63,0.248
156,1.560089978,right_knee_pitch_joint,0.13,0.15,0.01999999999999999
156,1.560089978,right_ankle_pitch_joint,-0.65,-0.91,-0.26
156,1.560089978,right_ankle_roll_joint,-0.1,-0.1,0.0
156,1.560089978,left_hip_yaw_joint,0.0,0.0,0.0
156,1.560089978,left_hip_roll_joint,-0.1,-0.1,0.0
156,1.560089978,left_hip_pitch_joint,0.878,0.63,-0.248
156,1.560089978,left_knee_pitch_joint,-0.13,-0.15,-0.01999999999999999
156,1.560089978,left_ankle_pitch_joint,0.65,0.91,0.26
156,1.560089978,left_ankle_roll_joint,0.1,0.1,0.0
157,1.570081013,right_hip_yaw_joint,0.0,0.0,0.0
157,1.570081013,right_hip_roll_joint,0.1,0.1,0.0
157,1.570081013,right_hip_pitch_joint,-0.878,-0.63,0.248
157,1.570081013,right_knee_pitch_joint,0.13,0.15,0.01999999999999999
157,1.570081013,right_ankle_pitch_joint,-0.65,-0.91,-0.26
157,1.570081013,right_ankle_roll_joint,-0.1,-0.1,0.0
157,1.570081013,left_hip_yaw_joint,0.0,0.0,0.0
157,1.570081013,left_hip_roll_joint,-0.1,-0.1,0.0
157,1.570081013,left_hip_pitch_joint,0.878,0.63,-0.248
157,1.570081013,left_knee_pitch_joint,-0.13,-0.15,-0.01999999999999999
157,1.570081013,left_ankle_pitch_joint,0.65,0.91,0.26
157,1.570081013,left_ankle_roll_joint,0.1,0.1,0.0
158,1.580094574,right_hip_yaw_joint,0.0,0.0,0.0
158,1.580094574,right_hip_roll_joint,0.1,0.1,0.0
158,1.580094574,right_hip_pitch_joint,-0.878,-0.63,0.248
158,1.580094574,right_knee_pitch_joint,0.13,0.15,0.01999999999999999
158,1.580094574,right_ankle_pitch_joint,-0.65,-0.91,-0.26
158,1.580094574,right_ankle_roll_joint,-0.1,-0.1,0.0
158,1.580094574,left_hip_yaw_joint,0.0,0.0,0.0
158,1.580094574,left_hip_roll_joint,-0.1,-0.1,0.0
158,1.580094574,left_hip_pitch_joint,0.878,0.63,-0.248
158,1.580094574,left_knee_pitch_joint,-0.13,-0.15,-0.01999999999999999
158,1.580094574,left_ankle_pitch_joint,0.65,0.91,0.26
158,1.580094574,left_ankle_roll_joint,0.1,0.1,0.0
159,1.590089689,right_hip_yaw_joint,0.0,0.0,0.0
159,1.590089689,right_hip_roll_joint,0.1,0.1,0.0
159,1.590089689,right_hip_pitch_joint,-0.878,-0.63,0.248
159,1.590089689,right_knee_pitch_joint,0.13,0.15,0.01999999999999999
159,1.590089689,right_ankle_pitch_joint,-0.65,-0.91,-0.26
159,1.590089689,right_ankle_roll_joint,-0.1,-0.1,0.0
159,1.590089689,left_hip_yaw_joint,0.0,0.0,0.0
159,1.590089689,left_hip_roll_joint,-0.1,-0.1,0.0
159,1.590089689,left_hip_pitch_joint,0.878,0.63,-0.248
159,1.590089689,left_knee_pitch_joint,-0.13,-0.15,-0.01999999999999999
159,1.590089689,left_ankle_pitch_joint,0.65,0.91,0.26
159,1.590089689,left_ankle_roll_joint,0.1,0.1,0.0
160,1.600065087,right_hip_yaw_joint,0.0,0.0,0.0
160,1.600065087,right_hip_roll_joint,0.1,0.1,0.0
160,1.600065087,right_hip_pitch_joint,-0.878,-0.63,0.248
160,1.600065087,right_knee_pitch_joint,0.13,0.15,0.01999999999999999
160,1.600065087,right_ankle_pitch_joint,-0.65,-0.91,-0.26
160,1.600065087,right_ankle_roll_joint,-0.1,-0.1,0.0
160,1.600065087,left_hip_yaw_joint,0.0,0.0,0.0
160,1.600065087,left_hip_roll_joint,-0.1,-0.1,0.0
160,1.600065087,left_hip_pitch_joint,0.878,0.63,-0.248
160,1.600065087,left_knee_pitch_joint,-0.13,-0.15,-0.01999999999999999
160,1.600065087,left_ankle_pitch_joint,0.65,0.91,0.26
160,1.600065087,left_ankle_roll_joint,0.1,0.1,0.0
161,1.610091447,right_hip_yaw_joint,0.0,0.0,0.0
161,1.610091447,right_hip_roll_joint,0.1,0.1,0.0
161,1.610091447,right_hip_pitch_joint,-0.878,-0.63,0.248
161,1.610091447,right_knee_pitch_joint,0.13,0.15,0.01999999999999999
161,1.610091447,right_ankle_pitch_joint,-0.65,-0.91,-0.26
161,1.610091447,right_ankle_roll_joint,-0.1,-0.1,0.0
161,1.610091447,left_hip_yaw_joint,0.0,0.0,0.0
161,1.610091447,left_hip_roll_joint,-0.1,-0.1,0.0
161,1.610091447,left_hip_pitch_joint,0.878,0.63,-0.248
161,1.610091447,left_knee_pitch_joint,-0.13,-0.15,-0.01999999999999999
161,1.610091447,left_ankle_pitch_joint,0.65,0.91,0.26
161,1.610091447,left_ankle_roll_joint,0.1,0.1,0.0
162,1.620064497,right_hip_yaw_joint,0.0,0.0,0.0
162,1.620064497,right_hip_roll_joint,0.1,0.1,0.0
162,1.620064497,right_hip_pitch_joint,-0.878,-0.63,0.248
162,1.620064497,right_knee_pitch_joint,0.13,0.15,0.01999999999999999
162,1.620064497,right_ankle_pitch_joint,-0.65,-0.91,-0.26
162,1.620064497,right_ankle_roll_joint,-0.1,-0.1,0.0
162,1.620064497,left_hip_yaw_joint,0.0,0.0,0.0
162,1.620064497,left_hip_roll_joint,-0.1,-0.1,0.0
162,1.620064497,left_hip_pitch_joint,0.878,0.63,-0.248
162,1.620064497,left_knee_pitch_joint,-0.13,-0.15,-0.01999999999999999
162,1.620064497,left_ankle_pitch_joint,0.65,0.91,0.26
162,1.620064497,left_ankle_roll_joint,0.1,0.1,0.0
163,1.630070760,right_hip_yaw_joint,0.0,0.0,0.0
163,1.630070760,right_hip_roll_joint,0.1,0.1,0.0
163,1.630070760,right_hip_pitch_joint,-0.878,-0.63,0.248
163,1.630070760,right_knee_pitch_joint,0.13,0.15,0.01999999999999999
163,1.630070760,right_ankle_pitch_joint,-0.65,-0.91,-0.26
163,1.630070760,right_ankle_roll_joint,-0.1,-0.1,0.0
163,1.630070760,left_hip_yaw_joint,0.0,0.0,0.0
163,1.630070760,left_hip_roll_joint,-0.1,-0.1,0.0
163,1.630070760,left_hip_pitch_joint,0.878,0.63,-0.248
163,1.630070760,left_knee_pitch_joint,-0.13,-0.15,-0.01999999999999999
163,1.630070760,left_ankle_pitch_joint,0.65,0.91,0.26
163,1.630070760,left_ankle_roll_joint,0.1,0.1,0.0
164,1.640087776,right_hip_yaw_joint,0.0,0.0,0.0
164,1.640087776,right_hip_roll_joint,0.1,0.1,0.0
164,1.640087776,right_hip_pitch_joint,-0.878,-0.63,0.248
164,1.640087776,right_knee_pitch_joint,0.13,0.15,0.01999999999999999
164,1.640087776,right_ankle_pitch_joint,-0.65,-0.91,-0.26
164,1.640087776,right_ankle_roll_joint,-0.1,-0.1,0.0
164,1.640087776,left_hip_yaw_joint,0.0,0.0,0.0
164,1.640087776,left_hip_roll_joint,-0.1,-0.1,0.0
164,1.640087776,left_hip_pitch_joint,0.878,0.63,-0.248
164,1.640087776,left_knee_pitch_joint,-0.13,-0.15,-0.01999999999999999
164,1.640087776,left_ankle_pitch_joint,0.65,0.91,0.26
164,1.640087776,left_ankle_roll_joint,0.1,0.1,0.0
165,1.650090132,right_hip_yaw_joint,0.0,0.0,0.0
165,1.650090132,right_hip_roll_joint,0.1,0.1,0.0
165,1.650090132,right_hip_pitch_joint,-0.878,-0.63,0.248
165,1.650090132,right_knee_pitch_joint,0.13,0.15,0.01999999999999999
165,1.650090132,right_ankle_pitch_joint,-0.65,-0.91,-0.26
165,1.650090132,right_ankle_roll_joint,-0.1,-0.1,0.0
165,1.650090132,left_hip_yaw_joint,0.0,0.0,0.0
165,1.650090132,left_hip_roll_joint,-0.1,-0.1,0.0
165,1.650090132,left_hip_pitch_joint,0.878,0.63,-0.248
165,1.650090132,left_knee_pitch_joint,-0.13,-0.15,-0.01999999999999999
165,1.650090132,left_ankle_pitch_joint,0.65,0.91,0.26
165,1.650090132,left_ankle_roll_joint,0.1,0.1,0.0
166,1.660091230,right_hip_yaw_joint,0.0,0.0,0.0
166,1.660091230,right_hip_roll_joint,0.1,0.1,0.0
166,1.660091230,right_hip_pitch_joint,-0.878,-0.63,0.248
166,1.660091230,right_knee_pitch_joint,0.13,0.15,0.01999999999999999
166,1.660091230,right_ankle_pitch_joint,-0.65,-0.91,-0.26
166,1.660091230,right_ankle_roll_joint,-0.1,-0.1,0.0
166,1.660091230,left_hip_yaw_joint,0.0,0.0,0.0
166,1.660091230,left_hip_roll_joint,-0.1,-0.1,0.0
166,1.660091230,left_hip_pitch_joint,0.878,0.63,-0.248
166,1.660091230,left_knee_pitch_joint,-0.13,-0.15,-0.01999999999999999
166,1.660091230,left_ankle_pitch_joint,0.65,0.91,0.26
166,1.660091230,left_ankle_roll_joint,0.1,0.1,0.0
167,1.670088584,right_hip_yaw_joint,0.0,0.0,0.0
167,1.670088584,right_hip_roll_joint,0.1,0.1,0.0
167,1.670088584,right_hip_pitch_joint,-0.878,-0.63,0.248
167,1.670088584,right_knee_pitch_joint,0.13,0.15,0.01999999999999999
167,1.670088584,right_ankle_pitch_joint,-0.65,-0.91,-0.26
167,1.670088584,right_ankle_roll_joint,-0.1,-0.1,0.0
167,1.670088584,left_hip_yaw_joint,0.0,0.0,0.0
167,1.670088584,left_hip_roll_joint,-0.1,-0.1,0.0
167,1.670088584,left_hip_pitch_joint,0.878,0.63,-0.248
167,1.670088584,left_knee_pitch_joint,-0.13,-0.15,-0.01999999999999999
167,1.670088584,left_ankle_pitch_joint,0.65,0.91,0.26
167,1.670088584,left_ankle_roll_joint,0.1,0.1,0.0
168,1.680086756,right_hip_yaw_joint,0.0,0.0,0.0
168,1.680086756,right_hip_roll_joint,0.1,0.1,0.0
168,1.680086756,right_hip_pitch_joint,-0.878,-0.63,0.248
168,1.680086756,right_knee_pitch_joint,0.13,0.15,0.01999999999999999
168,1.680086756,right_ankle_pitch_joint,-0.65,-0.91,-0.26
168,1.680086756,right_ankle_roll_joint,-0.1,-0.1,0.0
168,1.680086756,left_hip_yaw_joint,0.0,0.0,0.0
168,1.680086756,left_hip_roll_joint,-0.1,-0.1,0.0
168,1.680086756,left_hip_pitch_joint,0.878,0.63,-0.248
168,1.680086756,left_knee_pitch_joint,-0.13,-0.15,-0.01999999999999999
168,1.680086756,left_ankle_pitch_joint,0.65,0.91,0.26
168,1.680086756,left_ankle_roll_joint,0.1,0.1,0.0
169,1.690086470,right_hip_yaw_joint,0.0,0.0,0.0
169,1.690086470,right_hip_roll_joint,0.1,0.1,0.0
169,1.690086470,right_hip_pitch_joint,-0.878,-0.63,0.248
169,1.690086470,right_knee_pitch_joint,0.13,0.15,0.01999999999999999
169,1.690086470,right_ankle_pitch_joint,-0.65,-0.91,-0.26
169,1.690086470,right_ankle_roll_joint,-0.1,-0.1,0.0
169,1.690086470,left_hip_yaw_joint,0.0,0.0,0.0
169,1.690086470,left_hip_roll_joint,-0.1,-0.1,0.0
169,1.690086470,left_hip_pitch_joint,0.878,0.63,-0.248
169,1.690086470,left_knee_pitch_joint,-0.13,-0.15,-0.01999999999999999
169,1.690086470,left_ankle_pitch_joint,0.65,0.91,0.26
169,1.690086470,left_ankle_roll_joint,0.1,0.1,0.0
170,1.700070634,right_hip_yaw_joint,0.0,0.0,0.0
170,1.700070634,right_hip_roll_joint,0.1,0.1,0.0
170,1.700070634,right_hip_pitch_joint,-0.878,-0.63,0.248
170,1.700070634,right_knee_pitch_joint,0.13,0.15,0.01999999999999999
170,1.700070634,right_ankle_pitch_joint,-0.65,-0.91,-0.26
170,1.700070634,right_ankle_roll_joint,-0.1,-0.1,0.0
170,1.700070634,left_hip_yaw_joint,0.0,0.0,0.0
170,1.700070634,left_hip_roll_joint,-0.1,-0.1,0.0
170,1.700070634,left_hip_pitch_joint,0.878,0.63,-0.248
170,1.700070634,left_knee_pitch_joint,-0.13,-0.15,-0.01999999999999999
170,1.700070634,left_ankle_pitch_joint,0.65,0.91,0.26
170,1.700070634,left_ankle_roll_joint,0.1,0.1,0.0
171,1.710084787,right_hip_yaw_joint,0.0,0.0,0.0
171,1.710084787,right_hip_roll_joint,0.1,0.1,0.0
171,1.710084787,right_hip_pitch_joint,-0.878,-0.63,0.248
171,1.710084787,right_knee_pitch_joint,0.13,0.15,0.01999999999999999
171,1.710084787,right_ankle_pitch_joint,-0.65,-0.91,-0.26
171,1.710084787,right_ankle_roll_joint,-0.1,-0.1,0.0
171,1.710084787,left_hip_yaw_joint,0.0,0.0,0.0
171,1.710084787,left_hip_roll_joint,-0.1,-0.1,0.0
171,1.710084787,left_hip_pitch_joint,0.878,0.63,-0.248
171,1.710084787,left_knee_pitch_joint,-0.13,-0.15,-0.01999999999999999
171,1.710084787,left_ankle_pitch_joint,0.65,0.91,0.26
171,1.710084787,left_ankle_roll_joint,0.1,0.1,0.0
172,1.720069468,right_hip_yaw_joint,0.0,0.0,0.0
172,1.720069468,right_hip_roll_joint,0.1,0.1,0.0
172,1.720069468,right_hip_pitch_joint,-0.878,-0.63,0.248
172,1.720069468,right_knee_pitch_joint,0.13,0.15,0.01999999999999999
172,1.720069468,right_ankle_pitch_joint,-0.65,-0.91,-0.26
172,1.720069468,right_ankle_roll_joint,-0.1,-0.1,0.0
172,1.720069468,left_hip_yaw_joint,0.0,0.0,0.0
172,1.720069468,left_hip_roll_joint,-0.1,-0.1,0.0
172,1.720069468,left_hip_pitch_joint,0.878,0.63,-0.248
172,1.720069468,left_knee_pitch_joint,-0.13,-0.15,-0.01999999999999999
172,1.720069468,left_ankle_pitch_joint,0.65,0.91,0.26
172,1.720069468,left_ankle_roll_joint,0.1,0.1,0.0
173,1.730064817,right_hip_yaw_joint,0.0,0.0,0.0
173,1.730064817,right_hip_roll_joint,0.1,0.1,0.0
173,1.730064817,right_hip_pitch_joint,-0.878,-0.63,0.248
173,1.730064817,right_knee_pitch_joint,0.13,0.15,0.01999999999999999
173,1.730064817,right_ankle_pitch_joint,-0.65,-0.91,-0.26
173,1.730064817,right_ankle_roll_joint,-0.1,-0.1,0.0
173,1.730064817,left_hip_yaw_joint,0.0,0.0,0.0
173,1.730064817,left_hip_roll_joint,-0.1,-0.1,0.0
173,1.730064817,left_hip_pitch_joint,0.878,0.63,-0.248
173,1.730064817,left_knee_pitch_joint,-0.13,-0.15,-0.01999999999999999
173,1.730064817,left_ankle_pitch_joint,0.65,0.91,0.26
173,1.730064817,left_ankle_roll_joint,0.1,0.1,0.0
174,1.740078162,right_hip_yaw_joint,0.0,0.0,0.0
174,1.740078162,right_hip_roll_joint,0.1,0.1,0.0
174,1.740078162,right_hip_pitch_joint,-0.878,-0.63,0.248
174,1.740078162,right_knee_pitch_joint,0.13,0.15,0.01999999999999999
174,1.740078162,right_ankle_pitch_joint,-0.65,-0.91,-0.26
174,1.740078162,right_ankle_roll_joint,-0.1,-0.1,0.0
174,1.740078162,left_hip_yaw_joint,0.0,0.0,0.0
174,1.740078162,left_hip_roll_joint,-0.1,-0.1,0.0
174,1.740078162,left_hip_pitch_joint,0.878,0.63,-0.248
174,1.740078162,left_knee_pitch_joint,-0.13,-0.15,-0.01999999999999999
174,1.740078162,left_ankle_pitch_joint,0.65,0.91,0.26
174,1.740078162,left_ankle_roll_joint,0.1,0.1,0.0
175,1.750059298,right_hip_yaw_joint,0.0,0.0,0.0
175,1.750059298,right_hip_roll_joint,0.1,0.1,0.0
175,1.750059298,right_hip_pitch_joint,-0.878,-0.63,0.248
175,1.750059298,right_knee_pitch_joint,0.13,0.15,0.01999999999999999
175,1.750059298,right_ankle_pitch_joint,-0.65,-0.91,-0.26
175,1.750059298,right_ankle_roll_joint,-0.1,-0.1,0.0
175,1.750059298,left_hip_yaw_joint,0.0,0.0,0.0
175,1.750059298,left_hip_roll_joint,-0.1,-0.1,0.0
175,1.750059298,left_hip_pitch_joint,0.878,0.63,-0.248
175,1.750059298,left_knee_pitch_joint,-0.13,-0.15,-0.01999999999999999
175,1.750059298,left_ankle_pitch_joint,0.65,0.91,0.26
175,1.750059298,left_ankle_roll_joint,0.1,0.1,0.0
176,1.760061842,right_hip_yaw_joint,0.0,0.0,0.0
176,1.760061842,right_hip_roll_joint,0.1,0.1,0.0
176,1.760061842,right_hip_pitch_joint,-0.878,-0.63,0.248
176,1.760061842,right_knee_pitch_joint,0.13,0.15,0.01999999999999999
176,1.760061842,right_ankle_pitch_joint,-0.65,-0.91,-0.26
176,1.760061842,right_ankle_roll_joint,-0.1,-0.1,0.0
176,1.760061842,left_hip_yaw_joint,0.0,0.0,0.0
176,1.760061842,left_hip_roll_joint,-0.1,-0.1,0.0
176,1.760061842,left_hip_pitch_joint,0.878,0.63,-0.248
176,1.760061842,left_knee_pitch_joint,-0.13,-0.15,-0.01999999999999999
176,1.760061842,left_ankle_pitch_joint,0.65,0.91,0.26
176,1.760061842,left_ankle_roll_joint,0.1,0.1,0.0
177,1.770084767,right_hip_yaw_joint,0.0,0.0,0.0
177,1.770084767,right_hip_roll_joint,0.1,0.1,0.0
177,1.770084767,right_hip_pitch_joint,-0.878,-0.63,0.248
177,1.770084767,right_knee_pitch_joint,0.13,0.15,0.01999999999999999
177,1.770084767,right_ankle_pitch_joint,-0.65,-0.91,-0.26
177,1.770084767,right_ankle_roll_joint,-0.1,-0.1,0.0
177,1.770084767,left_hip_yaw_joint,0.0,0.0,0.0
177,1.770084767,left_hip_roll_joint,-0.1,-0.1,0.0
177,1.770084767,left_hip_pitch_joint,0.878,0.63,-0.248
177,1.770084767,left_knee_pitch_joint,-0.13,-0.15,-0.01999999999999999
177,1.770084767,left_ankle_pitch_joint,0.65,0.91,0.26
177,1.770084767,left_ankle_roll_joint,0.1,0.1,0.0
178,1.780068195,right_hip_yaw_joint,0.0,0.0,0.0
178,1.780068195,right_hip_roll_joint,0.1,0.1,0.0
178,1.780068195,right_hip_pitch_joint,-0.878,-0.63,0.248
178,1.780068195,right_knee_pitch_joint,0.13,0.15,0.01999999999999999
178,1.780068195,right_ankle_pitch_joint,-0.65,-0.91,-0.26
178,1.780068195,right_ankle_roll_joint,-0.1,-0.1,0.0
178,1.780068195,left_hip_yaw_joint,0.0,0.0,0.0
178,1.780068195,left_hip_roll_joint,-0.1,-0.1,0.0
178,1.780068195,left_hip_pitch_joint,0.878,0.63,-0.248
178,1.780068195,left_knee_pitch_joint,-0.13,-0.15,-0.01999999999999999
178,1.780068195,left_ankle_pitch_joint,0.65,0.91,0.26
178,1.780068195,left_ankle_roll_joint,0.1,0.1,0.0
179,1.790063095,right_hip_yaw_joint,0.0,0.0,0.0
179,1.790063095,right_hip_roll_joint,0.1,0.1,0.0
179,1.790063095,right_hip_pitch_joint,-0.878,-0.63,0.248
179,1.790063095,right_knee_pitch_joint,0.13,0.15,0.01999999999999999
179,1.790063095,right_ankle_pitch_joint,-0.65,-0.91,-0.26
179,1.790063095,right_ankle_roll_joint,-0.1,-0.1,0.0
179,1.790063095,left_hip_yaw_joint,0.0,0.0,0.0
179,1.790063095,left_hip_roll_joint,-0.1,-0.1,0.0
179,1.790063095,left_hip_pitch_joint,0.878,0.63,-0.248
179,1.790063095,left_knee_pitch_joint,-0.13,-0.15,-0.01999999999999999
179,1.790063095,left_ankle_pitch_joint,0.65,0.91,0.26
179,1.790063095,left_ankle_roll_joint,0.1,0.1,0.0
180,1.800061300,right_hip_yaw_joint,-0.002514767649417927,0.0,0.002514767649417927
180,1.800061300,right_hip_roll_joint,0.1008306538850085,0.1,-0.0008306538850084977
180,1.800061300,right_hip_pitch_joint,-0.8725974334887439,-0.63,0.24259743348874385
180,1.800061300,right_knee_pitch_joint,0.13363380778866474,0.15,0.016366192211335256
180,1.800061300,right_ankle_pitch_joint,-0.6494535953522954,-0.91,-0.2605464046477046
180,1.800061300,right_ankle_roll_joint,-0.1003046278705026,-0.1,0.00030462787050258844
180,1.800061300,left_hip_yaw_joint,0.0021675941703978795,0.0,-0.0021675941703978795
180,1.800061300,left_hip_roll_joint,-0.10076161535074234,-0.1,0.0007616153507423312
180,1.800061300,left_hip_pitch_joint,0.872684691354847,0.63,-0.24268469135484705
180,1.800061300,left_knee_pitch_joint,-0.13363624036520547,-0.15,-0.016363759634794528
180,1.800061300,left_ankle_pitch_joint,0.649096587385123,0.91,0.26090341261487704
180,1.800061300,left_ankle_roll_joint,0.09907469581918071,0.1,0.0009253041808192919
181,1.810059531,right_hip_yaw_joint,-0.003605153365738991,0.0,0.003605153365738991
181,1.810059531,right_hip_roll_joint,0.09795993219186053,0.1,0.0020400678081394785
181,1.810059531,right_hip_pitch_joint,-0.8714759677348491,-0.63,0.24147596773484914
181,1.810059531,right_knee_pitch_joint,0.13363380795636493,0.15,0.01636619204363507
181,1.810059531,right_ankle_pitch_joint,-0.6447053841168686,-0.91,-0.2652946158831314
181,1.810059531,right_ankle_roll_joint,-0.1015580019367096,-0.1,0.0015580019367095882
181,1.810059531,left_hip_yaw_joint,0.00331444481298083,0.0,-0.00331444481298083
181,1.810059531,left_hip_roll_joint,-0.10502458562667641,-0.1,0.005024585626676403
181,1.810059531,left_hip_pitch_joint,0.8658568387616018,0.63,-0.2358568387616018
181,1.810059531,left_knee_pitch_joint,-0.13363624053481352,-0.15,-0.016363759465186478
181,1.810059531,left_ankle_pitch_joint,0.6477217161011778,0.91,0.26227828389882224
181,1.810059531,left_ankle_roll_joint,0.09907469567547536,0.1,0.0009253043245246451
182,1.820070542,right_hip_yaw_joint,-0.003605153362618618,0.0,0.003605153362618618
182,1.820070542,right_hip_roll_joint,0.09589672543544744,0.1,0.0041032745645525615
182,1.820070542,right_hip_pitch_joint,-0.8713606941935896,-0.63,0.24136069419358963
182,1.820070542,right_knee_pitch_joint,0.13363380799601993,0.15,0.016366192003980068
182,1.820070542,right_ankle_pitch_joint,-0.6438898015348963,-0.91,-0.26611019846510375
182,1.820070542,right_ankle_roll_joint,-0.10155800192023445,-0.1,0.0015580019202344475
182,1.820070542,left_hip_yaw_joint,0.0033144448096728424,0.0,-0.0033144448096728424
182,1.820070542,left_hip_roll_joint,-0.10305075720140545,-0.1,0.003050757201405449
182,1.820070542,left_hip_pitch_joint,0.8658568387666133,0.63,-0.23585683876661334
182,1.820070542,left_knee_pitch_joint,-0.13363624053402473,-0.15,-0.016363759465975264
182,1.820070542,left_ankle_pitch_joint,0.6477217161196153,0.91,0.26227828388038477
182,1.820070542,left_ankle_roll_joint,0.09907469566610698,0.1,0.0009253043338930261
183,1.830085766,right_hip_yaw_joint,-0.0036051533607011415,0.0,0.0036051533607011415
183,1.830085766,right_hip_roll_joint,0.09839583673110476,0.1,0.001604163268895245
183,1.830085766,right_hip_pitch_joint,-0.8708859393168844,-0.63,0.2408859393168844
183,1.830085766,right_knee_pitch_joint,0.1336338080090706,0.15,0.016366191990929396
183,1.830085766,right_ankle_pitch_joint,-0.6438898015418703,-0.91,-0.2661101984581298
183,1.830085766,right_ankle_roll_joint,-0.10155800188316962,-0.1,0.0015580018831696102
183,1.830085766,left_hip_yaw_joint,0.003314444806582422,0.0,-0.003314444806582422
183,1.830085766,left_hip_roll_joint,-0.10238317919083456,-0.1,0.0023831791908345556
183,1.830085766,left_hip_pitch_joint,0.8658568387741163,0.63,-0.23585683877411634
183,1.830085766,left_knee_pitch_joint,-0.1336362405309854,-0.15,-0.016363759469014583
183,1.830085766,left_ankle_pitch_joint,0.647721716138063,0.91,0.2622782838619371
183,1.830085766,left_ankle_roll_joint,0.0990746956569962,0.1,0.0009253043430038077
184,1.840083591,right_hip_yaw_joint,-0.0036051533592907714,0.0,0.0036051533592907714
184,1.840083591,right_hip_roll_joint,0.09989129936329168,0.1,0.00010870063670832819
184,1.840083591,right_hip_pitch_joint,-0.8720759369510899,-0.63,0.24207593695108987
184,1.840083591,right_knee_pitch_joint,0.13363380801049482,0.15,0.016366191989505174
184,1.840083591,right_ankle_pitch_joint,-0.6438898015720221,-0.91,-0.2661101984279779
184,1.840083591,right_ankle_roll_joint,-0.10155800188709292,-0.1,0.0015580018870929163
184,1.840083591,left_hip_yaw_joint,0.0033144448026627468,0.0,-0.0033144448026627468
184,1.840083591,left_hip_roll_joint,-0.10281261277368639,-0.1,0.002812612773686385
184,1.840083591,left_hip_pitch_joint,0.865856838780245,0.63,-0.235856838780245
184,1.840083591,left_knee_pitch_joint,-0.1336362405300647,-0.15,-0.01636375946993529
184,1.840083591,left_ankle_pitch_joint,0.6477217161555554,0.91,0.2622782838444446
184,1.840083591,left_ankle_roll_joint,0.09907469564594792,0.1,0.0009253043540520811
185,1.850064212,right_hip_yaw_joint,-0.003605153358467398,0.0,0.003605153358467398
185,1.850064212,right_hip_roll_joint,0.100347920304909,0.1,-0.0003479203049089885
185,1.850064212,right_hip_pitch_joint,-0.8732769631520855,-0.63,0.24327696315208547
185,1.850064212,right_knee_pitch_joint,0.13363380801024466,0.15,0.016366191989755335
185,1.850064212,right_ankle_pitch_joint,-0.6438898016031885,-0.91,-0.2661101983968115
185,1.850064212,right_ankle_roll_joint,-0.10155800189230538,-0.1,0.0015580018923053718
185,1.850064212,left_hip_yaw_joint,0.003314444799059002,0.0,-0.003314444799059002
185,1.850064212,left_hip_roll_joint,-0.10241470321326544,-0.1,0.0024147032132654372
185,1.850064212,left_hip_pitch_joint,0.8658568387858573,0.63,-0.23585683878585728
185,1.850064212,left_knee_pitch_joint,-0.13363624053009474,-0.15,-0.01636375946990526
185,1.850064212,left_ankle_pitch_joint,0.6477217161725269,0.91,0.2622782838274731
185,1.850064212,left_ankle_roll_joint,0.09907469563588645,0.1,0.0009253043641135605
186,1.860077592,right_hip_yaw_joint,-0.0036051533585129457,0.0,0.0036051533585129457
186,1.860077592,right_hip_roll_joint,0.1028304403255311,0.1,-0.0028304403255310917
186,1.860077592,right_hip_pitch_joint,-0.8725380164370435,-0.63,0.24253801643704354
186,1.860077592,right_knee_pitch_joint,0.133633808101977,0.15,0.01636619189802299
186,1.860077592,right_ankle_pitch_joint,-0.6438898014957802,-0.91,-0.2661101985042198
186,1.860077592,right_ankle_roll_joint,-0.0994906812184528,-0.1,-0.0005093187815472106
186,1.860077592,left_hip_yaw_joint,0.0033144447949979092,0.0,-0.0033144447949979092
186,1.860077592,left_hip_roll_joint,-0.1036484415787768,-0.1,0.0036484415787767926
186,1.860077592,left_hip_pitch_joint,0.865856838790351,0.63,-0.23585683879035102
186,1.860077592,left_knee_pitch_joint,-0.13363624052547343,-0.15,-0.016363759474526562
186,1.860077592,left_ankle_pitch_joint,0.6477217161954187,0.91,0.2622782838045813
186,1.860077592,left_ankle_roll_joint,0.09907469562395692,0.1,0.0009253043760430874
187,1.870083657,right_hip_yaw_joint,-0.0036051533567524174,0.0,0.0036051533567524174
187,1.870083657,right_hip_roll_joint,0.10430484481900366,0.1,-0.004304844819003659
187,1.870083657,right_hip_pitch_joint,-0.8734495395055488,-0.63,0.24344953950554882
187,1.870083657,right_knee_pitch_joint,0.1336338081036106,0.15,0.01636619189638938
187,1.870083657,right_ankle_pitch_joint,-0.6438898015257851,-0.91,-0.2661101984742149
187,1.870083657,right_ankle_roll_joint,-0.09949068123556791,-0.1,-0.0005093187644320957
187,1.870083657,left_hip_yaw_joint,0.003314444790683128,0.0,-0.003314444790683128
187,1.870083657,left_hip_roll_joint,-0.10459013560530771,-0.1,0.004590135605307702
187,1.870083657,left_hip_pitch_joint,0.8658568387965063,0.63,-0.23585683879650632
187,1.870083657,left_knee_pitch_joint,-0.13363624052443915,-0.15,-0.016363759475560846
187,1.870083657,left_ankle_pitch_joint,0.6477217162129948,0.91,0.26227828378700524
187,1.870083657,left_ankle_roll_joint,0.09907469561183613,0.1,0.0009253043881638778
188,1.880070956,right_hip_yaw_joint,-0.0036051533558871633,0.0,0.0036051533558871633
188,1.880070956,right_hip_roll_joint,0.10419176601650862,0.1,-0.0041917660165086135
188,1.880070956,right_hip_pitch_joint,-0.8744349085821361,-0.63,0.24443490858213612
188,1.880070956,right_knee_pitch_joint,0.13363380810347833,0.15,0.016366191896521665
188,1.880070956,right_ankle_pitch_joint,-0.6438898015568467,-0.91,-0.2661101984431533
188,1.880070956,right_ankle_roll_joint,-0.09949068125471573,-0.1,-0.0005093187452842735
188,1.880070956,left_hip_yaw_joint,0.0033144447870090176,0.0,-0.0033144447870090176
188,1.880070956,left_hip_roll_joint,-0.1040386459564886,-0.1,0.00403864595648859
188,1.880070956,left_hip_pitch_joint,0.865856838802141,0.63,-0.23585683880214103
188,1.880070956,left_knee_pitch_joint,-0.13363624052442888,-0.15,-0.016363759475571116
188,1.880070956,left_ankle_pitch_joint,0.647721716229977,0.91,0.26227828377002305
188,1.880070956,left_ankle_roll_joint,0.09907469560161183,0.1,0.0009253043983881715
189,1.890089360,right_hip_yaw_joint,-0.0036051533553689,0.0,0.0036051533553689
189,1.890089360,right_hip_roll_joint,0.1035406981016478,0.1,-0.003540698101647796
189,1.890089360,right_hip_pitch_joint,-0.8742916852781119,-0.63,0.24429168527811185
189,1.890089360,right_knee_pitch_joint,0.13363380817252887,0.15,0.01636619182747112
189,1.890089360,right_ankle_pitch_joint,-0.6432845173939825,-0.91,-0.2667154826060175
189,1.890089360,right_ankle_roll_joint,-0.09758491447135265,-0.1,-0.0024150855286473594
189,1.890089360,left_hip_yaw_joint,0.0033144447829635765,0.0,-0.0033144447829635765
189,1.890089360,left_hip_roll_joint,-0.10433422959812634,-0.1,0.004334229598126335
189,1.890089360,left_hip_pitch_joint,0.8658568388066832,0.63,-0.23585683880668318
189,1.890089360,left_knee_pitch_joint,-0.13363624052078973,-0.15,-0.01636375947921026
189,1.890089360,left_ankle_pitch_joint,0.6477217162517863,0.91,0.2622782837482137
189,1.890089360,left_ankle_roll_joint,0.09907469558996394,0.1,0.0009253044100360625
190,1.900060023,right_hip_yaw_joint,-0.003605153354842591,0.0,0.003605153354842591
190,1.900060023,right_hip_roll_joint,0.10285667119606084,0.1,-0.0028566711960608393
190,1.900060023,right_hip_pitch_joint,-0.8742502891039624,-0.63,0.2442502891039624
190,1.900060023,right_knee_pitch_joint,0.1336338082405343,0.15,0.016366191759465687
190,1.900060023,right_ankle_pitch_joint,-0.6423042643909679,-0.91,-0.26769573560903215
190,1.900060023,right_ankle_roll_joint,-0.09712698469844297,-0.1,-0.002873015301557036
190,1.900060023,left_hip_yaw_joint,0.0033144447789277545,0.0,-0.0033144447789277545
190,1.900060023,left_hip_roll_joint,-0.1045296483934594,-0.1,0.004529648393459401
190,1.900060023,left_hip_pitch_joint,0.8658568388107087,0.63,-0.23585683881070874
190,1.900060023,left_knee_pitch_joint,-0.13363624051811546,-0.15,-0.016363759481884538
190,1.900060023,left_ankle_pitch_joint,0.6477217162730606,0.91,0.2622782837269394
190,1.900060023,left_ankle_roll_joint,0.0990746955785447,0.1,0.000925304421455303
191,1.910060895,right_hip_yaw_joint,-0.0036051533539336053,0.0,0.0036051533539336053
191,1.910060895,right_hip_roll_joint,0.10283939432220578,0.1,-0.002839394322205771
191,1.910060895,right_hip_pitch_joint,-0.8748906750212705,-0.63,0.2448906750212705
191,1.910060895,right_knee_pitch_joint,0.13363380824271248,0.15,0.016366191757287513
191,1.910060895,right_ankle_pitch_joint,-0.6423042644262701,-0.91,-0.26769573557372994
191,1.910060895,right_ankle_roll_joint,-0.09712698473397131,-0.1,-0.0028730152660286917
191,1.910060895,left_hip_yaw_joint,0.0033144447753016967,0.0,-0.0033144447753016967
191,1.910060895,left_hip_roll_joint,-0.10398461540270032,-0.1,0.0039846154027003144
191,1.910060895,left_hip_pitch_joint,0.8658568388170641,0.63,-0.2358568388170641
191,1.910060895,left_knee_pitch_joint,-0.13363624051659942,-0.15,-0.016363759483400575
191,1.910060895,left_ankle_pitch_joint,0.6477217162909499,0.91,0.26227828370905015
191,1.910060895,left_ankle_roll_joint,0.09907469556823176,0.1,0.000925304431768248
192,1.920083813,right_hip_yaw_joint,-0.00360515335053011,0.0,0.00360515335053011
192,1.920083813,right_hip_roll_joint,0.10108069035124034,0.1,-0.0010806903512403376
192,1.920083813,right_hip_pitch_joint,-0.8772132774785584,-0.63,0.24721327747855837
192,1.920083813,right_knee_pitch_joint,0.1336338082853162,0.15,0.016366191714683787
192,1.920083813,right_ankle_pitch_joint,-0.6423042644044977,-0.91,-0.2676957355955023
192,1.920083813,right_ankle_roll_joint,-0.10174470963609686,-0.1,0.0017447096360968528
192,1.920083813,left_hip_yaw_joint,0.0033144447708790452,0.0,-0.0033144447708790452
192,1.920083813,left_hip_roll_joint,-0.10511425208851849,-0.1,0.005114252088518484
192,1.920083813,left_hip_pitch_joint,0.865856838818959,0.63,-0.23585683881895902
192,1.920083813,left_knee_pitch_joint,-0.133636240519057,-0.15,-0.016363759480942985
192,1.920083813,left_ankle_pitch_joint,0.6477217163088402,0.91,0.2622782836911598
192,1.920083813,left_ankle_roll_joint,0.09907469555757545,0.1,0.0009253044424245571
193,1.930082730,right_hip_yaw_joint,-0.003605153348592376,0.0,0.003605153348592376
193,1.930082730,right_hip_roll_joint,0.10155419381514065,0.1,-0.0015541938151406448
193,1.930082730,right_hip_pitch_joint,-0.8784093044270744,-0.63,0.24840930442707443
193,1.930082730,right_knee_pitch_joint,0.13363380831195998,0.15,0.016366191688040016
193,1.930082730,right_ankle_pitch_joint,-0.6423042644013525,-0.91,-0.26769573559864757
193,1.930082730,right_ankle_roll_joint,-0.10508826454839357,-0.1,0.005088264548393562
193,1.930082730,left_hip_yaw_joint,0.0033144447747338046,0.0,-0.0033144447747338046
193,1.930082730,left_hip_roll_joint,-0.10651341321960218,-0.1,0.006513413219602179
193,1.930082730,left_hip_pitch_joint,0.8654656179095126,0.63,-0.2354656179095126
193,1.930082730,left_knee_pitch_joint,-0.1339783147622783,-0.15,-0.016021685237721683
193,1.930082730,left_ankle_pitch_joint,0.6445587667351955,0.91,0.2654412332648045
193,1.930082730,left_ankle_roll_joint,0.0978186652293813,0.1,0.002181334770618701
194,1.940060299,right_hip_yaw_joint,-0.0036051533474615403,0.0,0.0036051533474615403
194,1.940060299,right_hip_roll_joint,0.10226508329864058,0.1,-0.0022650832986405717
194,1.940060299,right_hip_pitch_joint,-0.8786282510255577,-0.63,0.24862825102555774
194,1.940060299,right_knee_pitch_joint,0.1336338083121506,0.15,0.01636619168784939
194,1.940060299,right_ankle_pitch_joint,-0.6423042644378797,-0.91,-0.26769573556212034
194,1.940060299,right_ankle_roll_joint,-0.10508826452881882,-0.1,0.005088264528818817
194,1.940060299,left_hip_yaw_joint,0.0033144447708436256,0.0,-0.0033144447708436256
194,1.940060299,left_hip_roll_joint,-0.10611812366647085,-0.1,0.00611812366647084
194,1.940060299,left_hip_pitch_joint,0.8654656179153473,0.63,-0.23546561791534726
194,1.940060299,left_knee_pitch_joint,-0.1339783147617494,-0.15,-0.016021685238250594
194,1.940060299,left_ankle_pitch_joint,0.6445587667635824,0.91,0.26544123323641766
194,1.940060299,left_ankle_roll_joint,0.09781866522710445,0.1,0.00218133477289556
195,1.950066373,right_hip_yaw_joint,-0.003605153346689775,0.0,0.003605153346689775
195,1.950066373,right_hip_roll_joint,0.10225781776810632,0.1,-0.00225781776810631
195,1.950066373,right_hip_pitch_joint,-0.8788332801946892,-0.63,0.2488332801946892
195,1.950066373,right_knee_pitch_joint,0.1336338083123026,0.15,0.0163661916876974
195,1.950066373,right_ankle_pitch_joint,-0.642304264474403,-0.91,-0.267695735525597
195,1.950066373,right_ankle_roll_joint,-0.10508826451014074,-0.1,0.00508826451014073
195,1.950066373,left_hip_yaw_joint,0.0033144447672706807,0.0,-0.0033144447672706807
195,1.950066373,left_hip_roll_joint,-0.10517408021380754,-0.1,0.005174080213807539
195,1.950066373,left_hip_pitch_joint,0.8654656179211865,0.63,-0.23546561792118648
195,1.950066373,left_knee_pitch_joint,-0.13397831476123745,-0.15,-0.016021685238762545
195,1.950066373,left_ankle_pitch_joint,0.6445587667919459,0.91,0.26544123320805413
195,1.950066373,left_ankle_roll_joint,0.09781866522569839,0.1,0.002181334774301616
196,1.960080629,right_hip_yaw_joint,-0.0036051533452537863,0.0,0.0036051533452537863
196,1.960080629,right_hip_roll_joint,0.10305165112661599,0.1,-0.003051651126615984
196,1.960080629,right_hip_pitch_joint,-0.8785606195773905,-0.63,0.2485606195773905
196,1.960080629,right_knee_pitch_joint,0.1336338083122462,0.15,0.0163661916877538
196,1.960080629,right_ankle_pitch_joint,-0.6423042645138849,-0.91,-0.26769573548611514
196,1.960080629,right_ankle_roll_joint,-0.1050882644897906,-0.1,0.005088264489790592
196,1.960080629,left_hip_yaw_joint,0.003314444765753412,0.0,-0.003314444765753412
196,1.960080629,left_hip_roll_joint,-0.10383650093880945,-0.1,0.0038365009388094395
196,1.960080629,left_hip_pitch_joint,0.865465617928074,0.63,-0.23546561792807397
196,1.960080629,left_knee_pitch_joint,-0.1354419416927316,-0.15,-0.01455805830726839
196,1.960080629,left_ankle_pitch_joint,0.644558766737341,0.91,0.265441233262659
196,1.960080629,left_ankle_roll_joint,0.09593180305174617,0.1,0.004068196948253833
197,1.970070008,right_hip_yaw_joint,-0.00360515334399876,0.0,0.00360515334399876
197,1.970070008,right_hip_roll_joint,0.10379661475485248,0.1,-0.003796614754852476
197,1.970070008,right_hip_pitch_joint,-0.87846302116946,-0.63,0.24846302116945995
197,1.970070008,right_knee_pitch_joint,0.1336338083094582,0.15,0.016366191690541793
197,1.970070008,right_ankle_pitch_joint,-0.6423042645544658,-0.91,-0.26769573544553427
197,1.970070008,right_ankle_roll_joint,-0.10508826446955906,-0.1,0.005088264469559053
197,1.970070008,left_hip_yaw_joint,0.0033144447623218694,0.0,-0.0033144447623218694
197,1.970070008,left_hip_roll_joint,-0.1030723559622394,-0.1,0.003072355962239398
197,1.970070008,left_hip_pitch_joint,0.8654656179315133,0.63,-0.23546561793151333
197,1.970070008,left_knee_pitch_joint,-0.13714168556614922,-0.15,-0.01285831443385077
197,1.970070008,left_ankle_pitch_joint,0.6445587666766444,0.91,0.2654412333233557
197,1.970070008,left_ankle_roll_joint,0.09593180288929358,0.1,0.004068197110706426
198,1.980061601,right_hip_yaw_joint,-0.003605153343252861,0.0,0.003605153343252861
198,1.980061601,right_hip_roll_joint,0.1035222261957806,0.1,-0.0035222261957805895
198,1.980061601,right_hip_pitch_joint,-0.8786965750526222,-0.63,0.24869657505262222
198,1.980061601,right_knee_pitch_joint,0.13363380830965035,0.15,0.01636619169034964
198,1.980061601,right_ankle_pitch_joint,-0.6423042645909428,-0.91,-0.2676957354090572
198,1.980061601,right_ankle_roll_joint,-0.10508826445095876,-0.1,0.005088264450958752
198,1.980061601,left_hip_yaw_joint,0.0033144447587721924,0.0,-0.0033144447587721924
198,1.980061601,left_hip_roll_joint,-0.10255367420239471,-0.1,0.002553674202394704
198,1.980061601,left_hip_pitch_joint,0.8654656179373328,0.63,-0.23546561793733278
198,1.980061601,left_knee_pitch_joint,-0.1371416855611025,-0.15,-0.012858314438897483
198,1.980061601,left_ankle_pitch_joint,0.6445587667049397,0.91,0.2654412332950603
198,1.980061601,left_ankle_roll_joint,0.09593180290077676,0.1,0.00406819709922325
199,1.990067435,right_hip_yaw_joint,-0.0036051533420229888,0.0,0.0036051533420229888
199,1.990067435,right_hip_roll_joint,0.10385371676758431,0.1,-0.0038537167675843087
199,1.990067435,right_hip_pitch_joint,-0.8789344168189556,-0.63,0.24893441681895556
199,1.990067435,right_knee_pitch_joint,0.1336338083075799,0.15,0.016366191692420096
199,1.990067435,right_ankle_pitch_joint,-0.6423042646316017,-0.91,-0.2676957353683983
199,1.990067435,right_ankle_roll_joint,-0.10508826443091664,-0.1,0.005088264430916631
199,1.990067435,left_hip_yaw_joint,0.0033144447559411185,0.0,-0.0033144447559411185
199,1.990067435,left_hip_roll_joint,-0.1008248719208543,-0.1,0.0008248719208543004
199,1.990067435,left_hip_pitch_joint,0.8654656179418564,0.63,-0.2354656179418564
199,1.990067435,left_knee_pitch_joint,-0.1393620562274533,-0.15,-0.010637943772546704
199,1.990067435,left_ankle_pitch_joint,0.6445587666375168,0.91,0.26544123336248326
199,1.990067435,left_ankle_roll_joint,0.0959318027289245,0.1,0.004068197271075505
200,2.000064394,right_hip_yaw_joint,-0.0036051533408299648,0.0,0.0036051533408299648
200,2.000064394,right_hip_roll_joint,0.10410328986451496,0.1,-0.004103289864514956
200,2.000064394,right_hip_pitch_joint,-0.8791284629852604,-0.63,0.24912846298526037
200,2.000064394,right_knee_pitch_joint,0.1336338083052535,0.15,0.016366191694746485
200,2.000064394,right_ankle_pitch_joint,-0.642304264672143,-0.91,-0.26769573532785707
200,2.000064394,right_ankle_roll_joint,-0.10508826441104707,-0.1,0.0050882644110470665
200,2.000064394,left_hip_yaw_joint,0.003314444751733493,0.0,-0.003314444751733493
200,2.000064394,left_hip_roll_joint,-0.0987481001672545,-0.1,-0.0012518998327455122
200,2.000064394,left_hip_pitch_joint,0.8654656179448321,0.63,-0.23546561794483212
200,2.000064394,left_knee_pitch_joint,-0.14173267048439475,-0.15,-0.008267329515605243
200,2.000064394,left_ankle_pitch_joint,0.6445587665659371,0.91,0.2654412334340629
200,2.000064394,left_ankle_roll_joint,0.0959318025862934,0.1,0.004068197413706606
201,2.010058466,right_hip_yaw_joint,-0.003605153339990474,0.0,0.003605153339990474
201,2.010058466,right_hip_roll_joint,0.10394395446843188,0.1,-0.003943954468431876
201,2.010058466,right_hip_pitch_joint,-0.8790594982497592,-0.63,0.24905949824975915
201,2.010058466,right_knee_pitch_joint,0.13363380830288013,0.15,0.016366191697119864
201,2.010058466,right_ankle_pitch_joint,-0.642304264712221,-0.91,-0.267695735287779
201,2.010058466,right_ankle_roll_joint,-0.10508826439223615,-0.1,0.0050882643922361415
201,2.010058466,left_hip_yaw_joint,0.0033144447462665266,0.0,-0.0033144447462665266
201,2.010058466,left_hip_roll_joint,-0.09673845866402837,-0.1,-0.003261541335971632
201,2.010058466,left_hip_pitch_joint,0.8654656179464338,0.63,-0.23546561794643384
201,2.010058466,left_knee_pitch_joint,-0.14391022378375182,-0.15,-0.006089776216248177
201,2.010058466,left_ankle_pitch_joint,0.6445587664951267,0.91,0.26544123350487336
201,2.010058466,left_ankle_roll_joint,0.09593180247340803,0.1,0.004068197526591974
202,2.020066043,right_hip_yaw_joint,-0.0036051533420354692,0.0,0.0036051533420354692
202,2.020066043,right_hip_roll_joint,0.10306942707044849,0.1,-0.00306942707044848
202,2.020066043,right_hip_pitch_joint,-0.879842272003146,-0.63,0.24984227200314602
202,2.020066043,right_knee_pitch_joint,0.13542816185357606,0.15,0.014571838146423932
202,2.020066043,right_ankle_pitch_joint,-0.642304264661268,-0.91,-0.26769573533873203
202,2.020066043,right_ankle_roll_joint,-0.10690420376138787,-0.1,0.006904203761387867
202,2.020066043,left_hip_yaw_joint,0.0033144447428200196,0.0,-0.0033144447428200196
202,2.020066043,left_hip_roll_joint,-0.09778983636001318,-0.1,-0.0022101636399868285
202,2.020066043,left_hip_pitch_joint,0.8654656179474598,0.63,-0.2354656179474598
202,2.020066043,left_knee_pitch_joint,-0.1439102237732057,-0.15,-0.006089776226794297
202,2.020066043,left_ankle_pitch_joint,0.6445587665233756,0.91,0.2654412334766244
202,2.020066043,left_ankle_roll_joint,0.09593180248632781,0.1,0.004068197513672198
203,2.030063315,right_hip_yaw_joint,-0.003605153341904279,0.0,0.003605153341904279
203,2.030063315,right_hip_roll_joint,0.1034685641301347,0.1,-0.003468564130134688
203,2.030063315,right_hip_pitch_joint,-0.878195290186775,-0.63,0.248195290186775
203,2.030063315,right_knee_pitch_joint,0.1354412430416171,0.15,0.014558756958382907
203,2.030063315,right_ankle_pitch_joint,-0.6423042645994447,-0.91,-0.26769573540055536
203,2.030063315,right_ankle_roll_joint,-0.10901429720784994,-0.1,0.009014297207849936
203,2.030063315,left_hip_yaw_joint,0.0033144447379603557,0.0,-0.0033144447379603557
203,2.030063315,left_hip_roll_joint,-0.10172635205824725,-0.1,0.0017263520582472408
203,2.030063315,left_hip_pitch_joint,0.8654656179536291,0.63,-0.23546561795362908
203,2.030063315,left_knee_pitch_joint,-0.14391022375262938,-0.15,-0.006089776247370615
203,2.030063315,left_ankle_pitch_joint,0.6445587665573982,0.91,0.26544123344260184
203,2.030063315,left_ankle_roll_joint,0.09593180249332287,0.1,0.00406819750667714
204,2.040062753,right_hip_yaw_joint,-0.003605153340661857,0.0,0.003605153340661857
204,2.040062753,right_hip_roll_joint,0.10393012782559038,0.1,-0.003930127825590379
204,2.040062753,right_hip_pitch_joint,-0.877997541337952,-0.63,0.24799754133795204
204,2.040062753,right_knee_pitch_joint,0.1354412430441878,0.15,0.014558756955812185
204,2.040062753,right_ankle_pitch_joint,-0.6423042646325449,-0.91,-0.26769573536745517
204,2.040062753,right_ankle_roll_joint,-0.10901429716224362,-0.1,0.009014297162243612
204,2.040062753,left_hip_yaw_joint,0.003314444733803798,0.0,-0.003314444733803798
204,2.040062753,left_hip_roll_joint,-0.10260764271868904,-0.1,0.002607642718689032
204,2.040062753,left_hip_pitch_joint,0.8654656179608258,0.63,-0.23546561796082577
204,2.040062753,left_knee_pitch_joint,-0.14391022373471954,-0.15,-0.0060897762652804555
204,2.040062753,left_ankle_pitch_joint,0.6445587665876662,0.91,0.26544123341233383
204,2.040062753,left_ankle_roll_joint,0.09593180250236398,0.1,0.004068197497636025
205,2.050066517,right_hip_yaw_joint,-0.0036051533394284054,0.0,0.0036051533394284054
205,2.050066517,right_hip_roll_joint,0.10506339694929422,0.1,-0.0050633969492942105
205,2.050066517,right_hip_pitch_joint,-0.8785839352068003,-0.63,0.24858393520680033
205,2.050066517,right_knee_pitch_joint,0.13544124303618316,0.15,0.014558756963816838
205,2.050066517,right_ankle_pitch_joint,-0.6423042646742361,-0.91,-0.26769573532576396
205,2.050066517,right_ankle_roll_joint,-0.10901429711493923,-0.1,0.00901429711493923
205,2.050066517,left_hip_yaw_joint,0.003314444728856768,0.0,-0.003314444728856768
205,2.050066517,left_hip_roll_joint,-0.1033191786402213,-0.1,0.0033191786402212986
205,2.050066517,left_hip_pitch_joint,0.8654656179609127,0.63,-0.2354656179609127
205,2.050066517,left_knee_pitch_joint,-0.14607272388241085,-0.15,-0.00392727611758914
205,2.050066517,left_ankle_pitch_joint,0.6445587665159751,0.91,0.26544123348402493
205,2.050066517,left_ankle_roll_joint,0.09593180233669515,0.1,0.004068197663304851
206,2.060068507,right_hip_yaw_joint,-0.0036051533399303138,0.0,0.0036051533399303138
206,2.060068507,right_hip_roll_joint,0.1043139779086073,0.1,-0.004313977908607297
206,2.060068507,right_hip_pitch_joint,-0.8787896936429159,-0.63,0.24878969364291592
206,2.060068507,right_knee_pitch_joint,0.13544124308626596,0.15,0.014558756913734039
206,2.060068507,right_ankle_pitch_joint,-0.6423042646252121,-0.91,-0.26769573537478797
206,2.060068507,right_ankle_roll_joint,-0.1102958014105585,-0.1,0.010295801410558497
206,2.060068507,left_hip_yaw_joint,0.003314444720170194,0.0,-0.003314444720170194
206,2.060068507,left_hip_roll_joint,-0.1049311494241177,-0.1,0.004931149424117695
206,2.060068507,left_hip_pitch_joint,0.8654656179565028,0.63,-0.23546561795650278
206,2.060068507,left_knee_pitch_joint,-0.14707118769321165,-0.15,-0.0029288123067883476
206,2.060068507,left_ankle_pitch_joint,0.6445587664527606,0.91,0.2654412335472395
206,2.060068507,left_ankle_roll_joint,0.09593180225517363,0.1,0.004068197744826377
207,2.070064560,right_hip_yaw_joint,-0.0036051533390969942,0.0,0.0036051533390969942
207,2.070064560,right_hip_roll_joint,0.10411503925603126,0.1,-0.004115039256031253
207,2.070064560,right_hip_pitch_joint,-0.878973452220288,-0.63,0.248973452220288
207,2.070064560,right_knee_pitch_joint,0.13544124308376337,0.15,0.01455875691623662
207,2.070064560,right_ankle_pitch_joint,-0.642304264661734,-0.91,-0.26769573533826607
207,2.070064560,right_ankle_roll_joint,-0.11029580135626593,-0.1,0.010295801356265927
207,2.070064560,left_hip_yaw_joint,0.0033144447165675568,0.0,-0.0033144447165675568
207,2.070064560,left_hip_roll_joint,-0.10428018342747655,-0.1,0.004280183427476547
207,2.070064560,left_hip_pitch_joint,0.8654656179622734,0.63,-0.2354656179622734
207,2.070064560,left_knee_pitch_joint,-0.14707118767397057,-0.15,-0.0029288123260294285
207,2.070064560,left_ankle_pitch_joint,0.6445587664810052,0.91,0.26544123351899485
207,2.070064560,left_ankle_roll_joint,0.09593180226644,0.1,0.00406819773356
208,2.080054091,right_hip_yaw_joint,-0.003605153337940512,0.0,0.003605153337940512
208,2.080054091,right_hip_roll_joint,0.10437879836151992,0.1,-0.004378798361519914
208,2.080054091,right_hip_pitch_joint,-0.878638507926555,-0.63,0.24863850792655495
208,2.080054091,right_knee_pitch_joint,0.13544124308185818,0.15,0.014558756918141819
208,2.080054091,right_ankle_pitch_joint,-0.6423042647003091,-0.91,-0.26769573529969093
208,2.080054091,right_ankle_roll_joint,-0.11029580130139559,-0.1,0.010295801301395582
208,2.080054091,left_hip_yaw_joint,0.0033144447142232037,0.0,-0.0033144447142232037
208,2.080054091,left_hip_roll_joint,-0.1033422946242175,-0.1,0.003342294624217493
208,2.080054091,left_hip_pitch_joint,0.8654656179675394,0.63,-0.2354656179675394
208,2.080054091,left_knee_pitch_joint,-0.14893396180995588,-0.15,-0.0010660381900441107
208,2.080054091,left_ankle_pitch_joint,0.6445587664184735,0.91,0.2654412335815265
208,2.080054091,left_ankle_roll_joint,0.09512302763893422,0.1,0.004876972361065782
209,2.090089578,right_hip_yaw_joint,-0.003605153338012747,0.0,0.003605153338012747
209,2.090089578,right_hip_roll_joint,0.10437636007599789,0.1,-0.004376360075997884
209,2.090089578,right_hip_pitch_joint,-0.8787479750538462,-0.63,0.24874797505384616
209,2.090089578,right_knee_pitch_joint,0.13544124312952,0.15,0.01455875687048
209,2.090089578,right_ankle_pitch_joint,-0.6423042646549795,-0.91,-0.26769573534502056
209,2.090089578,right_ankle_roll_joint,-0.1115146054764682,-0.1,0.011514605476468195
209,2.090089578,left_hip_yaw_joint,0.00331444470826051,0.0,-0.00331444470826051
209,2.090089578,left_hip_roll_joint,-0.10447046562262818,-0.1,0.004470465622628178
209,2.090089578,left_hip_pitch_joint,0.8654656179651844,0.63,-0.2354656179651844
209,2.090089578,left_knee_pitch_joint,-0.15023422197753317,-0.15,0.0002342219775331722
209,2.090089578,left_ankle_pitch_joint,0.6445587663559535,0.91,0.2654412336440465
209,2.090089578,left_ankle_roll_joint,0.09512302751981845,0.1,0.0048769724801815545
210,2.100062276,right_hip_yaw_joint,-0.0036051533369166567,0.0,0.0036051533369166567
210,2.100062276,right_hip_roll_joint,0.10466500871122959,0.1,-0.004665008711229587
210,2.100062276,right_hip_pitch_joint,-0.8786803720128286,-0.63,0.24868037201282855
210,2.100062276,right_knee_pitch_joint,0.13544124312988598,0.15,0.014558756870114015
210,2.100062276,right_ankle_pitch_joint,-0.6423042646895153,-0.91,-0.26769573531048474
210,2.100062276,right_ankle_roll_joint,-0.1115146054138428,-0.1,0.01151460541384279
210,2.100062276,left_hip_yaw_joint,0.0033144447041277376,0.0,-0.0033144447041277376
210,2.100062276,left_hip_roll_joint,-0.10484078832094695,-0.1,0.004840788320946948
210,2.100062276,left_hip_pitch_joint,0.8654656179716915,0.63,-0.23546561797169152
210,2.100062276,left_knee_pitch_joint,-0.15023422195196592,-0.15,0.00023422195196592943
210,2.100062276,left_ankle_pitch_joint,0.6445587663854699,0.91,0.2654412336145301
210,2.100062276,left_ankle_roll_joint,0.09512302753454303,0.1,0.004876972465456972
211,2.110086610,right_hip_yaw_joint,-0.0036051533361202244,0.0,0.0036051533361202244
211,2.110086610,right_hip_roll_joint,0.10434101307184349,0.1,-0.00434101307184348
211,2.110086610,right_hip_pitch_joint,-0.878876526792484,-0.63,0.24887652679248395
211,2.110086610,right_knee_pitch_joint,0.13544124312743758,0.15,0.014558756872562417
211,2.110086610,right_ankle_pitch_joint,-0.6423042647260024,-0.91,-0.2676957352739976
211,2.110086610,right_ankle_roll_joint,-0.11151460535135857,-0.1,0.011514605351358564
211,2.110086610,left_hip_yaw_joint,0.003314444700573709,0.0,-0.003314444700573709
211,2.110086610,left_hip_roll_joint,-0.1041296749859168,-0.1,0.0041296749859167925
211,2.110086610,left_hip_pitch_joint,0.8654656179774705,0.63,-0.23546561797747045
211,2.110086610,left_knee_pitch_joint,-0.15023422192824595,-0.15,0.000234221928245959
211,2.110086610,left_ankle_pitch_joint,0.6445587664137065,0.91,0.26544123358629357
211,2.110086610,left_ankle_roll_joint,0.09512302755143434,0.1,0.004876972448565664
212,2.120085902,right_hip_yaw_joint,-0.003605153332383741,0.0,0.003605153332383741
212,2.120085902,right_hip_roll_joint,0.10438536370416703,0.1,-0.00438536370416702
212,2.120085902,right_hip_pitch_joint,-0.876423217315241,-0.63,0.24642321731524097
212,2.120085902,right_knee_pitch_joint,0.13544124319960515,0.15,0.01455875680039484
212,2.120085902,right_ankle_pitch_joint,-0.639367994622686,-0.91,-0.270632005377314
212,2.120085902,right_ankle_roll_joint,-0.11151460512503507,-0.1,0.011514605125035063
212,2.120085902,left_hip_yaw_joint,0.0033144446970088375,0.0,-0.0033144446970088375
212,2.120085902,left_hip_roll_joint,-0.10438933136950006,-0.1,0.004389331369500052
212,2.120085902,left_hip_pitch_joint,0.8654656179853415,0.63,-0.2354656179853415
212,2.120085902,left_knee_pitch_joint,-0.15023422189644214,-0.15,0.0002342218964421494
212,2.120085902,left_ankle_pitch_joint,0.6445587664485875,0.91,0.2654412335514126
212,2.120085902,left_ankle_roll_joint,0.09512302756725272,0.1,0.00487697243274729
213,2.130022972,right_hip_yaw_joint,-0.0036051533314636662,0.0,0.0036051533314636662
213,2.130022972,right_hip_roll_joint,0.1037668380871211,0.1,-0.0037668380871210966
213,2.130022972,right_hip_pitch_joint,-0.8766967867144003,-0.63,0.24669678671440032
213,2.130022972,right_knee_pitch_joint,0.13544124324560122,0.15,0.014558756754398772
213,2.130022972,right_ankle_pitch_joint,-0.6393679945961883,-0.91,-0.2706320054038117
213,2.130022972,right_ankle_roll_joint,-0.11369417447707118,-0.1,0.013694174477071178
213,2.130022972,left_hip_yaw_joint,0.0033144446917853024,0.0,-0.0033144446917853024
213,2.130022972,left_hip_roll_joint,-0.10771139260145982,-0.1,0.00771139260145981
213,2.130022972,left_hip_pitch_joint,0.8654656179848222,0.63,-0.23546561798482224
213,2.130022972,left_knee_pitch_joint,-0.15137508998714022,-0.15,0.0013750899871402267
213,2.130022972,left_ankle_pitch_joint,0.644558766391001,0.91,0.26544123360899907
213,2.130022972,left_ankle_roll_joint,0.09512302739762434,0.1,0.00487697260237567
214,2.140063766,right_hip_yaw_joint,-0.003605153330291537,0.0,0.003605153330291537
214,2.140063766,right_hip_roll_joint,0.10429463069885922,0.1,-0.004294630698859214
214,2.140063766,right_hip_pitch_joint,-0.8772109665952162,-0.63,0.24721096659521624
214,2.140063766,right_knee_pitch_joint,0.13544124324271314,0.15,0.01455875675728685
214,2.140063766,right_ankle_pitch_joint,-0.6393679946435883,-0.91,-0.27063200535641174
214,2.140063766,right_ankle_roll_joint,-0.11369417439868454,-0.1,0.013694174398684533
214,2.140063766,left_hip_yaw_joint,0.003314444687877724,0.0,-0.003314444687877724
214,2.140063766,left_hip_roll_joint,-0.10726986448009171,-0.1,0.007269864480091703
214,2.140063766,left_hip_pitch_joint,0.8654656179904565,0.63,-0.2354656179904565
214,2.140063766,left_knee_pitch_joint,-0.15137508996203594,-0.15,0.001375089962035947
214,2.140063766,left_ankle_pitch_joint,0.644558766419141,0.91,0.265441233580859
214,2.140063766,left_ankle_roll_joint,0.09512302741349998,0.1,0.004876972586500022
215,2.150084192,right_hip_yaw_joint,-0.003605153329016948,0.0,0.003605153329016948
215,2.150084192,right_hip_roll_joint,0.10519087090447225,0.1,-0.005190870904472247
215,2.150084192,right_hip_pitch_joint,-0.8773466049335589,-0.63,0.24734660493355887
215,2.150084192,right_knee_pitch_joint,0.13544124323703707,0.15,0.014558756762962921
215,2.150084192,right_ankle_pitch_joint,-0.6393679946948044,-0.91,-0.2706320053051956
215,2.150084192,right_ankle_roll_joint,-0.11369417431966927,-0.1,0.013694174319669267
215,2.150084192,left_hip_yaw_joint,0.0033144446845437244,0.0,-0.0033144446845437244
215,2.150084192,left_hip_roll_joint,-0.10705114103903471,-0.1,0.007051141039034703
215,2.150084192,left_hip_pitch_joint,0.8654656179931817,0.63,-0.23546561799318166
215,2.150084192,left_knee_pitch_joint,-0.15316945265249718,-0.15,0.0031694526524971844
215,2.150084192,left_ankle_pitch_joint,0.6445587663550736,0.91,0.26544123364492644
215,2.150084192,left_ankle_roll_joint,0.09512302723718782,0.1,0.004876972762812182
216,2.160088312,right_hip_yaw_joint,-0.0036051533294120842,0.0,0.0036051533294120842
216,2.160088312,right_hip_roll_joint,0.10479765507535904,0.1,-0.004797655075359036
216,2.160088312,right_hip_pitch_joint,-0.8777884373243148,-0.63,0.24778843732431477
216,2.160088312,right_knee_pitch_joint,0.135441243288889,0.15,0.014558756711110982
216,2.160088312,right_ankle_pitch_joint,-0.639367994654847,-0.91,-0.2706320053451531
216,2.160088312,right_ankle_roll_joint,-0.11559503906622942,-0.1,0.015595039066229416
216,2.160088312,left_hip_yaw_joint,0.003314444676348694,0.0,-0.003314444676348694
216,2.160088312,left_hip_roll_joint,-0.10821929895572827,-0.1,0.00821929895572826
216,2.160088312,left_hip_pitch_joint,0.8654656179892669,0.63,-0.2354656179892669
216,2.160088312,left_knee_pitch_joint,-0.15394173767163363,-0.15,0.003941737671633638
216,2.160088312,left_ankle_pitch_joint,0.6445587662942304,0.91,0.26544123370576966
216,2.160088312,left_ankle_roll_joint,0.09512302715692497,0.1,0.004876972843075034
217,2.170064360,right_hip_yaw_joint,-0.003605153328382087,0.0,0.003605153328382087
217,2.170064360,right_hip_roll_joint,0.10496289242415023,0.1,-0.004962892424150225
217,2.170064360,right_hip_pitch_joint,-0.8781530597488622,-0.63,0.24815305974886215
217,2.170064360,right_knee_pitch_joint,0.13544124328591176,0.15,0.014558756714088239
217,2.170064360,right_ankle_pitch_joint,-0.6393679947022957,-0.91,-0.27063200529770437
217,2.170064360,right_ankle_roll_joint,-0.11559503897527873,-0.1,0.015595038975278724
217,2.170064360,left_hip_yaw_joint,0.0033144446725068078,0.0,-0.0033144446725068078
217,2.170064360,left_hip_roll_joint,-0.1075420685064795,-0.1,0.007542068506479496
217,2.170064360,left_hip_pitch_joint,0.8654656179948688,0.63,-0.23546561799486876
217,2.170064360,left_knee_pitch_joint,-0.1539417376429169,-0.15,0.003941737642916915
217,2.170064360,left_ankle_pitch_joint,0.6445587663224166,0.91,0.26544123367758343
217,2.170064360,left_ankle_roll_joint,0.0951230271729436,0.1,0.004876972827056403
218,2.180060916,right_hip_yaw_joint,-0.0036051533276267554,0.0,0.0036051533276267554
218,2.180060916,right_hip_roll_joint,0.1045230379101496,0.1,-0.004523037910149588
218,2.180060916,right_hip_pitch_joint,-0.8784292138635998,-0.63,0.24842921386359984
218,2.180060916,right_knee_pitch_joint,0.13544124328335724,0.15,0.014558756716642751
218,2.180060916,right_ankle_pitch_joint,-0.6393679947494781,-0.91,-0.2706320052505219
218,2.180060916,right_ankle_roll_joint,-0.11559503888508602,-0.1,0.01559503888508601
218,2.180060916,left_hip_yaw_joint,0.0033144446690081897,0.0,-0.0033144446690081897
218,2.180060916,left_hip_roll_joint,-0.10633535641132248,-0.1,0.006335356411322476
218,2.180060916,left_hip_pitch_joint,0.8654656180006379,0.63,-0.23546561800063792
218,2.180060916,left_knee_pitch_joint,-0.1539417376139874,-0.15,0.003941737613987417
218,2.180060916,left_ankle_pitch_joint,0.6445587663506707,0.91,0.26544123364932937
218,2.180060916,left_ankle_roll_joint,0.09512302718996767,0.1,0.00487697281003234
219,2.190038129,right_hip_yaw_joint,-0.0036051533272849837,0.0,0.0036051533272849837
219,2.190038129,right_hip_roll_joint,0.10392615298882596,0.1,-0.003926152988825954
219,2.190038129,right_hip_pitch_joint,-0.8783913671718288,-0.63,0.24839136717182875
219,2.190038129,right_knee_pitch_joint,0.13544124333206825,0.15,0.014558756667931744
219,2.190038129,right_ankle_pitch_joint,-0.639367994717407,-0.91,-0.270632005282593
219,2.190038129,right_ankle_roll_joint,-0.11738820848298445,-0.1,0.017388208482984446
219,2.190038129,left_hip_yaw_joint,0.0033144446631366876,0.0,-0.0033144446631366876
219,2.190038129,left_hip_roll_joint,-0.10796930169222993,-0.1,0.007969301692229924
219,2.190038129,left_hip_pitch_joint,0.8654656179996463,0.63,-0.23546561799964627
219,2.190038129,left_knee_pitch_joint,-0.1549524849520483,-0.15,0.004952484952048308
219,2.190038129,left_ankle_pitch_joint,0.6445587662935912,0.91,0.2654412337064088
219,2.190038129,left_ankle_roll_joint,0.09512302705628516,0.1,0.00487697294371485
220,2.200081380,right_hip_yaw_joint,-0.0036051533264575848,0.0,0.0036051533264575848
220,2.200081380,right_hip_roll_joint,0.10376494676930309,0.1,-0.0037649467693030847
220,2.200081380,right_hip_pitch_joint,-0.878630817715865,-0.63,0.24863081771586504
220,2.200081380,right_knee_pitch_joint,0.13544124332949437,0.15,0.01455875667050563
220,2.200081380,right_ankle_pitch_joint,-0.6393679947646088,-0.91,-0.2706320052353912
220,2.200081380,right_ankle_roll_joint,-0.1173882083803959,-0.1,0.017388208380395898
220,2.200081380,left_hip_yaw_joint,0.003314444659578358,0.0,-0.003314444659578358
220,2.200081380,left_hip_roll_joint,-0.1068257958090458,-0.1,0.006825795809045798
220,2.200081380,left_hip_pitch_joint,0.8654656180054029,0.63,-0.2354656180054029
220,2.200081380,left_knee_pitch_joint,-0.15495248492171226,-0.15,0.004952484921712269
220,2.200081380,left_ankle_pitch_joint,0.6445587663218517,0.91,0.2654412336781483
220,2.200081380,left_ankle_roll_joint,0.09512302707312673,0.1,0.00487697292687328
221,2.210083593,right_hip_yaw_joint,-0.003605153326273645,0.0,0.003605153326273645
221,2.210083593,right_hip_roll_joint,0.10345539021914603,0.1,-0.0034553902191460234
221,2.210083593,right_hip_pitch_joint,-0.8774783201710263,-0.63,0.24747832017102633
221,2.210083593,right_knee_pitch_joint,0.13544124338410182,0.15,0.014558756615898172
221,2.210083593,right_ankle_pitch_joint,-0.6393679947254909,-0.91,-0.27063200527450915
221,2.210083593,right_ankle_roll_joint,-0.11874497736838785,-0.1,0.018744977368387844
221,2.210083593,left_hip_yaw_joint,0.0033144446554760117,0.0,-0.0033144446554760117
221,2.210083593,left_hip_roll_joint,-0.10897107884716382,-0.1,0.008971078847163819
221,2.210083593,left_hip_pitch_joint,0.8654656180074337,0.63,-0.2354656180074337
221,2.210083593,left_knee_pitch_joint,-0.1564419264440476,-0.15,0.006441926444047619
221,2.210083593,left_ankle_pitch_joint,0.6445587662648937,0.91,0.2654412337351063
221,2.210083593,left_ankle_roll_joint,0.09512302689688044,0.1,0.004876973103119561
222,2.220013443,right_hip_yaw_joint,-0.0036051533253429104,0.0,0.0036051533253429104
222,2.220013443,right_hip_roll_joint,0.10351588901190756,0.1,-0.0035158890119075525
222,2.220013443,right_hip_pitch_joint,-0.8778180745213615,-0.63,0.2478180745213615
222,2.220013443,right_knee_pitch_joint,0.1354412433818662,0.15,0.0145587566181338
222,2.220013443,right_ankle_pitch_joint,-0.6393679947724782,-0.91,-0.27063200522752184
222,2.220013443,right_ankle_roll_joint,-0.11874497725635759,-0.1,0.018744977256357584
222,2.220013443,left_hip_yaw_joint,0.0033144446518539932,0.0,-0.0033144446518539932
222,2.220013443,left_hip_roll_joint,-0.10784043383906791,-0.1,0.007840433839067906
222,2.220013443,left_hip_pitch_joint,0.8654656180132826,0.63,-0.23546561801328258
222,2.220013443,left_knee_pitch_joint,-0.15644192641146432,-0.15,0.0064419264114643215
222,2.220013443,left_ankle_pitch_joint,0.6445587662932557,0.91,0.26544123370674433
222,2.220013443,left_ankle_roll_joint,0.09512302691347468,0.1,0.004876973086525321
223,2.230083711,right_hip_yaw_joint,-0.003605153326079767,0.0,0.003605153326079767
223,2.230083711,right_hip_roll_joint,0.10211871906723563,0.1,-0.002118719067235625
223,2.230083711,right_hip_pitch_joint,-0.877659117669908,-0.63,0.247659117669908
223,2.230083711,right_knee_pitch_joint,0.13544124343383537,0.15,0.014558756566164621
223,2.230083711,right_ankle_pitch_joint,-0.6393679947319717,-0.91,-0.27063200526802833
223,2.230083711,right_ankle_roll_joint,-0.1202966157784959,-0.1,0.020296615778495897
223,2.230083711,left_hip_yaw_joint,0.003314444644774207,0.0,-0.003314444644774207
223,2.230083711,left_hip_roll_joint,-0.10915937342486358,-0.1,0.009159373424863573
223,2.230083711,left_hip_pitch_joint,0.8654656180104101,0.63,-0.2354656180104101
223,2.230083711,left_knee_pitch_joint,-0.1573645807263008,-0.15,0.007364580726300807
223,2.230083711,left_ankle_pitch_joint,0.6445587662329043,0.91,0.2654412337670957
223,2.230083711,left_ankle_roll_joint,0.09512302680562808,0.1,0.004876973194371928
224,2.240063990,right_hip_yaw_joint,-0.003605153325099761,0.0,0.003605153325099761
224,2.240063990,right_hip_roll_joint,0.1025540990262863,0.1,-0.0025540990262862967
224,2.240063990,right_hip_pitch_joint,-0.8779985134431795,-0.63,0.24799851344317947
224,2.240063990,right_knee_pitch_joint,0.13544124343129463,0.15,0.014558756568705367
224,2.240063990,right_ankle_pitch_joint,-0.6393679947791587,-0.91,-0.2706320052208413
224,2.240063990,right_ankle_roll_joint,-0.12029661565575417,-0.1,0.020296615655754163
224,2.240063990,left_hip_yaw_joint,0.0033144446409967424,0.0,-0.0033144446409967424
224,2.240063990,left_hip_roll_joint,-0.10825029282903094,-0.1,0.008250292829030934
224,2.240063990,left_hip_pitch_joint,0.865465618016151,0.63,-0.23546561801615096
224,2.240063990,left_knee_pitch_joint,-0.15736458069247714,-0.15,0.007364580692477141
224,2.240063990,left_ankle_pitch_joint,0.6445587662613248,0.91,0.26544123373867523
224,2.240063990,left_ankle_roll_joint,0.09512302682173401,0.1,0.004876973178265992
225,2.250080042,right_hip_yaw_joint,-0.0036051533249746607,0.0,0.0036051533249746607
225,2.250080042,right_hip_roll_joint,0.10150570061870606,0.1,-0.0015057006187060573
225,2.250080042,right_hip_pitch_joint,-0.8771337871478949,-0.63,0.2471337871478949
225,2.250080042,right_knee_pitch_joint,0.13544124348207248,0.15,0.014558756517927512
225,2.250080042,right_ankle_pitch_joint,-0.6393679947442363,-0.91,-0.2706320052557637
225,2.250080042,right_ankle_roll_joint,-0.12097452497106098,-0.1,0.020974524971060976
225,2.250080042,left_hip_yaw_joint,0.0033144446366911015,0.0,-0.0033144446366911015
225,2.250080042,left_hip_roll_joint,-0.10991698634290145,-0.1,0.009916986342901446
225,2.250080042,left_hip_pitch_joint,0.8654656180173562,0.63,-0.23546561801735622
225,2.250080042,left_knee_pitch_joint,-0.15848733991242342,-0.15,0.008487339912423425
225,2.250080042,left_ankle_pitch_joint,0.6445587662060327,0.91,0.26544123379396733
225,2.250080042,left_ankle_roll_joint,0.09512302665679152,0.1,0.004876973343208482
226,2.260063767,right_hip_yaw_joint,-0.003605153324046096,0.0,0.003605153324046096
226,2.260063767,right_hip_roll_joint,0.10182365720343635,0.1,-0.0018236572034363435
226,2.260063767,right_hip_pitch_joint,-0.8774571641577621,-0.63,0.2474571641577621
226,2.260063767,right_knee_pitch_joint,0.13544124348051534,0.15,0.014558756519484656
226,2.260063767,right_ankle_pitch_joint,-0.6393679947907984,-0.91,-0.2706320052092016
226,2.260063767,right_ankle_roll_joint,-0.12097452484400371,-0.1,0.02097452484400371
226,2.260063767,left_hip_yaw_joint,0.003314444633057182,0.0,-0.003314444633057182
226,2.260063767,left_hip_roll_joint,-0.10868926194552411,-0.1,0.008689261945524107
226,2.260063767,left_hip_pitch_joint,0.8654656180234103,0.63,-0.23546561802341026
226,2.260063767,left_knee_pitch_joint,-0.15848733987649322,-0.15,0.008487339876493222
226,2.260063767,left_ankle_pitch_joint,0.644558766234753,0.91,0.2654412337652471
226,2.260063767,left_ankle_roll_joint,0.09512302667320552,0.1,0.004876973326794487
227,2.270086194,right_hip_yaw_joint,-0.0036051533233216124,0.0,0.0036051533233216124
227,2.270086194,right_hip_roll_joint,0.10178745111660348,0.1,-0.0017874511166034723
227,2.270086194,right_hip_pitch_joint,-0.8778414868493262,-0.63,0.24784148684932616
227,2.270086194,right_knee_pitch_joint,0.1354412434778514,0.15,0.014558756522148608
227,2.270086194,right_ankle_pitch_joint,-0.6393679948380895,-0.91,-0.27063200516191055
227,2.270086194,right_ankle_roll_joint,-0.12097452471725981,-0.1,0.0209745247172598
227,2.270086194,left_hip_yaw_joint,0.003314444629603428,0.0,-0.003314444629603428
227,2.270086194,left_hip_roll_joint,-0.10724443791377469,-0.1,0.007244437913774687
227,2.270086194,left_hip_pitch_joint,0.8654656180291554,0.63,-0.23546561802915544
227,2.270086194,left_knee_pitch_joint,-0.158487339841229,-0.15,0.008487339841229014
227,2.270086194,left_ankle_pitch_joint,0.6445587662630468,0.91,0.2654412337369533
227,2.270086194,left_ankle_roll_joint,0.09512302669033103,0.1,0.004876973309668978
228,2.280082130,right_hip_yaw_joint,-0.0036051533177918057,0.0,0.0036051533177918057
228,2.280082130,right_hip_roll_joint,0.1030445971392183,0.1,-0.0030445971392182997
228,2.280082130,right_hip_pitch_joint,-0.8748278197188281,-0.63,0.24482781971882805
228,2.280082130,right_knee_pitch_joint,0.1354412435472236,0.15,0.014558756452776406
228,2.280082130,right_ankle_pitch_joint,-0.6372858355031363,-0.91,-0.2727141644968637
228,2.280082130,right_ankle_roll_joint,-0.120974524460846,-0.1,0.020974524460845995
228,2.280082130,left_hip_yaw_joint,0.003314444625976541,0.0,-0.003314444625976541
228,2.280082130,left_hip_roll_joint,-0.10811767851871719,-0.1,0.008117678518717183
228,2.280082130,left_hip_pitch_joint,0.8656191954488354,0.63,-0.23561919544883536
228,2.280082130,left_knee_pitch_joint,-0.15942116236638126,-0.15,0.00942116236638127
228,2.280082130,left_ankle_pitch_joint,0.6445587662115182,0.91,0.26544123378848183
228,2.280082130,left_ankle_roll_joint,0.09512302653036576,0.1,0.004876973469634241
229,2.290069872,right_hip_yaw_joint,-0.0036051533156320663,0.0,0.0036051533156320663
229,2.290069872,right_hip_roll_joint,0.10610215098774078,0.1,-0.006102150987740779
229,2.290069872,right_hip_pitch_joint,-0.8771788973139841,-0.63,0.24717889731398413
229,2.290069872,right_knee_pitch_joint,0.13544124352837084,0.15,0.014558756471629158
229,2.290069872,right_ankle_pitch_joint,-0.6372858355710742,-0.91,-0.2727141644289258
229,2.290069872,right_ankle_roll_joint,-0.12097452432955777,-0.1,0.020974524329557764
229,2.290069872,left_hip_yaw_joint,0.00331444461488967,0.0,-0.00331444461488967
229,2.290069872,left_hip_roll_joint,-0.10833220153622099,-0.1,0.008332201536220982
229,2.290069872,left_hip_pitch_joint,0.8656191954517072,0.63,-0.23561919545170718
229,2.290069872,left_knee_pitch_joint,-0.16005275400116561,-0.15,0.01005275400116562
229,2.290069872,left_ankle_pitch_joint,0.6476449087495108,0.91,0.2623550912504893
229,2.290069872,left_ankle_roll_joint,0.09949953624647695,0.1,0.000500463753523056
230,2.300059603,right_hip_yaw_joint,-0.0036051533144934606,0.0,0.0036051533144934606
230,2.300059603,right_hip_roll_joint,0.10618549815848356,0.1,-0.006185498158483557
230,2.300059603,right_hip_pitch_joint,-0.8776465143287198,-0.63,0.24764651432871976
230,2.300059603,right_knee_pitch_joint,0.13544124352484255,0.15,0.014558756475157447
230,2.300059603,right_ankle_pitch_joint,-0.6372858356265827,-0.91,-0.27271416437341733
230,2.300059603,right_ankle_roll_joint,-0.12097452420166194,-0.1,0.02097452420166193
230,2.300059603,left_hip_yaw_joint,0.0033144446110634183,0.0,-0.0033144446110634183
230,2.300059603,left_hip_roll_joint,-0.10774779532853256,-0.1,0.00774779532853255
230,2.300059603,left_hip_pitch_joint,0.8656191954571805,0.63,-0.23561919545718046
230,2.300059603,left_knee_pitch_joint,-0.16005275396379304,-0.15,0.010052753963793043
230,2.300059603,left_ankle_pitch_joint,0.6476449087665882,0.91,0.26235509123341183
230,2.300059603,left_ankle_roll_joint,0.09949953626522538,0.1,0.0005004637347746227
231,2.310058595,right_hip_yaw_joint,-0.0042062760133171236,0.0,0.0042062760133171236
231,2.310058595,right_hip_roll_joint,0.103844935932179,0.1,-0.0038449359321789944
231,2.310058595,right_hip_pitch_joint,-0.8794316209887144,-0.63,0.2494316209887144
231,2.310058595,right_knee_pitch_joint,0.13544124355087134,0.15,0.014558756449128657
231,2.310058595,right_ankle_pitch_joint,-0.6404031863704371,-0.91,-0.2695968136295629
231,2.310058595,right_ankle_roll_joint,-0.12097452387935137,-0.1,0.020974523879351364
231,2.310058595,left_hip_yaw_joint,0.0033144446066386965,0.0,-0.0033144446066386965
231,2.310058595,left_hip_roll_joint,-0.10819959093862506,-0.1,0.00819959093862506
231,2.310058595,left_hip_pitch_joint,0.8659674941299683,0.63,-0.2359674941299683
231,2.310058595,left_knee_pitch_joint,-0.16005275391608875,-0.15,0.010052753916088758
231,2.310058595,left_ankle_pitch_joint,0.6476449087936471,0.91,0.2623550912063529
231,2.310058595,left_ankle_roll_joint,0.0994995362820356,0.1,0.0005004637179644028
232,2.320073186,right_hip_yaw_joint,-0.004206276007477263,0.0,0.004206276007477263
232,2.320073186,right_hip_roll_joint,0.10464095444968373,0.1,-0.0046409544496837235
232,2.320073186,right_hip_pitch_joint,-0.8791098500821757,-0.63,0.24910985008217568
232,2.320073186,right_knee_pitch_joint,0.13544124355844006,0.15,0.014558756441559934
232,2.320073186,right_ankle_pitch_joint,-0.6404031864284185,-0.91,-0.2695968135715815
232,2.320073186,right_ankle_roll_joint,-0.12097452369015634,-0.1,0.02097452369015633
232,2.320073186,left_hip_yaw_joint,0.0033144446031877,0.0,-0.0033144446031877
232,2.320073186,left_hip_roll_joint,-0.10702006424076212,-0.1,0.007020064240762111
232,2.320073186,left_hip_pitch_joint,0.8659674941361855,0.63,-0.23596749413618545
232,2.320073186,left_knee_pitch_joint,-0.16005275387627485,-0.15,0.010052753876274856
232,2.320073186,left_ankle_pitch_joint,0.6476449088125319,0.91,0.26235509118746814
232,2.320073186,left_ankle_roll_joint,0.09949953630238993,0.1,0.0005004636976100735
233,2.330086986,right_hip_yaw_joint,-0.004206276005622579,0.0,0.004206276005622579
233,2.330086986,right_hip_roll_joint,0.1052924866464878,0.1,-0.005292486646487793
233,2.330086986,right_hip_pitch_joint,-0.8791010517071398,-0.63,0.2491010517071398
233,2.330086986,right_knee_pitch_joint,0.1354412435565261,0.15,0.014558756443473903
233,2.330086986,right_ankle_pitch_joint,-0.6404031864717813,-0.91,-0.26959681352821874
233,2.330086986,right_ankle_roll_joint,-0.12097452356162922,-0.1,0.02097452356162921
233,2.330086986,left_hip_yaw_joint,0.0033144445993537903,0.0,-0.0033144445993537903
233,2.330086986,left_hip_roll_joint,-0.10681310357207094,-0.1,0.006813103572070933
233,2.330086986,left_hip_pitch_joint,0.8659674941420765,0.63,-0.23596749414207652
233,2.330086986,left_knee_pitch_joint,-0.16005275383807469,-0.15,0.01005275383807469
233,2.330086986,left_ankle_pitch_joint,0.6476449088299815,0.91,0.26235509117001854
233,2.330086986,left_ankle_roll_joint,0.0994995363210418,0.1,0.0005004636789582018
234,2.340080876,right_hip_yaw_joint,-0.004206276001663567,0.0,0.004206276001663567
234,2.340080876,right_hip_roll_joint,0.10472463896573306,0.1,-0.004724638965733052
234,2.340080876,right_hip_pitch_joint,-0.8792690697056742,-0.63,0.2492690697056742
234,2.340080876,right_knee_pitch_joint,0.13544124357424497,0.15,0.01455875642575502
234,2.340080876,right_ankle_pitch_joint,-0.6404031865720943,-0.91,-0.26959681342790576
234,2.340080876,right_ankle_roll_joint,-0.12097452331469453,-0.1,0.02097452331469453
234,2.340080876,left_hip_yaw_joint,0.003314444595627881,0.0,-0.003314444595627881
234,2.340080876,left_hip_roll_joint,-0.10640856765029559,-0.1,0.006408567650295585
234,2.340080876,left_hip_pitch_joint,0.8659674941491202,0.63,-0.23596749414912022
234,2.340080876,left_knee_pitch_joint,-0.1600527537937954,-0.15,0.010052753793795416
234,2.340080876,left_ankle_pitch_joint,0.6476449088528147,0.91,0.26235509114718536
234,2.340080876,left_ankle_roll_joint,0.0994995363399571,0.1,0.0005004636600429019
235,2.350065479,right_hip_yaw_joint,0.0005061129878046432,0.0,-0.0005061129878046432
235,2.350065479,right_hip_roll_joint,0.1037290439108997,0.1,-0.0037290439108996903
235,2.350065479,right_hip_pitch_joint,-0.8753033318318302,-0.63,0.24530333183183017
235,2.350065479,right_knee_pitch_joint,0.13072885453534014,0.15,0.019271145464659856
235,2.350065479,right_ankle_pitch_joint,-0.6356907975368912,-0.91,-0.27430920246310886
235,2.350065479,right_ankle_roll_joint,-0.11626213402213766,-0.1,0.01626213402213765
235,2.350065479,left_hip_yaw_joint,0.008026833582385888,0.0,-0.008026833582385888
235,2.350065479,left_hip_roll_joint,-0.10638557168630879,-0.1,0.00638557168630878
235,2.350065479,left_hip_pitch_joint,0.8612551051694277,0.63,-0.2312551051694277
235,2.350065479,left_knee_pitch_joint,-0.1553403647327463,-0.15,0.005340364732746294
235,2.350065479,left_ankle_pitch_joint,0.6429325197884878,0.91,0.2670674802115123
235,2.350065479,left_ankle_roll_joint,0.09478714718903884,0.1,0.005212852810961163
236,2.360069424,right_hip_yaw_joint,-0.004206275998039508,0.0,0.004206275998039508
236,2.360069424,right_hip_roll_joint,0.10684231687987994,0.1,-0.006842316879879934
236,2.360069424,right_hip_pitch_joint,-0.8805810864039286,-0.63,0.2505810864039286
236,2.360069424,right_knee_pitch_joint,0.1354412435551733,0.15,0.014558756444826682
236,2.360069424,right_ankle_pitch_joint,-0.640403186670836,-0.91,-0.2695968133291641
236,2.360069424,right_ankle_roll_joint,-0.12097452305718506,-0.1,0.020974523057185057
236,2.360069424,left_hip_yaw_joint,0.0033144445809617047,0.0,-0.0033144445809617047
236,2.360069424,left_hip_roll_joint,-0.10590206102395522,-0.1,0.005902061023955213
236,2.360069424,left_hip_pitch_joint,0.8659674941581131,0.63,-0.23596749415811313
236,2.360069424,left_knee_pitch_joint,-0.16005275376152944,-0.15,0.010052753761529448
236,2.360069424,left_ankle_pitch_joint,0.6508582184738095,0.91,0.2591417815261905
236,2.360069424,left_ankle_roll_joint,0.09949953622525409,0.1,0.0005004637747459129
237,2.370099515,right_hip_yaw_joint,-0.0038525629732328827,0.0,0.0038525629732328827
237,2.370099515,right_hip_roll_joint,0.10435434491229148,0.1,-0.004354344912291475
237,2.370099515,right_hip_pitch_joint,-0.8823345751407721,-0.63,0.25233457514077207
237,2.370099515,right_knee_pitch_joint,0.13544124356170334,0.15,0.014558756438296655
237,2.370099515,right_ankle_pitch_joint,-0.6437812120376873,-0.91,-0.2662187879623127
237,2.370099515,right_ankle_roll_joint,-0.12097452283025475,-0.1,0.02097452283025475
237,2.370099515,left_hip_yaw_joint,0.0033144445764737877,0.0,-0.0033144445764737877
237,2.370099515,left_hip_roll_joint,-0.10554455032257308,-0.1,0.005544550322573075
237,2.370099515,left_hip_pitch_joint,0.8659674941615576,0.63,-0.2359674941615576
237,2.370099515,left_knee_pitch_joint,-0.16005275372123168,-0.15,0.010052753721231683
237,2.370099515,left_ankle_pitch_joint,0.6508582184841551,0.91,0.2591417815158449
237,2.370099515,left_ankle_roll_joint,0.09949953624274592,0.1,0.0005004637572540854
238,2.380063633,right_hip_yaw_joint,-0.0038525629709895808,0.0,0.0038525629709895808
238,2.380063633,right_hip_roll_joint,0.10639281903012615,0.1,-0.006392819030126146
238,2.380063633,right_hip_pitch_joint,-0.8812582197913476,-0.63,0.25125821979134755
238,2.380063633,right_knee_pitch_joint,0.13544124356399678,0.15,0.014558756436003212
238,2.380063633,right_ankle_pitch_joint,-0.6437812120667511,-0.91,-0.26621878793324893
238,2.380063633,right_ankle_roll_joint,-0.12097452269845006,-0.1,0.020974522698450057
238,2.380063633,left_hip_yaw_joint,0.0033144445729740802,0.0,-0.0033144445729740802
238,2.380063633,left_hip_roll_joint,-0.10592125585671872,-0.1,0.00592125585671871
238,2.380063633,left_hip_pitch_joint,0.8659674941690348,0.63,-0.23596749416903484
238,2.380063633,left_knee_pitch_joint,-0.1600527536808911,-0.15,0.010052753680891119
238,2.380063633,left_ankle_pitch_joint,0.6508582184908893,0.91,0.2591417815091107
238,2.380063633,left_ankle_roll_joint,0.09949953626240565,0.1,0.0005004637375943533
239,2.390073772,right_hip_yaw_joint,-0.003852562969054416,0.0,0.003852562969054416
239,2.390073772,right_hip_roll_joint,0.1076816824078855,0.1,-0.007681682407885498
239,2.390073772,right_hip_pitch_joint,-0.8813844454582557,-0.63,0.25138444545825567
239,2.390073772,right_knee_pitch_joint,0.13544124355340287,0.15,0.014558756446597126
239,2.390073772,right_ankle_pitch_joint,-0.6437812121056962,-0.91,-0.26621878789430387
239,2.390073772,right_ankle_roll_joint,-0.12097452256911856,-0.1,0.020974522569118553
239,2.390073772,left_hip_yaw_joint,0.0033144445656538984,0.0,-0.0033144445656538984
239,2.390073772,left_hip_roll_joint,-0.10551718695419242,-0.1,0.005517186954192413
239,2.390073772,left_hip_pitch_joint,0.8659674941765443,0.63,-0.23596749417654428
239,2.390073772,left_knee_pitch_joint,-0.16005275366780972,-0.15,0.010052753667809722
239,2.390073772,left_ankle_pitch_joint,0.653181328925776,0.91,0.25681867107422407
239,2.390073772,left_ankle_roll_joint,0.09949953615349794,0.1,0.0005004638465020694
240,2.400062724,right_hip_yaw_joint,-0.003852562967912922,0.0,0.003852562967912922
240,2.400062724,right_hip_roll_joint,0.10719917572180013,0.1,-0.007199175721800122
240,2.400062724,right_hip_pitch_joint,-0.8811611356471125,-0.63,0.2511611356471125
240,2.400062724,right_knee_pitch_joint,0.13544124355020012,0.15,0.01455875644979987
240,2.400062724,right_ankle_pitch_joint,-0.6437812121377557,-0.91,-0.2662187878622443
240,2.400062724,right_ankle_roll_joint,-0.12097452244176238,-0.1,0.020974522441762372
240,2.400062724,left_hip_yaw_joint,0.0033144445620098715,0.0,-0.0033144445620098715
240,2.400062724,left_hip_roll_joint,-0.10497719737683263,-0.1,0.004977197376832623
240,2.400062724,left_hip_pitch_joint,0.8659674941820973,0.63,-0.23596749418209728
240,2.400062724,left_knee_pitch_joint,-0.16005275362984978,-0.15,0.010052753629849781
240,2.400062724,left_ankle_pitch_joint,0.6531813289233698,0.91,0.25681867107663026
240,2.400062724,left_ankle_roll_joint,0.09949953617274092,0.1,0.0005004638272590872
241,2.410061583,right_hip_yaw_joint,0.0008598260210860055,0.0,-0.0008598260210860055
241,2.410061583,right_hip_roll_joint,0.10536922923257405,0.1,-0.0053692292325740465
241,2.410061583,right_hip_pitch_joint,-0.87696512746391,-0.63,0.24696512746390997
241,2.410061583,right_knee_pitch_joint,0.13072885451116895,0.15,0.01927114548883105
241,2.410061583,right_ankle_pitch_joint,-0.6390688230916592,-0.91,-0.2709311769083408
241,2.410061583,right_ankle_roll_joint,-0.11626213315002482,-0.1,0.01626213315002481
241,2.410061583,left_hip_yaw_joint,0.008026833548981076,0.0,-0.008026833548981076
241,2.410061583,left_hip_roll_joint,-0.104735492547122,-0.1,0.004735492547121994
241,2.410061583,left_hip_pitch_joint,0.8612551052024571,0.63,-0.23125510520245707
241,2.410061583,left_knee_pitch_joint,-0.15534036456850725,-0.15,0.005340364568507255
241,2.410061583,left_ankle_pitch_joint,0.6484689398413199,0.91,0.2615310601586801
241,2.410061583,left_ankle_roll_joint,0.09478714702242096,0.1,0.005212852977579049
242,2.420083576,right_hip_yaw_joint,-0.003852562968062593,0.0,0.003852562968062593
242,2.420083576,right_hip_roll_joint,0.10381157800949214,0.1,-0.003811578009492139
242,2.420083576,right_hip_pitch_joint,-0.8823619929908508,-0.63,0.2523619929908508
242,2.420083576,right_knee_pitch_joint,0.13544124355423665,0.15,0.014558756445763349
242,2.420083576,right_ankle_pitch_joint,-0.6453864263952427,-0.91,-0.26461357360475735
242,2.420083576,right_ankle_roll_joint,-0.11653555925924003,-0.1,0.016535559259240024
242,2.420083576,left_hip_yaw_joint,0.003314444554048168,0.0,-0.003314444554048168
242,2.420083576,left_hip_roll_joint,-0.10381637503068093,-0.1,0.003816375030680927
242,2.420083576,left_hip_pitch_joint,0.8659674941970837,0.63,-0.23596749419708374
242,2.420083576,left_knee_pitch_joint,-0.16005275357093723,-0.15,0.01005275357093724
242,2.420083576,left_ankle_pitch_joint,0.6549791200232322,0.91,0.2550208799767678
242,2.420083576,left_ankle_roll_joint,0.09949953606320983,0.1,0.0005004639367901798
243,2.430085432,right_hip_yaw_joint,-0.0038525629673398214,0.0,0.0038525629673398214
243,2.430085432,right_hip_roll_joint,0.10319662827001785,0.1,-0.0031966282700178483
243,2.430085432,right_hip_pitch_joint,-0.8820254127397424,-0.63,0.25202541273974244
243,2.430085432,right_knee_pitch_joint,0.13544124355089138,0.15,0.014558756449108617
243,2.430085432,right_ankle_pitch_joint,-0.645386426421464,-0.91,-0.264613573578536
243,2.430085432,right_ankle_roll_joint,-0.11653555913055987,-0.1,0.01653555913055986
243,2.430085432,left_hip_yaw_joint,0.003314444550721876,0.0,-0.003314444550721876
243,2.430085432,left_hip_roll_joint,-0.10286647203747648,-0.1,0.002866472037476475
243,2.430085432,left_hip_pitch_joint,0.8659674942026119,0.63,-0.23596749420261187
243,2.430085432,left_knee_pitch_joint,-0.160052753532953,-0.15,0.010052753532953013
243,2.430085432,left_ankle_pitch_joint,0.6549791200143928,0.91,0.2550208799856072
243,2.430085432,left_ankle_roll_joint,0.09949953608340796,0.1,0.0005004639165920449
244,2.440084310,right_hip_yaw_joint,-0.0038525629665387903,0.0,0.0038525629665387903
244,2.440084310,right_hip_roll_joint,0.10278953318884923,0.1,-0.0027895331888492247
244,2.440084310,right_hip_pitch_joint,-0.8817240365988334,-0.63,0.25172403659883336
244,2.440084310,right_knee_pitch_joint,0.135441243547673,0.15,0.014558756452326987
244,2.440084310,right_ankle_pitch_joint,-0.6453864264476089,-0.91,-0.2646135735523911
244,2.440084310,right_ankle_roll_joint,-0.1165355590017066,-0.1,0.0165355590017066
244,2.440084310,left_hip_yaw_joint,0.0033144445473441793,0.0,-0.0033144445473441793
244,2.440084310,left_hip_roll_joint,-0.10217461310899412,-0.1,0.002174613108994111
244,2.440084310,left_hip_pitch_joint,0.865967494208174,0.63,-0.23596749420817398
244,2.440084310,left_knee_pitch_joint,-0.1600527534948921,-0.15,0.010052753494892097
244,2.440084310,left_ankle_pitch_joint,0.6549791200056023,0.91,0.2550208799943977
244,2.440084310,left_ankle_roll_joint,0.09949953610344184,0.1,0.0005004638965581676
245,2.450063273,right_hip_yaw_joint,-0.003852562965721302,0.0,0.003852562965721302
245,2.450063273,right_hip_roll_joint,0.10247283676126052,0.1,-0.002472836761260519
245,2.450063273,right_hip_pitch_joint,-0.8814683143654116,-0.63,0.2514683143654116
245,2.450063273,right_knee_pitch_joint,0.13544124354444428,0.15,0.01455875645555571
245,2.450063273,right_ankle_pitch_joint,-0.6453864264737603,-0.91,-0.2646135735262397
245,2.450063273,right_ankle_roll_joint,-0.11653555887281038,-0.1,0.01653555887281037
245,2.450063273,left_hip_yaw_joint,0.003314444543950284,0.0,-0.003314444543950284
245,2.450063273,left_hip_roll_joint,-0.10161734647001017,-0.1,0.0016173464700101614
245,2.450063273,left_hip_pitch_joint,0.8659674942137306,0.63,-0.23596749421373064
245,2.450063273,left_knee_pitch_joint,-0.1600527534568315,-0.15,0.010052753456831515
245,2.450063273,left_ankle_pitch_joint,0.6549791199968148,0.91,0.25502088000318524
245,2.450063273,left_ankle_roll_joint,0.09949953612342965,0.1,0.0005004638765703506
246,2.460061954,right_hip_yaw_joint,-0.003852562961066901,0.0,0.003852562961066901
246,2.460061954,right_hip_roll_joint,0.10026070904737183,0.1,-0.00026070904737182654
246,2.460061954,right_hip_pitch_joint,-0.8810885219551629,-0.63,0.25108852195516285
246,2.460061954,right_knee_pitch_joint,0.13544124357283704,0.15,0.01455875642716295
246,2.460061954,right_ankle_pitch_joint,-0.6453864265815608,-0.91,-0.2646135734184393
246,2.460061954,right_ankle_roll_joint,-0.11653555886443237,-0.1,0.016535558864432365
246,2.460061954,left_hip_yaw_joint,0.003314444539809445,0.0,-0.003314444539809445
246,2.460061954,left_hip_roll_joint,-0.10321830949262653,-0.1,0.0032183094926265254
246,2.460061954,left_hip_pitch_joint,0.8659674942218819,0.63,-0.2359674942218819
246,2.460061954,left_knee_pitch_joint,-0.1600527534079635,-0.15,0.010052753407963494
246,2.460061954,left_ankle_pitch_joint,0.654979119997095,0.91,0.255020880002905
246,2.460061954,left_ankle_roll_joint,0.09949953614094305,0.1,0.0005004638590569571
247,2.470069224,right_hip_yaw_joint,-0.00385256296350521,0.0,0.00385256296350521
247,2.470069224,right_hip_roll_joint,0.09869827375877588,0.1,0.001301726241224127
247,2.470069224,right_hip_pitch_joint,-0.8819710734813618,-0.63,0.25197107348136183
247,2.470069224,right_knee_pitch_joint,0.13544124357723675,0.15,0.014558756422763247
247,2.470069224,right_ankle_pitch_joint,-0.6453864266431603,-0.91,-0.26461357335683977
247,2.470069224,right_ankle_roll_joint,-0.11653555882980383,-0.1,0.01653555882980383
247,2.470069224,left_hip_yaw_joint,0.0033144445322885836,0.0,-0.0033144445322885836
247,2.470069224,left_hip_roll_joint,-0.10336203783181928,-0.1,0.0033620378318192784
247,2.470069224,left_hip_pitch_joint,0.8657444324502623,0.63,-0.23574443245026233
247,2.470069224,left_knee_pitch_joint,-0.160052753383342,-0.15,0.010052753383341995
247,2.470069224,left_ankle_pitch_joint,0.654979119947929,0.91,0.255020880052071
247,2.470069224,left_ankle_roll_joint,0.09949953618102389,0.1,0.0005004638189761157
248,2.480081909,right_hip_yaw_joint,-0.003852562962890966,0.0,0.003852562962890966
248,2.480081909,right_hip_roll_joint,0.09915064609964855,0.1,0.0008493539003514572
248,2.480081909,right_hip_pitch_joint,-0.8819472939677422,-0.63,0.2519472939677422
248,2.480081909,right_knee_pitch_joint,0.13544124356855933,0.15,0.014558756431440667
248,2.480081909,right_ankle_pitch_joint,-0.6453864266740141,-0.91,-0.2646135733259859
248,2.480081909,right_ankle_roll_joint,-0.11653555870127626,-0.1,0.01653555870127625
248,2.480081909,left_hip_yaw_joint,0.0033144445273746385,0.0,-0.0033144445273746385
248,2.480081909,left_hip_roll_joint,-0.10256701067262262,-0.1,0.002567010672622619
248,2.480081909,left_hip_pitch_joint,0.865744432456994,0.63,-0.23574443245699395
248,2.480081909,left_knee_pitch_joint,-0.1600527533565368,-0.15,0.010052753356536798
248,2.480081909,left_ankle_pitch_joint,0.6549791199892419,0.91,0.2550208800107582
248,2.480081909,left_ankle_roll_joint,0.09949953609959748,0.1,0.000500463900402523
249,2.490061649,right_hip_yaw_joint,-0.003852562962054034,0.0,0.003852562962054034
249,2.490061649,right_hip_roll_joint,0.09941754789122047,0.1,0.0005824521087795381
249,2.490061649,right_hip_pitch_joint,-0.8816526898999358,-0.63,0.25165268989993583
249,2.490061649,right_knee_pitch_joint,0.13544124356488138,0.15,0.014558756435118614
249,2.490061649,right_ankle_pitch_joint,-0.6453864267006819,-0.91,-0.2646135732993181
249,2.490061649,right_ankle_roll_joint,-0.1165355585722817,-0.1,0.0165355585722817
249,2.490061649,left_hip_yaw_joint,0.00331444452397986,0.0,-0.00331444452397986
249,2.490061649,left_hip_roll_joint,-0.10194300713122406,-0.1,0.001943007131224056
249,2.490061649,left_hip_pitch_joint,0.8657444324626344,0.63,-0.23574443246263443
249,2.490061649,left_knee_pitch_joint,-0.1600527533181265,-0.15,0.010052753318126495
249,2.490061649,left_ankle_pitch_joint,0.6549791199808509,0.91,0.25502088001914913
249,2.490061649,left_ankle_roll_joint,0.09949953611957067,0.1,0.0005004638804293332
250,2.500082095,right_hip_yaw_joint,-0.0038525629609425975,0.0,0.0038525629609425975
250,2.500082095,right_hip_roll_joint,0.10037327626165433,0.1,-0.0003732762616543289
250,2.500082095,right_hip_pitch_joint,-0.8820670995203699,-0.63,0.2520670995203699
250,2.500082095,right_knee_pitch_joint,0.13544124355494835,0.15,0.01455875644505164
250,2.500082095,right_ankle_pitch_joint,-0.6453864267322628,-0.91,-0.26461357326773727
250,2.500082095,right_ankle_roll_joint,-0.11653555844230098,-0.1,0.01653555844230098
250,2.500082095,left_hip_yaw_joint,0.003314444517831615,0.0,-0.003314444517831615
250,2.500082095,left_hip_roll_joint,-0.10147423761517102,-0.1,0.0014742376151710146
250,2.500082095,left_hip_pitch_joint,0.8657444324666714,0.63,-0.23574443246667143
250,2.500082095,left_knee_pitch_joint,-0.16005275329972624,-0.15,0.010052753299726241
250,2.500082095,left_ankle_pitch_joint,0.6549791200053938,0.91,0.2550208799946062
250,2.500082095,left_ankle_roll_joint,0.09949953604588044,0.1,0.0005004639541195677
251,2.510059356,right_hip_yaw_joint,-0.003852562959914714,0.0,0.003852562959914714
251,2.510059356,right_hip_roll_joint,0.10090961811078229,0.1,-0.000909618110782287
251,2.510059356,right_hip_pitch_joint,-0.8821528143040065,-0.63,0.2521528143040065
251,2.510059356,right_knee_pitch_joint,0.13544124354793202,0.15,0.014558756452067972
251,2.510059356,right_ankle_pitch_joint,-0.6453864267617777,-0.91,-0.2646135732382223
251,2.510059356,right_ankle_roll_joint,-0.11653555831280371,-0.1,0.016535558312803705
251,2.510059356,left_hip_yaw_joint,0.003314444512991224,0.0,-0.003314444512991224
251,2.510059356,left_hip_roll_joint,-0.10078486403759496,-0.1,0.0007848640375949512
251,2.510059356,left_hip_pitch_joint,0.8657444324716524,0.63,-0.23574443247165244
251,2.510059356,left_knee_pitch_joint,-0.16005275327564852,-0.15,0.01005275327564853
251,2.510059356,left_ankle_pitch_joint,0.6549791200244257,0.91,0.2550208799755743
251,2.510059356,left_ankle_roll_joint,0.09949953599565398,0.1,0.0005004640043460296
252,2.520082002,right_hip_yaw_joint,-0.0038525629593242306,0.0,0.0038525629593242306
252,2.520082002,right_hip_roll_joint,0.1007208957825739,0.1,-0.0007208957825738938
252,2.520082002,right_hip_pitch_joint,-0.8815243919373859,-0.63,0.25152439193738585
252,2.520082002,right_knee_pitch_joint,0.13544124355499934,0.15,0.014558756445000653
252,2.520082002,right_ankle_pitch_joint,-0.6453864268146765,-0.91,-0.2646135731853235
252,2.520082002,right_ankle_roll_joint,-0.11653555825159645,-0.1,0.016535558251596444
252,2.520082002,left_hip_yaw_joint,0.0033144445094731067,0.0,-0.0033144445094731067
252,2.520082002,left_hip_roll_joint,-0.10126775710322158,-0.1,0.0012677571032215784
252,2.520082002,left_hip_pitch_joint,0.8657444324782501,0.63,-0.23574443247825005
252,2.520082002,left_knee_pitch_joint,-0.1600527532333678,-0.15,0.010052753233367795
252,2.520082002,left_ankle_pitch_joint,0.6549791200192648,0.91,0.2550208799807352
252,2.520082002,left_ankle_roll_joint,0.09949953601497283,0.1,0.0005004639850271775
253,2.530090423,right_hip_yaw_joint,-0.0038525629595249503,0.0,0.0038525629595249503
253,2.530090423,right_hip_roll_joint,0.10042527756855849,0.1,-0.00042527756855847976
253,2.530090423,right_hip_pitch_joint,-0.880696651043739,-0.63,0.25069665104373895
253,2.530090423,right_knee_pitch_joint,0.13544124356030182,0.15,0.014558756439698173
253,2.530090423,right_ankle_pitch_joint,-0.6453864268510455,-0.91,-0.2646135731489545
253,2.530090423,right_ankle_roll_joint,-0.11653555816050266,-0.1,0.01653555816050266
253,2.530090423,left_hip_yaw_joint,0.003314444506005946,0.0,-0.003314444506005946
253,2.530090423,left_hip_roll_joint,-0.10144628230974286,-0.1,0.0014462823097428495
253,2.530090423,left_hip_pitch_joint,0.8657444324853073,0.63,-0.2357444324853073
253,2.530090423,left_knee_pitch_joint,-0.16005275319087656,-0.15,0.010052753190876562
253,2.530090423,left_ankle_pitch_joint,0.654979120013918,0.91,0.255020879986082
253,2.530090423,left_ankle_roll_joint,0.09949953603404856,0.1,0.0005004639659514504
254,2.540063502,right_hip_yaw_joint,0.0008598260257702507,0.0,-0.0008598260257702507
254,2.540063502,right_hip_roll_joint,0.09886044551246032,0.1,0.0011395544875396901
254,2.540063502,right_hip_pitch_joint,-0.8759300459307378,-0.63,0.24593004593073775
254,2.540063502,right_knee_pitch_joint,0.13072885453260544,0.15,0.019271145467394557
254,2.540063502,right_ankle_pitch_joint,-0.6406740378145933,-0.91,-0.2693259621854067
254,2.540063502,right_ankle_roll_joint,-0.12124794727497909,-0.1,0.021247947274979084
254,2.540063502,left_hip_yaw_joint,0.008026833491691622,0.0,-0.008026833491691622
254,2.540063502,left_hip_roll_joint,-0.10176169667400882,-0.1,0.0017616966740088141
254,2.540063502,left_hip_pitch_joint,0.8610320435054806,0.63,-0.23103204350548057
254,2.540063502,left_knee_pitch_joint,-0.15534036413324476,-0.15,0.005340364133244763
254,2.540063502,left_ankle_pitch_joint,0.6502667309235712,0.91,0.2597332690764288
254,2.540063502,left_ankle_roll_joint,0.09478714687220624,0.1,0.005212853127793765
255,2.550058287,right_hip_yaw_joint,-0.003852562961113532,0.0,0.003852562961113532
255,2.550058287,right_hip_roll_joint,0.09915724597228796,0.1,0.0008427540277120421
255,2.550058287,right_hip_pitch_joint,-0.8800182085010324,-0.63,0.2500182085010324
255,2.550058287,right_knee_pitch_joint,0.13544124356478043,0.15,0.01455875643521956
255,2.550058287,right_ankle_pitch_joint,-0.6453864269184287,-0.91,-0.2646135730815713
255,2.550058287,right_ankle_roll_joint,-0.11653555796419572,-0.1,0.016535557964195716
255,2.550058287,left_hip_yaw_joint,0.003314444498087897,0.0,-0.003314444498087897
255,2.550058287,left_hip_roll_joint,-0.10041887394391451,-0.1,0.0004188739439145023
255,2.550058287,left_hip_pitch_joint,0.8657444324961631,0.63,-0.23574443249616306
255,2.550058287,left_knee_pitch_joint,-0.16005275311777353,-0.15,0.010052753117773539
255,2.550058287,left_ankle_pitch_joint,0.6549791199948592,0.91,0.2550208800051408
255,2.550058287,left_ankle_roll_joint,0.09949953606296999,0.1,0.0005004639370300157
256,2.560055126,right_hip_yaw_joint,-0.003852562963168083,0.0,0.003852562963168083
256,2.560055126,right_hip_roll_joint,0.09823773021620369,0.1,0.0017622697837963164
256,2.560055126,right_hip_pitch_joint,-0.8795677897689529,-0.63,0.24956778976895289
256,2.560055126,right_knee_pitch_joint,0.1354412435692663,0.15,0.014558756430733705
256,2.560055126,right_ankle_pitch_joint,-0.6453864269488853,-0.91,-0.26461357305111477
256,2.560055126,right_ankle_roll_joint,-0.11653555787062983,-0.1,0.016535557870629825
256,2.560055126,left_hip_yaw_joint,0.0033144444937858626,0.0,-0.0033144444937858626
256,2.560055126,left_hip_roll_joint,-0.09989617582635547,-0.1,-0.00010382417364453167
256,2.560055126,left_hip_pitch_joint,0.8657444325006565,0.63,-0.23574443250065646
256,2.560055126,left_knee_pitch_joint,-0.16005275308296246,-0.15,0.010052753082962468
256,2.560055126,left_ankle_pitch_joint,0.6549791199739186,0.91,0.2550208800260815
256,2.560055126,left_ankle_roll_joint,0.09949953608990476,0.1,0.0005004639100952418
257,2.570056467,right_hip_yaw_joint,-0.003852562964300115,0.0,0.003852562964300115
257,2.570056467,right_hip_roll_joint,0.09779811453705553,0.1,0.002201885462944475
257,2.570056467,right_hip_pitch_joint,-0.8788267389401818,-0.63,0.2488267389401818
257,2.570056467,right_knee_pitch_joint,0.13544124357270423,0.15,0.01455875642729576
257,2.570056467,right_ankle_pitch_joint,-0.6453864269664785,-0.91,-0.2646135730335215
257,2.570056467,right_ankle_roll_joint,-0.11653555774721941,-0.1,0.016535557747219404
257,2.570056467,left_hip_yaw_joint,0.003314444490222123,0.0,-0.003314444490222123
257,2.570056467,left_hip_roll_joint,-0.0990973149800802,-0.1,-0.0009026850199198022
257,2.570056467,left_hip_pitch_joint,0.8657444325059617,0.63,-0.23574443250596167
257,2.570056467,left_knee_pitch_joint,-0.16005275304568733,-0.15,0.01005275304568734
257,2.570056467,left_ankle_pitch_joint,0.6549791199552106,0.91,0.2550208800447894
257,2.570056467,left_ankle_roll_joint,0.0994995361206423,0.1,0.0005004638793577043
258,2.580013069,right_hip_yaw_joint,-0.0038525629655616752,0.0,0.0038525629655616752
258,2.580013069,right_hip_roll_joint,0.09758778769742742,0.1,0.002412212302572589
258,2.580013069,right_hip_pitch_joint,-0.8778486716236766,-0.63,0.24784867162367663
258,2.580013069,right_knee_pitch_joint,0.13544124357523665,0.15,0.014558756424763342
258,2.580013069,right_ankle_pitch_joint,-0.6453864269753214,-0.91,-0.2646135730246786
258,2.580013069,right_ankle_roll_joint,-0.11653555760765491,-0.1,0.016535557607654905
258,2.580013069,left_hip_yaw_joint,0.0033144444873168507,0.0,-0.0033144444873168507
258,2.580013069,left_hip_roll_joint,-0.0981254105868543,-0.1,-0.001874589413145708
258,2.580013069,left_hip_pitch_joint,0.865744432511914,0.63,-0.23574443251191401
258,2.580013069,left_knee_pitch_joint,-0.16005275300697622,-0.15,0.010052753006976223
258,2.580013069,left_ankle_pitch_joint,0.6549791199425403,0.91,0.2550208800574597
258,2.580013069,left_ankle_roll_joint,0.09949953614762408,0.1,0.0005004638523759264
259,2.590073102,right_hip_yaw_joint,-0.003852562965617581,0.0,0.003852562965617581
259,2.590073102,right_hip_roll_joint,0.09789861271490938,0.1,0.002101387285090628
259,2.590073102,right_hip_pitch_joint,-0.8769269210059975,-0.63,0.24692692100599745
259,2.590073102,right_knee_pitch_joint,0.13544124357826637,0.15,0.014558756421733626
259,2.590073102,right_ankle_pitch_joint,-0.6453864269828811,-0.91,-0.26461357301711896
259,2.590073102,right_ankle_roll_joint,-0.11653555746058877,-0.1,0.016535557460588768
259,2.590073102,left_hip_yaw_joint,0.003314444484433179,0.0,-0.003314444484433179
259,2.590073102,left_hip_roll_joint,-0.09740411443060742,-0.1,-0.002595885569392581
259,2.590073102,left_hip_pitch_joint,0.8657444325181937,0.63,-0.23574443251819366
259,2.590073102,left_knee_pitch_joint,-0.16005275296772237,-0.15,0.010052752967722373
259,2.590073102,left_ankle_pitch_joint,0.6549791199307208,0.91,0.25502088006927925
259,2.590073102,left_ankle_roll_joint,0.09949953617413165,0.1,0.0005004638258683525
260,2.600059437,right_hip_yaw_joint,-0.00385256296575067,0.0,0.00385256296575067
260,2.600059437,right_hip_roll_joint,0.09826004045700416,0.1,0.001739959542995842
260,2.600059437,right_hip_pitch_joint,-0.876288302189251,-0.63,0.24628830218925102
260,2.600059437,right_knee_pitch_joint,0.13544124358022472,0.15,0.014558756419775276
260,2.600059437,right_ankle_pitch_joint,-0.6453864269907134,-0.91,-0.2646135730092867
260,2.600059437,right_ankle_roll_joint,-0.11653555731284099,-0.1,0.01653555731284098
260,2.600059437,left_hip_yaw_joint,0.003314444481147311,0.0,-0.003314444481147311
260,2.600059437,left_hip_roll_joint,-0.09694035128219014,-0.1,-0.0030596487178098652
260,2.600059437,left_hip_pitch_joint,0.8657444325237168,0.63,-0.2357444325237168
260,2.600059437,left_knee_pitch_joint,-0.160052752930187,-0.15,0.010052752930187009
260,2.600059437,left_ankle_pitch_joint,0.6549791199145887,0.91,0.25502088008541135
260,2.600059437,left_ankle_roll_joint,0.09949953620312042,0.1,0.0005004637968795828
261,2.610059068,right_hip_yaw_joint,-0.003852562964838176,0.0,0.003852562964838176
261,2.610059068,right_hip_roll_joint,0.09907803318952926,0.1,0.0009219668104707424
261,2.610059068,right_hip_pitch_joint,-0.8756822511850824,-0.63,0.24568225118508236
261,2.610059068,right_knee_pitch_joint,0.13544124358327272,0.15,0.01455875641672727
261,2.610059068,right_ankle_pitch_joint,-0.6453864269983685,-0.91,-0.2646135730016316
261,2.610059068,right_ankle_roll_joint,-0.11653555716213468,-0.1,0.016535557162134673
261,2.610059068,left_hip_yaw_joint,0.0033144444769471855,0.0,-0.0033144444769471855
261,2.610059068,left_hip_roll_joint,-0.09701639723377359,-0.1,-0.0029836027662264175
261,2.610059068,left_hip_pitch_joint,0.8657444325288614,0.63,-0.23574443252886135
261,2.610059068,left_knee_pitch_joint,-0.1600527528928456,-0.15,0.010052752892845601
261,2.610059068,left_ankle_pitch_joint,0.6549791198940518,0.91,0.25502088010594826
261,2.610059068,left_ankle_roll_joint,0.09949953623344382,0.1,0.0005004637665561862
262,2.620058390,right_hip_yaw_joint,-0.0038525629643905096,0.0,0.0038525629643905096
262,2.620058390,right_hip_roll_joint,0.09991846246893966,0.1,8.153753106034112e-05
262,2.620058390,right_hip_pitch_joint,-0.8753963124412659,-0.63,0.24539631244126592
262,2.620058390,right_knee_pitch_joint,0.13544124358356227,0.15,0.014558756416437724
262,2.620058390,right_ankle_pitch_joint,-0.645386427009351,-0.91,-0.264613572990649
262,2.620058390,right_ankle_roll_joint,-0.11653555701501296,-0.1,0.016535557015012955
262,2.620058390,left_hip_yaw_joint,0.003314444472774676,0.0,-0.003314444472774676
262,2.620058390,left_hip_roll_joint,-0.09750087275700878,-0.1,-0.002499127242991228
262,2.620058390,left_hip_pitch_joint,0.8657444325340024,0.63,-0.23574443253400235
262,2.620058390,left_knee_pitch_joint,-0.16005275285470538,-0.15,0.010052752854705388
262,2.620058390,left_ankle_pitch_joint,0.6549791198768898,0.91,0.2550208801231102
262,2.620058390,left_ankle_roll_joint,0.09949953626115755,0.1,0.0005004637388424521
263,2.630081565,right_hip_yaw_joint,0.0008598260228400226,0.0,-0.0008598260228400226
263,2.630081565,right_hip_roll_joint,0.09951100073123488,0.1,0.0004889992687651251
263,2.630081565,right_hip_pitch_joint,-0.8706446147327235,-0.63,0.24064461473272347
263,2.630081565,right_knee_pitch_joint,0.1307288545486664,0.15,0.0192711454513336
263,2.630081565,right_ankle_pitch_joint,-0.640674037941758,-0.91,-0.269325962058242
263,2.630081565,right_ankle_roll_joint,-0.12124794605063437,-0.1,0.02124794605063436
263,2.630081565,left_hip_yaw_joint,0.008026833459757025,0.0,-0.008026833459757025
263,2.630081565,left_hip_roll_joint,-0.09801822618386175,-0.1,-0.0019817738161382603
263,2.630081565,left_hip_pitch_joint,0.8610320435557763,0.63,-0.23103204355577633
263,2.630081565,left_knee_pitch_joint,-0.15534036378878366,-0.15,0.005340363788783664
263,2.630081565,left_ankle_pitch_joint,0.6502667307911116,0.91,0.2597332692088884
263,2.630081565,left_ankle_roll_joint,0.09478714711200355,0.1,0.005212852887996458
264,2.640058168,right_hip_yaw_joint,-0.0038525629672992168,0.0,0.0038525629672992168
264,2.640058168,right_hip_roll_joint,0.09802126708417887,0.1,0.001978732915821138
264,2.640058168,right_hip_pitch_joint,-0.8796607072265726,-0.63,0.24966070722657263
264,2.640058168,right_knee_pitch_joint,0.13544124354391054,0.15,0.01455875645608945
264,2.640058168,right_ankle_pitch_joint,-0.6453864270578838,-0.91,-0.2646135729421162
264,2.640058168,right_ankle_roll_joint,-0.11653555673251847,-0.1,0.01653555673251847
264,2.640058168,left_hip_yaw_joint,-0.0014330154939355662,0.0,0.0014330154939355662
264,2.640058168,left_hip_roll_joint,-0.09347527143482892,-0.1,-0.006524728565171084
264,2.640058168,left_hip_pitch_joint,0.8614084715314481,0.63,-0.23140847153144806
264,2.640058168,left_knee_pitch_joint,-0.16005275278727157,-0.15,0.01005275278727158
264,2.640058168,left_ankle_pitch_joint,0.654979119891906,0.91,0.255020880108094
264,2.640058168,left_ankle_roll_joint,0.09949953630682841,0.1,0.0005004636931715961
265,2.650061010,right_hip_yaw_joint,0.0045519957929434805,0.0,-0.0045519957929434805
265,2.650061010,right_hip_roll_joint,0.10417793254194233,0.1,-0.00417793254194232
265,2.650061010,right_hip_pitch_joint,-0.8733356907426135,-0.63,0.24333569074261352
265,2.650061010,right_knee_pitch_joint,0.14500988992025007,0.15,0.004990110079749921
265,2.650061010,right_ankle_pitch_joint,-0.6406740380368545,-0.91,-0.2693259619631455
265,2.650061010,right_ankle_roll_joint,-0.12124794579827528,-0.1,0.02124794579827527
265,2.650061010,left_hip_yaw_joint,-0.003719526108028776,0.0,0.003719526108028776
265,2.650061010,left_hip_roll_joint,-0.09784899942341671,-0.1,-0.002151000576583295
265,2.650061010,left_hip_pitch_joint,0.8570867737734934,0.63,-0.2270867737734934
265,2.650061010,left_knee_pitch_joint,-0.17190722298760672,-0.15,0.021907222987606723
265,2.650061010,left_ankle_pitch_joint,0.6502667308293127,0.91,0.2597332691706873
265,2.650061010,left_ankle_roll_joint,0.09478714715820143,0.1,0.005212852841798579
266,2.660014112,right_hip_yaw_joint,0.001973197207435335,0.0,-0.001973197207435335
266,2.660014112,right_hip_roll_joint,0.10651133447323179,0.1,-0.006511334473231781
266,2.660014112,right_hip_pitch_joint,-0.8683915545273986,-0.63,0.23839155452739857
266,2.660014112,right_knee_pitch_joint,0.1421022036538156,0.15,0.0078977963461844
266,2.660014112,right_ankle_pitch_joint,-0.6399270858419741,-0.91,-0.2700729141580259
266,2.660014112,right_ankle_roll_joint,-0.12124794573883287,-0.1,0.02124794573883286
266,2.660014112,left_hip_yaw_joint,-0.010733399025013728,0.0,0.010733399025013728
266,2.660014112,left_hip_roll_joint,-0.09813146111768514,-0.1,-0.001868538882314863
266,2.660014112,left_hip_pitch_joint,0.854073726354825,0.63,-0.22407372635482503
266,2.660014112,left_knee_pitch_joint,-0.17190722297848432,-0.15,0.021907222978484325
266,2.660014112,left_ankle_pitch_joint,0.6526005534808449,0.91,0.25739944651915514
266,2.660014112,left_ankle_roll_joint,0.09478714716341109,0.1,0.005212852836588913
267,2.670056868,right_hip_yaw_joint,0.002497230614907512,0.0,-0.002497230614907512
267,2.670056868,right_hip_roll_joint,0.10530013768674319,0.1,-0.0053001376867431865
267,2.670056868,right_hip_pitch_joint,-0.8638464310876321,-0.63,0.23384643108763215
267,2.670056868,right_knee_pitch_joint,0.14393528980243578,0.15,0.006064710197564216
267,2.670056868,right_ankle_pitch_joint,-0.6399270858974755,-0.91,-0.27007291410252454
267,2.670056868,right_ankle_roll_joint,-0.12124794563354037,-0.1,0.021247945633540363
267,2.670056868,left_hip_yaw_joint,-0.01073339902556521,0.0,0.01073339902556521
267,2.670056868,left_hip_roll_joint,-0.09835300486965903,-0.1,-0.0016469951303409724
267,2.670056868,left_hip_pitch_joint,0.8544310068043938,0.63,-0.22443100680439376
267,2.670056868,left_knee_pitch_joint,-0.1719072229403168,-0.15,0.0219072229403168
267,2.670056868,left_ankle_pitch_joint,0.6526005534755503,0.91,0.2573994465244497
267,2.670056868,left_ankle_roll_joint,0.0947871471766199,0.1,0.005212852823380104
268,2.680082677,right_hip_yaw_joint,0.0049533995385712465,0.0,-0.0049533995385712465
268,2.680082677,right_hip_roll_joint,0.10357964412122606,0.1,-0.00357964412122605
268,2.680082677,right_hip_pitch_joint,-0.8591340420948511,-0.63,0.2291340420948511
268,2.680082677,right_knee_pitch_joint,0.1319202818347819,0.15,0.018079718165218084
268,2.680082677,right_ankle_pitch_joint,-0.6446394749398853,-0.91,-0.26536052506011476
268,2.680082677,right_ankle_roll_joint,-0.11653555631554115,-0.1,0.01653555631554114
268,2.680082677,left_hip_yaw_joint,-0.006021010028697157,0.0,0.006021010028697157
268,2.680082677,left_hip_roll_joint,-0.09954638549040945,-0.1,-0.00045361450959055527
268,2.680082677,left_hip_pitch_joint,0.853426717591317,0.63,-0.22342671759131705
268,2.680082677,left_knee_pitch_joint,-0.16719483383679365,-0.15,0.017194833836793655
268,2.680082677,left_ankle_pitch_joint,0.6478881644060517,0.91,0.26211183559394835
268,2.680082677,left_ankle_roll_joint,0.09949953637808204,0.1,0.0005004636219179681
269,2.690060263,right_hip_yaw_joint,0.0049533995383622825,0.0,-0.0049533995383622825
269,2.690060263,right_hip_roll_joint,0.10294258595329311,0.1,-0.0029425859532931087
269,2.690060263,right_hip_pitch_joint,-0.8624351693903272,-0.63,0.23243516939032716
269,2.690060263,right_knee_pitch_joint,0.13127310134246592,0.15,0.018726898657534075
269,2.690060263,right_ankle_pitch_joint,-0.6251936635195516,-0.91,-0.2848063364804484
269,2.690060263,right_ankle_roll_joint,-0.1165355561865662,-0.1,0.0165355561865662
269,2.690060263,left_hip_yaw_joint,-0.006021010025248147,0.0,0.006021010025248147
269,2.690060263,left_hip_roll_joint,-0.0994553986392455,-0.1,-0.0005446013607545014
269,2.690060263,left_hip_pitch_joint,0.8569364520615655,0.63,-0.22693645206156554
269,2.690060263,left_knee_pitch_joint,-0.1671948338039258,-0.15,0.017194833803925808
269,2.690060263,left_ankle_pitch_joint,0.6478881643908816,0.91,0.26211183560911844
269,2.690060263,left_ankle_roll_joint,0.09949953639621067,0.1,0.0005004636037893306
270,2.700076542,right_hip_yaw_joint,0.0035272068944485154,0.0,-0.0035272068944485154
270,2.700076542,right_hip_roll_joint,0.10277326387335856,0.1,-0.00277326387335855
270,2.700076542,right_hip_pitch_joint,-0.8650538751100251,-0.63,0.23505387511002507
270,2.700076542,right_knee_pitch_joint,0.1312731013198038,0.15,0.018726898680196197
270,2.700076542,right_ankle_pitch_joint,-0.6251936636385768,-0.91,-0.2848063363614233
270,2.700076542,right_ankle_roll_joint,-0.11653555605894117,-0.1,0.016535556058941164
270,2.700076542,left_hip_yaw_joint,-0.002707994818733058,0.0,0.002707994818733058
270,2.700076542,left_hip_roll_joint,-0.09873961266899363,-0.1,-0.0012603873310063768
270,2.700076542,left_hip_pitch_joint,0.8608013536461299,0.63,-0.23080135364612986
270,2.700076542,left_knee_pitch_joint,-0.1671948337137209,-0.15,0.01719483371372091
270,2.700076542,left_ankle_pitch_joint,0.6478881644152027,0.91,0.26211183558479734
270,2.700076542,left_ankle_roll_joint,0.09949953641373852,0.1,0.0005004635862614903
271,2.710086122,right_hip_yaw_joint,-0.0011851820956740922,0.0,0.0011851820956740922
271,2.710086122,right_hip_roll_joint,0.10317593129858776,0.1,-0.0031759312985877586
271,2.710086122,right_hip_pitch_joint,-0.8623171065684179,-0.63,0.23231710656841786
271,2.710086122,right_knee_pitch_joint,0.12656071231493005,0.15,0.02343928768506995
271,2.710086122,right_ankle_pitch_joint,-0.6204812746283257,-0.91,-0.28951872537167433
271,2.710086122,right_ankle_roll_joint,-0.1212479451214095,-0.1,0.021247945121409498
271,2.710086122,left_hip_yaw_joint,-0.007420383806809104,0.0,0.007420383806809104
271,2.710086122,left_hip_roll_joint,-0.09754884480661143,-0.1,-0.0024511551933885795
271,2.710086122,left_hip_pitch_joint,0.8632797446178966,0.63,-0.23327974461789658
271,2.710086122,left_knee_pitch_joint,-0.17190722269537015,-0.15,0.021907222695370154
271,2.710086122,left_ankle_pitch_joint,0.6526005534965262,0.91,0.2573994465034738
271,2.710086122,left_ankle_roll_joint,0.09478714725337936,0.1,0.005212852746620644
272,2.720074544,right_hip_yaw_joint,-0.0031137129304705303,0.0,0.0031137129304705303
272,2.720074544,right_hip_roll_joint,0.10095231569009538,0.1,-0.0009523156900953789
272,2.720074544,right_hip_pitch_joint,-0.863200331474001,-0.63,0.233200331474001
272,2.720074544,right_knee_pitch_joint,0.12656071228856847,0.15,0.023439287711431528
272,2.720074544,right_ankle_pitch_joint,-0.6204812747411951,-0.91,-0.28951872525880495
272,2.720074544,right_ankle_roll_joint,-0.12124794498402965,-0.1,0.02124794498402964
272,2.720074544,left_hip_yaw_joint,-0.007420383803947111,0.0,0.007420383803947111
272,2.720074544,left_hip_roll_joint,-0.09694353986141804,-0.1,-0.0030564601385819623
272,2.720074544,left_hip_pitch_joint,0.8665934031515415,0.63,-0.23659340315154154
272,2.720074544,left_knee_pitch_joint,-0.1719072226403487,-0.15,0.021907222640348695
272,2.720074544,left_ankle_pitch_joint,0.652600553496033,0.91,0.25739944650396707
272,2.720074544,left_ankle_roll_joint,0.09478714727267218,0.1,0.005212852727327827
273,2.730035948,right_hip_yaw_joint,-0.003113712930708994,0.0,0.003113712930708994
273,2.730035948,right_hip_roll_joint,0.09787059601807337,0.1,0.002129403981926639
273,2.730035948,right_hip_pitch_joint,-0.8635787467451201,-0.63,0.23357874674512014
273,2.730035948,right_knee_pitch_joint,0.1265607123031708,0.15,0.02343928769682918
273,2.730035948,right_ankle_pitch_joint,-0.620481274832051,-0.91,-0.2895187251679491
273,2.730035948,right_ankle_roll_joint,-0.12124794485967724,-0.1,0.021247944859677237
273,2.730035948,left_hip_yaw_joint,-0.007420383799623061,0.0,0.007420383799623061
273,2.730035948,left_hip_roll_joint,-0.09481669911210433,-0.1,-0.0051833008878956754
273,2.730035948,left_hip_pitch_joint,0.869323777388645,0.63,-0.23932377738864496
273,2.730035948,left_knee_pitch_joint,-0.17190722258069702,-0.15,0.021907222580697022
273,2.730035948,left_ankle_pitch_joint,0.6526005534987159,0.91,0.2573994465012841
273,2.730035948,left_ankle_roll_joint,0.0947871472953968,0.1,0.005212852704603199
274,2.740079942,right_hip_yaw_joint,0.0015986760529266768,0.0,-0.0015986760529266768
274,2.740079942,right_hip_roll_joint,0.0941261005695894,0.1,0.005873899430410612
274,2.740079942,right_hip_pitch_joint,-0.8685855775894433,-0.63,0.23858557758944332
274,2.740079942,right_knee_pitch_joint,0.13127310130866182,0.15,0.018726898691338173
274,2.740079942,right_ankle_pitch_joint,-0.6251936640390384,-0.91,-0.2848063359609616
274,2.740079942,right_ankle_roll_joint,-0.11653555553725603,-0.1,0.016535555537256025
274,2.740079942,left_hip_yaw_joint,-0.0009934393719640026,0.0,0.0009934393719640026
274,2.740079942,left_hip_roll_joint,-0.09274274320813464,-0.1,-0.0072572567918653685
274,2.740079942,left_hip_pitch_joint,0.8681982843405464,0.63,-0.23819828434054635
274,2.740079942,left_knee_pitch_joint,-0.16719483347039665,-0.15,0.01719483347039666
274,2.740079942,left_ankle_pitch_joint,0.6478881644286427,0.91,0.2621118355713573
274,2.740079942,left_ankle_roll_joint,0.09949953649453977,0.1,0.0005004635054602358
275,2.750083235,right_hip_yaw_joint,-0.003113712937764994,0.0,0.003113712937764994
275,2.750083235,right_hip_roll_joint,0.09426815271883413,0.1,0.0057318472811658805
275,2.750083235,right_hip_pitch_joint,-0.8675233251680249,-0.63,0.23752332516802488
275,2.750083235,right_knee_pitch_joint,0.12656071228948781,0.15,0.02343928771051218
275,2.750083235,right_ankle_pitch_joint,-0.6204812750380028,-0.91,-0.28951872496199726
275,2.750083235,right_ankle_roll_joint,-0.12124794460190254,-0.1,0.021247944601902533
275,2.750083235,left_hip_yaw_joint,-0.005705828359991121,0.0,0.005705828359991121
275,2.750083235,left_hip_roll_joint,-0.09127082667390786,-0.1,-0.008729173326092146
275,2.750083235,left_hip_pitch_joint,0.8703313001750664,0.63,-0.24033130017506643
275,2.750083235,left_knee_pitch_joint,-0.1719072224487916,-0.15,0.02190722244879162
275,2.750083235,left_ankle_pitch_joint,0.6526005535123568,0.91,0.25739944648764324
275,2.750083235,left_ankle_roll_joint,0.09478714733556345,0.1,0.005212852664436551
276,2.760071174,right_hip_yaw_joint,0.0003805595895159941,0.0,-0.0003805595895159941
276,2.760071174,right_hip_roll_joint,0.09129337142805671,0.1,0.008706628571943292
276,2.760071174,right_hip_pitch_joint,-0.869256727449452,-0.63,0.23925672744945203
276,2.760071174,right_knee_pitch_joint,0.13127310129872685,0.15,0.018726898701273142
276,2.760071174,right_ankle_pitch_joint,-0.625193664243177,-0.91,-0.284806335756823
276,2.760071174,right_ankle_roll_joint,-0.11653555527900718,-0.1,0.016535555279007172
276,2.760071174,left_hip_yaw_joint,-0.0009934393671299701,0.0,0.0009934393671299701
276,2.760071174,left_hip_roll_joint,-0.09138865894079157,-0.1,-0.008611341059208438
276,2.760071174,left_hip_pitch_joint,0.870831027211851,0.63,-0.240831027211851
276,2.760071174,left_knee_pitch_joint,-0.1671948333650688,-0.15,0.0171948333650688
276,2.760071174,left_ankle_pitch_joint,0.6478881644251084,0.91,0.2621118355748916
276,2.760071174,left_ankle_roll_joint,0.09949953653763062,0.1,0.0005004634623693854
277,2.770082491,right_hip_yaw_joint,-1.858681120377268e-05,0.0,1.858681120377268e-05
277,2.770082491,right_hip_roll_joint,0.09050366090957251,0.1,0.009496339090427491
277,2.770082491,right_hip_pitch_joint,-0.8714092572188552,-0.63,0.2414092572188552
277,2.770082491,right_knee_pitch_joint,0.13127310128177352,0.15,0.01872689871822647
277,2.770082491,right_ankle_pitch_joint,-0.6251936643527534,-0.91,-0.28480633564724667
277,2.770082491,right_ankle_roll_joint,-0.11653555514782281,-0.1,0.016535555147822803
277,2.770082491,left_hip_yaw_joint,0.0006695365754936667,0.0,-0.0006695365754936667
277,2.770082491,left_hip_roll_joint,-0.09016971326292879,-0.1,-0.009830286737071217
277,2.770082491,left_hip_pitch_joint,0.8706897828096429,0.63,-0.24068978280964293
277,2.770082491,left_knee_pitch_joint,-0.16719483328144255,-0.15,0.017194833281442556
277,2.770082491,left_ankle_pitch_joint,0.6478881644432227,0.91,0.2621118355567773
277,2.770082491,left_ankle_roll_joint,0.0994995365538904,0.1,0.0005004634461096003
278,2.780080476,right_hip_yaw_joint,-0.0047309758012419765,0.0,0.0047309758012419765
278,2.780080476,right_hip_roll_joint,0.09046127499341193,0.1,0.009538725006588075
278,2.780080476,right_hip_pitch_joint,-0.8695380173491289,-0.63,0.23953801734912894
278,2.780080476,right_knee_pitch_joint,0.1265607122658406,0.15,0.023439287734159403
278,2.780080476,right_ankle_pitch_joint,-0.6204812753499188,-0.91,-0.2895187246500812
278,2.780080476,right_ankle_roll_joint,-0.12124794421339193,-0.1,0.02124794421339192
278,2.780080476,left_hip_yaw_joint,-0.004042852413076406,0.0,0.004042852413076406
278,2.780080476,left_hip_roll_joint,-0.08845725067161489,-0.1,-0.011542749328385116
278,2.780080476,left_hip_pitch_joint,0.8727538983911873,0.63,-0.24275389839118733
278,2.780080476,left_knee_pitch_joint,-0.17190722225717678,-0.15,0.021907222257176784
278,2.780080476,left_ankle_pitch_joint,0.6526005535288263,0.91,0.25739944647117374
278,2.780080476,left_ankle_roll_joint,0.0947871473957613,0.1,0.005212852604238705
279,2.790073083,right_hip_yaw_joint,-0.004750829419637151,0.0,0.004750829419637151
279,2.790073083,right_hip_roll_joint,0.09045953001571821,0.1,0.00954046998428179
279,2.790073083,right_hip_pitch_joint,-0.8693694220216962,-0.63,0.2393694220216962
279,2.790073083,right_knee_pitch_joint,0.1265607122515109,0.15,0.023439287748489107
279,2.790073083,right_ankle_pitch_joint,-0.6204812754578717,-0.91,-0.28951872454212835
279,2.790073083,right_ankle_roll_joint,-0.12124794408045879,-0.1,0.021247944080458783
279,2.790073083,left_hip_yaw_joint,-0.004042852412320886,0.0,0.004042852412320886
279,2.790073083,left_hip_roll_joint,-0.089372885572227,-0.1,-0.010627114427773005
279,2.790073083,left_hip_pitch_joint,0.8740123486216862,0.63,-0.2440123486216862
279,2.790073083,left_knee_pitch_joint,-0.17190722220536214,-0.15,0.021907222205362148
279,2.790073083,left_ankle_pitch_joint,0.6526005535262184,0.91,0.25739944647378166
279,2.790073083,left_ankle_roll_joint,0.0947871474154774,0.1,0.005212852584522601
280,2.800076186,right_hip_yaw_joint,-3.844043572096521e-05,0.0,3.844043572096521e-05
280,2.800076186,right_hip_roll_joint,0.08805582571529998,0.1,0.01194417428470003
280,2.800076186,right_hip_pitch_joint,-0.8709151125132439,-0.63,0.24091511251324393
280,2.800076186,right_knee_pitch_joint,0.13127310126653133,0.15,0.018726898733468667
280,2.800076186,right_ankle_pitch_joint,-0.6251936646588256,-0.91,-0.2848063353411744
280,2.800076186,right_ankle_roll_joint,-0.11653555475821693,-0.1,0.016535554758216928
280,2.800076186,left_hip_yaw_joint,0.0006695365794927933,0.0,-0.0006695365794927933
280,2.800076186,left_hip_roll_joint,-0.08966492352814733,-0.1,-0.01033507647185268
280,2.800076186,left_hip_pitch_joint,0.8739717318172436,0.63,-0.24397173181724363
280,2.800076186,left_knee_pitch_joint,-0.16719483311982222,-0.15,0.017194833119822228
280,2.800076186,left_ankle_pitch_joint,0.6478881644405647,0.91,0.2621118355594353
280,2.800076186,left_ankle_roll_joint,0.09949953661755963,0.1,0.0005004633824403776
281,2.810057412,right_hip_yaw_joint,-0.004750829425474224,0.0,0.004750829425474224
281,2.810057412,right_hip_roll_joint,0.08754098452408726,0.1,0.012459015475912744
281,2.810057412,right_hip_pitch_joint,-0.8704723400021865,-0.63,0.24047234000218654
281,2.810057412,right_knee_pitch_joint,0.12656071224837812,0.15,0.02343928775162188
281,2.810057412,right_ankle_pitch_joint,-0.620481275656589,-0.91,-0.2895187243434111
281,2.810057412,right_ankle_roll_joint,-0.12124794382348904,-0.1,0.021247943823489032
281,2.810057412,left_hip_yaw_joint,-0.002324082797852069,0.0,0.002324082797852069
281,2.810057412,left_hip_roll_joint,-0.08698583039661635,-0.1,-0.013014169603383655
281,2.810057412,left_hip_pitch_joint,0.8742398499925227,0.63,-0.24423984999252268
281,2.810057412,left_knee_pitch_joint,-0.1719072220648534,-0.15,0.021907222064853404
281,2.810057412,left_ankle_pitch_joint,0.6526005535485466,0.91,0.2573994464514534
281,2.810057412,left_ankle_roll_joint,0.09478714745074468,0.1,0.005212852549255326
282,2.820061861,right_hip_yaw_joint,-0.004750829434164165,0.0,0.004750829434164165
282,2.820061861,right_hip_roll_joint,0.08630879829712701,0.1,0.013691201702872996
282,2.820061861,right_hip_pitch_joint,-0.8722537022497068,-0.63,0.24225370224970677
282,2.820061861,right_knee_pitch_joint,0.12656071222795487,0.15,0.023439287772045125
282,2.820061861,right_ankle_pitch_joint,-0.6204812757667195,-0.91,-0.2895187242332805
282,2.820061861,right_ankle_roll_joint,-0.12124794369275649,-0.1,0.021247943692756482
282,2.820061861,left_hip_yaw_joint,-0.0023240827970317244,0.0,0.0023240827970317244
282,2.820061861,left_hip_roll_joint,-0.08545013503436594,-0.1,-0.014549864965634068
282,2.820061861,left_hip_pitch_joint,0.8740414014606477,0.63,-0.24404140146064768
282,2.820061861,left_knee_pitch_joint,-0.17190722201860664,-0.15,0.021907222018606648
282,2.820061861,left_ankle_pitch_joint,0.6526005535430995,0.91,0.2573994464569005
282,2.820061861,left_ankle_roll_joint,0.09478714747401132,0.1,0.005212852525988687
283,2.830066102,right_hip_yaw_joint,-0.004750829437493449,0.0,0.004750829437493449
283,2.830066102,right_hip_roll_joint,0.08507719374428031,0.1,0.014922806255719692
283,2.830066102,right_hip_pitch_joint,-0.8715308541381485,-0.63,0.24153085413814845
283,2.830066102,right_knee_pitch_joint,0.12656071222634427,0.15,0.023439287773655726
283,2.830066102,right_ankle_pitch_joint,-0.6204812758640279,-0.91,-0.2895187241359721
283,2.830066102,right_ankle_roll_joint,-0.12124794356458846,-0.1,0.02124794356458845
283,2.830066102,left_hip_yaw_joint,-0.002324082796186658,0.0,0.002324082796186658
283,2.830066102,left_hip_roll_joint,-0.08528994228197878,-0.1,-0.014710057718021224
283,2.830066102,left_hip_pitch_joint,0.8759193239769268,0.63,-0.24591932397692684
283,2.830066102,left_knee_pitch_joint,-0.17190722196187536,-0.15,0.02190722196187536
283,2.830066102,left_ankle_pitch_joint,0.6526005535433074,0.91,0.25739944645669266
283,2.830066102,left_ankle_roll_joint,0.09478714749608681,0.1,0.005212852503913193
284,2.840084154,right_hip_yaw_joint,-0.004750829439782708,0.0,0.004750829439782708
284,2.840084154,right_hip_roll_joint,0.08401717664833316,0.1,0.01598282335166684
284,2.840084154,right_hip_pitch_joint,-0.8725014697762328,-0.63,0.24250146977623277
284,2.840084154,right_knee_pitch_joint,0.12656071220894388,0.15,0.023439287791056113
284,2.840084154,right_ankle_pitch_joint,-0.6204812759701936,-0.91,-0.2895187240298064
284,2.840084154,right_ankle_roll_joint,-0.12124794343557962,-0.1,0.02124794343557962
284,2.840084154,left_hip_yaw_joint,-0.0012373307108614227,0.0,0.0012373307108614227
284,2.840084154,left_hip_roll_joint,-0.08456744850627927,-0.1,-0.015432551493720734
284,2.840084154,left_hip_pitch_joint,0.8753830123011653,0.63,-0.24538301230116533
284,2.840084154,left_knee_pitch_joint,-0.17190722189276875,-0.15,0.021907221892768752
284,2.840084154,left_ankle_pitch_joint,0.6526005535561861,0.91,0.25739944644381396
284,2.840084154,left_ankle_roll_joint,0.09478714751075794,0.1,0.0052128524892420675
285,2.850080767,right_hip_yaw_joint,-0.0047508294393713265,0.0,0.0047508294393713265
285,2.850080767,right_hip_roll_joint,0.08408620267647858,0.1,0.015913797323521425
285,2.850080767,right_hip_pitch_joint,-0.873021531403631,-0.63,0.24302153140363103
285,2.850080767,right_knee_pitch_joint,0.12656071221217924,0.15,0.023439287787820756
285,2.850080767,right_ankle_pitch_joint,-0.6204812760677706,-0.91,-0.28951872393222944
285,2.850080767,right_ankle_roll_joint,-0.1212479433100093,-0.1,0.0212479433100093
285,2.850080767,left_hip_yaw_joint,-0.0012373307108137664,0.0,0.0012373307108137664
285,2.850080767,left_hip_roll_joint,-0.08417951634624023,-0.1,-0.01582048365375978
285,2.850080767,left_hip_pitch_joint,0.8745767643056063,0.63,-0.24457676430560626
285,2.850080767,left_knee_pitch_joint,-0.171907221848022,-0.15,0.021907221848022018
285,2.850080767,left_ankle_pitch_joint,0.65260055354956,0.91,0.25739944645044
285,2.850080767,left_ankle_roll_joint,0.09478714753396694,0.1,0.005212852466033063
286,2.860085005,right_hip_yaw_joint,-0.004750829438939735,0.0,0.004750829438939735
286,2.860085005,right_hip_roll_joint,0.08439820077638928,0.1,0.015601799223610727
286,2.860085005,right_hip_pitch_joint,-0.8748552464646373,-0.63,0.2448552464646373
286,2.860085005,right_knee_pitch_joint,0.1265607122091746,0.15,0.023439287790825408
286,2.860085005,right_ankle_pitch_joint,-0.6204812761689041,-0.91,-0.2895187238310959
286,2.860085005,right_ankle_roll_joint,-0.12124794318303889,-0.1,0.02124794318303888
286,2.860085005,left_hip_yaw_joint,-0.0002762512148629529,0.0,0.0002762512148629529
286,2.860085005,left_hip_roll_joint,-0.08314742081334724,-0.1,-0.01685257918665277
286,2.860085005,left_hip_pitch_joint,0.8719322645680739,0.63,-0.24193226456807393
286,2.860085005,left_knee_pitch_joint,-0.1719072217900603,-0.15,0.0219072217900603
286,2.860085005,left_ankle_pitch_joint,0.6526005535540721,0.91,0.25739944644592794
286,2.860085005,left_ankle_roll_joint,0.09478714755082573,0.1,0.005212852449174271
287,2.870064856,right_hip_yaw_joint,-0.004750829438640427,0.0,0.004750829438640427
287,2.870064856,right_hip_roll_joint,0.0847534045270695,0.1,0.015246595472930502
287,2.870064856,right_hip_pitch_joint,-0.8771960018975078,-0.63,0.2471960018975078
287,2.870064856,right_knee_pitch_joint,0.12656071220251153,0.15,0.023439287797488467
287,2.870064856,right_ankle_pitch_joint,-0.6204812762720586,-0.91,-0.2895187237279414
287,2.870064856,right_ankle_roll_joint,-0.12124794305591771,-0.1,0.021247943055917706
287,2.870064856,left_hip_yaw_joint,0.002939832097122762,0.0,-0.002939832097122762
287,2.870064856,left_hip_roll_joint,-0.08206844403138913,-0.1,-0.017931555968610874
287,2.870064856,left_hip_pitch_joint,0.8690114610197938,0.63,-0.23901146101979376
287,2.870064856,left_knee_pitch_joint,-0.17190722172661932,-0.15,0.021907221726619325
287,2.870064856,left_ankle_pitch_joint,0.6526005535625744,0.91,0.2573994464374256
287,2.870064856,left_ankle_roll_joint,0.09478714756709837,0.1,0.005212852432901635
288,2.880074773,right_hip_yaw_joint,-0.0024225727049149697,0.0,0.0024225727049149697
288,2.880074773,right_hip_roll_joint,0.08376873276776631,0.1,0.016231267232233698
288,2.880074773,right_hip_pitch_joint,-0.8773821551787001,-0.63,0.2473821551787001
288,2.880074773,right_knee_pitch_joint,0.131273101198224,0.15,0.018726898801776
288,2.880074773,right_ankle_pitch_joint,-0.6251936654842999,-0.91,-0.28480633451570014
288,2.880074773,right_ankle_roll_joint,-0.11653555373446382,-0.1,0.016535553734463818
288,2.880074773,left_hip_yaw_joint,0.007652221084083561,0.0,-0.007652221084083561
288,2.880074773,left_hip_roll_joint,-0.08402350364873315,-0.1,-0.015976496351266856
288,2.880074773,left_hip_pitch_joint,0.8700553726125071,0.63,-0.2400553726125071
288,2.880074773,left_knee_pitch_joint,-0.1671948326413215,-0.15,0.017194832641321517
288,2.880074773,left_ankle_pitch_joint,0.6478881644767536,0.91,0.26211183552324646
288,2.880074773,left_ankle_roll_joint,0.09949953676909795,0.1,0.000500463230902054
289,2.890062349,right_hip_yaw_joint,-0.007134961692357717,0.0,0.007134961692357717
289,2.890062349,right_hip_roll_joint,0.08576780261012425,0.1,0.014232197389875759
289,2.890062349,right_hip_pitch_joint,-0.8740208999935505,-0.63,0.24402089999355048
289,2.890062349,right_knee_pitch_joint,0.12656071218785744,0.15,0.02343928781214255
289,2.890062349,right_ankle_pitch_joint,-0.6204812764779852,-0.91,-0.2895187235220148
289,2.890062349,right_ankle_roll_joint,-0.12124794279850369,-0.1,0.021247942798503686
289,2.890062349,left_hip_yaw_joint,0.0029398320917505645,0.0,-0.0029398320917505645
289,2.890062349,left_hip_roll_joint,-0.08513050866480201,-0.1,-0.014869491335197993
289,2.890062349,left_hip_pitch_joint,0.8734392487120466,0.63,-0.24343924871204659
289,2.890062349,left_knee_pitch_joint,-0.17190722161268945,-0.15,0.02190722161268946
289,2.890062349,left_ankle_pitch_joint,0.652600553563901,0.91,0.257399446436099
289,2.890062349,left_ankle_roll_joint,0.09478714760823222,0.1,0.005212852391767789
290,2.900061726,right_hip_yaw_joint,-0.0032425039452362676,0.0,0.0032425039452362676
290,2.900061726,right_hip_roll_joint,0.08377635527013526,0.1,0.016223644729864747
290,2.900061726,right_hip_pitch_joint,-0.8778347297194559,-0.63,0.24783472971945586
290,2.900061726,right_knee_pitch_joint,0.13127310118457414,0.15,0.018726898815425858
290,2.900061726,right_ankle_pitch_joint,-0.6251936656900539,-0.91,-0.2848063343099462
290,2.900061726,right_ankle_roll_joint,-0.11653555347321977,-0.1,0.016535553473219763
290,2.900061726,left_hip_yaw_joint,0.010202965887646374,0.0,-0.010202965887646374
290,2.900061726,left_hip_roll_joint,-0.08376883204347961,-0.1,-0.016231167956520395
290,2.900061726,left_hip_pitch_joint,0.869913792242527,0.63,-0.23991379224252696
290,2.900061726,left_knee_pitch_joint,-0.1671948325209762,-0.15,0.0171948325209762
290,2.900061726,left_ankle_pitch_joint,0.6478881644851159,0.91,0.26211183551488415
290,2.900061726,left_ankle_roll_joint,0.09949953680568091,0.1,0.0005004631943190951
291,2.910079445,right_hip_yaw_joint,-0.0035114288931840775,0.0,0.0035114288931840775
291,2.910079445,right_hip_roll_joint,0.08305314980457036,0.1,0.016946850195429644
291,2.910079445,right_hip_pitch_joint,-0.8762216756342426,-0.63,0.24622167563424258
291,2.910079445,right_knee_pitch_joint,0.13127310117496313,0.15,0.018726898825036864
291,2.910079445,right_ankle_pitch_joint,-0.6251936657942929,-0.91,-0.2848063342057071
291,2.910079445,right_ankle_roll_joint,-0.11653555334180156,-0.1,0.016535553341801554
291,2.910079445,left_hip_yaw_joint,0.010202965883964434,0.0,-0.010202965883964434
291,2.910079445,left_hip_roll_joint,-0.08391795255418291,-0.1,-0.016082047445817094
291,2.910079445,left_hip_pitch_joint,0.8719873344701481,0.63,-0.24198733447014809
291,2.910079445,left_knee_pitch_joint,-0.167194832466907,-0.15,0.017194832466907006
291,2.910079445,left_ankle_pitch_joint,0.6478881644832775,0.91,0.26211183551672257
291,2.910079445,left_ankle_roll_joint,0.09949953682766467,0.1,0.0005004631723353331
292,2.920061977,right_hip_yaw_joint,-0.008223817878156233,0.0,0.008223817878156233
292,2.920061977,right_hip_roll_joint,0.08343180950147085,0.1,0.01656819049852916
292,2.920061977,right_hip_pitch_joint,-0.8718314196052763,-0.63,0.24183141960527632
292,2.920061977,right_knee_pitch_joint,0.12656071216883236,0.15,0.023439287831167638
292,2.920061977,right_ankle_pitch_joint,-0.6204812767865628,-0.91,-0.2895187232134372
292,2.920061977,right_ankle_roll_joint,-0.12124794240926345,-0.1,0.02124794240926345
292,2.920061977,left_hip_yaw_joint,0.005490576891107912,0.0,-0.005490576891107912
292,2.920061977,left_hip_roll_joint,-0.08349454473781129,-0.1,-0.016505455262188717
292,2.920061977,left_hip_pitch_joint,0.8758897011941077,0.63,-0.2458897011941077
292,2.920061977,left_knee_pitch_joint,-0.171907221428439,-0.15,0.02190722142843901
292,2.920061977,left_ankle_pitch_joint,0.6526005535777205,0.91,0.2573994464222795
292,2.920061977,left_ankle_roll_joint,0.09478714766881713,0.1,0.005212852331182877
293,2.930032725,right_hip_yaw_joint,-0.00822381788479623,0.0,0.00822381788479623
293,2.930032725,right_hip_roll_joint,0.08228759589047444,0.1,0.01771240410952557
293,2.930032725,right_hip_pitch_joint,-0.8712285268136639,-0.63,0.2412285268136639
293,2.930032725,right_knee_pitch_joint,0.12656071216208567,0.15,0.023439287837914324
293,2.930032725,right_ankle_pitch_joint,-0.6204812768883978,-0.91,-0.2895187231116022
293,2.930032725,right_ankle_roll_joint,-0.12124794227692677,-0.1,0.021247942276926765
293,2.930032725,left_hip_yaw_joint,0.008066829116781742,0.0,-0.008066829116781742
293,2.930032725,left_hip_roll_joint,-0.08328564321261456,-0.1,-0.016714356787385448
293,2.930032725,left_hip_pitch_joint,0.8763677062734194,0.63,-0.24636770627341942
293,2.930032725,left_knee_pitch_joint,-0.17190722134190736,-0.15,0.021907221341907368
293,2.930032725,left_ankle_pitch_joint,0.6526005536009707,0.91,0.25739944639902934
293,2.930032725,left_ankle_roll_joint,0.09478714768285755,0.1,0.005212852317142455
294,2.940073376,right_hip_yaw_joint,-0.0035114289020037916,0.0,0.0035114289020037916
294,2.940073376,right_hip_roll_joint,0.0797055284041095,0.1,0.020294471595890512
294,2.940073376,right_hip_pitch_joint,-0.8753575311772762,-0.63,0.2453575311772762
294,2.940073376,right_knee_pitch_joint,0.13127310116573698,0.15,0.01872689883426301
294,2.940073376,right_ankle_pitch_joint,-0.6251936660963897,-0.91,-0.2848063339036103
294,2.940073376,right_ankle_roll_joint,-0.11653555295657969,-0.1,0.016535552956579685
294,2.940073376,left_hip_yaw_joint,0.012779218094115178,0.0,-0.012779218094115178
294,2.940073376,left_hip_roll_joint,-0.08167695384474101,-0.1,-0.018323046155258996
294,2.940073376,left_hip_pitch_joint,0.8729961528330689,0.63,-0.24299615283306886
294,2.940073376,left_knee_pitch_joint,-0.16719483227959944,-0.15,0.017194832279599448
294,2.940073376,left_ankle_pitch_joint,0.647888164500358,0.91,0.262111835499642
294,2.940073376,left_ankle_roll_joint,0.09949953688794305,0.1,0.0005004631120569536
295,2.950060868,right_hip_yaw_joint,-0.0035201995683322284,0.0,0.0035201995683322284
295,2.950060868,right_hip_roll_joint,0.07980834547088804,0.1,0.020191654529111966
295,2.950060868,right_hip_pitch_joint,-0.8742131766064916,-0.63,0.24421317660649156
295,2.950060868,right_knee_pitch_joint,0.1312731011545431,0.15,0.01872689884545689
295,2.950060868,right_ankle_pitch_joint,-0.6251936662011549,-0.91,-0.2848063337988451
295,2.950060868,right_ankle_roll_joint,-0.11653555282607585,-0.1,0.01653555282607584
295,2.950060868,left_hip_yaw_joint,0.012779218088485034,0.0,-0.012779218088485034
295,2.950060868,left_hip_roll_joint,-0.08277829947397976,-0.1,-0.017221700526020248
295,2.950060868,left_hip_pitch_joint,0.8744658467636306,0.63,-0.2444658467636306
295,2.950060868,left_knee_pitch_joint,-0.16719483222338494,-0.15,0.017194832223384943
295,2.950060868,left_ankle_pitch_joint,0.6478881645004672,0.91,0.2621118354995329
295,2.950060868,left_ankle_roll_joint,0.09949953690905002,0.1,0.0005004630909499902
296,2.960084645,right_hip_yaw_joint,-0.008232588556885967,0.0,0.008232588556885967
296,2.960084645,right_hip_roll_joint,0.0798882784208169,0.1,0.020111721579183103
296,2.960084645,right_hip_pitch_joint,-0.8730672476475064,-0.63,0.24306724764750642
296,2.960084645,right_knee_pitch_joint,0.12656071213551365,0.15,0.023439287864486347
296,2.960084645,right_ankle_pitch_joint,-0.620481277199595,-0.91,-0.289518722800405
296,2.960084645,right_ankle_roll_joint,-0.12124794189243224,-0.1,0.02124794189243223
296,2.960084645,left_hip_yaw_joint,0.008723316721616269,0.0,-0.008723316721616269
296,2.960084645,left_hip_roll_joint,-0.0806168421125299,-0.1,-0.01938315788747011
296,2.960084645,left_hip_pitch_joint,0.8755282993192787,0.63,-0.24552829931927866
296,2.960084645,left_knee_pitch_joint,-0.17190722118423063,-0.15,0.021907221184230635
296,2.960084645,left_ankle_pitch_joint,0.6526005535964678,0.91,0.2573994464035322
296,2.960084645,left_ankle_roll_joint,0.09478714774512766,0.1,0.005212852254872349
297,2.970061877,right_hip_yaw_joint,-0.008232588554887,0.0,0.008232588554887
297,2.970061877,right_hip_roll_joint,0.07988463255939715,0.1,0.020115367440602855
297,2.970061877,right_hip_pitch_joint,-0.8750223279616363,-0.63,0.24502232796163625
297,2.970061877,right_knee_pitch_joint,0.1265607121317381,0.15,0.023439287868261882
297,2.970061877,right_ankle_pitch_joint,-0.6204812773012968,-0.91,-0.28951872269870327
297,2.970061877,right_ankle_roll_joint,-0.12124794176646744,-0.1,0.021247941766467437
297,2.970061877,left_hip_yaw_joint,0.009825692826117595,0.0,-0.009825692826117595
297,2.970061877,left_hip_roll_joint,-0.07914659353132547,-0.1,-0.020853406468674535
297,2.970061877,left_hip_pitch_joint,0.8726146592759316,0.63,-0.24261465927593162
297,2.970061877,left_knee_pitch_joint,-0.17190722112726486,-0.15,0.02190722112726487
297,2.970061877,left_ankle_pitch_joint,0.6526005536001007,0.91,0.2573994463998993
297,2.970061877,left_ankle_roll_joint,0.09478714776161987,0.1,0.005212852238380139
298,2.980105880,right_hip_yaw_joint,-0.0052652839464409455,0.0,0.0052652839464409455
298,2.980105880,right_hip_roll_joint,0.078323315239606,0.1,0.021676684760394
298,2.980105880,right_hip_pitch_joint,-0.8778791112240092,-0.63,0.24787911122400919
298,2.980105880,right_knee_pitch_joint,0.13127310113055476,0.15,0.01872689886944523
298,2.980105880,right_ankle_pitch_joint,-0.6251936665135843,-0.91,-0.2848063334864157
298,2.980105880,right_ankle_roll_joint,-0.11653555244454022,-0.1,0.01653555244454022
298,2.980105880,left_hip_yaw_joint,0.016203009540017896,0.0,-0.016203009540017896
298,2.980105880,left_hip_roll_joint,-0.07831719904707368,-0.1,-0.021682800952926323
298,2.980105880,left_hip_pitch_joint,0.8693842173908739,0.63,-0.2393842173908739
298,2.980105880,left_knee_pitch_joint,-0.16719483203466784,-0.15,0.017194832034667845
298,2.980105880,left_ankle_pitch_joint,0.6478881645216019,0.91,0.2621118354783981
298,2.980105880,left_ankle_roll_joint,0.09949953695984573,0.1,0.0005004630401542753
299,2.990084528,right_hip_yaw_joint,-0.00997767293316915,0.0,0.00997767293316915
299,2.990084528,right_hip_roll_joint,0.07995383291430284,0.1,0.02004616708569716
299,2.990084528,right_hip_pitch_joint,-0.8748122635465635,-0.63,0.2448122635465635
299,2.990084528,right_knee_pitch_joint,0.1265607121175105,0.15,0.0234392878824895
299,2.990084528,right_ankle_pitch_joint,-0.620481277508958,-0.91,-0.28951872249104205
299,2.990084528,right_ankle_roll_joint,-0.12124794151012804,-0.1,0.02124794151012803
299,2.990084528,left_hip_yaw_joint,0.011490620543756517,0.0,-0.011490620543756517
299,2.990084528,left_hip_roll_joint,-0.07849869077476275,-0.1,-0.021501309225237256
299,2.990084528,left_hip_pitch_joint,0.872248081161913,0.63,-0.242248081161913
299,2.990084528,left_knee_pitch_joint,-0.17190722100755912,-0.15,0.021907221007559124
299,2.990084528,left_ankle_pitch_joint,0.6526005536084285,0.91,0.25739944639157153
299,2.990084528,left_ankle_roll_joint,0.09478714780136613,0.1,0.005212852198633877
300,3.000062217,right_hip_yaw_joint,-0.011336159438785364,0.0,0.011336159438785364
300,3.000062217,right_hip_roll_joint,0.08200972921768215,0.1,0.017990270782317852
300,3.000062217,right_hip_pitch_joint,-0.8727666133561242,-0.63,0.24276661335612415
300,3.000062217,right_knee_pitch_joint,0.12656071209887854,0.15,0.02343928790112146
300,3.000062217,right_ankle_pitch_joint,-0.6204812776209122,-0.91,-0.2895187223790878
300,3.000062217,right_ankle_roll_joint,-0.1212479413774382,-0.1,0.021247941377438198
300,3.000062217,left_hip_yaw_joint,0.011490620535415788,0.0,-0.011490620535415788
300,3.000062217,left_hip_roll_joint,-0.0813040428560336,-0.1,-0.018695957143966407
300,3.000062217,left_hip_pitch_joint,0.874163361526487,0.63,-0.244163361526487
300,3.000062217,left_knee_pitch_joint,-0.17190722095394373,-0.15,0.021907220953943735
300,3.000062217,left_ankle_pitch_joint,0.6526005536066091,0.91,0.25739944639339096
300,3.000062217,left_ankle_roll_joint,0.09478714782075431,0.1,0.005212852179245692
