sample,time,joint_name,actual_position_rad,target_position_rad,error_rad
1,0.010089571,right_hip_yaw_joint,0.0,0.0,0.0
1,0.010089571,right_hip_roll_joint,0.1,0.1,0.0
1,0.010089571,right_hip_pitch_joint,-0.878,-0.878,0.0
1,0.010089571,right_knee_pitch_joint,0.13,0.13,0.0
1,0.010089571,right_ankle_pitch_joint,-0.65,-0.65,0.0
1,0.010089571,right_ankle_roll_joint,-0.1,-0.1,0.0
1,0.010089571,left_hip_yaw_joint,0.0,0.0,0.0
1,0.010089571,left_hip_roll_joint,-0.1,-0.1,0.0
1,0.010089571,left_hip_pitch_joint,0.878,0.878,0.0
1,0.010089571,left_knee_pitch_joint,-0.13,-0.13,0.0
1,0.010089571,left_ankle_pitch_joint,0.65,0.65,0.0
1,0.010089571,left_ankle_roll_joint,0.1,0.1,0.0
2,0.020111793,right_hip_yaw_joint,0.0,0.0,0.0
2,0.020111793,right_hip_roll_joint,0.1,0.1,0.0
2,0.020111793,right_hip_pitch_joint,-0.878,-0.878,0.0
2,0.020111793,right_knee_pitch_joint,0.13,0.13,0.0
2,0.020111793,right_ankle_pitch_joint,-0.65,-0.65,0.0
2,0.020111793,right_ankle_roll_joint,-0.1,-0.1,0.0
2,0.020111793,left_hip_yaw_joint,0.0,0.0,0.0
2,0.020111793,left_hip_roll_joint,-0.1,-0.1,0.0
2,0.020111793,left_hip_pitch_joint,0.878,0.878,0.0
2,0.020111793,left_knee_pitch_joint,-0.13,-0.13,0.0
2,0.020111793,left_ankle_pitch_joint,0.65,0.65,0.0
2,0.020111793,left_ankle_roll_joint,0.1,0.1,0.0
3,0.030082154,right_hip_yaw_joint,0.0,0.0,0.0
3,0.030082154,right_hip_roll_joint,0.1,0.1,0.0
3,0.030082154,right_hip_pitch_joint,-0.878,-0.878,0.0
3,0.030082154,right_knee_pitch_joint,0.13,0.13,0.0
3,0.030082154,right_ankle_pitch_joint,-0.65,-0.65,0.0
3,0.030082154,right_ankle_roll_joint,-0.1,-0.1,0.0
3,0.030082154,left_hip_yaw_joint,0.0,0.0,0.0
3,0.030082154,left_hip_roll_joint,-0.1,-0.1,0.0
3,0.030082154,left_hip_pitch_joint,0.878,0.878,0.0
3,0.030082154,left_knee_pitch_joint,-0.13,-0.13,0.0
3,0.030082154,left_ankle_pitch_joint,0.65,0.65,0.0
3,0.030082154,left_ankle_roll_joint,0.1,0.1,0.0
4,0.040068487,right_hip_yaw_joint,0.0,0.0,0.0
4,0.040068487,right_hip_roll_joint,0.1,0.1,0.0
4,0.040068487,right_hip_pitch_joint,-0.878,-0.878,0.0
4,0.040068487,right_knee_pitch_joint,0.13,0.13,0.0
4,0.040068487,right_ankle_pitch_joint,-0.65,-0.65,0.0
4,0.040068487,right_ankle_roll_joint,-0.1,-0.1,0.0
4,0.040068487,left_hip_yaw_joint,0.0,0.0,0.0
4,0.040068487,left_hip_roll_joint,-0.1,-0.1,0.0
4,0.040068487,left_hip_pitch_joint,0.878,0.878,0.0
4,0.040068487,left_knee_pitch_joint,-0.13,-0.13,0.0
4,0.040068487,left_ankle_pitch_joint,0.65,0.65,0.0
4,0.040068487,left_ankle_roll_joint,0.1,0.1,0.0
5,0.050078568,right_hip_yaw_joint,0.0,0.0,0.0
5,0.050078568,right_hip_roll_joint,0.1,0.1,0.0
5,0.050078568,right_hip_pitch_joint,-0.878,-0.878,0.0
5,0.050078568,right_knee_pitch_joint,0.13,0.13,0.0
5,0.050078568,right_ankle_pitch_joint,-0.65,-0.65,0.0
5,0.050078568,right_ankle_roll_joint,-0.1,-0.1,0.0
5,0.050078568,left_hip_yaw_joint,0.0,0.0,0.0
5,0.050078568,left_hip_roll_joint,-0.1,-0.1,0.0
5,0.050078568,left_hip_pitch_joint,0.878,0.878,0.0
5,0.050078568,left_knee_pitch_joint,-0.13,-0.13,0.0
5,0.050078568,left_ankle_pitch_joint,0.65,0.65,0.0
5,0.050078568,left_ankle_roll_joint,0.1,0.1,0.0
6,0.060014318,right_hip_yaw_joint,0.0,0.0,0.0
6,0.060014318,right_hip_roll_joint,0.1,0.1,0.0
6,0.060014318,right_hip_pitch_joint,-0.878,-0.878,0.0
6,0.060014318,right_knee_pitch_joint,0.13,0.13,0.0
6,0.060014318,right_ankle_pitch_joint,-0.65,-0.65,0.0
6,0.060014318,right_ankle_roll_joint,-0.1,-0.1,0.0
6,0.060014318,left_hip_yaw_joint,0.0,0.0,0.0
6,0.060014318,left_hip_roll_joint,-0.1,-0.1,0.0
6,0.060014318,left_hip_pitch_joint,0.878,0.878,0.0
6,0.060014318,left_knee_pitch_joint,-0.13,-0.13,0.0
6,0.060014318,left_ankle_pitch_joint,0.65,0.65,0.0
6,0.060014318,left_ankle_roll_joint,0.1,0.1,0.0
7,0.070079847,right_hip_yaw_joint,0.0,0.0,0.0
7,0.070079847,right_hip_roll_joint,0.1,0.1,0.0
7,0.070079847,right_hip_pitch_joint,-0.878,-0.878,0.0
7,0.070079847,right_knee_pitch_joint,0.13,0.13,0.0
7,0.070079847,right_ankle_pitch_joint,-0.65,-0.65,0.0
7,0.070079847,right_ankle_roll_joint,-0.1,-0.1,0.0
7,0.070079847,left_hip_yaw_joint,0.0,0.0,0.0
7,0.070079847,left_hip_roll_joint,-0.1,-0.1,0.0
7,0.070079847,left_hip_pitch_joint,0.878,0.878,0.0
7,0.070079847,left_knee_pitch_joint,-0.13,-0.13,0.0
7,0.070079847,left_ankle_pitch_joint,0.65,0.65,0.0
7,0.070079847,left_ankle_roll_joint,0.1,0.1,0.0
8,0.080061392,right_hip_yaw_joint,0.0,0.0,0.0
8,0.080061392,right_hip_roll_joint,0.1,0.1,0.0
8,0.080061392,right_hip_pitch_joint,-0.878,-0.878,0.0
8,0.080061392,right_knee_pitch_joint,0.13,0.13,0.0
8,0.080061392,right_ankle_pitch_joint,-0.65,-0.65,0.0
8,0.080061392,right_ankle_roll_joint,-0.1,-0.1,0.0
8,0.080061392,left_hip_yaw_joint,0.0,0.0,0.0
8,0.080061392,left_hip_roll_joint,-0.1,-0.1,0.0
8,0.080061392,left_hip_pitch_joint,0.878,0.878,0.0
8,0.080061392,left_knee_pitch_joint,-0.13,-0.13,0.0
8,0.080061392,left_ankle_pitch_joint,0.65,0.65,0.0
8,0.080061392,left_ankle_roll_joint,0.1,0.1,0.0
9,0.090059363,right_hip_yaw_joint,0.0,0.0,0.0
9,0.090059363,right_hip_roll_joint,0.1,0.1,0.0
9,0.090059363,right_hip_pitch_joint,-0.878,-0.878,0.0
9,0.090059363,right_knee_pitch_joint,0.13,0.13,0.0
9,0.090059363,right_ankle_pitch_joint,-0.65,-0.65,0.0
9,0.090059363,right_ankle_roll_joint,-0.1,-0.1,0.0
9,0.090059363,left_hip_yaw_joint,0.0,0.0,0.0
9,0.090059363,left_hip_roll_joint,-0.1,-0.1,0.0
9,0.090059363,left_hip_pitch_joint,0.878,0.878,0.0
9,0.090059363,left_knee_pitch_joint,-0.13,-0.13,0.0
9,0.090059363,left_ankle_pitch_joint,0.65,0.65,0.0
9,0.090059363,left_ankle_roll_joint,0.1,0.1,0.0
10,0.100057420,right_hip_yaw_joint,0.0,0.0,0.0
10,0.100057420,right_hip_roll_joint,0.1,0.1,0.0
10,0.100057420,right_hip_pitch_joint,-0.878,-0.878,0.0
10,0.100057420,right_knee_pitch_joint,0.13,0.13,0.0
10,0.100057420,right_ankle_pitch_joint,-0.65,-0.65,0.0
10,0.100057420,right_ankle_roll_joint,-0.1,-0.1,0.0
10,0.100057420,left_hip_yaw_joint,0.0,0.0,0.0
10,0.100057420,left_hip_roll_joint,-0.1,-0.1,0.0
10,0.100057420,left_hip_pitch_joint,0.878,0.878,0.0
10,0.100057420,left_knee_pitch_joint,-0.13,-0.13,0.0
10,0.100057420,left_ankle_pitch_joint,0.65,0.65,0.0
10,0.100057420,left_ankle_roll_joint,0.1,0.1,0.0
11,0.110016397,right_hip_yaw_joint,0.0,0.0,0.0
11,0.110016397,right_hip_roll_joint,0.1,0.1,0.0
11,0.110016397,right_hip_pitch_joint,-0.878,-0.878,0.0
11,0.110016397,right_knee_pitch_joint,0.13,0.13,0.0
11,0.110016397,right_ankle_pitch_joint,-0.65,-0.65,0.0
11,0.110016397,right_ankle_roll_joint,-0.1,-0.1,0.0
11,0.110016397,left_hip_yaw_joint,0.0,0.0,0.0
11,0.110016397,left_hip_roll_joint,-0.1,-0.1,0.0
11,0.110016397,left_hip_pitch_joint,0.878,0.878,0.0
11,0.110016397,left_knee_pitch_joint,-0.13,-0.13,0.0
11,0.110016397,left_ankle_pitch_joint,0.65,0.65,0.0
11,0.110016397,left_ankle_roll_joint,0.1,0.1,0.0
12,0.120057284,right_hip_yaw_joint,0.0,0.0,0.0
12,0.120057284,right_hip_roll_joint,0.1,0.1,0.0
12,0.120057284,right_hip_pitch_joint,-0.878,-0.878,0.0
12,0.120057284,right_knee_pitch_joint,0.13,0.13,0.0
12,0.120057284,right_ankle_pitch_joint,-0.65,-0.65,0.0
12,0.120057284,right_ankle_roll_joint,-0.1,-0.1,0.0
12,0.120057284,left_hip_yaw_joint,0.0,0.0,0.0
12,0.120057284,left_hip_roll_joint,-0.1,-0.1,0.0
12,0.120057284,left_hip_pitch_joint,0.878,0.878,0.0
12,0.120057284,left_knee_pitch_joint,-0.13,-0.13,0.0
12,0.120057284,left_ankle_pitch_joint,0.65,0.65,0.0
12,0.120057284,left_ankle_roll_joint,0.1,0.1,0.0
13,0.130058570,right_hip_yaw_joint,0.0,0.0,0.0
13,0.130058570,right_hip_roll_joint,0.1,0.1,0.0
13,0.130058570,right_hip_pitch_joint,-0.878,-0.878,0.0
13,0.130058570,right_knee_pitch_joint,0.13,0.13,0.0
13,0.130058570,right_ankle_pitch_joint,-0.65,-0.65,0.0
13,0.130058570,right_ankle_roll_joint,-0.1,-0.1,0.0
13,0.130058570,left_hip_yaw_joint,0.0,0.0,0.0
13,0.130058570,left_hip_roll_joint,-0.1,-0.1,0.0
13,0.130058570,left_hip_pitch_joint,0.878,0.878,0.0
13,0.130058570,left_knee_pitch_joint,-0.13,-0.13,0.0
13,0.130058570,left_ankle_pitch_joint,0.65,0.65,0.0
13,0.130058570,left_ankle_roll_joint,0.1,0.1,0.0
14,0.140057842,right_hip_yaw_joint,0.0,0.0,0.0
14,0.140057842,right_hip_roll_joint,0.1,0.1,0.0
14,0.140057842,right_hip_pitch_joint,-0.878,-0.878,0.0
14,0.140057842,right_knee_pitch_joint,0.13,0.13,0.0
14,0.140057842,right_ankle_pitch_joint,-0.65,-0.65,0.0
14,0.140057842,right_ankle_roll_joint,-0.1,-0.1,0.0
14,0.140057842,left_hip_yaw_joint,0.0,0.0,0.0
14,0.140057842,left_hip_roll_joint,-0.1,-0.1,0.0
14,0.140057842,left_hip_pitch_joint,0.878,0.878,0.0
14,0.140057842,left_knee_pitch_joint,-0.13,-0.13,0.0
14,0.140057842,left_ankle_pitch_joint,0.65,0.65,0.0
14,0.140057842,left_ankle_roll_joint,0.1,0.1,0.0
15,0.150063852,right_hip_yaw_joint,0.0,0.0,0.0
15,0.150063852,right_hip_roll_joint,0.1,0.1,0.0
15,0.150063852,right_hip_pitch_joint,-0.878,-0.878,0.0
15,0.150063852,right_knee_pitch_joint,0.13,0.13,0.0
15,0.150063852,right_ankle_pitch_joint,-0.65,-0.65,0.0
15,0.150063852,right_ankle_roll_joint,-0.1,-0.1,0.0
15,0.150063852,left_hip_yaw_joint,0.0,0.0,0.0
15,0.150063852,left_hip_roll_joint,-0.1,-0.1,0.0
15,0.150063852,left_hip_pitch_joint,0.878,0.878,0.0
15,0.150063852,left_knee_pitch_joint,-0.13,-0.13,0.0
15,0.150063852,left_ankle_pitch_joint,0.65,0.65,0.0
15,0.150063852,left_ankle_roll_joint,0.1,0.1,0.0
16,0.160081113,right_hip_yaw_joint,0.0,0.0,0.0
16,0.160081113,right_hip_roll_joint,0.1,0.1,0.0
16,0.160081113,right_hip_pitch_joint,-0.878,-0.878,0.0
16,0.160081113,right_knee_pitch_joint,0.13,0.13,0.0
16,0.160081113,right_ankle_pitch_joint,-0.65,-0.65,0.0
16,0.160081113,right_ankle_roll_joint,-0.1,-0.1,0.0
16,0.160081113,left_hip_yaw_joint,0.0,0.0,0.0
16,0.160081113,left_hip_roll_joint,-0.1,-0.1,0.0
16,0.160081113,left_hip_pitch_joint,0.878,0.878,0.0
16,0.160081113,left_knee_pitch_joint,-0.13,-0.13,0.0
16,0.160081113,left_ankle_pitch_joint,0.65,0.65,0.0
16,0.160081113,left_ankle_roll_joint,0.1,0.1,0.0
17,0.170072942,right_hip_yaw_joint,0.0,0.0,0.0
17,0.170072942,right_hip_roll_joint,0.1,0.1,0.0
17,0.170072942,right_hip_pitch_joint,-0.878,-0.878,0.0
17,0.170072942,right_knee_pitch_joint,0.13,0.13,0.0
17,0.170072942,right_ankle_pitch_joint,-0.65,-0.65,0.0
17,0.170072942,right_ankle_roll_joint,-0.1,-0.1,0.0
17,0.170072942,left_hip_yaw_joint,0.0,0.0,0.0
17,0.170072942,left_hip_roll_joint,-0.1,-0.1,0.0
17,0.170072942,left_hip_pitch_joint,0.878,0.878,0.0
17,0.170072942,left_knee_pitch_joint,-0.13,-0.13,0.0
17,0.170072942,left_ankle_pitch_joint,0.65,0.65,0.0
17,0.170072942,left_ankle_roll_joint,0.1,0.1,0.0
18,0.180089743,right_hip_yaw_joint,0.0,0.0,0.0
18,0.180089743,right_hip_roll_joint,0.1,0.1,0.0
18,0.180089743,right_hip_pitch_joint,-0.878,-0.878,0.0
18,0.180089743,right_knee_pitch_joint,0.13,0.13,0.0
18,0.180089743,right_ankle_pitch_joint,-0.65,-0.65,0.0
18,0.180089743,right_ankle_roll_joint,-0.1,-0.1,0.0
18,0.180089743,left_hip_yaw_joint,0.0,0.0,0.0
18,0.180089743,left_hip_roll_joint,-0.1,-0.1,0.0
18,0.180089743,left_hip_pitch_joint,0.878,0.878,0.0
18,0.180089743,left_knee_pitch_joint,-0.13,-0.13,0.0
18,0.180089743,left_ankle_pitch_joint,0.65,0.65,0.0
18,0.180089743,left_ankle_roll_joint,0.1,0.1,0.0
19,0.190063728,right_hip_yaw_joint,0.0,0.0,0.0
19,0.190063728,right_hip_roll_joint,0.1,0.1,0.0
19,0.190063728,right_hip_pitch_joint,-0.878,-0.878,0.0
19,0.190063728,right_knee_pitch_joint,0.13,0.13,0.0
19,0.190063728,right_ankle_pitch_joint,-0.65,-0.65,0.0
19,0.190063728,right_ankle_roll_joint,-0.1,-0.1,0.0
19,0.190063728,left_hip_yaw_joint,0.0,0.0,0.0
19,0.190063728,left_hip_roll_joint,-0.1,-0.1,0.0
19,0.190063728,left_hip_pitch_joint,0.878,0.878,0.0
19,0.190063728,left_knee_pitch_joint,-0.13,-0.13,0.0
19,0.190063728,left_ankle_pitch_joint,0.65,0.65,0.0
19,0.190063728,left_ankle_roll_joint,0.1,0.1,0.0
20,0.200068223,right_hip_yaw_joint,0.0,0.0,0.0
20,0.200068223,right_hip_roll_joint,0.1,0.1,0.0
20,0.200068223,right_hip_pitch_joint,-0.878,-0.878,0.0
20,0.200068223,right_knee_pitch_joint,0.13,0.13,0.0
20,0.200068223,right_ankle_pitch_joint,-0.65,-0.65,0.0
20,0.200068223,right_ankle_roll_joint,-0.1,-0.1,0.0
20,0.200068223,left_hip_yaw_joint,0.0,0.0,0.0
20,0.200068223,left_hip_roll_joint,-0.1,-0.1,0.0
20,0.200068223,left_hip_pitch_joint,0.878,0.878,0.0
20,0.200068223,left_knee_pitch_joint,-0.13,-0.13,0.0
20,0.200068223,left_ankle_pitch_joint,0.65,0.65,0.0
20,0.200068223,left_ankle_roll_joint,0.1,0.1,0.0
21,0.210075286,right_hip_yaw_joint,0.0,0.0,0.0
21,0.210075286,right_hip_roll_joint,0.1,0.1,0.0
21,0.210075286,right_hip_pitch_joint,-0.878,-0.878,0.0
21,0.210075286,right_knee_pitch_joint,0.13,0.13,0.0
21,0.210075286,right_ankle_pitch_joint,-0.65,-0.65,0.0
21,0.210075286,right_ankle_roll_joint,-0.1,-0.1,0.0
21,0.210075286,left_hip_yaw_joint,0.0,0.0,0.0
21,0.210075286,left_hip_roll_joint,-0.1,-0.1,0.0
21,0.210075286,left_hip_pitch_joint,0.878,0.878,0.0
21,0.210075286,left_knee_pitch_joint,-0.13,-0.13,0.0
21,0.210075286,left_ankle_pitch_joint,0.65,0.65,0.0
21,0.210075286,left_ankle_roll_joint,0.1,0.1,0.0
22,0.220062094,right_hip_yaw_joint,0.0,0.0,0.0
22,0.220062094,right_hip_roll_joint,0.1,0.1,0.0
22,0.220062094,right_hip_pitch_joint,-0.878,-0.878,0.0
22,0.220062094,right_knee_pitch_joint,0.13,0.13,0.0
22,0.220062094,right_ankle_pitch_joint,-0.65,-0.65,0.0
22,0.220062094,right_ankle_roll_joint,-0.1,-0.1,0.0
22,0.220062094,left_hip_yaw_joint,0.0,0.0,0.0
22,0.220062094,left_hip_roll_joint,-0.1,-0.1,0.0
22,0.220062094,left_hip_pitch_joint,0.878,0.878,0.0
22,0.220062094,left_knee_pitch_joint,-0.13,-0.13,0.0
22,0.220062094,left_ankle_pitch_joint,0.65,0.65,0.0
22,0.220062094,left_ankle_roll_joint,0.1,0.1,0.0
23,0.230082335,right_hip_yaw_joint,0.0,0.0,0.0
23,0.230082335,right_hip_roll_joint,0.1,0.1,0.0
23,0.230082335,right_hip_pitch_joint,-0.878,-0.878,0.0
23,0.230082335,right_knee_pitch_joint,0.13,0.13,0.0
23,0.230082335,right_ankle_pitch_joint,-0.65,-0.65,0.0
23,0.230082335,right_ankle_roll_joint,-0.1,-0.1,0.0
23,0.230082335,left_hip_yaw_joint,0.0,0.0,0.0
23,0.230082335,left_hip_roll_joint,-0.1,-0.1,0.0
23,0.230082335,left_hip_pitch_joint,0.878,0.878,0.0
23,0.230082335,left_knee_pitch_joint,-0.13,-0.13,0.0
23,0.230082335,left_ankle_pitch_joint,0.65,0.65,0.0
23,0.230082335,left_ankle_roll_joint,0.1,0.1,0.0
24,0.240062949,right_hip_yaw_joint,0.0,0.0,0.0
24,0.240062949,right_hip_roll_joint,0.1,0.1,0.0
24,0.240062949,right_hip_pitch_joint,-0.878,-0.878,0.0
24,0.240062949,right_knee_pitch_joint,0.13,0.13,0.0
24,0.240062949,right_ankle_pitch_joint,-0.65,-0.65,0.0
24,0.240062949,right_ankle_roll_joint,-0.1,-0.1,0.0
24,0.240062949,left_hip_yaw_joint,0.0,0.0,0.0
24,0.240062949,left_hip_roll_joint,-0.1,-0.1,0.0
24,0.240062949,left_hip_pitch_joint,0.878,0.878,0.0
24,0.240062949,left_knee_pitch_joint,-0.13,-0.13,0.0
24,0.240062949,left_ankle_pitch_joint,0.65,0.65,0.0
24,0.240062949,left_ankle_roll_joint,0.1,0.1,0.0
25,0.250062187,right_hip_yaw_joint,0.0,0.0,0.0
25,0.250062187,right_hip_roll_joint,0.1,0.1,0.0
25,0.250062187,right_hip_pitch_joint,-0.878,-0.878,0.0
25,0.250062187,right_knee_pitch_joint,0.13,0.13,0.0
25,0.250062187,right_ankle_pitch_joint,-0.65,-0.65,0.0
25,0.250062187,right_ankle_roll_joint,-0.1,-0.1,0.0
25,0.250062187,left_hip_yaw_joint,0.0,0.0,0.0
25,0.250062187,left_hip_roll_joint,-0.1,-0.1,0.0
25,0.250062187,left_hip_pitch_joint,0.878,0.878,0.0
25,0.250062187,left_knee_pitch_joint,-0.13,-0.13,0.0
25,0.250062187,left_ankle_pitch_joint,0.65,0.65,0.0
25,0.250062187,left_ankle_roll_joint,0.1,0.1,0.0
26,0.260061823,right_hip_yaw_joint,0.0,0.0,0.0
26,0.260061823,right_hip_roll_joint,0.1,0.1,0.0
26,0.260061823,right_hip_pitch_joint,-0.878,-0.878,0.0
26,0.260061823,right_knee_pitch_joint,0.13,0.13,0.0
26,0.260061823,right_ankle_pitch_joint,-0.65,-0.65,0.0
26,0.260061823,right_ankle_roll_joint,-0.1,-0.1,0.0
26,0.260061823,left_hip_yaw_joint,0.0,0.0,0.0
26,0.260061823,left_hip_roll_joint,-0.1,-0.1,0.0
26,0.260061823,left_hip_pitch_joint,0.878,0.878,0.0
26,0.260061823,left_knee_pitch_joint,-0.13,-0.13,0.0
26,0.260061823,left_ankle_pitch_joint,0.65,0.65,0.0
26,0.260061823,left_ankle_roll_joint,0.1,0.1,0.0
27,0.270057471,right_hip_yaw_joint,0.0,0.0,0.0
27,0.270057471,right_hip_roll_joint,0.1,0.1,0.0
27,0.270057471,right_hip_pitch_joint,-0.878,-0.878,0.0
27,0.270057471,right_knee_pitch_joint,0.13,0.13,0.0
27,0.270057471,right_ankle_pitch_joint,-0.65,-0.65,0.0
27,0.270057471,right_ankle_roll_joint,-0.1,-0.1,0.0
27,0.270057471,left_hip_yaw_joint,0.0,0.0,0.0
27,0.270057471,left_hip_roll_joint,-0.1,-0.1,0.0
27,0.270057471,left_hip_pitch_joint,0.878,0.878,0.0
27,0.270057471,left_knee_pitch_joint,-0.13,-0.13,0.0
27,0.270057471,left_ankle_pitch_joint,0.65,0.65,0.0
27,0.270057471,left_ankle_roll_joint,0.1,0.1,0.0
28,0.280083500,right_hip_yaw_joint,0.0,0.0,0.0
28,0.280083500,right_hip_roll_joint,0.1,0.1,0.0
28,0.280083500,right_hip_pitch_joint,-0.878,-0.878,0.0
28,0.280083500,right_knee_pitch_joint,0.13,0.13,0.0
28,0.280083500,right_ankle_pitch_joint,-0.65,-0.65,0.0
28,0.280083500,right_ankle_roll_joint,-0.1,-0.1,0.0
28,0.280083500,left_hip_yaw_joint,0.0,0.0,0.0
28,0.280083500,left_hip_roll_joint,-0.1,-0.1,0.0
28,0.280083500,left_hip_pitch_joint,0.878,0.878,0.0
28,0.280083500,left_knee_pitch_joint,-0.13,-0.13,0.0
28,0.280083500,left_ankle_pitch_joint,0.65,0.65,0.0
28,0.280083500,left_ankle_roll_joint,0.1,0.1,0.0
29,0.290059774,right_hip_yaw_joint,0.0,0.0,0.0
29,0.290059774,right_hip_roll_joint,0.1,0.1,0.0
29,0.290059774,right_hip_pitch_joint,-0.878,-0.878,0.0
29,0.290059774,right_knee_pitch_joint,0.13,0.13,0.0
29,0.290059774,right_ankle_pitch_joint,-0.65,-0.65,0.0
29,0.290059774,right_ankle_roll_joint,-0.1,-0.1,0.0
29,0.290059774,left_hip_yaw_joint,0.0,0.0,0.0
29,0.290059774,left_hip_roll_joint,-0.1,-0.1,0.0
29,0.290059774,left_hip_pitch_joint,0.878,0.878,0.0
29,0.290059774,left_knee_pitch_joint,-0.13,-0.13,0.0
29,0.290059774,left_ankle_pitch_joint,0.65,0.65,0.0
29,0.290059774,left_ankle_roll_joint,0.1,0.1,0.0
30,0.300063620,right_hip_yaw_joint,0.0,0.0,0.0
30,0.300063620,right_hip_roll_joint,0.1,0.1,0.0
30,0.300063620,right_hip_pitch_joint,-0.878,-0.878,0.0
30,0.300063620,right_knee_pitch_joint,0.13,0.13,0.0
30,0.300063620,right_ankle_pitch_joint,-0.65,-0.65,0.0
30,0.300063620,right_ankle_roll_joint,-0.1,-0.1,0.0
30,0.300063620,left_hip_yaw_joint,0.0,0.0,0.0
30,0.300063620,left_hip_roll_joint,-0.1,-0.1,0.0
30,0.300063620,left_hip_pitch_joint,0.878,0.878,0.0
30,0.300063620,left_knee_pitch_joint,-0.13,-0.13,0.0
30,0.300063620,left_ankle_pitch_joint,0.65,0.65,0.0
30,0.300063620,left_ankle_roll_joint,0.1,0.1,0.0
31,0.310069504,right_hip_yaw_joint,0.0,0.0,0.0
31,0.310069504,right_hip_roll_joint,0.1,0.1,0.0
31,0.310069504,right_hip_pitch_joint,-0.878,-0.878,0.0
31,0.310069504,right_knee_pitch_joint,0.13,0.13,0.0
31,0.310069504,right_ankle_pitch_joint,-0.65,-0.65,0.0
31,0.310069504,right_ankle_roll_joint,-0.1,-0.1,0.0
31,0.310069504,left_hip_yaw_joint,0.0,0.0,0.0
31,0.310069504,left_hip_roll_joint,-0.1,-0.1,0.0
31,0.310069504,left_hip_pitch_joint,0.878,0.878,0.0
31,0.310069504,left_knee_pitch_joint,-0.13,-0.13,0.0
31,0.310069504,left_ankle_pitch_joint,0.65,0.65,0.0
31,0.310069504,left_ankle_roll_joint,0.1,0.1,0.0
32,0.320085571,right_hip_yaw_joint,0.0,0.0,0.0
32,0.320085571,right_hip_roll_joint,0.1,0.1,0.0
32,0.320085571,right_hip_pitch_joint,-0.878,-0.878,0.0
32,0.320085571,right_knee_pitch_joint,0.13,0.13,0.0
32,0.320085571,right_ankle_pitch_joint,-0.65,-0.65,0.0
32,0.320085571,right_ankle_roll_joint,-0.1,-0.1,0.0
32,0.320085571,left_hip_yaw_joint,0.0,0.0,0.0
32,0.320085571,left_hip_roll_joint,-0.1,-0.1,0.0
32,0.320085571,left_hip_pitch_joint,0.878,0.878,0.0
32,0.320085571,left_knee_pitch_joint,-0.13,-0.13,0.0
32,0.320085571,left_ankle_pitch_joint,0.65,0.65,0.0
32,0.320085571,left_ankle_roll_joint,0.1,0.1,0.0
33,0.330085543,right_hip_yaw_joint,0.0,0.0,0.0
33,0.330085543,right_hip_roll_joint,0.1,0.1,0.0
33,0.330085543,right_hip_pitch_joint,-0.878,-0.878,0.0
33,0.330085543,right_knee_pitch_joint,0.13,0.13,0.0
33,0.330085543,right_ankle_pitch_joint,-0.65,-0.65,0.0
33,0.330085543,right_ankle_roll_joint,-0.1,-0.1,0.0
33,0.330085543,left_hip_yaw_joint,0.0,0.0,0.0
33,0.330085543,left_hip_roll_joint,-0.1,-0.1,0.0
33,0.330085543,left_hip_pitch_joint,0.878,0.878,0.0
33,0.330085543,left_knee_pitch_joint,-0.13,-0.13,0.0
33,0.330085543,left_ankle_pitch_joint,0.65,0.65,0.0
33,0.330085543,left_ankle_roll_joint,0.1,0.1,0.0
34,0.340035806,right_hip_yaw_joint,0.0,0.0,0.0
34,0.340035806,right_hip_roll_joint,0.1,0.1,0.0
34,0.340035806,right_hip_pitch_joint,-0.878,-0.878,0.0
34,0.340035806,right_knee_pitch_joint,0.13,0.13,0.0
34,0.340035806,right_ankle_pitch_joint,-0.65,-0.65,0.0
34,0.340035806,right_ankle_roll_joint,-0.1,-0.1,0.0
34,0.340035806,left_hip_yaw_joint,0.0,0.0,0.0
34,0.340035806,left_hip_roll_joint,-0.1,-0.1,0.0
34,0.340035806,left_hip_pitch_joint,0.878,0.878,0.0
34,0.340035806,left_knee_pitch_joint,-0.13,-0.13,0.0
34,0.340035806,left_ankle_pitch_joint,0.65,0.65,0.0
34,0.340035806,left_ankle_roll_joint,0.1,0.1,0.0
35,0.350064841,right_hip_yaw_joint,0.0,0.0,0.0
35,0.350064841,right_hip_roll_joint,0.1,0.1,0.0
35,0.350064841,right_hip_pitch_joint,-0.878,-0.878,0.0
35,0.350064841,right_knee_pitch_joint,0.13,0.13,0.0
35,0.350064841,right_ankle_pitch_joint,-0.65,-0.65,0.0
35,0.350064841,right_ankle_roll_joint,-0.1,-0.1,0.0
35,0.350064841,left_hip_yaw_joint,0.0,0.0,0.0
35,0.350064841,left_hip_roll_joint,-0.1,-0.1,0.0
35,0.350064841,left_hip_pitch_joint,0.878,0.878,0.0
35,0.350064841,left_knee_pitch_joint,-0.13,-0.13,0.0
35,0.350064841,left_ankle_pitch_joint,0.65,0.65,0.0
35,0.350064841,left_ankle_roll_joint,0.1,0.1,0.0
36,0.360064799,right_hip_yaw_joint,0.0,0.0,0.0
36,0.360064799,right_hip_roll_joint,0.1,0.1,0.0
36,0.360064799,right_hip_pitch_joint,-0.878,-0.878,0.0
36,0.360064799,right_knee_pitch_joint,0.13,0.13,0.0
36,0.360064799,right_ankle_pitch_joint,-0.65,-0.65,0.0
36,0.360064799,right_ankle_roll_joint,-0.1,-0.1,0.0
36,0.360064799,left_hip_yaw_joint,0.0,0.0,0.0
36,0.360064799,left_hip_roll_joint,-0.1,-0.1,0.0
36,0.360064799,left_hip_pitch_joint,0.878,0.878,0.0
36,0.360064799,left_knee_pitch_joint,-0.13,-0.13,0.0
36,0.360064799,left_ankle_pitch_joint,0.65,0.65,0.0
36,0.360064799,left_ankle_roll_joint,0.1,0.1,0.0
37,0.370067925,right_hip_yaw_joint,0.0,0.0,0.0
37,0.370067925,right_hip_roll_joint,0.1,0.1,0.0
37,0.370067925,right_hip_pitch_joint,-0.878,-0.878,0.0
37,0.370067925,right_knee_pitch_joint,0.13,0.13,0.0
37,0.370067925,right_ankle_pitch_joint,-0.65,-0.65,0.0
37,0.370067925,right_ankle_roll_joint,-0.1,-0.1,0.0
37,0.370067925,left_hip_yaw_joint,0.0,0.0,0.0
37,0.370067925,left_hip_roll_joint,-0.1,-0.1,0.0
37,0.370067925,left_hip_pitch_joint,0.878,0.878,0.0
37,0.370067925,left_knee_pitch_joint,-0.13,-0.13,0.0
37,0.370067925,left_ankle_pitch_joint,0.65,0.65,0.0
37,0.370067925,left_ankle_roll_joint,0.1,0.1,0.0
38,0.380036428,right_hip_yaw_joint,0.0,0.0,0.0
38,0.380036428,right_hip_roll_joint,0.1,0.1,0.0
38,0.380036428,right_hip_pitch_joint,-0.878,-0.878,0.0
38,0.380036428,right_knee_pitch_joint,0.13,0.13,0.0
38,0.380036428,right_ankle_pitch_joint,-0.65,-0.65,0.0
38,0.380036428,right_ankle_roll_joint,-0.1,-0.1,0.0
38,0.380036428,left_hip_yaw_joint,0.0,0.0,0.0
38,0.380036428,left_hip_roll_joint,-0.1,-0.1,0.0
38,0.380036428,left_hip_pitch_joint,0.878,0.878,0.0
38,0.380036428,left_knee_pitch_joint,-0.13,-0.13,0.0
38,0.380036428,left_ankle_pitch_joint,0.65,0.65,0.0
38,0.380036428,left_ankle_roll_joint,0.1,0.1,0.0
39,0.390084423,right_hip_yaw_joint,0.0,0.0,0.0
39,0.390084423,right_hip_roll_joint,0.1,0.1,0.0
39,0.390084423,right_hip_pitch_joint,-0.878,-0.878,0.0
39,0.390084423,right_knee_pitch_joint,0.13,0.13,0.0
39,0.390084423,right_ankle_pitch_joint,-0.65,-0.65,0.0
39,0.390084423,right_ankle_roll_joint,-0.1,-0.1,0.0
39,0.390084423,left_hip_yaw_joint,0.0,0.0,0.0
39,0.390084423,left_hip_roll_joint,-0.1,-0.1,0.0
39,0.390084423,left_hip_pitch_joint,0.878,0.878,0.0
39,0.390084423,left_knee_pitch_joint,-0.13,-0.13,0.0
39,0.390084423,left_ankle_pitch_joint,0.65,0.65,0.0
39,0.390084423,left_ankle_roll_joint,0.1,0.1,0.0
40,0.400058828,right_hip_yaw_joint,0.0,0.0,0.0
40,0.400058828,right_hip_roll_joint,0.1,0.1,0.0
40,0.400058828,right_hip_pitch_joint,-0.878,-0.878,0.0
40,0.400058828,right_knee_pitch_joint,0.13,0.13,0.0
40,0.400058828,right_ankle_pitch_joint,-0.65,-0.65,0.0
40,0.400058828,right_ankle_roll_joint,-0.1,-0.1,0.0
40,0.400058828,left_hip_yaw_joint,0.0,0.0,0.0
40,0.400058828,left_hip_roll_joint,-0.1,-0.1,0.0
40,0.400058828,left_hip_pitch_joint,0.878,0.878,0.0
40,0.400058828,left_knee_pitch_joint,-0.13,-0.13,0.0
40,0.400058828,left_ankle_pitch_joint,0.65,0.65,0.0
40,0.400058828,left_ankle_roll_joint,0.1,0.1,0.0
41,0.410087381,right_hip_yaw_joint,0.0,0.0,0.0
41,0.410087381,right_hip_roll_joint,0.1,0.1,0.0
41,0.410087381,right_hip_pitch_joint,-0.878,-0.878,0.0
41,0.410087381,right_knee_pitch_joint,0.13,0.13,0.0
41,0.410087381,right_ankle_pitch_joint,-0.65,-0.65,0.0
41,0.410087381,right_ankle_roll_joint,-0.1,-0.1,0.0
41,0.410087381,left_hip_yaw_joint,0.0,0.0,0.0
41,0.410087381,left_hip_roll_joint,-0.1,-0.1,0.0
41,0.410087381,left_hip_pitch_joint,0.878,0.878,0.0
41,0.410087381,left_knee_pitch_joint,-0.13,-0.13,0.0
41,0.410087381,left_ankle_pitch_joint,0.65,0.65,0.0
41,0.410087381,left_ankle_roll_joint,0.1,0.1,0.0
42,0.420058346,right_hip_yaw_joint,0.0,0.0,0.0
42,0.420058346,right_hip_roll_joint,0.1,0.1,0.0
42,0.420058346,right_hip_pitch_joint,-0.878,-0.878,0.0
42,0.420058346,right_knee_pitch_joint,0.13,0.13,0.0
42,0.420058346,right_ankle_pitch_joint,-0.65,-0.65,0.0
42,0.420058346,right_ankle_roll_joint,-0.1,-0.1,0.0
42,0.420058346,left_hip_yaw_joint,0.0,0.0,0.0
42,0.420058346,left_hip_roll_joint,-0.1,-0.1,0.0
42,0.420058346,left_hip_pitch_joint,0.878,0.878,0.0
42,0.420058346,left_knee_pitch_joint,-0.13,-0.13,0.0
42,0.420058346,left_ankle_pitch_joint,0.65,0.65,0.0
42,0.420058346,left_ankle_roll_joint,0.1,0.1,0.0
43,0.430020353,right_hip_yaw_joint,0.0,0.0,0.0
43,0.430020353,right_hip_roll_joint,0.1,0.1,0.0
43,0.430020353,right_hip_pitch_joint,-0.878,-0.878,0.0
43,0.430020353,right_knee_pitch_joint,0.13,0.13,0.0
43,0.430020353,right_ankle_pitch_joint,-0.65,-0.65,0.0
43,0.430020353,right_ankle_roll_joint,-0.1,-0.1,0.0
43,0.430020353,left_hip_yaw_joint,0.0,0.0,0.0
43,0.430020353,left_hip_roll_joint,-0.1,-0.1,0.0
43,0.430020353,left_hip_pitch_joint,0.878,0.878,0.0
43,0.430020353,left_knee_pitch_joint,-0.13,-0.13,0.0
43,0.430020353,left_ankle_pitch_joint,0.65,0.65,0.0
43,0.430020353,left_ankle_roll_joint,0.1,0.1,0.0
44,0.440072152,right_hip_yaw_joint,0.0,0.0,0.0
44,0.440072152,right_hip_roll_joint,0.1,0.1,0.0
44,0.440072152,right_hip_pitch_joint,-0.878,-0.878,0.0
44,0.440072152,right_knee_pitch_joint,0.13,0.13,0.0
44,0.440072152,right_ankle_pitch_joint,-0.65,-0.65,0.0
44,0.440072152,right_ankle_roll_joint,-0.1,-0.1,0.0
44,0.440072152,left_hip_yaw_joint,0.0,0.0,0.0
44,0.440072152,left_hip_roll_joint,-0.1,-0.1,0.0
44,0.440072152,left_hip_pitch_joint,0.878,0.878,0.0
44,0.440072152,left_knee_pitch_joint,-0.13,-0.13,0.0
44,0.440072152,left_ankle_pitch_joint,0.65,0.65,0.0
44,0.440072152,left_ankle_roll_joint,0.1,0.1,0.0
45,0.450043259,right_hip_yaw_joint,0.0,0.0,0.0
45,0.450043259,right_hip_roll_joint,0.1,0.1,0.0
45,0.450043259,right_hip_pitch_joint,-0.878,-0.878,0.0
45,0.450043259,right_knee_pitch_joint,0.13,0.13,0.0
45,0.450043259,right_ankle_pitch_joint,-0.65,-0.65,0.0
45,0.450043259,right_ankle_roll_joint,-0.1,-0.1,0.0
45,0.450043259,left_hip_yaw_joint,0.0,0.0,0.0
45,0.450043259,left_hip_roll_joint,-0.1,-0.1,0.0
45,0.450043259,left_hip_pitch_joint,0.878,0.878,0.0
45,0.450043259,left_knee_pitch_joint,-0.13,-0.13,0.0
45,0.450043259,left_ankle_pitch_joint,0.65,0.65,0.0
45,0.450043259,left_ankle_roll_joint,0.1,0.1,0.0
46,0.460076709,right_hip_yaw_joint,0.0,0.0,0.0
46,0.460076709,right_hip_roll_joint,0.1,0.1,0.0
46,0.460076709,right_hip_pitch_joint,-0.878,-0.878,0.0
46,0.460076709,right_knee_pitch_joint,0.13,0.13,0.0
46,0.460076709,right_ankle_pitch_joint,-0.65,-0.65,0.0
46,0.460076709,right_ankle_roll_joint,-0.1,-0.1,0.0
46,0.460076709,left_hip_yaw_joint,0.0,0.0,0.0
46,0.460076709,left_hip_roll_joint,-0.1,-0.1,0.0
46,0.460076709,left_hip_pitch_joint,0.878,0.878,0.0
46,0.460076709,left_knee_pitch_joint,-0.13,-0.13,0.0
46,0.460076709,left_ankle_pitch_joint,0.65,0.65,0.0
46,0.460076709,left_ankle_roll_joint,0.1,0.1,0.0
47,0.470059585,right_hip_yaw_joint,0.0,0.0,0.0
47,0.470059585,right_hip_roll_joint,0.1,0.1,0.0
47,0.470059585,right_hip_pitch_joint,-0.878,-0.878,0.0
47,0.470059585,right_knee_pitch_joint,0.13,0.13,0.0
47,0.470059585,right_ankle_pitch_joint,-0.65,-0.65,0.0
47,0.470059585,right_ankle_roll_joint,-0.1,-0.1,0.0
47,0.470059585,left_hip_yaw_joint,0.0,0.0,0.0
47,0.470059585,left_hip_roll_joint,-0.1,-0.1,0.0
47,0.470059585,left_hip_pitch_joint,0.878,0.878,0.0
47,0.470059585,left_knee_pitch_joint,-0.13,-0.13,0.0
47,0.470059585,left_ankle_pitch_joint,0.65,0.65,0.0
47,0.470059585,left_ankle_roll_joint,0.1,0.1,0.0
48,0.480076564,right_hip_yaw_joint,0.0,0.0,0.0
48,0.480076564,right_hip_roll_joint,0.1,0.1,0.0
48,0.480076564,right_hip_pitch_joint,-0.878,-0.878,0.0
48,0.480076564,right_knee_pitch_joint,0.13,0.13,0.0
48,0.480076564,right_ankle_pitch_joint,-0.65,-0.65,0.0
48,0.480076564,right_ankle_roll_joint,-0.1,-0.1,0.0
48,0.480076564,left_hip_yaw_joint,0.0,0.0,0.0
48,0.480076564,left_hip_roll_joint,-0.1,-0.1,0.0
48,0.480076564,left_hip_pitch_joint,0.878,0.878,0.0
48,0.480076564,left_knee_pitch_joint,-0.13,-0.13,0.0
48,0.480076564,left_ankle_pitch_joint,0.65,0.65,0.0
48,0.480076564,left_ankle_roll_joint,0.1,0.1,0.0
49,0.490065614,right_hip_yaw_joint,0.0,0.0,0.0
49,0.490065614,right_hip_roll_joint,0.1,0.1,0.0
49,0.490065614,right_hip_pitch_joint,-0.878,-0.878,0.0
49,0.490065614,right_knee_pitch_joint,0.13,0.13,0.0
49,0.490065614,right_ankle_pitch_joint,-0.65,-0.65,0.0
49,0.490065614,right_ankle_roll_joint,-0.1,-0.1,0.0
49,0.490065614,left_hip_yaw_joint,0.0,0.0,0.0
49,0.490065614,left_hip_roll_joint,-0.1,-0.1,0.0
49,0.490065614,left_hip_pitch_joint,0.878,0.878,0.0
49,0.490065614,left_knee_pitch_joint,-0.13,-0.13,0.0
49,0.490065614,left_ankle_pitch_joint,0.65,0.65,0.0
49,0.490065614,left_ankle_roll_joint,0.1,0.1,0.0
50,0.500058268,right_hip_yaw_joint,0.0,0.0,0.0
50,0.500058268,right_hip_roll_joint,0.1,0.1,0.0
50,0.500058268,right_hip_pitch_joint,-0.878,-0.878,0.0
50,0.500058268,right_knee_pitch_joint,0.13,0.13,0.0
50,0.500058268,right_ankle_pitch_joint,-0.65,-0.65,0.0
50,0.500058268,right_ankle_roll_joint,-0.1,-0.1,0.0
50,0.500058268,left_hip_yaw_joint,0.0,0.0,0.0
50,0.500058268,left_hip_roll_joint,-0.1,-0.1,0.0
50,0.500058268,left_hip_pitch_joint,0.878,0.878,0.0
50,0.500058268,left_knee_pitch_joint,-0.13,-0.13,0.0
50,0.500058268,left_ankle_pitch_joint,0.65,0.65,0.0
50,0.500058268,left_ankle_roll_joint,0.1,0.1,0.0
51,0.510075729,right_hip_yaw_joint,0.0,0.0,0.0
51,0.510075729,right_hip_roll_joint,0.1,0.1,0.0
51,0.510075729,right_hip_pitch_joint,-0.878,-0.878,0.0
51,0.510075729,right_knee_pitch_joint,0.13,0.13,0.0
51,0.510075729,right_ankle_pitch_joint,-0.65,-0.65,0.0
51,0.510075729,right_ankle_roll_joint,-0.1,-0.1,0.0
51,0.510075729,left_hip_yaw_joint,0.0,0.0,0.0
51,0.510075729,left_hip_roll_joint,-0.1,-0.1,0.0
51,0.510075729,left_hip_pitch_joint,0.878,0.878,0.0
51,0.510075729,left_knee_pitch_joint,-0.13,-0.13,0.0
51,0.510075729,left_ankle_pitch_joint,0.65,0.65,0.0
51,0.510075729,left_ankle_roll_joint,0.1,0.1,0.0
52,0.520072790,right_hip_yaw_joint,0.0,0.0,0.0
52,0.520072790,right_hip_roll_joint,0.1,0.1,0.0
52,0.520072790,right_hip_pitch_joint,-0.878,-0.878,0.0
52,0.520072790,right_knee_pitch_joint,0.13,0.13,0.0
52,0.520072790,right_ankle_pitch_joint,-0.65,-0.65,0.0
52,0.520072790,right_ankle_roll_joint,-0.1,-0.1,0.0
52,0.520072790,left_hip_yaw_joint,0.0,0.0,0.0
52,0.520072790,left_hip_roll_joint,-0.1,-0.1,0.0
52,0.520072790,left_hip_pitch_joint,0.878,0.878,0.0
52,0.520072790,left_knee_pitch_joint,-0.13,-0.13,0.0
52,0.520072790,left_ankle_pitch_joint,0.65,0.65,0.0
52,0.520072790,left_ankle_roll_joint,0.1,0.1,0.0
53,0.530074894,right_hip_yaw_joint,0.0,0.0,0.0
53,0.530074894,right_hip_roll_joint,0.1,0.1,0.0
53,0.530074894,right_hip_pitch_joint,-0.878,-0.878,0.0
53,0.530074894,right_knee_pitch_joint,0.13,0.13,0.0
53,0.530074894,right_ankle_pitch_joint,-0.65,-0.65,0.0
53,0.530074894,right_ankle_roll_joint,-0.1,-0.1,0.0
53,0.530074894,left_hip_yaw_joint,0.0,0.0,0.0
53,0.530074894,left_hip_roll_joint,-0.1,-0.1,0.0
53,0.530074894,left_hip_pitch_joint,0.878,0.878,0.0
53,0.530074894,left_knee_pitch_joint,-0.13,-0.13,0.0
53,0.530074894,left_ankle_pitch_joint,0.65,0.65,0.0
53,0.530074894,left_ankle_roll_joint,0.1,0.1,0.0
54,0.540055644,right_hip_yaw_joint,0.0,0.0,0.0
54,0.540055644,right_hip_roll_joint,0.1,0.1,0.0
54,0.540055644,right_hip_pitch_joint,-0.878,-0.878,0.0
54,0.540055644,right_knee_pitch_joint,0.13,0.13,0.0
54,0.540055644,right_ankle_pitch_joint,-0.65,-0.65,0.0
54,0.540055644,right_ankle_roll_joint,-0.1,-0.1,0.0
54,0.540055644,left_hip_yaw_joint,0.0,0.0,0.0
54,0.540055644,left_hip_roll_joint,-0.1,-0.1,0.0
54,0.540055644,left_hip_pitch_joint,0.878,0.878,0.0
54,0.540055644,left_knee_pitch_joint,-0.13,-0.13,0.0
54,0.540055644,left_ankle_pitch_joint,0.65,0.65,0.0
54,0.540055644,left_ankle_roll_joint,0.1,0.1,0.0
55,0.550073145,right_hip_yaw_joint,0.0,0.0,0.0
55,0.550073145,right_hip_roll_joint,0.1,0.1,0.0
55,0.550073145,right_hip_pitch_joint,-0.878,-0.878,0.0
55,0.550073145,right_knee_pitch_joint,0.13,0.13,0.0
55,0.550073145,right_ankle_pitch_joint,-0.65,-0.65,0.0
55,0.550073145,right_ankle_roll_joint,-0.1,-0.1,0.0
55,0.550073145,left_hip_yaw_joint,0.0,0.0,0.0
55,0.550073145,left_hip_roll_joint,-0.1,-0.1,0.0
55,0.550073145,left_hip_pitch_joint,0.878,0.878,0.0
55,0.550073145,left_knee_pitch_joint,-0.13,-0.13,0.0
55,0.550073145,left_ankle_pitch_joint,0.65,0.65,0.0
55,0.550073145,left_ankle_roll_joint,0.1,0.1,0.0
56,0.560056180,right_hip_yaw_joint,0.0,0.0,0.0
56,0.560056180,right_hip_roll_joint,0.1,0.1,0.0
56,0.560056180,right_hip_pitch_joint,-0.878,-0.878,0.0
56,0.560056180,right_knee_pitch_joint,0.13,0.13,0.0
56,0.560056180,right_ankle_pitch_joint,-0.65,-0.65,0.0
56,0.560056180,right_ankle_roll_joint,-0.1,-0.1,0.0
56,0.560056180,left_hip_yaw_joint,0.0,0.0,0.0
56,0.560056180,left_hip_roll_joint,-0.1,-0.1,0.0
56,0.560056180,left_hip_pitch_joint,0.878,0.878,0.0
56,0.560056180,left_knee_pitch_joint,-0.13,-0.13,0.0
56,0.560056180,left_ankle_pitch_joint,0.65,0.65,0.0
56,0.560056180,left_ankle_roll_joint,0.1,0.1,0.0
57,0.570091959,right_hip_yaw_joint,0.0,0.0,0.0
57,0.570091959,right_hip_roll_joint,0.1,0.1,0.0
57,0.570091959,right_hip_pitch_joint,-0.878,-0.878,0.0
57,0.570091959,right_knee_pitch_joint,0.13,0.13,0.0
57,0.570091959,right_ankle_pitch_joint,-0.65,-0.65,0.0
57,0.570091959,right_ankle_roll_joint,-0.1,-0.1,0.0
57,0.570091959,left_hip_yaw_joint,0.0,0.0,0.0
57,0.570091959,left_hip_roll_joint,-0.1,-0.1,0.0
57,0.570091959,left_hip_pitch_joint,0.878,0.878,0.0
57,0.570091959,left_knee_pitch_joint,-0.13,-0.13,0.0
57,0.570091959,left_ankle_pitch_joint,0.65,0.65,0.0
57,0.570091959,left_ankle_roll_joint,0.1,0.1,0.0
58,0.580069716,right_hip_yaw_joint,0.0,0.0,0.0
58,0.580069716,right_hip_roll_joint,0.1,0.1,0.0
58,0.580069716,right_hip_pitch_joint,-0.878,-0.878,0.0
58,0.580069716,right_knee_pitch_joint,0.13,0.13,0.0
58,0.580069716,right_ankle_pitch_joint,-0.65,-0.65,0.0
58,0.580069716,right_ankle_roll_joint,-0.1,-0.1,0.0
58,0.580069716,left_hip_yaw_joint,0.0,0.0,0.0
58,0.580069716,left_hip_roll_joint,-0.1,-0.1,0.0
58,0.580069716,left_hip_pitch_joint,0.878,0.878,0.0
58,0.580069716,left_knee_pitch_joint,-0.13,-0.13,0.0
58,0.580069716,left_ankle_pitch_joint,0.65,0.65,0.0
58,0.580069716,left_ankle_roll_joint,0.1,0.1,0.0
59,0.590065295,right_hip_yaw_joint,0.0,0.0,0.0
59,0.590065295,right_hip_roll_joint,0.1,0.1,0.0
59,0.590065295,right_hip_pitch_joint,-0.878,-0.878,0.0
59,0.590065295,right_knee_pitch_joint,0.13,0.13,0.0
59,0.590065295,right_ankle_pitch_joint,-0.65,-0.65,0.0
59,0.590065295,right_ankle_roll_joint,-0.1,-0.1,0.0
59,0.590065295,left_hip_yaw_joint,0.0,0.0,0.0
59,0.590065295,left_hip_roll_joint,-0.1,-0.1,0.0
59,0.590065295,left_hip_pitch_joint,0.878,0.878,0.0
59,0.590065295,left_knee_pitch_joint,-0.13,-0.13,0.0
59,0.590065295,left_ankle_pitch_joint,0.65,0.65,0.0
59,0.590065295,left_ankle_roll_joint,0.1,0.1,0.0
60,0.600070291,right_hip_yaw_joint,0.0,0.0,0.0
60,0.600070291,right_hip_roll_joint,0.1,0.1,0.0
60,0.600070291,right_hip_pitch_joint,-0.878,-0.878,0.0
60,0.600070291,right_knee_pitch_joint,0.13,0.13,0.0
60,0.600070291,right_ankle_pitch_joint,-0.65,-0.65,0.0
60,0.600070291,right_ankle_roll_joint,-0.1,-0.1,0.0
60,0.600070291,left_hip_yaw_joint,0.0,0.0,0.0
60,0.600070291,left_hip_roll_joint,-0.1,-0.1,0.0
60,0.600070291,left_hip_pitch_joint,0.878,0.878,0.0
60,0.600070291,left_knee_pitch_joint,-0.13,-0.13,0.0
60,0.600070291,left_ankle_pitch_joint,0.65,0.65,0.0
60,0.600070291,left_ankle_roll_joint,0.1,0.1,0.0
61,0.610087633,right_hip_yaw_joint,0.0,0.0,0.0
61,0.610087633,right_hip_roll_joint,0.1,0.1,0.0
61,0.610087633,right_hip_pitch_joint,-0.878,-0.878,0.0
61,0.610087633,right_knee_pitch_joint,0.13,0.13,0.0
61,0.610087633,right_ankle_pitch_joint,-0.65,-0.65,0.0
61,0.610087633,right_ankle_roll_joint,-0.1,-0.1,0.0
61,0.610087633,left_hip_yaw_joint,0.0,0.0,0.0
61,0.610087633,left_hip_roll_joint,-0.1,-0.1,0.0
61,0.610087633,left_hip_pitch_joint,0.878,0.878,0.0
61,0.610087633,left_knee_pitch_joint,-0.13,-0.13,0.0
61,0.610087633,left_ankle_pitch_joint,0.65,0.65,0.0
61,0.610087633,left_ankle_roll_joint,0.1,0.1,0.0
62,0.620068735,right_hip_yaw_joint,0.0,0.0,0.0
62,0.620068735,right_hip_roll_joint,0.1,0.1,0.0
62,0.620068735,right_hip_pitch_joint,-0.878,-0.878,0.0
62,0.620068735,right_knee_pitch_joint,0.13,0.13,0.0
62,0.620068735,right_ankle_pitch_joint,-0.65,-0.65,0.0
62,0.620068735,right_ankle_roll_joint,-0.1,-0.1,0.0
62,0.620068735,left_hip_yaw_joint,0.0,0.0,0.0
62,0.620068735,left_hip_roll_joint,-0.1,-0.1,0.0
62,0.620068735,left_hip_pitch_joint,0.878,0.878,0.0
62,0.620068735,left_knee_pitch_joint,-0.13,-0.13,0.0
62,0.620068735,left_ankle_pitch_joint,0.65,0.65,0.0
62,0.620068735,left_ankle_roll_joint,0.1,0.1,0.0
63,0.630058328,right_hip_yaw_joint,0.0,0.0,0.0
63,0.630058328,right_hip_roll_joint,0.1,0.1,0.0
63,0.630058328,right_hip_pitch_joint,-0.878,-0.878,0.0
63,0.630058328,right_knee_pitch_joint,0.13,0.13,0.0
63,0.630058328,right_ankle_pitch_joint,-0.65,-0.65,0.0
63,0.630058328,right_ankle_roll_joint,-0.1,-0.1,0.0
63,0.630058328,left_hip_yaw_joint,0.0,0.0,0.0
63,0.630058328,left_hip_roll_joint,-0.1,-0.1,0.0
63,0.630058328,left_hip_pitch_joint,0.878,0.878,0.0
63,0.630058328,left_knee_pitch_joint,-0.13,-0.13,0.0
63,0.630058328,left_ankle_pitch_joint,0.65,0.65,0.0
63,0.630058328,left_ankle_roll_joint,0.1,0.1,0.0
64,0.640075105,right_hip_yaw_joint,0.0,0.0,0.0
64,0.640075105,right_hip_roll_joint,0.1,0.1,0.0
64,0.640075105,right_hip_pitch_joint,-0.878,-0.878,0.0
64,0.640075105,right_knee_pitch_joint,0.13,0.13,0.0
64,0.640075105,right_ankle_pitch_joint,-0.65,-0.65,0.0
64,0.640075105,right_ankle_roll_joint,-0.1,-0.1,0.0
64,0.640075105,left_hip_yaw_joint,0.0,0.0,0.0
64,0.640075105,left_hip_roll_joint,-0.1,-0.1,0.0
64,0.640075105,left_hip_pitch_joint,0.878,0.878,0.0
64,0.640075105,left_knee_pitch_joint,-0.13,-0.13,0.0
64,0.640075105,left_ankle_pitch_joint,0.65,0.65,0.0
64,0.640075105,left_ankle_roll_joint,0.1,0.1,0.0
65,0.650083772,right_hip_yaw_joint,0.0,0.0,0.0
65,0.650083772,right_hip_roll_joint,0.1,0.1,0.0
65,0.650083772,right_hip_pitch_joint,-0.878,-0.878,0.0
65,0.650083772,right_knee_pitch_joint,0.13,0.13,0.0
65,0.650083772,right_ankle_pitch_joint,-0.65,-0.65,0.0
65,0.650083772,right_ankle_roll_joint,-0.1,-0.1,0.0
65,0.650083772,left_hip_yaw_joint,0.0,0.0,0.0
65,0.650083772,left_hip_roll_joint,-0.1,-0.1,0.0
65,0.650083772,left_hip_pitch_joint,0.878,0.878,0.0
65,0.650083772,left_knee_pitch_joint,-0.13,-0.13,0.0
65,0.650083772,left_ankle_pitch_joint,0.65,0.65,0.0
65,0.650083772,left_ankle_roll_joint,0.1,0.1,0.0
66,0.660070379,right_hip_yaw_joint,0.0,0.0,0.0
66,0.660070379,right_hip_roll_joint,0.1,0.1,0.0
66,0.660070379,right_hip_pitch_joint,-0.878,-0.878,0.0
66,0.660070379,right_knee_pitch_joint,0.13,0.13,0.0
66,0.660070379,right_ankle_pitch_joint,-0.65,-0.65,0.0
66,0.660070379,right_ankle_roll_joint,-0.1,-0.1,0.0
66,0.660070379,left_hip_yaw_joint,0.0,0.0,0.0
66,0.660070379,left_hip_roll_joint,-0.1,-0.1,0.0
66,0.660070379,left_hip_pitch_joint,0.878,0.878,0.0
66,0.660070379,left_knee_pitch_joint,-0.13,-0.13,0.0
66,0.660070379,left_ankle_pitch_joint,0.65,0.65,0.0
66,0.660070379,left_ankle_roll_joint,0.1,0.1,0.0
67,0.670027516,right_hip_yaw_joint,0.0,0.0,0.0
67,0.670027516,right_hip_roll_joint,0.1,0.1,0.0
67,0.670027516,right_hip_pitch_joint,-0.878,-0.878,0.0
67,0.670027516,right_knee_pitch_joint,0.13,0.13,0.0
67,0.670027516,right_ankle_pitch_joint,-0.65,-0.65,0.0
67,0.670027516,right_ankle_roll_joint,-0.1,-0.1,0.0
67,0.670027516,left_hip_yaw_joint,0.0,0.0,0.0
67,0.670027516,left_hip_roll_joint,-0.1,-0.1,0.0
67,0.670027516,left_hip_pitch_joint,0.878,0.878,0.0
67,0.670027516,left_knee_pitch_joint,-0.13,-0.13,0.0
67,0.670027516,left_ankle_pitch_joint,0.65,0.65,0.0
67,0.670027516,left_ankle_roll_joint,0.1,0.1,0.0
68,0.680019173,right_hip_yaw_joint,0.0,0.0,0.0
68,0.680019173,right_hip_roll_joint,0.1,0.1,0.0
68,0.680019173,right_hip_pitch_joint,-0.878,-0.878,0.0
68,0.680019173,right_knee_pitch_joint,0.13,0.13,0.0
68,0.680019173,right_ankle_pitch_joint,-0.65,-0.65,0.0
68,0.680019173,right_ankle_roll_joint,-0.1,-0.1,0.0
68,0.680019173,left_hip_yaw_joint,0.0,0.0,0.0
68,0.680019173,left_hip_roll_joint,-0.1,-0.1,0.0
68,0.680019173,left_hip_pitch_joint,0.878,0.878,0.0
68,0.680019173,left_knee_pitch_joint,-0.13,-0.13,0.0
68,0.680019173,left_ankle_pitch_joint,0.65,0.65,0.0
68,0.680019173,left_ankle_roll_joint,0.1,0.1,0.0
69,0.690080973,right_hip_yaw_joint,0.0,0.0,0.0
69,0.690080973,right_hip_roll_joint,0.1,0.1,0.0
69,0.690080973,right_hip_pitch_joint,-0.878,-0.878,0.0
69,0.690080973,right_knee_pitch_joint,0.13,0.13,0.0
69,0.690080973,right_ankle_pitch_joint,-0.65,-0.65,0.0
69,0.690080973,right_ankle_roll_joint,-0.1,-0.1,0.0
69,0.690080973,left_hip_yaw_joint,0.0,0.0,0.0
69,0.690080973,left_hip_roll_joint,-0.1,-0.1,0.0
69,0.690080973,left_hip_pitch_joint,0.878,0.878,0.0
69,0.690080973,left_knee_pitch_joint,-0.13,-0.13,0.0
69,0.690080973,left_ankle_pitch_joint,0.65,0.65,0.0
69,0.690080973,left_ankle_roll_joint,0.1,0.1,0.0
70,0.700080141,right_hip_yaw_joint,0.0,0.0,0.0
70,0.700080141,right_hip_roll_joint,0.1,0.1,0.0
70,0.700080141,right_hip_pitch_joint,-0.878,-0.878,0.0
70,0.700080141,right_knee_pitch_joint,0.13,0.13,0.0
70,0.700080141,right_ankle_pitch_joint,-0.65,-0.65,0.0
70,0.700080141,right_ankle_roll_joint,-0.1,-0.1,0.0
70,0.700080141,left_hip_yaw_joint,0.0,0.0,0.0
70,0.700080141,left_hip_roll_joint,-0.1,-0.1,0.0
70,0.700080141,left_hip_pitch_joint,0.878,0.878,0.0
70,0.700080141,left_knee_pitch_joint,-0.13,-0.13,0.0
70,0.700080141,left_ankle_pitch_joint,0.65,0.65,0.0
70,0.700080141,left_ankle_roll_joint,0.1,0.1,0.0
71,0.710079703,right_hip_yaw_joint,0.0,0.0,0.0
71,0.710079703,right_hip_roll_joint,0.1,0.1,0.0
71,0.710079703,right_hip_pitch_joint,-0.878,-0.878,0.0
71,0.710079703,right_knee_pitch_joint,0.13,0.13,0.0
71,0.710079703,right_ankle_pitch_joint,-0.65,-0.65,0.0
71,0.710079703,right_ankle_roll_joint,-0.1,-0.1,0.0
71,0.710079703,left_hip_yaw_joint,0.0,0.0,0.0
71,0.710079703,left_hip_roll_joint,-0.1,-0.1,0.0
71,0.710079703,left_hip_pitch_joint,0.878,0.878,0.0
71,0.710079703,left_knee_pitch_joint,-0.13,-0.13,0.0
71,0.710079703,left_ankle_pitch_joint,0.65,0.65,0.0
71,0.710079703,left_ankle_roll_joint,0.1,0.1,0.0
72,0.720064511,right_hip_yaw_joint,0.0,0.0,0.0
72,0.720064511,right_hip_roll_joint,0.1,0.1,0.0
72,0.720064511,right_hip_pitch_joint,-0.878,-0.878,0.0
72,0.720064511,right_knee_pitch_joint,0.13,0.13,0.0
72,0.720064511,right_ankle_pitch_joint,-0.65,-0.65,0.0
72,0.720064511,right_ankle_roll_joint,-0.1,-0.1,0.0
72,0.720064511,left_hip_yaw_joint,0.0,0.0,0.0
72,0.720064511,left_hip_roll_joint,-0.1,-0.1,0.0
72,0.720064511,left_hip_pitch_joint,0.878,0.878,0.0
72,0.720064511,left_knee_pitch_joint,-0.13,-0.13,0.0
72,0.720064511,left_ankle_pitch_joint,0.65,0.65,0.0
72,0.720064511,left_ankle_roll_joint,0.1,0.1,0.0
73,0.730062751,right_hip_yaw_joint,0.0,0.0,0.0
73,0.730062751,right_hip_roll_joint,0.1,0.1,0.0
73,0.730062751,right_hip_pitch_joint,-0.878,-0.878,0.0
73,0.730062751,right_knee_pitch_joint,0.13,0.13,0.0
73,0.730062751,right_ankle_pitch_joint,-0.65,-0.65,0.0
73,0.730062751,right_ankle_roll_joint,-0.1,-0.1,0.0
73,0.730062751,left_hip_yaw_joint,0.0,0.0,0.0
73,0.730062751,left_hip_roll_joint,-0.1,-0.1,0.0
73,0.730062751,left_hip_pitch_joint,0.878,0.878,0.0
73,0.730062751,left_knee_pitch_joint,-0.13,-0.13,0.0
73,0.730062751,left_ankle_pitch_joint,0.65,0.65,0.0
73,0.730062751,left_ankle_roll_joint,0.1,0.1,0.0
74,0.740077035,right_hip_yaw_joint,0.0,0.0,0.0
74,0.740077035,right_hip_roll_joint,0.1,0.1,0.0
74,0.740077035,right_hip_pitch_joint,-0.878,-0.878,0.0
74,0.740077035,right_knee_pitch_joint,0.13,0.13,0.0
74,0.740077035,right_ankle_pitch_joint,-0.65,-0.65,0.0
74,0.740077035,right_ankle_roll_joint,-0.1,-0.1,0.0
74,0.740077035,left_hip_yaw_joint,0.0,0.0,0.0
74,0.740077035,left_hip_roll_joint,-0.1,-0.1,0.0
74,0.740077035,left_hip_pitch_joint,0.878,0.878,0.0
74,0.740077035,left_knee_pitch_joint,-0.13,-0.13,0.0
74,0.740077035,left_ankle_pitch_joint,0.65,0.65,0.0
74,0.740077035,left_ankle_roll_joint,0.1,0.1,0.0
75,0.750087755,right_hip_yaw_joint,0.0,0.0,0.0
75,0.750087755,right_hip_roll_joint,0.1,0.1,0.0
75,0.750087755,right_hip_pitch_joint,-0.878,-0.878,0.0
75,0.750087755,right_knee_pitch_joint,0.13,0.13,0.0
75,0.750087755,right_ankle_pitch_joint,-0.65,-0.65,0.0
75,0.750087755,right_ankle_roll_joint,-0.1,-0.1,0.0
75,0.750087755,left_hip_yaw_joint,0.0,0.0,0.0
75,0.750087755,left_hip_roll_joint,-0.1,-0.1,0.0
75,0.750087755,left_hip_pitch_joint,0.878,0.878,0.0
75,0.750087755,left_knee_pitch_joint,-0.13,-0.13,0.0
75,0.750087755,left_ankle_pitch_joint,0.65,0.65,0.0
75,0.750087755,left_ankle_roll_joint,0.1,0.1,0.0
76,0.760061027,right_hip_yaw_joint,0.0,0.0,0.0
76,0.760061027,right_hip_roll_joint,0.1,0.1,0.0
76,0.760061027,right_hip_pitch_joint,-0.878,-0.878,0.0
76,0.760061027,right_knee_pitch_joint,0.13,0.13,0.0
76,0.760061027,right_ankle_pitch_joint,-0.65,-0.65,0.0
76,0.760061027,right_ankle_roll_joint,-0.1,-0.1,0.0
76,0.760061027,left_hip_yaw_joint,0.0,0.0,0.0
76,0.760061027,left_hip_roll_joint,-0.1,-0.1,0.0
76,0.760061027,left_hip_pitch_joint,0.878,0.878,0.0
76,0.760061027,left_knee_pitch_joint,-0.13,-0.13,0.0
76,0.760061027,left_ankle_pitch_joint,0.65,0.65,0.0
76,0.760061027,left_ankle_roll_joint,0.1,0.1,0.0
77,0.770091430,right_hip_yaw_joint,0.0,0.0,0.0
77,0.770091430,right_hip_roll_joint,0.1,0.1,0.0
77,0.770091430,right_hip_pitch_joint,-0.878,-0.878,0.0
77,0.770091430,right_knee_pitch_joint,0.13,0.13,0.0
77,0.770091430,right_ankle_pitch_joint,-0.65,-0.65,0.0
77,0.770091430,right_ankle_roll_joint,-0.1,-0.1,0.0
77,0.770091430,left_hip_yaw_joint,0.0,0.0,0.0
77,0.770091430,left_hip_roll_joint,-0.1,-0.1,0.0
77,0.770091430,left_hip_pitch_joint,0.878,0.878,0.0
77,0.770091430,left_knee_pitch_joint,-0.13,-0.13,0.0
77,0.770091430,left_ankle_pitch_joint,0.65,0.65,0.0
77,0.770091430,left_ankle_roll_joint,0.1,0.1,0.0
78,0.780089916,right_hip_yaw_joint,0.0,0.0,0.0
78,0.780089916,right_hip_roll_joint,0.1,0.1,0.0
78,0.780089916,right_hip_pitch_joint,-0.878,-0.878,0.0
78,0.780089916,right_knee_pitch_joint,0.13,0.13,0.0
78,0.780089916,right_ankle_pitch_joint,-0.65,-0.65,0.0
78,0.780089916,right_ankle_roll_joint,-0.1,-0.1,0.0
78,0.780089916,left_hip_yaw_joint,0.0,0.0,0.0
78,0.780089916,left_hip_roll_joint,-0.1,-0.1,0.0
78,0.780089916,left_hip_pitch_joint,0.878,0.878,0.0
78,0.780089916,left_knee_pitch_joint,-0.13,-0.13,0.0
78,0.780089916,left_ankle_pitch_joint,0.65,0.65,0.0
78,0.780089916,left_ankle_roll_joint,0.1,0.1,0.0
79,0.790077260,right_hip_yaw_joint,0.0,0.0,0.0
79,0.790077260,right_hip_roll_joint,0.1,0.1,0.0
79,0.790077260,right_hip_pitch_joint,-0.878,-0.878,0.0
79,0.790077260,right_knee_pitch_joint,0.13,0.13,0.0
79,0.790077260,right_ankle_pitch_joint,-0.65,-0.65,0.0
79,0.790077260,right_ankle_roll_joint,-0.1,-0.1,0.0
79,0.790077260,left_hip_yaw_joint,0.0,0.0,0.0
79,0.790077260,left_hip_roll_joint,-0.1,-0.1,0.0
79,0.790077260,left_hip_pitch_joint,0.878,0.878,0.0
79,0.790077260,left_knee_pitch_joint,-0.13,-0.13,0.0
79,0.790077260,left_ankle_pitch_joint,0.65,0.65,0.0
79,0.790077260,left_ankle_roll_joint,0.1,0.1,0.0
80,0.800085390,right_hip_yaw_joint,0.0,0.0,0.0
80,0.800085390,right_hip_roll_joint,0.1,0.1,0.0
80,0.800085390,right_hip_pitch_joint,-0.878,-0.878,0.0
80,0.800085390,right_knee_pitch_joint,0.13,0.13,0.0
80,0.800085390,right_ankle_pitch_joint,-0.65,-0.65,0.0
80,0.800085390,right_ankle_roll_joint,-0.1,-0.1,0.0
80,0.800085390,left_hip_yaw_joint,0.0,0.0,0.0
80,0.800085390,left_hip_roll_joint,-0.1,-0.1,0.0
80,0.800085390,left_hip_pitch_joint,0.878,0.878,0.0
80,0.800085390,left_knee_pitch_joint,-0.13,-0.13,0.0
80,0.800085390,left_ankle_pitch_joint,0.65,0.65,0.0
80,0.800085390,left_ankle_roll_joint,0.1,0.1,0.0
81,0.810071897,right_hip_yaw_joint,0.0,0.0,0.0
81,0.810071897,right_hip_roll_joint,0.1,0.1,0.0
81,0.810071897,right_hip_pitch_joint,-0.878,-0.878,0.0
81,0.810071897,right_knee_pitch_joint,0.13,0.13,0.0
81,0.810071897,right_ankle_pitch_joint,-0.65,-0.65,0.0
81,0.810071897,right_ankle_roll_joint,-0.1,-0.1,0.0
81,0.810071897,left_hip_yaw_joint,0.0,0.0,0.0
81,0.810071897,left_hip_roll_joint,-0.1,-0.1,0.0
81,0.810071897,left_hip_pitch_joint,0.878,0.878,0.0
81,0.810071897,left_knee_pitch_joint,-0.13,-0.13,0.0
81,0.810071897,left_ankle_pitch_joint,0.65,0.65,0.0
81,0.810071897,left_ankle_roll_joint,0.1,0.1,0.0
82,0.820077151,right_hip_yaw_joint,0.0,0.0,0.0
82,0.820077151,right_hip_roll_joint,0.1,0.1,0.0
82,0.820077151,right_hip_pitch_joint,-0.878,-0.878,0.0
82,0.820077151,right_knee_pitch_joint,0.13,0.13,0.0
82,0.820077151,right_ankle_pitch_joint,-0.65,-0.65,0.0
82,0.820077151,right_ankle_roll_joint,-0.1,-0.1,0.0
82,0.820077151,left_hip_yaw_joint,0.0,0.0,0.0
82,0.820077151,left_hip_roll_joint,-0.1,-0.1,0.0
82,0.820077151,left_hip_pitch_joint,0.878,0.878,0.0
82,0.820077151,left_knee_pitch_joint,-0.13,-0.13,0.0
82,0.820077151,left_ankle_pitch_joint,0.65,0.65,0.0
82,0.820077151,left_ankle_roll_joint,0.1,0.1,0.0
83,0.830083218,right_hip_yaw_joint,0.0,0.0,0.0
83,0.830083218,right_hip_roll_joint,0.1,0.1,0.0
83,0.830083218,right_hip_pitch_joint,-0.878,-0.878,0.0
83,0.830083218,right_knee_pitch_joint,0.13,0.13,0.0
83,0.830083218,right_ankle_pitch_joint,-0.65,-0.65,0.0
83,0.830083218,right_ankle_roll_joint,-0.1,-0.1,0.0
83,0.830083218,left_hip_yaw_joint,0.0,0.0,0.0
83,0.830083218,left_hip_roll_joint,-0.1,-0.1,0.0
83,0.830083218,left_hip_pitch_joint,0.878,0.878,0.0
83,0.830083218,left_knee_pitch_joint,-0.13,-0.13,0.0
83,0.830083218,left_ankle_pitch_joint,0.65,0.65,0.0
83,0.830083218,left_ankle_roll_joint,0.1,0.1,0.0
84,0.840057686,right_hip_yaw_joint,0.0,0.0,0.0
84,0.840057686,right_hip_roll_joint,0.1,0.1,0.0
84,0.840057686,right_hip_pitch_joint,-0.878,-0.878,0.0
84,0.840057686,right_knee_pitch_joint,0.13,0.13,0.0
84,0.840057686,right_ankle_pitch_joint,-0.65,-0.65,0.0
84,0.840057686,right_ankle_roll_joint,-0.1,-0.1,0.0
84,0.840057686,left_hip_yaw_joint,0.0,0.0,0.0
84,0.840057686,left_hip_roll_joint,-0.1,-0.1,0.0
84,0.840057686,left_hip_pitch_joint,0.878,0.878,0.0
84,0.840057686,left_knee_pitch_joint,-0.13,-0.13,0.0
84,0.840057686,left_ankle_pitch_joint,0.65,0.65,0.0
84,0.840057686,left_ankle_roll_joint,0.1,0.1,0.0
85,0.850077562,right_hip_yaw_joint,0.0,0.0,0.0
85,0.850077562,right_hip_roll_joint,0.1,0.1,0.0
85,0.850077562,right_hip_pitch_joint,-0.878,-0.878,0.0
85,0.850077562,right_knee_pitch_joint,0.13,0.13,0.0
85,0.850077562,right_ankle_pitch_joint,-0.65,-0.65,0.0
85,0.850077562,right_ankle_roll_joint,-0.1,-0.1,0.0
85,0.850077562,left_hip_yaw_joint,0.0,0.0,0.0
85,0.850077562,left_hip_roll_joint,-0.1,-0.1,0.0
85,0.850077562,left_hip_pitch_joint,0.878,0.878,0.0
85,0.850077562,left_knee_pitch_joint,-0.13,-0.13,0.0
85,0.850077562,left_ankle_pitch_joint,0.65,0.65,0.0
85,0.850077562,left_ankle_roll_joint,0.1,0.1,0.0
86,0.860098485,right_hip_yaw_joint,0.0,0.0,0.0
86,0.860098485,right_hip_roll_joint,0.1,0.1,0.0
86,0.860098485,right_hip_pitch_joint,-0.878,-0.878,0.0
86,0.860098485,right_knee_pitch_joint,0.13,0.13,0.0
86,0.860098485,right_ankle_pitch_joint,-0.65,-0.65,0.0
86,0.860098485,right_ankle_roll_joint,-0.1,-0.1,0.0
86,0.860098485,left_hip_yaw_joint,0.0,0.0,0.0
86,0.860098485,left_hip_roll_joint,-0.1,-0.1,0.0
86,0.860098485,left_hip_pitch_joint,0.878,0.878,0.0
86,0.860098485,left_knee_pitch_joint,-0.13,-0.13,0.0
86,0.860098485,left_ankle_pitch_joint,0.65,0.65,0.0
86,0.860098485,left_ankle_roll_joint,0.1,0.1,0.0
87,0.870084587,right_hip_yaw_joint,0.0,0.0,0.0
87,0.870084587,right_hip_roll_joint,0.1,0.1,0.0
87,0.870084587,right_hip_pitch_joint,-0.878,-0.878,0.0
87,0.870084587,right_knee_pitch_joint,0.13,0.13,0.0
87,0.870084587,right_ankle_pitch_joint,-0.65,-0.65,0.0
87,0.870084587,right_ankle_roll_joint,-0.1,-0.1,0.0
87,0.870084587,left_hip_yaw_joint,0.0,0.0,0.0
87,0.870084587,left_hip_roll_joint,-0.1,-0.1,0.0
87,0.870084587,left_hip_pitch_joint,0.878,0.878,0.0
87,0.870084587,left_knee_pitch_joint,-0.13,-0.13,0.0
87,0.870084587,left_ankle_pitch_joint,0.65,0.65,0.0
87,0.870084587,left_ankle_roll_joint,0.1,0.1,0.0
88,0.880077874,right_hip_yaw_joint,0.0,0.0,0.0
88,0.880077874,right_hip_roll_joint,0.1,0.1,0.0
88,0.880077874,right_hip_pitch_joint,-0.878,-0.878,0.0
88,0.880077874,right_knee_pitch_joint,0.13,0.13,0.0
88,0.880077874,right_ankle_pitch_joint,-0.65,-0.65,0.0
88,0.880077874,right_ankle_roll_joint,-0.1,-0.1,0.0
88,0.880077874,left_hip_yaw_joint,0.0,0.0,0.0
88,0.880077874,left_hip_roll_joint,-0.1,-0.1,0.0
88,0.880077874,left_hip_pitch_joint,0.878,0.878,0.0
88,0.880077874,left_knee_pitch_joint,-0.13,-0.13,0.0
88,0.880077874,left_ankle_pitch_joint,0.65,0.65,0.0
88,0.880077874,left_ankle_roll_joint,0.1,0.1,0.0
89,0.890071420,right_hip_yaw_joint,0.0,0.0,0.0
89,0.890071420,right_hip_roll_joint,0.1,0.1,0.0
89,0.890071420,right_hip_pitch_joint,-0.878,-0.878,0.0
89,0.890071420,right_knee_pitch_joint,0.13,0.13,0.0
89,0.890071420,right_ankle_pitch_joint,-0.65,-0.65,0.0
89,0.890071420,right_ankle_roll_joint,-0.1,-0.1,0.0
89,0.890071420,left_hip_yaw_joint,0.0,0.0,0.0
89,0.890071420,left_hip_roll_joint,-0.1,-0.1,0.0
89,0.890071420,left_hip_pitch_joint,0.878,0.878,0.0
89,0.890071420,left_knee_pitch_joint,-0.13,-0.13,0.0
89,0.890071420,left_ankle_pitch_joint,0.65,0.65,0.0
89,0.890071420,left_ankle_roll_joint,0.1,0.1,0.0
90,0.900080213,right_hip_yaw_joint,0.0,0.0,0.0
90,0.900080213,right_hip_roll_joint,0.1,0.1,0.0
90,0.900080213,right_hip_pitch_joint,-0.878,-0.878,0.0
90,0.900080213,right_knee_pitch_joint,0.13,0.13,0.0
90,0.900080213,right_ankle_pitch_joint,-0.65,-0.65,0.0
90,0.900080213,right_ankle_roll_joint,-0.1,-0.1,0.0
90,0.900080213,left_hip_yaw_joint,0.0,0.0,0.0
90,0.900080213,left_hip_roll_joint,-0.1,-0.1,0.0
90,0.900080213,left_hip_pitch_joint,0.878,0.878,0.0
90,0.900080213,left_knee_pitch_joint,-0.13,-0.13,0.0
90,0.900080213,left_ankle_pitch_joint,0.65,0.65,0.0
90,0.900080213,left_ankle_roll_joint,0.1,0.1,0.0
91,0.910071317,right_hip_yaw_joint,0.0,0.0,0.0
91,0.910071317,right_hip_roll_joint,0.1,0.1,0.0
91,0.910071317,right_hip_pitch_joint,-0.878,-0.878,0.0
91,0.910071317,right_knee_pitch_joint,0.13,0.13,0.0
91,0.910071317,right_ankle_pitch_joint,-0.65,-0.65,0.0
91,0.910071317,right_ankle_roll_joint,-0.1,-0.1,0.0
91,0.910071317,left_hip_yaw_joint,0.0,0.0,0.0
91,0.910071317,left_hip_roll_joint,-0.1,-0.1,0.0
91,0.910071317,left_hip_pitch_joint,0.878,0.878,0.0
91,0.910071317,left_knee_pitch_joint,-0.13,-0.13,0.0
91,0.910071317,left_ankle_pitch_joint,0.65,0.65,0.0
91,0.910071317,left_ankle_roll_joint,0.1,0.1,0.0
92,0.920072645,right_hip_yaw_joint,0.0,0.0,0.0
92,0.920072645,right_hip_roll_joint,0.1,0.1,0.0
92,0.920072645,right_hip_pitch_joint,-0.878,-0.878,0.0
92,0.920072645,right_knee_pitch_joint,0.13,0.13,0.0
92,0.920072645,right_ankle_pitch_joint,-0.65,-0.65,0.0
92,0.920072645,right_ankle_roll_joint,-0.1,-0.1,0.0
92,0.920072645,left_hip_yaw_joint,0.0,0.0,0.0
92,0.920072645,left_hip_roll_joint,-0.1,-0.1,0.0
92,0.920072645,left_hip_pitch_joint,0.878,0.878,0.0
92,0.920072645,left_knee_pitch_joint,-0.13,-0.13,0.0
92,0.920072645,left_ankle_pitch_joint,0.65,0.65,0.0
92,0.920072645,left_ankle_roll_joint,0.1,0.1,0.0
93,0.930076656,right_hip_yaw_joint,0.0,0.0,0.0
93,0.930076656,right_hip_roll_joint,0.1,0.1,0.0
93,0.930076656,right_hip_pitch_joint,-0.878,-0.878,0.0
93,0.930076656,right_knee_pitch_joint,0.13,0.13,0.0
93,0.930076656,right_ankle_pitch_joint,-0.65,-0.65,0.0
93,0.930076656,right_ankle_roll_joint,-0.1,-0.1,0.0
93,0.930076656,left_hip_yaw_joint,0.0,0.0,0.0
93,0.930076656,left_hip_roll_joint,-0.1,-0.1,0.0
93,0.930076656,left_hip_pitch_joint,0.878,0.878,0.0
93,0.930076656,left_knee_pitch_joint,-0.13,-0.13,0.0
93,0.930076656,left_ankle_pitch_joint,0.65,0.65,0.0
93,0.930076656,left_ankle_roll_joint,0.1,0.1,0.0
94,0.940078755,right_hip_yaw_joint,0.0,0.0,0.0
94,0.940078755,right_hip_roll_joint,0.1,0.1,0.0
94,0.940078755,right_hip_pitch_joint,-0.878,-0.878,0.0
94,0.940078755,right_knee_pitch_joint,0.13,0.13,0.0
94,0.940078755,right_ankle_pitch_joint,-0.65,-0.65,0.0
94,0.940078755,right_ankle_roll_joint,-0.1,-0.1,0.0
94,0.940078755,left_hip_yaw_joint,0.0,0.0,0.0
94,0.940078755,left_hip_roll_joint,-0.1,-0.1,0.0
94,0.940078755,left_hip_pitch_joint,0.878,0.878,0.0
94,0.940078755,left_knee_pitch_joint,-0.13,-0.13,0.0
94,0.940078755,left_ankle_pitch_joint,0.65,0.65,0.0
94,0.940078755,left_ankle_roll_joint,0.1,0.1,0.0
95,0.950073153,right_hip_yaw_joint,0.0,0.0,0.0
95,0.950073153,right_hip_roll_joint,0.1,0.1,0.0
95,0.950073153,right_hip_pitch_joint,-0.878,-0.878,0.0
95,0.950073153,right_knee_pitch_joint,0.13,0.13,0.0
95,0.950073153,right_ankle_pitch_joint,-0.65,-0.65,0.0
95,0.950073153,right_ankle_roll_joint,-0.1,-0.1,0.0
95,0.950073153,left_hip_yaw_joint,0.0,0.0,0.0
95,0.950073153,left_hip_roll_joint,-0.1,-0.1,0.0
95,0.950073153,left_hip_pitch_joint,0.878,0.878,0.0
95,0.950073153,left_knee_pitch_joint,-0.13,-0.13,0.0
95,0.950073153,left_ankle_pitch_joint,0.65,0.65,0.0
95,0.950073153,left_ankle_roll_joint,0.1,0.1,0.0
96,0.960061223,right_hip_yaw_joint,0.0,0.0,0.0
96,0.960061223,right_hip_roll_joint,0.1,0.1,0.0
96,0.960061223,right_hip_pitch_joint,-0.878,-0.878,0.0
96,0.960061223,right_knee_pitch_joint,0.13,0.13,0.0
96,0.960061223,right_ankle_pitch_joint,-0.65,-0.65,0.0
96,0.960061223,right_ankle_roll_joint,-0.1,-0.1,0.0
96,0.960061223,left_hip_yaw_joint,0.0,0.0,0.0
96,0.960061223,left_hip_roll_joint,-0.1,-0.1,0.0
96,0.960061223,left_hip_pitch_joint,0.878,0.878,0.0
96,0.960061223,left_knee_pitch_joint,-0.13,-0.13,0.0
96,0.960061223,left_ankle_pitch_joint,0.65,0.65,0.0
96,0.960061223,left_ankle_roll_joint,0.1,0.1,0.0
97,0.970079416,right_hip_yaw_joint,0.0,0.0,0.0
97,0.970079416,right_hip_roll_joint,0.1,0.1,0.0
97,0.970079416,right_hip_pitch_joint,-0.878,-0.878,0.0
97,0.970079416,right_knee_pitch_joint,0.13,0.13,0.0
97,0.970079416,right_ankle_pitch_joint,-0.65,-0.65,0.0
97,0.970079416,right_ankle_roll_joint,-0.1,-0.1,0.0
97,0.970079416,left_hip_yaw_joint,0.0,0.0,0.0
97,0.970079416,left_hip_roll_joint,-0.1,-0.1,0.0
97,0.970079416,left_hip_pitch_joint,0.878,0.878,0.0
97,0.970079416,left_knee_pitch_joint,-0.13,-0.13,0.0
97,0.970079416,left_ankle_pitch_joint,0.65,0.65,0.0
97,0.970079416,left_ankle_roll_joint,0.1,0.1,0.0
98,0.980078869,right_hip_yaw_joint,0.0,0.0,0.0
98,0.980078869,right_hip_roll_joint,0.1,0.1,0.0
98,0.980078869,right_hip_pitch_joint,-0.878,-0.878,0.0
98,0.980078869,right_knee_pitch_joint,0.13,0.13,0.0
98,0.980078869,right_ankle_pitch_joint,-0.65,-0.65,0.0
98,0.980078869,right_ankle_roll_joint,-0.1,-0.1,0.0
98,0.980078869,left_hip_yaw_joint,0.0,0.0,0.0
98,0.980078869,left_hip_roll_joint,-0.1,-0.1,0.0
98,0.980078869,left_hip_pitch_joint,0.878,0.878,0.0
98,0.980078869,left_knee_pitch_joint,-0.13,-0.13,0.0
98,0.980078869,left_ankle_pitch_joint,0.65,0.65,0.0
98,0.980078869,left_ankle_roll_joint,0.1,0.1,0.0
99,0.990059489,right_hip_yaw_joint,0.0,0.0,0.0
99,0.990059489,right_hip_roll_joint,0.1,0.1,0.0
99,0.990059489,right_hip_pitch_joint,-0.878,-0.878,0.0
99,0.990059489,right_knee_pitch_joint,0.13,0.13,0.0
99,0.990059489,right_ankle_pitch_joint,-0.65,-0.65,0.0
99,0.990059489,right_ankle_roll_joint,-0.1,-0.1,0.0
99,0.990059489,left_hip_yaw_joint,0.0,0.0,0.0
99,0.990059489,left_hip_roll_joint,-0.1,-0.1,0.0
99,0.990059489,left_hip_pitch_joint,0.878,0.878,0.0
99,0.990059489,left_knee_pitch_joint,-0.13,-0.13,0.0
99,0.990059489,left_ankle_pitch_joint,0.65,0.65,0.0
99,0.990059489,left_ankle_roll_joint,0.1,0.1,0.0
100,1.000060119,right_hip_yaw_joint,0.0,0.0,0.0
100,1.000060119,right_hip_roll_joint,0.1,0.1,0.0
100,1.000060119,right_hip_pitch_joint,-0.878,-0.878,0.0
100,1.000060119,right_knee_pitch_joint,0.13,0.13,0.0
100,1.000060119,right_ankle_pitch_joint,-0.65,-0.65,0.0
100,1.000060119,right_ankle_roll_joint,-0.1,-0.1,0.0
100,1.000060119,left_hip_yaw_joint,0.0,0.0,0.0
100,1.000060119,left_hip_roll_joint,-0.1,-0.1,0.0
100,1.000060119,left_hip_pitch_joint,0.878,0.878,0.0
100,1.000060119,left_knee_pitch_joint,-0.13,-0.13,0.0
100,1.000060119,left_ankle_pitch_joint,0.65,0.65,0.0
100,1.000060119,left_ankle_roll_joint,0.1,0.1,0.0
101,1.010039137,right_hip_yaw_joint,0.0,0.0,0.0
101,1.010039137,right_hip_roll_joint,0.1,0.1,0.0
101,1.010039137,right_hip_pitch_joint,-0.878,-0.878,0.0
101,1.010039137,right_knee_pitch_joint,0.13,0.13,0.0
101,1.010039137,right_ankle_pitch_joint,-0.65,-0.65,0.0
101,1.010039137,right_ankle_roll_joint,-0.1,-0.1,0.0
101,1.010039137,left_hip_yaw_joint,0.0,0.0,0.0
101,1.010039137,left_hip_roll_joint,-0.1,-0.1,0.0
101,1.010039137,left_hip_pitch_joint,0.878,0.878,0.0
101,1.010039137,left_knee_pitch_joint,-0.13,-0.13,0.0
101,1.010039137,left_ankle_pitch_joint,0.65,0.65,0.0
101,1.010039137,left_ankle_roll_joint,0.1,0.1,0.0
102,1.020017023,right_hip_yaw_joint,0.0,0.0,0.0
102,1.020017023,right_hip_roll_joint,0.1,0.1,0.0
102,1.020017023,right_hip_pitch_joint,-0.878,-0.878,0.0
102,1.020017023,right_knee_pitch_joint,0.13,0.13,0.0
102,1.020017023,right_ankle_pitch_joint,-0.65,-0.65,0.0
102,1.020017023,right_ankle_roll_joint,-0.1,-0.1,0.0
102,1.020017023,left_hip_yaw_joint,0.0,0.0,0.0
102,1.020017023,left_hip_roll_joint,-0.1,-0.1,0.0
102,1.020017023,left_hip_pitch_joint,0.878,0.878,0.0
102,1.020017023,left_knee_pitch_joint,-0.13,-0.13,0.0
102,1.020017023,left_ankle_pitch_joint,0.65,0.65,0.0
102,1.020017023,left_ankle_roll_joint,0.1,0.1,0.0
103,1.030061117,right_hip_yaw_joint,0.0,0.0,0.0
103,1.030061117,right_hip_roll_joint,0.1,0.1,0.0
103,1.030061117,right_hip_pitch_joint,-0.878,-0.878,0.0
103,1.030061117,right_knee_pitch_joint,0.13,0.13,0.0
103,1.030061117,right_ankle_pitch_joint,-0.65,-0.65,0.0
103,1.030061117,right_ankle_roll_joint,-0.1,-0.1,0.0
103,1.030061117,left_hip_yaw_joint,0.0,0.0,0.0
103,1.030061117,left_hip_roll_joint,-0.1,-0.1,0.0
103,1.030061117,left_hip_pitch_joint,0.878,0.878,0.0
103,1.030061117,left_knee_pitch_joint,-0.13,-0.13,0.0
103,1.030061117,left_ankle_pitch_joint,0.65,0.65,0.0
103,1.030061117,left_ankle_roll_joint,0.1,0.1,0.0
104,1.040077976,right_hip_yaw_joint,0.0,0.0,0.0
104,1.040077976,right_hip_roll_joint,0.1,0.1,0.0
104,1.040077976,right_hip_pitch_joint,-0.878,-0.878,0.0
104,1.040077976,right_knee_pitch_joint,0.13,0.13,0.0
104,1.040077976,right_ankle_pitch_joint,-0.65,-0.65,0.0
104,1.040077976,right_ankle_roll_joint,-0.1,-0.1,0.0
104,1.040077976,left_hip_yaw_joint,0.0,0.0,0.0
104,1.040077976,left_hip_roll_joint,-0.1,-0.1,0.0
104,1.040077976,left_hip_pitch_joint,0.878,0.878,0.0
104,1.040077976,left_knee_pitch_joint,-0.13,-0.13,0.0
104,1.040077976,left_ankle_pitch_joint,0.65,0.65,0.0
104,1.040077976,left_ankle_roll_joint,0.1,0.1,0.0
105,1.050083976,right_hip_yaw_joint,0.0,0.0,0.0
105,1.050083976,right_hip_roll_joint,0.1,0.1,0.0
105,1.050083976,right_hip_pitch_joint,-0.878,-0.878,0.0
105,1.050083976,right_knee_pitch_joint,0.13,0.13,0.0
105,1.050083976,right_ankle_pitch_joint,-0.65,-0.65,0.0
105,1.050083976,right_ankle_roll_joint,-0.1,-0.1,0.0
105,1.050083976,left_hip_yaw_joint,0.0,0.0,0.0
105,1.050083976,left_hip_roll_joint,-0.1,-0.1,0.0
105,1.050083976,left_hip_pitch_joint,0.878,0.878,0.0
105,1.050083976,left_knee_pitch_joint,-0.13,-0.13,0.0
105,1.050083976,left_ankle_pitch_joint,0.65,0.65,0.0
105,1.050083976,left_ankle_roll_joint,0.1,0.1,0.0
106,1.060076609,right_hip_yaw_joint,0.0,0.0,0.0
106,1.060076609,right_hip_roll_joint,0.1,0.1,0.0
106,1.060076609,right_hip_pitch_joint,-0.878,-0.878,0.0
106,1.060076609,right_knee_pitch_joint,0.13,0.13,0.0
106,1.060076609,right_ankle_pitch_joint,-0.65,-0.65,0.0
106,1.060076609,right_ankle_roll_joint,-0.1,-0.1,0.0
106,1.060076609,left_hip_yaw_joint,0.0,0.0,0.0
106,1.060076609,left_hip_roll_joint,-0.1,-0.1,0.0
106,1.060076609,left_hip_pitch_joint,0.878,0.878,0.0
106,1.060076609,left_knee_pitch_joint,-0.13,-0.13,0.0
106,1.060076609,left_ankle_pitch_joint,0.65,0.65,0.0
106,1.060076609,left_ankle_roll_joint,0.1,0.1,0.0
107,1.070058153,right_hip_yaw_joint,0.0,0.0,0.0
107,1.070058153,right_hip_roll_joint,0.1,0.1,0.0
107,1.070058153,right_hip_pitch_joint,-0.878,-0.878,0.0
107,1.070058153,right_knee_pitch_joint,0.13,0.13,0.0
107,1.070058153,right_ankle_pitch_joint,-0.65,-0.65,0.0
107,1.070058153,right_ankle_roll_joint,-0.1,-0.1,0.0
107,1.070058153,left_hip_yaw_joint,0.0,0.0,0.0
107,1.070058153,left_hip_roll_joint,-0.1,-0.1,0.0
107,1.070058153,left_hip_pitch_joint,0.878,0.878,0.0
107,1.070058153,left_knee_pitch_joint,-0.13,-0.13,0.0
107,1.070058153,left_ankle_pitch_joint,0.65,0.65,0.0
107,1.070058153,left_ankle_roll_joint,0.1,0.1,0.0
108,1.080081035,right_hip_yaw_joint,0.0,0.0,0.0
108,1.080081035,right_hip_roll_joint,0.1,0.1,0.0
108,1.080081035,right_hip_pitch_joint,-0.878,-0.878,0.0
108,1.080081035,right_knee_pitch_joint,0.13,0.13,0.0
108,1.080081035,right_ankle_pitch_joint,-0.65,-0.65,0.0
108,1.080081035,right_ankle_roll_joint,-0.1,-0.1,0.0
108,1.080081035,left_hip_yaw_joint,0.0,0.0,0.0
108,1.080081035,left_hip_roll_joint,-0.1,-0.1,0.0
108,1.080081035,left_hip_pitch_joint,0.878,0.878,0.0
108,1.080081035,left_knee_pitch_joint,-0.13,-0.13,0.0
108,1.080081035,left_ankle_pitch_joint,0.65,0.65,0.0
108,1.080081035,left_ankle_roll_joint,0.1,0.1,0.0
109,1.090068562,right_hip_yaw_joint,0.0,0.0,0.0
109,1.090068562,right_hip_roll_joint,0.1,0.1,0.0
109,1.090068562,right_hip_pitch_joint,-0.878,-0.878,0.0
109,1.090068562,right_knee_pitch_joint,0.13,0.13,0.0
109,1.090068562,right_ankle_pitch_joint,-0.65,-0.65,0.0
109,1.090068562,right_ankle_roll_joint,-0.1,-0.1,0.0
109,1.090068562,left_hip_yaw_joint,0.0,0.0,0.0
109,1.090068562,left_hip_roll_joint,-0.1,-0.1,0.0
109,1.090068562,left_hip_pitch_joint,0.878,0.878,0.0
109,1.090068562,left_knee_pitch_joint,-0.13,-0.13,0.0
109,1.090068562,left_ankle_pitch_joint,0.65,0.65,0.0
109,1.090068562,left_ankle_roll_joint,0.1,0.1,0.0
110,1.100059394,right_hip_yaw_joint,0.0,0.0,0.0
110,1.100059394,right_hip_roll_joint,0.1,0.1,0.0
110,1.100059394,right_hip_pitch_joint,-0.878,-0.878,0.0
110,1.100059394,right_knee_pitch_joint,0.13,0.13,0.0
110,1.100059394,right_ankle_pitch_joint,-0.65,-0.65,0.0
110,1.100059394,right_ankle_roll_joint,-0.1,-0.1,0.0
110,1.100059394,left_hip_yaw_joint,0.0,0.0,0.0
110,1.100059394,left_hip_roll_joint,-0.1,-0.1,0.0
110,1.100059394,left_hip_pitch_joint,0.878,0.878,0.0
110,1.100059394,left_knee_pitch_joint,-0.13,-0.13,0.0
110,1.100059394,left_ankle_pitch_joint,0.65,0.65,0.0
110,1.100059394,left_ankle_roll_joint,0.1,0.1,0.0
111,1.110059331,right_hip_yaw_joint,0.0,0.0,0.0
111,1.110059331,right_hip_roll_joint,0.1,0.1,0.0
111,1.110059331,right_hip_pitch_joint,-0.878,-0.878,0.0
111,1.110059331,right_knee_pitch_joint,0.13,0.13,0.0
111,1.110059331,right_ankle_pitch_joint,-0.65,-0.65,0.0
111,1.110059331,right_ankle_roll_joint,-0.1,-0.1,0.0
111,1.110059331,left_hip_yaw_joint,0.0,0.0,0.0
111,1.110059331,left_hip_roll_joint,-0.1,-0.1,0.0
111,1.110059331,left_hip_pitch_joint,0.878,0.878,0.0
111,1.110059331,left_knee_pitch_joint,-0.13,-0.13,0.0
111,1.110059331,left_ankle_pitch_joint,0.65,0.65,0.0
111,1.110059331,left_ankle_roll_joint,0.1,0.1,0.0
112,1.120074449,right_hip_yaw_joint,0.0,0.0,0.0
112,1.120074449,right_hip_roll_joint,0.1,0.1,0.0
112,1.120074449,right_hip_pitch_joint,-0.878,-0.878,0.0
112,1.120074449,right_knee_pitch_joint,0.13,0.13,0.0
112,1.120074449,right_ankle_pitch_joint,-0.65,-0.65,0.0
112,1.120074449,right_ankle_roll_joint,-0.1,-0.1,0.0
112,1.120074449,left_hip_yaw_joint,0.0,0.0,0.0
112,1.120074449,left_hip_roll_joint,-0.1,-0.1,0.0
112,1.120074449,left_hip_pitch_joint,0.878,0.878,0.0
112,1.120074449,left_knee_pitch_joint,-0.13,-0.13,0.0
112,1.120074449,left_ankle_pitch_joint,0.65,0.65,0.0
112,1.120074449,left_ankle_roll_joint,0.1,0.1,0.0
113,1.130087521,right_hip_yaw_joint,0.0,0.0,0.0
113,1.130087521,right_hip_roll_joint,0.1,0.1,0.0
113,1.130087521,right_hip_pitch_joint,-0.878,-0.878,0.0
113,1.130087521,right_knee_pitch_joint,0.13,0.13,0.0
113,1.130087521,right_ankle_pitch_joint,-0.65,-0.65,0.0
113,1.130087521,right_ankle_roll_joint,-0.1,-0.1,0.0
113,1.130087521,left_hip_yaw_joint,0.0,0.0,0.0
113,1.130087521,left_hip_roll_joint,-0.1,-0.1,0.0
113,1.130087521,left_hip_pitch_joint,0.878,0.878,0.0
113,1.130087521,left_knee_pitch_joint,-0.13,-0.13,0.0
113,1.130087521,left_ankle_pitch_joint,0.65,0.65,0.0
113,1.130087521,left_ankle_roll_joint,0.1,0.1,0.0
114,1.140059299,right_hip_yaw_joint,0.0,0.0,0.0
114,1.140059299,right_hip_roll_joint,0.1,0.1,0.0
114,1.140059299,right_hip_pitch_joint,-0.878,-0.878,0.0
114,1.140059299,right_knee_pitch_joint,0.13,0.13,0.0
114,1.140059299,right_ankle_pitch_joint,-0.65,-0.65,0.0
114,1.140059299,right_ankle_roll_joint,-0.1,-0.1,0.0
114,1.140059299,left_hip_yaw_joint,0.0,0.0,0.0
114,1.140059299,left_hip_roll_joint,-0.1,-0.1,0.0
114,1.140059299,left_hip_pitch_joint,0.878,0.878,0.0
114,1.140059299,left_knee_pitch_joint,-0.13,-0.13,0.0
114,1.140059299,left_ankle_pitch_joint,0.65,0.65,0.0
114,1.140059299,left_ankle_roll_joint,0.1,0.1,0.0
115,1.150089304,right_hip_yaw_joint,0.0,0.0,0.0
115,1.150089304,right_hip_roll_joint,0.1,0.1,0.0
115,1.150089304,right_hip_pitch_joint,-0.878,-0.878,0.0
115,1.150089304,right_knee_pitch_joint,0.13,0.13,0.0
115,1.150089304,right_ankle_pitch_joint,-0.65,-0.65,0.0
115,1.150089304,right_ankle_roll_joint,-0.1,-0.1,0.0
115,1.150089304,left_hip_yaw_joint,0.0,0.0,0.0
115,1.150089304,left_hip_roll_joint,-0.1,-0.1,0.0
115,1.150089304,left_hip_pitch_joint,0.878,0.878,0.0
115,1.150089304,left_knee_pitch_joint,-0.13,-0.13,0.0
115,1.150089304,left_ankle_pitch_joint,0.65,0.65,0.0
115,1.150089304,left_ankle_roll_joint,0.1,0.1,0.0
116,1.160083090,right_hip_yaw_joint,0.0,0.0,0.0
116,1.160083090,right_hip_roll_joint,0.1,0.1,0.0
116,1.160083090,right_hip_pitch_joint,-0.878,-0.878,0.0
116,1.160083090,right_knee_pitch_joint,0.13,0.13,0.0
116,1.160083090,right_ankle_pitch_joint,-0.65,-0.65,0.0
116,1.160083090,right_ankle_roll_joint,-0.1,-0.1,0.0
116,1.160083090,left_hip_yaw_joint,0.0,0.0,0.0
116,1.160083090,left_hip_roll_joint,-0.1,-0.1,0.0
116,1.160083090,left_hip_pitch_joint,0.878,0.878,0.0
116,1.160083090,left_knee_pitch_joint,-0.13,-0.13,0.0
116,1.160083090,left_ankle_pitch_joint,0.65,0.65,0.0
116,1.160083090,left_ankle_roll_joint,0.1,0.1,0.0
117,1.170064048,right_hip_yaw_joint,0.0,0.0,0.0
117,1.170064048,right_hip_roll_joint,0.1,0.1,0.0
117,1.170064048,right_hip_pitch_joint,-0.878,-0.878,0.0
117,1.170064048,right_knee_pitch_joint,0.13,0.13,0.0
117,1.170064048,right_ankle_pitch_joint,-0.65,-0.65,0.0
117,1.170064048,right_ankle_roll_joint,-0.1,-0.1,0.0
117,1.170064048,left_hip_yaw_joint,0.0,0.0,0.0
117,1.170064048,left_hip_roll_joint,-0.1,-0.1,0.0
117,1.170064048,left_hip_pitch_joint,0.878,0.878,0.0
117,1.170064048,left_knee_pitch_joint,-0.13,-0.13,0.0
117,1.170064048,left_ankle_pitch_joint,0.65,0.65,0.0
117,1.170064048,left_ankle_roll_joint,0.1,0.1,0.0
118,1.180059260,right_hip_yaw_joint,0.0,0.0,0.0
118,1.180059260,right_hip_roll_joint,0.1,0.1,0.0
118,1.180059260,right_hip_pitch_joint,-0.878,-0.878,0.0
118,1.180059260,right_knee_pitch_joint,0.13,0.13,0.0
118,1.180059260,right_ankle_pitch_joint,-0.65,-0.65,0.0
118,1.180059260,right_ankle_roll_joint,-0.1,-0.1,0.0
118,1.180059260,left_hip_yaw_joint,0.0,0.0,0.0
118,1.180059260,left_hip_roll_joint,-0.1,-0.1,0.0
118,1.180059260,left_hip_pitch_joint,0.878,0.878,0.0
118,1.180059260,left_knee_pitch_joint,-0.13,-0.13,0.0
118,1.180059260,left_ankle_pitch_joint,0.65,0.65,0.0
118,1.180059260,left_ankle_roll_joint,0.1,0.1,0.0
119,1.190083504,right_hip_yaw_joint,0.0,0.0,0.0
119,1.190083504,right_hip_roll_joint,0.1,0.1,0.0
119,1.190083504,right_hip_pitch_joint,-0.878,-0.878,0.0
119,1.190083504,right_knee_pitch_joint,0.13,0.13,0.0
119,1.190083504,right_ankle_pitch_joint,-0.65,-0.65,0.0
119,1.190083504,right_ankle_roll_joint,-0.1,-0.1,0.0
119,1.190083504,left_hip_yaw_joint,0.0,0.0,0.0
119,1.190083504,left_hip_roll_joint,-0.1,-0.1,0.0
119,1.190083504,left_hip_pitch_joint,0.878,0.878,0.0
119,1.190083504,left_knee_pitch_joint,-0.13,-0.13,0.0
119,1.190083504,left_ankle_pitch_joint,0.65,0.65,0.0
119,1.190083504,left_ankle_roll_joint,0.1,0.1,0.0
120,1.200074609,right_hip_yaw_joint,0.0,0.0,0.0
120,1.200074609,right_hip_roll_joint,0.1,0.1,0.0
120,1.200074609,right_hip_pitch_joint,-0.878,-0.878,0.0
120,1.200074609,right_knee_pitch_joint,0.13,0.13,0.0
120,1.200074609,right_ankle_pitch_joint,-0.65,-0.65,0.0
120,1.200074609,right_ankle_roll_joint,-0.1,-0.1,0.0
120,1.200074609,left_hip_yaw_joint,0.0,0.0,0.0
120,1.200074609,left_hip_roll_joint,-0.1,-0.1,0.0
120,1.200074609,left_hip_pitch_joint,0.878,0.878,0.0
120,1.200074609,left_knee_pitch_joint,-0.13,-0.13,0.0
120,1.200074609,left_ankle_pitch_joint,0.65,0.65,0.0
120,1.200074609,left_ankle_roll_joint,0.1,0.1,0.0
121,1.210066898,right_hip_yaw_joint,0.0,0.0,0.0
121,1.210066898,right_hip_roll_joint,0.1,0.1,0.0
121,1.210066898,right_hip_pitch_joint,-0.878,-0.878,0.0
121,1.210066898,right_knee_pitch_joint,0.13,0.13,0.0
121,1.210066898,right_ankle_pitch_joint,-0.65,-0.65,0.0
121,1.210066898,right_ankle_roll_joint,-0.1,-0.1,0.0
121,1.210066898,left_hip_yaw_joint,0.0,0.0,0.0
121,1.210066898,left_hip_roll_joint,-0.1,-0.1,0.0
121,1.210066898,left_hip_pitch_joint,0.878,0.878,0.0
121,1.210066898,left_knee_pitch_joint,-0.13,-0.13,0.0
121,1.210066898,left_ankle_pitch_joint,0.65,0.65,0.0
121,1.210066898,left_ankle_roll_joint,0.1,0.1,0.0
122,1.220064586,right_hip_yaw_joint,0.0,0.0,0.0
122,1.220064586,right_hip_roll_joint,0.1,0.1,0.0
122,1.220064586,right_hip_pitch_joint,-0.878,-0.878,0.0
122,1.220064586,right_knee_pitch_joint,0.13,0.13,0.0
122,1.220064586,right_ankle_pitch_joint,-0.65,-0.65,0.0
122,1.220064586,right_ankle_roll_joint,-0.1,-0.1,0.0
122,1.220064586,left_hip_yaw_joint,0.0,0.0,0.0
122,1.220064586,left_hip_roll_joint,-0.1,-0.1,0.0
122,1.220064586,left_hip_pitch_joint,0.878,0.878,0.0
122,1.220064586,left_knee_pitch_joint,-0.13,-0.13,0.0
122,1.220064586,left_ankle_pitch_joint,0.65,0.65,0.0
122,1.220064586,left_ankle_roll_joint,0.1,0.1,0.0
123,1.230061649,right_hip_yaw_joint,0.0,0.0,0.0
123,1.230061649,right_hip_roll_joint,0.1,0.1,0.0
123,1.230061649,right_hip_pitch_joint,-0.878,-0.878,0.0
123,1.230061649,right_knee_pitch_joint,0.13,0.13,0.0
123,1.230061649,right_ankle_pitch_joint,-0.65,-0.65,0.0
123,1.230061649,right_ankle_roll_joint,-0.1,-0.1,0.0
123,1.230061649,left_hip_yaw_joint,0.0,0.0,0.0
123,1.230061649,left_hip_roll_joint,-0.1,-0.1,0.0
123,1.230061649,left_hip_pitch_joint,0.878,0.878,0.0
123,1.230061649,left_knee_pitch_joint,-0.13,-0.13,0.0
123,1.230061649,left_ankle_pitch_joint,0.65,0.65,0.0
123,1.230061649,left_ankle_roll_joint,0.1,0.1,0.0
124,1.240065420,right_hip_yaw_joint,0.0,0.0,0.0
124,1.240065420,right_hip_roll_joint,0.1,0.1,0.0
124,1.240065420,right_hip_pitch_joint,-0.878,-0.878,0.0
124,1.240065420,right_knee_pitch_joint,0.13,0.13,0.0
124,1.240065420,right_ankle_pitch_joint,-0.65,-0.65,0.0
124,1.240065420,right_ankle_roll_joint,-0.1,-0.1,0.0
124,1.240065420,left_hip_yaw_joint,0.0,0.0,0.0
124,1.240065420,left_hip_roll_joint,-0.1,-0.1,0.0
124,1.240065420,left_hip_pitch_joint,0.878,0.878,0.0
124,1.240065420,left_knee_pitch_joint,-0.13,-0.13,0.0
124,1.240065420,left_ankle_pitch_joint,0.65,0.65,0.0
124,1.240065420,left_ankle_roll_joint,0.1,0.1,0.0
125,1.250060041,right_hip_yaw_joint,0.0,0.0,0.0
125,1.250060041,right_hip_roll_joint,0.1,0.1,0.0
125,1.250060041,right_hip_pitch_joint,-0.878,-0.878,0.0
125,1.250060041,right_knee_pitch_joint,0.13,0.13,0.0
125,1.250060041,right_ankle_pitch_joint,-0.65,-0.65,0.0
125,1.250060041,right_ankle_roll_joint,-0.1,-0.1,0.0
125,1.250060041,left_hip_yaw_joint,0.0,0.0,0.0
125,1.250060041,left_hip_roll_joint,-0.1,-0.1,0.0
125,1.250060041,left_hip_pitch_joint,0.878,0.878,0.0
125,1.250060041,left_knee_pitch_joint,-0.13,-0.13,0.0
125,1.250060041,left_ankle_pitch_joint,0.65,0.65,0.0
125,1.250060041,left_ankle_roll_joint,0.1,0.1,0.0
126,1.260012763,right_hip_yaw_joint,0.0,0.0,0.0
126,1.260012763,right_hip_roll_joint,0.1,0.1,0.0
126,1.260012763,right_hip_pitch_joint,-0.878,-0.878,0.0
126,1.260012763,right_knee_pitch_joint,0.13,0.13,0.0
126,1.260012763,right_ankle_pitch_joint,-0.65,-0.65,0.0
126,1.260012763,right_ankle_roll_joint,-0.1,-0.1,0.0
126,1.260012763,left_hip_yaw_joint,0.0,0.0,0.0
126,1.260012763,left_hip_roll_joint,-0.1,-0.1,0.0
126,1.260012763,left_hip_pitch_joint,0.878,0.878,0.0
126,1.260012763,left_knee_pitch_joint,-0.13,-0.13,0.0
126,1.260012763,left_ankle_pitch_joint,0.65,0.65,0.0
126,1.260012763,left_ankle_roll_joint,0.1,0.1,0.0
127,1.270077357,right_hip_yaw_joint,0.0,0.0,0.0
127,1.270077357,right_hip_roll_joint,0.1,0.1,0.0
127,1.270077357,right_hip_pitch_joint,-0.878,-0.878,0.0
127,1.270077357,right_knee_pitch_joint,0.13,0.13,0.0
127,1.270077357,right_ankle_pitch_joint,-0.65,-0.65,0.0
127,1.270077357,right_ankle_roll_joint,-0.1,-0.1,0.0
127,1.270077357,left_hip_yaw_joint,0.0,0.0,0.0
127,1.270077357,left_hip_roll_joint,-0.1,-0.1,0.0
127,1.270077357,left_hip_pitch_joint,0.878,0.878,0.0
127,1.270077357,left_knee_pitch_joint,-0.13,-0.13,0.0
127,1.270077357,left_ankle_pitch_joint,0.65,0.65,0.0
127,1.270077357,left_ankle_roll_joint,0.1,0.1,0.0
128,1.280060495,right_hip_yaw_joint,0.0,0.0,0.0
128,1.280060495,right_hip_roll_joint,0.1,0.1,0.0
128,1.280060495,right_hip_pitch_joint,-0.878,-0.878,0.0
128,1.280060495,right_knee_pitch_joint,0.13,0.13,0.0
128,1.280060495,right_ankle_pitch_joint,-0.65,-0.65,0.0
128,1.280060495,right_ankle_roll_joint,-0.1,-0.1,0.0
128,1.280060495,left_hip_yaw_joint,0.0,0.0,0.0
128,1.280060495,left_hip_roll_joint,-0.1,-0.1,0.0
128,1.280060495,left_hip_pitch_joint,0.878,0.878,0.0
128,1.280060495,left_knee_pitch_joint,-0.13,-0.13,0.0
128,1.280060495,left_ankle_pitch_joint,0.65,0.65,0.0
128,1.280060495,left_ankle_roll_joint,0.1,0.1,0.0
129,1.290084441,right_hip_yaw_joint,0.0,0.0,0.0
129,1.290084441,right_hip_roll_joint,0.1,0.1,0.0
129,1.290084441,right_hip_pitch_joint,-0.878,-0.878,0.0
129,1.290084441,right_knee_pitch_joint,0.13,0.13,0.0
129,1.290084441,right_ankle_pitch_joint,-0.65,-0.65,0.0
129,1.290084441,right_ankle_roll_joint,-0.1,-0.1,0.0
129,1.290084441,left_hip_yaw_joint,0.0,0.0,0.0
129,1.290084441,left_hip_roll_joint,-0.1,-0.1,0.0
129,1.290084441,left_hip_pitch_joint,0.878,0.878,0.0
129,1.290084441,left_knee_pitch_joint,-0.13,-0.13,0.0
129,1.290084441,left_ankle_pitch_joint,0.65,0.65,0.0
129,1.290084441,left_ankle_roll_joint,0.1,0.1,0.0
130,1.300061935,right_hip_yaw_joint,0.0,0.0,0.0
130,1.300061935,right_hip_roll_joint,0.1,0.1,0.0
130,1.300061935,right_hip_pitch_joint,-0.878,-0.878,0.0
130,1.300061935,right_knee_pitch_joint,0.13,0.13,0.0
130,1.300061935,right_ankle_pitch_joint,-0.65,-0.65,0.0
130,1.300061935,right_ankle_roll_joint,-0.1,-0.1,0.0
130,1.300061935,left_hip_yaw_joint,0.0,0.0,0.0
130,1.300061935,left_hip_roll_joint,-0.1,-0.1,0.0
130,1.300061935,left_hip_pitch_joint,0.878,0.878,0.0
130,1.300061935,left_knee_pitch_joint,-0.13,-0.13,0.0
130,1.300061935,left_ankle_pitch_joint,0.65,0.65,0.0
130,1.300061935,left_ankle_roll_joint,0.1,0.1,0.0
131,1.310073211,right_hip_yaw_joint,0.0,0.0,0.0
131,1.310073211,right_hip_roll_joint,0.1,0.1,0.0
131,1.310073211,right_hip_pitch_joint,-0.878,-0.878,0.0
131,1.310073211,right_knee_pitch_joint,0.13,0.13,0.0
131,1.310073211,right_ankle_pitch_joint,-0.65,-0.65,0.0
131,1.310073211,right_ankle_roll_joint,-0.1,-0.1,0.0
131,1.310073211,left_hip_yaw_joint,0.0,0.0,0.0
131,1.310073211,left_hip_roll_joint,-0.1,-0.1,0.0
131,1.310073211,left_hip_pitch_joint,0.878,0.878,0.0
131,1.310073211,left_knee_pitch_joint,-0.13,-0.13,0.0
131,1.310073211,left_ankle_pitch_joint,0.65,0.65,0.0
131,1.310073211,left_ankle_roll_joint,0.1,0.1,0.0
132,1.320074269,right_hip_yaw_joint,0.0,0.0,0.0
132,1.320074269,right_hip_roll_joint,0.1,0.1,0.0
132,1.320074269,right_hip_pitch_joint,-0.878,-0.878,0.0
132,1.320074269,right_knee_pitch_joint,0.13,0.13,0.0
132,1.320074269,right_ankle_pitch_joint,-0.65,-0.65,0.0
132,1.320074269,right_ankle_roll_joint,-0.1,-0.1,0.0
132,1.320074269,left_hip_yaw_joint,0.0,0.0,0.0
132,1.320074269,left_hip_roll_joint,-0.1,-0.1,0.0
132,1.320074269,left_hip_pitch_joint,0.878,0.878,0.0
132,1.320074269,left_knee_pitch_joint,-0.13,-0.13,0.0
132,1.320074269,left_ankle_pitch_joint,0.65,0.65,0.0
132,1.320074269,left_ankle_roll_joint,0.1,0.1,0.0
133,1.330082990,right_hip_yaw_joint,0.0,0.0,0.0
133,1.330082990,right_hip_roll_joint,0.1,0.1,0.0
133,1.330082990,right_hip_pitch_joint,-0.878,-0.878,0.0
133,1.330082990,right_knee_pitch_joint,0.13,0.13,0.0
133,1.330082990,right_ankle_pitch_joint,-0.65,-0.65,0.0
133,1.330082990,right_ankle_roll_joint,-0.1,-0.1,0.0
133,1.330082990,left_hip_yaw_joint,0.0,0.0,0.0
133,1.330082990,left_hip_roll_joint,-0.1,-0.1,0.0
133,1.330082990,left_hip_pitch_joint,0.878,0.878,0.0
133,1.330082990,left_knee_pitch_joint,-0.13,-0.13,0.0
133,1.330082990,left_ankle_pitch_joint,0.65,0.65,0.0
133,1.330082990,left_ankle_roll_joint,0.1,0.1,0.0
134,1.340058426,right_hip_yaw_joint,0.0,0.0,0.0
134,1.340058426,right_hip_roll_joint,0.1,0.1,0.0
134,1.340058426,right_hip_pitch_joint,-0.878,-0.878,0.0
134,1.340058426,right_knee_pitch_joint,0.13,0.13,0.0
134,1.340058426,right_ankle_pitch_joint,-0.65,-0.65,0.0
134,1.340058426,right_ankle_roll_joint,-0.1,-0.1,0.0
134,1.340058426,left_hip_yaw_joint,0.0,0.0,0.0
134,1.340058426,left_hip_roll_joint,-0.1,-0.1,0.0
134,1.340058426,left_hip_pitch_joint,0.878,0.878,0.0
134,1.340058426,left_knee_pitch_joint,-0.13,-0.13,0.0
134,1.340058426,left_ankle_pitch_joint,0.65,0.65,0.0
134,1.340058426,left_ankle_roll_joint,0.1,0.1,0.0
135,1.350080117,right_hip_yaw_joint,0.0,0.0,0.0
135,1.350080117,right_hip_roll_joint,0.1,0.1,0.0
135,1.350080117,right_hip_pitch_joint,-0.878,-0.878,0.0
135,1.350080117,right_knee_pitch_joint,0.13,0.13,0.0
135,1.350080117,right_ankle_pitch_joint,-0.65,-0.65,0.0
135,1.350080117,right_ankle_roll_joint,-0.1,-0.1,0.0
135,1.350080117,left_hip_yaw_joint,0.0,0.0,0.0
135,1.350080117,left_hip_roll_joint,-0.1,-0.1,0.0
135,1.350080117,left_hip_pitch_joint,0.878,0.878,0.0
135,1.350080117,left_knee_pitch_joint,-0.13,-0.13,0.0
135,1.350080117,left_ankle_pitch_joint,0.65,0.65,0.0
135,1.350080117,left_ankle_roll_joint,0.1,0.1,0.0
136,1.360066664,right_hip_yaw_joint,0.0,0.0,0.0
136,1.360066664,right_hip_roll_joint,0.1,0.1,0.0
136,1.360066664,right_hip_pitch_joint,-0.878,-0.878,0.0
136,1.360066664,right_knee_pitch_joint,0.13,0.13,0.0
136,1.360066664,right_ankle_pitch_joint,-0.65,-0.65,0.0
136,1.360066664,right_ankle_roll_joint,-0.1,-0.1,0.0
136,1.360066664,left_hip_yaw_joint,0.0,0.0,0.0
136,1.360066664,left_hip_roll_joint,-0.1,-0.1,0.0
136,1.360066664,left_hip_pitch_joint,0.878,0.878,0.0
136,1.360066664,left_knee_pitch_joint,-0.13,-0.13,0.0
136,1.360066664,left_ankle_pitch_joint,0.65,0.65,0.0
136,1.360066664,left_ankle_roll_joint,0.1,0.1,0.0
137,1.370061385,right_hip_yaw_joint,0.0,0.0,0.0
137,1.370061385,right_hip_roll_joint,0.1,0.1,0.0
137,1.370061385,right_hip_pitch_joint,-0.878,-0.878,0.0
137,1.370061385,right_knee_pitch_joint,0.13,0.13,0.0
137,1.370061385,right_ankle_pitch_joint,-0.65,-0.65,0.0
137,1.370061385,right_ankle_roll_joint,-0.1,-0.1,0.0
137,1.370061385,left_hip_yaw_joint,0.0,0.0,0.0
137,1.370061385,left_hip_roll_joint,-0.1,-0.1,0.0
137,1.370061385,left_hip_pitch_joint,0.878,0.878,0.0
137,1.370061385,left_knee_pitch_joint,-0.13,-0.13,0.0
137,1.370061385,left_ankle_pitch_joint,0.65,0.65,0.0
137,1.370061385,left_ankle_roll_joint,0.1,0.1,0.0
138,1.380084621,right_hip_yaw_joint,0.0,0.0,0.0
138,1.380084621,right_hip_roll_joint,0.1,0.1,0.0
138,1.380084621,right_hip_pitch_joint,-0.878,-0.878,0.0
138,1.380084621,right_knee_pitch_joint,0.13,0.13,0.0
138,1.380084621,right_ankle_pitch_joint,-0.65,-0.65,0.0
138,1.380084621,right_ankle_roll_joint,-0.1,-0.1,0.0
138,1.380084621,left_hip_yaw_joint,0.0,0.0,0.0
138,1.380084621,left_hip_roll_joint,-0.1,-0.1,0.0
138,1.380084621,left_hip_pitch_joint,0.878,0.878,0.0
138,1.380084621,left_knee_pitch_joint,-0.13,-0.13,0.0
138,1.380084621,left_ankle_pitch_joint,0.65,0.65,0.0
138,1.380084621,left_ankle_roll_joint,0.1,0.1,0.0
139,1.390088260,right_hip_yaw_joint,0.0,0.0,0.0
139,1.390088260,right_hip_roll_joint,0.1,0.1,0.0
139,1.390088260,right_hip_pitch_joint,-0.878,-0.878,0.0
139,1.390088260,right_knee_pitch_joint,0.13,0.13,0.0
139,1.390088260,right_ankle_pitch_joint,-0.65,-0.65,0.0
139,1.390088260,right_ankle_roll_joint,-0.1,-0.1,0.0
139,1.390088260,left_hip_yaw_joint,0.0,0.0,0.0
139,1.390088260,left_hip_roll_joint,-0.1,-0.1,0.0
139,1.390088260,left_hip_pitch_joint,0.878,0.878,0.0
139,1.390088260,left_knee_pitch_joint,-0.13,-0.13,0.0
139,1.390088260,left_ankle_pitch_joint,0.65,0.65,0.0
139,1.390088260,left_ankle_roll_joint,0.1,0.1,0.0
140,1.400080423,right_hip_yaw_joint,0.0,0.0,0.0
140,1.400080423,right_hip_roll_joint,0.1,0.1,0.0
140,1.400080423,right_hip_pitch_joint,-0.878,-0.878,0.0
140,1.400080423,right_knee_pitch_joint,0.13,0.13,0.0
140,1.400080423,right_ankle_pitch_joint,-0.65,-0.65,0.0
140,1.400080423,right_ankle_roll_joint,-0.1,-0.1,0.0
140,1.400080423,left_hip_yaw_joint,0.0,0.0,0.0
140,1.400080423,left_hip_roll_joint,-0.1,-0.1,0.0
140,1.400080423,left_hip_pitch_joint,0.878,0.878,0.0
140,1.400080423,left_knee_pitch_joint,-0.13,-0.13,0.0
140,1.400080423,left_ankle_pitch_joint,0.65,0.65,0.0
140,1.400080423,left_ankle_roll_joint,0.1,0.1,0.0
141,1.410074843,right_hip_yaw_joint,0.0,0.0,0.0
141,1.410074843,right_hip_roll_joint,0.1,0.1,0.0
141,1.410074843,right_hip_pitch_joint,-0.878,-0.878,0.0
141,1.410074843,right_knee_pitch_joint,0.13,0.13,0.0
141,1.410074843,right_ankle_pitch_joint,-0.65,-0.65,0.0
141,1.410074843,right_ankle_roll_joint,-0.1,-0.1,0.0
141,1.410074843,left_hip_yaw_joint,0.0,0.0,0.0
141,1.410074843,left_hip_roll_joint,-0.1,-0.1,0.0
141,1.410074843,left_hip_pitch_joint,0.878,0.878,0.0
141,1.410074843,left_knee_pitch_joint,-0.13,-0.13,0.0
141,1.410074843,left_ankle_pitch_joint,0.65,0.65,0.0
141,1.410074843,left_ankle_roll_joint,0.1,0.1,0.0
142,1.420084196,right_hip_yaw_joint,0.0,0.0,0.0
142,1.420084196,right_hip_roll_joint,0.1,0.1,0.0
142,1.420084196,right_hip_pitch_joint,-0.878,-0.878,0.0
142,1.420084196,right_knee_pitch_joint,0.13,0.13,0.0
142,1.420084196,right_ankle_pitch_joint,-0.65,-0.65,0.0
142,1.420084196,right_ankle_roll_joint,-0.1,-0.1,0.0
142,1.420084196,left_hip_yaw_joint,0.0,0.0,0.0
142,1.420084196,left_hip_roll_joint,-0.1,-0.1,0.0
142,1.420084196,left_hip_pitch_joint,0.878,0.878,0.0
142,1.420084196,left_knee_pitch_joint,-0.13,-0.13,0.0
142,1.420084196,left_ankle_pitch_joint,0.65,0.65,0.0
142,1.420084196,left_ankle_roll_joint,0.1,0.1,0.0
143,1.430084440,right_hip_yaw_joint,0.0,0.0,0.0
143,1.430084440,right_hip_roll_joint,0.1,0.1,0.0
143,1.430084440,right_hip_pitch_joint,-0.878,-0.878,0.0
143,1.430084440,right_knee_pitch_joint,0.13,0.13,0.0
143,1.430084440,right_ankle_pitch_joint,-0.65,-0.65,0.0
143,1.430084440,right_ankle_roll_joint,-0.1,-0.1,0.0
143,1.430084440,left_hip_yaw_joint,0.0,0.0,0.0
143,1.430084440,left_hip_roll_joint,-0.1,-0.1,0.0
143,1.430084440,left_hip_pitch_joint,0.878,0.878,0.0
143,1.430084440,left_knee_pitch_joint,-0.13,-0.13,0.0
143,1.430084440,left_ankle_pitch_joint,0.65,0.65,0.0
143,1.430084440,left_ankle_roll_joint,0.1,0.1,0.0
144,1.440059330,right_hip_yaw_joint,0.0,0.0,0.0
144,1.440059330,right_hip_roll_joint,0.1,0.1,0.0
144,1.440059330,right_hip_pitch_joint,-0.878,-0.878,0.0
144,1.440059330,right_knee_pitch_joint,0.13,0.13,0.0
144,1.440059330,right_ankle_pitch_joint,-0.65,-0.65,0.0
144,1.440059330,right_ankle_roll_joint,-0.1,-0.1,0.0
144,1.440059330,left_hip_yaw_joint,0.0,0.0,0.0
144,1.440059330,left_hip_roll_joint,-0.1,-0.1,0.0
144,1.440059330,left_hip_pitch_joint,0.878,0.878,0.0
144,1.440059330,left_knee_pitch_joint,-0.13,-0.13,0.0
144,1.440059330,left_ankle_pitch_joint,0.65,0.65,0.0
144,1.440059330,left_ankle_roll_joint,0.1,0.1,0.0
145,1.450058795,right_hip_yaw_joint,0.0,0.0,0.0
145,1.450058795,right_hip_roll_joint,0.1,0.1,0.0
145,1.450058795,right_hip_pitch_joint,-0.878,-0.878,0.0
145,1.450058795,right_knee_pitch_joint,0.13,0.13,0.0
145,1.450058795,right_ankle_pitch_joint,-0.65,-0.65,0.0
145,1.450058795,right_ankle_roll_joint,-0.1,-0.1,0.0
145,1.450058795,left_hip_yaw_joint,0.0,0.0,0.0
145,1.450058795,left_hip_roll_joint,-0.1,-0.1,0.0
145,1.450058795,left_hip_pitch_joint,0.878,0.878,0.0
145,1.450058795,left_knee_pitch_joint,-0.13,-0.13,0.0
145,1.450058795,left_ankle_pitch_joint,0.65,0.65,0.0
145,1.450058795,left_ankle_roll_joint,0.1,0.1,0.0
146,1.460061059,right_hip_yaw_joint,0.0,0.0,0.0
146,1.460061059,right_hip_roll_joint,0.1,0.1,0.0
146,1.460061059,right_hip_pitch_joint,-0.878,-0.878,0.0
146,1.460061059,right_knee_pitch_joint,0.13,0.13,0.0
146,1.460061059,right_ankle_pitch_joint,-0.65,-0.65,0.0
146,1.460061059,right_ankle_roll_joint,-0.1,-0.1,0.0
146,1.460061059,left_hip_yaw_joint,0.0,0.0,0.0
146,1.460061059,left_hip_roll_joint,-0.1,-0.1,0.0
146,1.460061059,left_hip_pitch_joint,0.878,0.878,0.0
146,1.460061059,left_knee_pitch_joint,-0.13,-0.13,0.0
146,1.460061059,left_ankle_pitch_joint,0.65,0.65,0.0
146,1.460061059,left_ankle_roll_joint,0.1,0.1,0.0
147,1.470076688,right_hip_yaw_joint,0.0,0.0,0.0
147,1.470076688,right_hip_roll_joint,0.1,0.1,0.0
147,1.470076688,right_hip_pitch_joint,-0.878,-0.878,0.0
147,1.470076688,right_knee_pitch_joint,0.13,0.13,0.0
147,1.470076688,right_ankle_pitch_joint,-0.65,-0.65,0.0
147,1.470076688,right_ankle_roll_joint,-0.1,-0.1,0.0
147,1.470076688,left_hip_yaw_joint,0.0,0.0,0.0
147,1.470076688,left_hip_roll_joint,-0.1,-0.1,0.0
147,1.470076688,left_hip_pitch_joint,0.878,0.878,0.0
147,1.470076688,left_knee_pitch_joint,-0.13,-0.13,0.0
147,1.470076688,left_ankle_pitch_joint,0.65,0.65,0.0
147,1.470076688,left_ankle_roll_joint,0.1,0.1,0.0
148,1.480058477,right_hip_yaw_joint,0.0,0.0,0.0
148,1.480058477,right_hip_roll_joint,0.1,0.1,0.0
148,1.480058477,right_hip_pitch_joint,-0.878,-0.878,0.0
148,1.480058477,right_knee_pitch_joint,0.13,0.13,0.0
148,1.480058477,right_ankle_pitch_joint,-0.65,-0.65,0.0
148,1.480058477,right_ankle_roll_joint,-0.1,-0.1,0.0
148,1.480058477,left_hip_yaw_joint,0.0,0.0,0.0
148,1.480058477,left_hip_roll_joint,-0.1,-0.1,0.0
148,1.480058477,left_hip_pitch_joint,0.878,0.878,0.0
148,1.480058477,left_knee_pitch_joint,-0.13,-0.13,0.0
148,1.480058477,left_ankle_pitch_joint,0.65,0.65,0.0
148,1.480058477,left_ankle_roll_joint,0.1,0.1,0.0
149,1.490069485,right_hip_yaw_joint,0.0,0.0,0.0
149,1.490069485,right_hip_roll_joint,0.1,0.1,0.0
149,1.490069485,right_hip_pitch_joint,-0.878,-0.878,0.0
149,1.490069485,right_knee_pitch_joint,0.13,0.13,0.0
149,1.490069485,right_ankle_pitch_joint,-0.65,-0.65,0.0
149,1.490069485,right_ankle_roll_joint,-0.1,-0.1,0.0
149,1.490069485,left_hip_yaw_joint,0.0,0.0,0.0
149,1.490069485,left_hip_roll_joint,-0.1,-0.1,0.0
149,1.490069485,left_hip_pitch_joint,0.878,0.878,0.0
149,1.490069485,left_knee_pitch_joint,-0.13,-0.13,0.0
149,1.490069485,left_ankle_pitch_joint,0.65,0.65,0.0
149,1.490069485,left_ankle_roll_joint,0.1,0.1,0.0
150,1.500077004,right_hip_yaw_joint,0.0,0.0,0.0
150,1.500077004,right_hip_roll_joint,0.1,0.1,0.0
150,1.500077004,right_hip_pitch_joint,-0.878,-0.878,0.0
150,1.500077004,right_knee_pitch_joint,0.13,0.13,0.0
150,1.500077004,right_ankle_pitch_joint,-0.65,-0.65,0.0
150,1.500077004,right_ankle_roll_joint,-0.1,-0.1,0.0
150,1.500077004,left_hip_yaw_joint,0.0,0.0,0.0
150,1.500077004,left_hip_roll_joint,-0.1,-0.1,0.0
150,1.500077004,left_hip_pitch_joint,0.878,0.878,0.0
150,1.500077004,left_knee_pitch_joint,-0.13,-0.13,0.0
150,1.500077004,left_ankle_pitch_joint,0.65,0.65,0.0
150,1.500077004,left_ankle_roll_joint,0.1,0.1,0.0
151,1.510027439,right_hip_yaw_joint,0.0,0.0,0.0
151,1.510027439,right_hip_roll_joint,0.1,0.1,0.0
151,1.510027439,right_hip_pitch_joint,-0.878,-0.878,0.0
151,1.510027439,right_knee_pitch_joint,0.13,0.13,0.0
151,1.510027439,right_ankle_pitch_joint,-0.65,-0.65,0.0
151,1.510027439,right_ankle_roll_joint,-0.1,-0.1,0.0
151,1.510027439,left_hip_yaw_joint,0.0,0.0,0.0
151,1.510027439,left_hip_roll_joint,-0.1,-0.1,0.0
151,1.510027439,left_hip_pitch_joint,0.878,0.878,0.0
151,1.510027439,left_knee_pitch_joint,-0.13,-0.13,0.0
151,1.510027439,left_ankle_pitch_joint,0.65,0.65,0.0
151,1.510027439,left_ankle_roll_joint,0.1,0.1,0.0
152,1.520089119,right_hip_yaw_joint,0.0,0.0,0.0
152,1.520089119,right_hip_roll_joint,0.1,0.1,0.0
152,1.520089119,right_hip_pitch_joint,-0.878,-0.878,0.0
152,1.520089119,right_knee_pitch_joint,0.13,0.13,0.0
152,1.520089119,right_ankle_pitch_joint,-0.65,-0.65,0.0
152,1.520089119,right_ankle_roll_joint,-0.1,-0.1,0.0
152,1.520089119,left_hip_yaw_joint,0.0,0.0,0.0
152,1.520089119,left_hip_roll_joint,-0.1,-0.1,0.0
152,1.520089119,left_hip_pitch_joint,0.878,0.878,0.0
152,1.520089119,left_knee_pitch_joint,-0.13,-0.13,0.0
152,1.520089119,left_ankle_pitch_joint,0.65,0.65,0.0
152,1.520089119,left_ankle_roll_joint,0.1,0.1,0.0
153,1.530081206,right_hip_yaw_joint,0.0,0.0,0.0
153,1.530081206,right_hip_roll_joint,0.1,0.1,0.0
153,1.530081206,right_hip_pitch_joint,-0.878,-0.878,0.0
153,1.530081206,right_knee_pitch_joint,0.13,0.13,0.0
153,1.530081206,right_ankle_pitch_joint,-0.65,-0.65,0.0
153,1.530081206,right_ankle_roll_joint,-0.1,-0.1,0.0
153,1.530081206,left_hip_yaw_joint,0.0,0.0,0.0
153,1.530081206,left_hip_roll_joint,-0.1,-0.1,0.0
153,1.530081206,left_hip_pitch_joint,0.878,0.878,0.0
153,1.530081206,left_knee_pitch_joint,-0.13,-0.13,0.0
153,1.530081206,left_ankle_pitch_joint,0.65,0.65,0.0
153,1.530081206,left_ankle_roll_joint,0.1,0.1,0.0
154,1.540065878,right_hip_yaw_joint,0.0,0.0,0.0
154,1.540065878,right_hip_roll_joint,0.1,0.1,0.0
154,1.540065878,right_hip_pitch_joint,-0.878,-0.878,0.0
154,1.540065878,right_knee_pitch_joint,0.13,0.13,0.0
154,1.540065878,right_ankle_pitch_joint,-0.65,-0.65,0.0
154,1.540065878,right_ankle_roll_joint,-0.1,-0.1,0.0
154,1.540065878,left_hip_yaw_joint,0.0,0.0,0.0
154,1.540065878,left_hip_roll_joint,-0.1,-0.1,0.0
154,1.540065878,left_hip_pitch_joint,0.878,0.878,0.0
154,1.540065878,left_knee_pitch_joint,-0.13,-0.13,0.0
154,1.540065878,left_ankle_pitch_joint,0.65,0.65,0.0
154,1.540065878,left_ankle_roll_joint,0.1,0.1,0.0
155,1.550068907,right_hip_yaw_joint,0.0,0.0,0.0
155,1.550068907,right_hip_roll_joint,0.1,0.1,0.0
155,1.550068907,right_hip_pitch_joint,-0.878,-0.878,0.0
155,1.550068907,right_knee_pitch_joint,0.13,0.13,0.0
155,1.550068907,right_ankle_pitch_joint,-0.65,-0.65,0.0
155,1.550068907,right_ankle_roll_joint,-0.1,-0.1,0.0
155,1.550068907,left_hip_yaw_joint,0.0,0.0,0.0
155,1.550068907,left_hip_roll_joint,-0.1,-0.1,0.0
155,1.550068907,left_hip_pitch_joint,0.878,0.878,0.0
155,1.550068907,left_knee_pitch_joint,-0.13,-0.13,0.0
155,1.550068907,left_ankle_pitch_joint,0.65,0.65,0.0
155,1.550068907,left_ankle_roll_joint,0.1,0.1,0.0
156,1.560068574,right_hip_yaw_joint,-0.0009352160424606572,0.0,0.0009352160424606572
156,1.560068574,right_hip_roll_joint,0.10009109633559182,0.1,-9.109633559181707e-05
156,1.560068574,right_hip_pitch_joint,-0.8725333888916894,-0.878,-0.005466611108310593
156,1.560068574,right_knee_pitch_joint,0.1289214186481076,0.13,0.0010785813518923992
156,1.560068574,right_ankle_pitch_joint,-0.6467406574978063,-0.65,-0.0032593425021937295
156,1.560068574,right_ankle_roll_joint,-0.09992689929658055,-0.1,-7.310070341945418e-05
156,1.560068574,left_hip_yaw_joint,0.0009622334170468476,0.0,-0.0009622334170468476
156,1.560068574,left_hip_roll_joint,-0.10009691538349853,-0.1,9.691538349852757e-05
156,1.560068574,left_hip_pitch_joint,0.872533635487742,0.878,0.005466364512258015
156,1.560068574,left_knee_pitch_joint,-0.12892385122516342,-0.13,-0.0010761487748365828
156,1.560068574,left_ankle_pitch_joint,0.6467457516774268,0.65,0.003254248322573261
156,1.560068574,left_ankle_roll_joint,0.09990665575582086,0.1,9.334424417914433e-05
157,1.570067085,right_hip_yaw_joint,0.0011072356077906154,0.0,-0.0011072356077906154
157,1.570067085,right_hip_roll_joint,0.09923270542561129,0.1,0.0007672945743887188
157,1.570067085,right_hip_pitch_joint,-0.8674222004242037,-0.878,-0.010577799575796298
157,1.570067085,right_knee_pitch_joint,0.12892141882981317,0.13,0.001078581170186832
157,1.570067085,right_ankle_pitch_joint,-0.6431144555477344,-0.65,-0.006885544452265635
157,1.570067085,right_ankle_roll_joint,-0.09684561281089688,-0.1,-0.0031543871891031305
157,1.570067085,left_hip_yaw_joint,0.00802683380032816,0.0,-0.00802683380032816
157,1.570067085,left_hip_roll_joint,-0.105227612414379,-0.1,0.005227612414378996
157,1.570067085,left_hip_pitch_joint,0.8645546104673151,0.878,0.013445389532684926
157,1.570067085,left_knee_pitch_joint,-0.12892385142485527,-0.13,-0.0010761485751447364
157,1.570067085,left_ankle_pitch_joint,0.6430093271785482,0.65,0.0069906728214518266
157,1.570067085,left_ankle_roll_joint,0.1037870848202894,0.1,-0.003787084820289388
158,1.580063573,right_hip_yaw_joint,0.001107235625675873,0.0,-0.001107235625675873
158,1.580063573,right_hip_roll_joint,0.09500887872198917,0.1,0.004991121278010838
158,1.580063573,right_hip_pitch_joint,-0.8666935824577113,-0.878,-0.011306417542288671
158,1.580063573,right_knee_pitch_joint,0.12892141895770512,0.13,0.001078581042294885
158,1.580063573,right_ankle_pitch_joint,-0.6391774124459554,-0.65,-0.010822587554044638
158,1.580063573,right_ankle_roll_joint,-0.09684561273831571,-0.1,-0.003154387261684294
158,1.580063573,left_hip_yaw_joint,0.008026833802267954,0.0,-0.008026833802267954
158,1.580063573,left_hip_roll_joint,-0.10510470849365602,-0.1,0.005104708493656018
158,1.580063573,left_hip_pitch_joint,0.8611444497785878,0.878,0.016855550221412163
158,1.580063573,left_knee_pitch_joint,-0.12892385150570446,-0.13,-0.001076148494295548
158,1.580063573,left_ankle_pitch_joint,0.6430093270306722,0.65,0.006990672969327871
158,1.580063573,left_ankle_roll_joint,0.10378708484848158,0.1,-0.003787084848481573
159,1.590065391,right_hip_yaw_joint,0.0011072356259731143,0.0,-0.0011072356259731143
159,1.590065391,right_hip_roll_joint,0.09489246346339014,0.1,0.0051075365366098635
159,1.590065391,right_hip_pitch_joint,-0.8679544073480148,-0.878,-0.010045592651985236
159,1.590065391,right_knee_pitch_joint,0.12892141895893922,0.13,0.0010785810410607888
159,1.590065391,right_ankle_pitch_joint,-0.6391774124761339,-0.65,-0.010822587523866112
159,1.590065391,right_ankle_roll_joint,-0.09684561274519134,-0.1,-0.0031543872548086688
159,1.590065391,left_hip_yaw_joint,0.008026833799266182,0.0,-0.008026833799266182
159,1.590065391,left_hip_roll_joint,-0.10343886896063827,-0.1,0.003438868960638261
159,1.590065391,left_hip_pitch_joint,0.8611444497847556,0.878,0.01685555021524443
159,1.590065391,left_knee_pitch_joint,-0.1289238515047607,-0.13,-0.001076148495239293
159,1.590065391,left_ankle_pitch_joint,0.6430093270481443,0.65,0.0069906729518557364
159,1.590065391,left_ankle_roll_joint,0.10378708483996779,0.1,-0.003787084839967786
160,1.600069073,right_hip_yaw_joint,0.0011072356285145041,0.0,-0.0011072356285145041
160,1.600069073,right_hip_roll_joint,0.09824628234165173,0.1,0.0017537176583482805
160,1.600069073,right_hip_pitch_joint,-0.8673460806192982,-0.878,-0.010653919380701815
160,1.600069073,right_knee_pitch_joint,0.1289214189736246,0.13,0.001078581026375397
160,1.600069073,right_ankle_pitch_joint,-0.6391774124821301,-0.65,-0.010822587517869908
160,1.600069073,right_ankle_roll_joint,-0.0968456127065873,-0.1,-0.0031543872934127054
160,1.600069073,left_hip_yaw_joint,0.008026833795769493,0.0,-0.008026833795769493
160,1.600069073,left_hip_roll_joint,-0.10380482033004185,-0.1,0.0038048203300418415
160,1.600069073,left_hip_pitch_joint,0.8611444497927514,0.878,0.016855550207248604
160,1.600069073,left_knee_pitch_joint,-0.12892385150079474,-0.13,-0.0010761484992052595
160,1.600069073,left_ankle_pitch_joint,0.6430093270671103,0.65,0.0069906729328896855
160,1.600069073,left_ankle_roll_joint,0.10378708482961023,0.1,-0.003787084829610224
161,1.610065950,right_hip_yaw_joint,0.001107235629476057,0.0,-0.001107235629476057
161,1.610065950,right_hip_roll_joint,0.09902234822194911,0.1,0.0009776517780508975
161,1.610065950,right_hip_pitch_joint,-0.868640654937125,-0.878,-0.009359345062875057
161,1.610065950,right_knee_pitch_joint,0.12892141897350126,0.13,0.0010785810264987428
161,1.610065950,right_ankle_pitch_joint,-0.6391774125132169,-0.65,-0.010822587486783108
161,1.610065950,right_ankle_roll_joint,-0.09684561271143116,-0.1,-0.003154387288568844
161,1.610065950,left_hip_yaw_joint,0.008026833792037492,0.0,-0.008026833792037492
161,1.610065950,left_hip_roll_joint,-0.10366188280708144,-0.1,0.0036618828070814347
161,1.610065950,left_hip_pitch_joint,0.8611444497983896,0.878,0.016855550201610447
161,1.610065950,left_knee_pitch_joint,-0.128923851500758,-0.13,-0.0010761484992420078
161,1.610065950,left_ankle_pitch_joint,0.6430093270841293,0.65,0.006990672915870744
161,1.610065950,left_ankle_roll_joint,0.10378708481919159,0.1,-0.0037870848191915857
162,1.620062310,right_hip_yaw_joint,0.0011072356302362493,0.0,-0.0011072356302362493
162,1.620062310,right_hip_roll_joint,0.0993147588558686,0.1,0.0006852411441314044
162,1.620062310,right_hip_pitch_joint,-0.8697490326681581,-0.878,-0.00825096733184194
162,1.620062310,right_knee_pitch_joint,0.12892141897329093,0.13,0.0010785810267090745
162,1.620062310,right_ankle_pitch_joint,-0.6391774125443529,-0.65,-0.010822587455647126
162,1.620062310,right_ankle_roll_joint,-0.09684561271681194,-0.1,-0.003154387283188065
162,1.620062310,left_hip_yaw_joint,0.008026833788491918,0.0,-0.008026833788491918
162,1.620062310,left_hip_roll_joint,-0.1031732685052323,-0.1,0.0031732685052322934
162,1.620062310,left_hip_pitch_joint,0.8611444498040312,0.878,0.01685555019596885
162,1.620062310,left_knee_pitch_joint,-0.12892385150073749,-0.13,-0.0010761484992625192
162,1.620062310,left_ankle_pitch_joint,0.6430093271011268,0.65,0.006990672898873229
162,1.620062310,left_ankle_roll_joint,0.10378708480930111,0.1,-0.0037870848093011084
163,1.630068933,right_hip_yaw_joint,0.0011072356308986864,0.0,-0.0011072356308986864
163,1.630068933,right_hip_roll_joint,0.10279798323883363,0.1,-0.0027979832388336234
163,1.630068933,right_hip_pitch_joint,-0.8688836002322529,-0.878,-0.009116399767747141
163,1.630068933,right_knee_pitch_joint,0.12892141906694032,0.13,0.0010785809330596807
163,1.630068933,right_ankle_pitch_joint,-0.6391774124357678,-0.65,-0.010822587564232267
163,1.630068933,right_ankle_roll_joint,-0.09477829204829011,-0.1,-0.005221707951709897
163,1.630068933,left_hip_yaw_joint,0.0080268337839356,0.0,-0.0080268337839356
163,1.630068933,left_hip_roll_joint,-0.10549316488675904,-0.1,0.005493164886759036
163,1.630068933,left_hip_pitch_joint,0.8611444498090217,0.878,0.016855550190978286
163,1.630068933,left_knee_pitch_joint,-0.12892385149517038,-0.13,-0.0010761485048296215
163,1.630068933,left_ankle_pitch_joint,0.6430093271245493,0.65,0.006990672875450743
163,1.630068933,left_ankle_roll_joint,0.1037870847957975,0.1,-0.0037870847957974935
164,1.640066696,right_hip_yaw_joint,0.0011072356320082017,0.0,-0.0011072356320082017
164,1.640066696,right_hip_roll_joint,0.10316340244122518,0.1,-0.003163402441225177
164,1.640066696,right_hip_pitch_joint,-0.8699371445988316,-0.878,-0.008062855401168356
164,1.640066696,right_knee_pitch_joint,0.12892141906692126,0.13,0.0010785809330787488
164,1.640066696,right_ankle_pitch_joint,-0.6391774124667675,-0.65,-0.010822587533232508
164,1.640066696,right_ankle_roll_joint,-0.09477829206681,-0.1,-0.0052217079331900035
164,1.640066696,left_hip_yaw_joint,0.008026833780037487,0.0,-0.008026833780037487
164,1.640066696,left_hip_roll_joint,-0.10538991076186548,-0.1,0.005389910761865471
164,1.640066696,left_hip_pitch_joint,0.8611444498146703,0.878,0.016855550185329693
164,1.640066696,left_knee_pitch_joint,-0.12892385149510782,-0.13,-0.0010761485048921826
164,1.640066696,left_ankle_pitch_joint,0.643009327141575,0.65,0.006990672858425029
164,1.640066696,left_ankle_roll_joint,0.10378708478495388,0.1,-0.003787084784953876
165,1.650068925,right_hip_yaw_joint,0.0011072356323515034,0.0,-0.0011072356323515034
165,1.650068925,right_hip_roll_joint,0.10239286071376383,0.1,-0.0023928607137638225
165,1.650068925,right_hip_pitch_joint,-0.8701667136173052,-0.878,-0.00783328638269476
165,1.650068925,right_knee_pitch_joint,0.12892141913245472,0.13,0.0010785808675452813
165,1.650068925,right_ankle_pitch_joint,-0.6385721283051249,-0.65,-0.011427871694875136
165,1.650068925,right_ankle_roll_joint,-0.0928725252767582,-0.1,-0.007127474723241808
165,1.650068925,left_hip_yaw_joint,0.008026833776069709,0.0,-0.008026833776069709
165,1.650068925,left_hip_roll_joint,-0.10541802011115532,-0.1,0.005418020111155317
165,1.650068925,left_hip_pitch_joint,0.8611444498181683,0.878,0.016855550181831713
165,1.650068925,left_knee_pitch_joint,-0.12892385149359634,-0.13,-0.001076148506403668
165,1.650068925,left_ankle_pitch_joint,0.6430093271621277,0.65,0.006990672837872358
165,1.650068925,left_ankle_roll_joint,0.10378708477390902,0.1,-0.0037870847739090163
166,1.660060103,right_hip_yaw_joint,0.001107235633343695,0.0,-0.001107235633343695
166,1.660060103,right_hip_roll_joint,0.1023204067834648,0.1,-0.00232040678346479
166,1.660060103,right_hip_pitch_joint,-0.8706879310382637,-0.878,-0.007312068961736307
166,1.660060103,right_knee_pitch_joint,0.128921419136004,0.13,0.0010785808639960093
166,1.660060103,right_ankle_pitch_joint,-0.6385721283359707,-0.65,-0.011427871664029365
166,1.660060103,right_ankle_roll_joint,-0.09287252530923792,-0.1,-0.007127474690762081
166,1.660060103,left_hip_yaw_joint,0.008026833772382086,0.0,-0.008026833772382086
166,1.660060103,left_hip_roll_joint,-0.1050287319716427,-0.1,0.0050287319716426915
166,1.660060103,left_hip_pitch_joint,0.8611444498249194,0.878,0.016855550175080558
166,1.660060103,left_knee_pitch_joint,-0.12892385149131036,-0.13,-0.001076148508689645
166,1.660060103,left_ankle_pitch_joint,0.6430093271804562,0.65,0.006990672819543797
166,1.660060103,left_ankle_roll_joint,0.10378708476325844,0.1,-0.0037870847632584387
167,1.670084428,right_hip_yaw_joint,0.0011072356339873139,0.0,-0.0011072356339873139
167,1.670084428,right_hip_roll_joint,0.10172080799235021,0.1,-0.0017208079923502068
167,1.670084428,right_hip_pitch_joint,-0.8704366830301195,-0.878,-0.007563316969880551
167,1.670084428,right_knee_pitch_joint,0.12892141920596698,0.13,0.0010785807940330294
167,1.670084428,right_ankle_pitch_joint,-0.6375918753334818,-0.65,-0.012408124666518194
167,1.670084428,right_ankle_roll_joint,-0.09241459553792786,-0.1,-0.007585404462072148
167,1.670084428,left_hip_yaw_joint,0.00802683376832311,0.0,-0.00802683376832311
167,1.670084428,left_hip_roll_joint,-0.10534180543357977,-0.1,0.0053418054335797605
167,1.670084428,left_hip_pitch_joint,0.8611444498295403,0.878,0.0168555501704597
167,1.670084428,left_knee_pitch_joint,-0.12892385148742377,-0.13,-0.0010761485125762305
167,1.670084428,left_ankle_pitch_joint,0.6430093272024526,0.65,0.006990672797547393
167,1.670084428,left_ankle_roll_joint,0.1037870847515541,0.1,-0.003787084751554093
168,1.680062118,right_hip_yaw_joint,0.0011072356347306602,0.0,-0.0011072356347306602
168,1.680062118,right_hip_roll_joint,0.10158935445645349,0.1,-0.0015893544564534873
168,1.680062118,right_hip_pitch_joint,-0.8712541143873309,-0.878,-0.006745885612669089
168,1.680062118,right_knee_pitch_joint,0.12892141920594877,0.13,0.001078580794051237
168,1.680062118,right_ankle_pitch_joint,-0.6375918753702078,-0.65,-0.012408124629792239
168,1.680062118,right_ankle_roll_joint,-0.09241459557349574,-0.1,-0.007585404426504266
168,1.680062118,left_hip_yaw_joint,0.008026833764748042,0.0,-0.008026833764748042
168,1.680062118,left_hip_roll_joint,-0.10462689354841127,-0.1,0.004626893548411268
168,1.680062118,left_hip_pitch_joint,0.8611444498352508,0.878,0.016855550164749156
168,1.680062118,left_knee_pitch_joint,-0.12892385148718202,-0.13,-0.0010761485128179815
168,1.680062118,left_ankle_pitch_joint,0.6430093272196038,0.65,0.006990672780396223
168,1.680062118,left_ankle_roll_joint,0.10378708474164099,0.1,-0.003787084741640981
169,1.690079960,right_hip_yaw_joint,0.0011072356384026405,0.0,-0.0011072356384026405
169,1.690079960,right_hip_roll_joint,0.0989403854715532,0.1,0.0010596145284468006
169,1.690079960,right_hip_pitch_joint,-0.8744459661706327,-0.878,-0.0035540338293672535
169,1.690079960,right_knee_pitch_joint,0.12892141927277095,0.13,0.0010785807272290504
169,1.690079960,right_ankle_pitch_joint,-0.63759187531,-0.65,-0.012408124690000077
169,1.690079960,right_ankle_roll_joint,-0.10037587538169751,-0.1,0.0003758753816975047
169,1.690079960,left_hip_yaw_joint,0.008026833768065195,0.0,-0.008026833768065195
169,1.690079960,left_hip_roll_joint,-0.10703481280197888,-0.1,0.007034812801978874
169,1.690079960,left_hip_pitch_joint,0.8607532289216759,0.878,0.017246771078324064
169,1.690079960,left_knee_pitch_joint,-0.12926592573541662,-0.13,-0.0007340742645833842
169,1.690079960,left_ankle_pitch_joint,0.6398463776426524,0.65,0.010153622357347625
169,1.690079960,left_ankle_roll_joint,0.10253105435714528,0.1,-0.0025310543571452765
170,1.700060554,right_hip_yaw_joint,0.0011072356404035078,0.0,-0.0011072356404035078
170,1.700060554,right_hip_roll_joint,0.10090092962648153,0.1,-0.0009009296264815281
170,1.700060554,right_hip_pitch_joint,-0.8744864122051252,-0.878,-0.003513587794874762
170,1.700060554,right_knee_pitch_joint,0.1289214192755011,0.13,0.001078580724498901
170,1.700060554,right_ankle_pitch_joint,-0.6375918753450067,-0.65,-0.012408124654993302
170,1.700060554,right_ankle_roll_joint,-0.10037587536015537,-0.1,0.0003758753601553616
170,1.700060554,left_hip_yaw_joint,0.00802683376395278,0.0,-0.00802683376395278
170,1.700060554,left_hip_roll_joint,-0.10747846947139701,-0.1,0.007478469471397006
170,1.700060554,left_hip_pitch_joint,0.8607532289277079,0.878,0.01724677107229211
170,1.700060554,left_knee_pitch_joint,-0.1292659257328176,-0.13,-0.0007340742671824163
170,1.700060554,left_ankle_pitch_joint,0.639846377669478,0.65,0.010153622330521972
170,1.700060554,left_ankle_roll_joint,0.10253105440648343,0.1,-0.002531054406483421
171,1.710019536,right_hip_yaw_joint,0.0011072356412824861,0.0,-0.0011072356412824861
171,1.710019536,right_hip_roll_joint,0.10111243687872248,0.1,-0.001112436878722478
171,1.710019536,right_hip_pitch_joint,-0.874703498464091,-0.878,-0.003296501535908991
171,1.710019536,right_knee_pitch_joint,0.12892141927563733,0.13,0.0010785807243626766
171,1.710019536,right_ankle_pitch_joint,-0.6375918753815508,-0.65,-0.012408124618449201
171,1.710019536,right_ankle_roll_joint,-0.10037587534119644,-0.1,0.00037587534119642996
171,1.710019536,left_hip_yaw_joint,0.008026833760270816,0.0,-0.008026833760270816
171,1.710019536,left_hip_roll_joint,-0.10667457814860362,-0.1,0.006674578148603616
171,1.710019536,left_hip_pitch_joint,0.8607532289335601,0.878,0.017246771066439903
171,1.710019536,left_knee_pitch_joint,-0.129265925732267,-0.13,-0.0007340742677330037
171,1.710019536,left_ankle_pitch_joint,0.6398463776978716,0.65,0.010153622302128462
171,1.710019536,left_ankle_roll_joint,0.10253105440480217,0.1,-0.002531054404802169
172,1.720067875,right_hip_yaw_joint,0.001107235642673494,0.0,-0.001107235642673494
172,1.720067875,right_hip_roll_joint,0.10190687358695212,0.1,-0.0019068735869521153
172,1.720067875,right_hip_pitch_joint,-0.8743874516975547,-0.878,-0.0036125483024452842
172,1.720067875,right_knee_pitch_joint,0.12892141927571757,0.13,0.0010785807242824352
172,1.720067875,right_ankle_pitch_joint,-0.6375918754209542,-0.65,-0.012408124579045832
172,1.720067875,right_ankle_roll_joint,-0.10037587532095199,-0.1,0.00037587532095198495
172,1.720067875,left_hip_yaw_joint,0.00802683375873966,0.0,-0.00802683375873966
172,1.720067875,left_hip_roll_joint,-0.10516685425610152,-0.1,0.0051668542561015135
172,1.720067875,left_hip_pitch_joint,0.8607532289405481,0.878,0.017246771059451937
172,1.720067875,left_knee_pitch_joint,-0.13072955266472183,-0.13,0.0007295526647218276
172,1.720067875,left_ankle_pitch_joint,0.639846377643422,0.65,0.010153622356578018
172,1.720067875,left_ankle_roll_joint,0.10064419222450395,0.1,-0.000644192224503945
173,1.730070903,right_hip_yaw_joint,0.0011072356438908172,0.0,-0.0011072356438908172
173,1.730070903,right_hip_roll_joint,0.10264497075316276,0.1,-0.002644970753162751
173,1.730070903,right_hip_pitch_joint,-0.874267297028033,-0.878,-0.003732702971967039
173,1.730070903,right_knee_pitch_joint,0.1289214192730619,0.13,0.0010785807269381165
173,1.730070903,right_ankle_pitch_joint,-0.6375918754614519,-0.65,-0.012408124538548115
173,1.730070903,right_ankle_roll_joint,-0.10037587530080638,-0.1,0.00037587530080637754
173,1.730070903,left_hip_yaw_joint,0.008026833755310808,0.0,-0.008026833755310808
173,1.730070903,left_hip_roll_joint,-0.1042609501555974,-0.1,0.0042609501555973955
173,1.730070903,left_hip_pitch_joint,0.8607532289440658,0.878,0.017246771055934196
173,1.730070903,left_knee_pitch_joint,-0.1324292965393613,-0.13,0.002429296539361303
173,1.730070903,left_ankle_pitch_joint,0.6398463775828208,0.65,0.010153622417179209
173,1.730070903,left_ankle_roll_joint,0.10064419206218615,0.1,-0.0006441920621861469
174,1.740065030,right_hip_yaw_joint,0.0011072356446988063,0.0,-0.0011072356446988063
174,1.740065030,right_hip_roll_joint,0.1024953091293619,0.1,-0.0024953091293618973
174,1.740065030,right_hip_pitch_joint,-0.8745507282271338,-0.878,-0.003449271772866247
174,1.740065030,right_knee_pitch_joint,0.12892141927292813,0.13,0.0010785807270718706
174,1.740065030,right_ankle_pitch_joint,-0.6375918754981458,-0.65,-0.012408124501854245
174,1.740065030,right_ankle_roll_joint,-0.10037587528199719,-0.1,0.00037587528199718723
174,1.740065030,left_hip_yaw_joint,0.008026833751690561,0.0,-0.008026833751690561
174,1.740065030,left_hip_roll_joint,-0.10383085270845267,-0.1,0.0038308527084526672
174,1.740065030,left_hip_pitch_joint,0.8607532289497946,0.878,0.017246771050205445
174,1.740065030,left_knee_pitch_joint,-0.13242929653448485,-0.13,0.0024292965344848427
174,1.740065030,left_ankle_pitch_joint,0.6398463776110226,0.65,0.010153622388977435
174,1.740065030,left_ankle_roll_joint,0.1006441920735223,0.1,-0.0006441920735223011
175,1.750064602,right_hip_yaw_joint,0.0011072356460102538,0.0,-0.0011072356460102538
175,1.750064602,right_hip_roll_joint,0.10296903050798559,0.1,-0.0029690305079855817
175,1.750064602,right_hip_pitch_joint,-0.8747302911587145,-0.878,-0.0032697088412855235
175,1.750064602,right_knee_pitch_joint,0.12892141927147177,0.13,0.0010785807285282334
175,1.750064602,right_ankle_pitch_joint,-0.6375918755384105,-0.65,-0.012408124461589565
175,1.750064602,right_ankle_roll_joint,-0.10037587526184145,-0.1,0.00037587526184144904
175,1.750064602,left_hip_yaw_joint,0.008026833748756774,0.0,-0.008026833748756774
175,1.750064602,left_hip_roll_joint,-0.10209150070462382,-0.1,0.0020915007046238138
175,1.750064602,left_hip_pitch_joint,0.8607532289545576,0.878,0.017246771045442366
175,1.750064602,left_knee_pitch_joint,-0.13464966720214216,-0.13,0.00464966720214216
175,1.750064602,left_ankle_pitch_joint,0.639846377543895,0.65,0.010153622456105071
175,1.750064602,left_ankle_roll_joint,0.10064419190151458,0.1,-0.0006441919015145736
176,1.760085715,right_hip_yaw_joint,0.0011072356466112548,0.0,-0.0011072356466112548
176,1.760085715,right_hip_roll_joint,0.1024397611356535,0.1,-0.002439761135653501
176,1.760085715,right_hip_pitch_joint,-0.8749785090402589,-0.878,-0.0030214909597411355
176,1.760085715,right_knee_pitch_joint,0.1289214192709855,0.13,0.001078580729014511
176,1.760085715,right_ankle_pitch_joint,-0.6375918755753327,-0.65,-0.012408124424667322
176,1.760085715,right_ankle_roll_joint,-0.10037587524351338,-0.1,0.00037587524351337387
176,1.760085715,left_hip_yaw_joint,0.008026833745306525,0.0,-0.008026833745306525
176,1.760085715,left_hip_roll_joint,-0.10164937823707793,-0.1,0.0016493782370779198
176,1.760085715,left_hip_pitch_joint,0.8607532289601866,0.878,0.017246771039813424
176,1.760085715,left_knee_pitch_joint,-0.1346496671942399,-0.13,0.004649667194239898
176,1.760085715,left_ankle_pitch_joint,0.6398463775719873,0.65,0.010153622428012765
176,1.760085715,left_ankle_roll_joint,0.10064419191335146,0.1,-0.0006441919133514523
177,1.770077932,right_hip_yaw_joint,0.0011072356476003464,0.0,-0.0011072356476003464
177,1.770077932,right_hip_roll_joint,0.1024121359446749,0.1,-0.0024121359446748897
177,1.770077932,right_hip_pitch_joint,-0.8752862549138182,-0.878,-0.002713745086181829
177,1.770077932,right_knee_pitch_joint,0.12892141926728656,0.13,0.0010785807327134411
177,1.770077932,right_ankle_pitch_joint,-0.6375918756167852,-0.65,-0.012408124383214814
177,1.770077932,right_ankle_roll_joint,-0.10037587522391121,-0.1,0.00037587522391120676
177,1.770077932,left_hip_yaw_joint,0.008026833741187605,0.0,-0.008026833741187605
177,1.770077932,left_hip_roll_joint,-0.09939089385473805,-0.1,-0.0006091061452619534
177,1.770077932,left_hip_pitch_joint,0.8607532289628311,0.878,0.017246771037168873
177,1.770077932,left_knee_pitch_joint,-0.13702028145032313,-0.13,0.007020281450323129
177,1.770077932,left_ankle_pitch_joint,0.6398463775000329,0.65,0.010153622499967097
177,1.770077932,left_ankle_roll_joint,0.10064419177133264,0.1,-0.0006441917713326389
178,1.780075666,right_hip_yaw_joint,0.0011072356483743297,0.0,-0.0011072356483743297
178,1.780075666,right_hip_roll_joint,0.10212675500517913,0.1,-0.002126755005179129
178,1.780075666,right_hip_pitch_joint,-0.8754471348666809,-0.878,-0.0025528651333190933
178,1.780075666,right_knee_pitch_joint,0.1289214192623133,0.13,0.001078580737686713
178,1.780075666,right_ankle_pitch_joint,-0.6375918756586877,-0.65,-0.012408124341312332
178,1.780075666,right_ankle_roll_joint,-0.1003758752047277,-0.1,0.00037587520472769087
178,1.780075666,left_hip_yaw_joint,0.008026833736001875,0.0,-0.008026833736001875
178,1.780075666,left_hip_roll_joint,-0.09696819224468453,-0.1,-0.0030318077553154743
178,1.780075666,left_hip_pitch_joint,0.8607532289638145,0.878,0.01724677103618555
178,1.780075666,left_knee_pitch_joint,-0.13919783474981215,-0.13,0.009197834749812145
178,1.780075666,left_ankle_pitch_joint,0.6398463774282086,0.65,0.01015362257179142
178,1.780075666,left_ankle_roll_joint,0.1006441916598356,0.1,-0.0006441916598355912
179,1.790089829,right_hip_yaw_joint,0.0011072356474461365,0.0,-0.0011072356474461365
179,1.790089829,right_hip_roll_joint,0.10289676193493616,0.1,-0.002896761934936154
179,1.790089829,right_hip_pitch_joint,-0.8751837601206635,-0.878,-0.002816239879336546
179,1.790089829,right_knee_pitch_joint,0.13071577282170008,0.13,-0.0007157728217000725
179,1.790089829,right_ankle_pitch_joint,-0.6375918756011603,-0.65,-0.01240812439883976
179,1.790089829,right_ankle_roll_joint,-0.10219181456667631,-0.1,0.0021918145666763034
179,1.790089829,left_hip_yaw_joint,0.008026833731407331,0.0,-0.008026833731407331
179,1.790089829,left_hip_roll_joint,-0.10042866637396716,-0.1,0.000428666373967157
179,1.790089829,left_hip_pitch_joint,0.8607532289675153,0.878,0.01724677103248473
179,1.790089829,left_knee_pitch_joint,-0.13919783473341565,-0.13,0.00919783473341565
179,1.790089829,left_ankle_pitch_joint,0.639846377460135,0.65,0.01015362253986507
179,1.790089829,left_ankle_roll_joint,0.10064419166818672,0.1,-0.0006441916681867166
180,1.800061314,right_hip_yaw_joint,0.0011072356470839878,0.0,-0.0011072356470839878
180,1.800061314,right_hip_roll_joint,0.10261276337044983,0.1,-0.0026127633704498276
180,1.800061314,right_hip_pitch_joint,-0.8738215052023108,-0.878,-0.0041784947976891695
180,1.800061314,right_knee_pitch_joint,0.13072885400867948,0.13,-0.0007288540086794748
180,1.800061314,right_ankle_pitch_joint,-0.6375918755399147,-0.65,-0.012408124460085324
180,1.800061314,right_ankle_roll_joint,-0.1043019080070714,-0.1,0.004301908007071392
180,1.800061314,left_hip_yaw_joint,0.00802683372676264,0.0,-0.00802683372676264
180,1.800061314,left_hip_roll_joint,-0.10352323800540757,-0.1,0.0035232380054075613
180,1.800061314,left_hip_pitch_joint,0.8607532289732392,0.878,0.017246771026760754
180,1.800061314,left_knee_pitch_joint,-0.13919783471362068,-0.13,0.009197834713620678
180,1.800061314,left_ankle_pitch_joint,0.6398463774937464,0.65,0.010153622506253623
180,1.800061314,left_ankle_roll_joint,0.10064419167570261,0.1,-0.0006441916757026073
181,1.810061662,right_hip_yaw_joint,0.001107235648287964,0.0,-0.001107235648287964
181,1.810061662,right_hip_roll_joint,0.10348170704150277,0.1,-0.00348170704150276
181,1.810061662,right_hip_pitch_joint,-0.8741707582039365,-0.878,-0.003829241796063476
181,1.810061662,right_knee_pitch_joint,0.13072885400333706,0.13,-0.0007288540033370539
181,1.810061662,right_ankle_pitch_joint,-0.6375918755798796,-0.65,-0.012408124420120403
181,1.810061662,right_ankle_roll_joint,-0.10430190796027768,-0.1,0.0043019079602776705
181,1.810061662,left_hip_yaw_joint,0.008026833721994135,0.0,-0.008026833721994135
181,1.810061662,left_hip_roll_joint,-0.10399728077862865,-0.1,0.00399728077862864
181,1.810061662,left_hip_pitch_joint,0.8607532289741439,0.878,0.017246771025856145
181,1.810061662,left_knee_pitch_joint,-0.1413603348614997,-0.13,0.011360334861499705
181,1.810061662,left_ankle_pitch_joint,0.6398463774229154,0.65,0.010153622577084631
181,1.810061662,left_ankle_roll_joint,0.10064419151041487,0.1,-0.0006441915104148654
182,1.820062245,right_hip_yaw_joint,0.0011072356479359278,0.0,-0.0011072356479359278
182,1.820062245,right_hip_roll_joint,0.10300887926007159,0.1,-0.0030088792600715814
182,1.820062245,right_hip_pitch_joint,-0.8745798470619797,-0.878,-0.0034201529380203377
182,1.820062245,right_knee_pitch_joint,0.1307288540517545,0.13,-0.0007288540517544906
182,1.820062245,right_ankle_pitch_joint,-0.6375918755319698,-0.65,-0.01240812446803019
182,1.820062245,right_ankle_roll_joint,-0.1055834122595596,-0.1,0.005583412259559592
182,1.820062245,left_hip_yaw_joint,0.008026833713270018,0.0,-0.008026833713270018
182,1.820062245,left_hip_roll_joint,-0.10586637686223632,-0.1,0.005866376862236317
182,1.820062245,left_hip_pitch_joint,0.8607532289691844,0.878,0.017246771030815622
182,1.820062245,left_knee_pitch_joint,-0.1423587986742898,-0.13,0.012358798674289795
182,1.820062245,left_ankle_pitch_joint,0.6398463773589561,0.65,0.010153622641043913
182,1.820062245,left_ankle_roll_joint,0.10064419142903717,0.1,-0.0006441914290371692
183,1.830021643,right_hip_yaw_joint,0.001107235648806033,0.0,-0.001107235648806033
183,1.830021643,right_hip_roll_joint,0.10309693453466051,0.1,-0.003096934534660506
183,1.830021643,right_hip_pitch_joint,-0.8748629637158829,-0.878,-0.0031370362841171007
183,1.830021643,right_knee_pitch_joint,0.13072885404862175,0.13,-0.0007288540486217465
183,1.830021643,right_ankle_pitch_joint,-0.6375918755688396,-0.65,-0.012408124431160461
183,1.830021643,right_ankle_roll_joint,-0.10558341220511237,-0.1,0.0055834122051123675
183,1.830021643,left_hip_yaw_joint,0.008026833709377425,0.0,-0.008026833709377425
183,1.830021643,left_hip_roll_joint,-0.10563462352843112,-0.1,0.00563462352843111
183,1.830021643,left_hip_pitch_joint,0.8607532289746994,0.878,0.01724677102530059
183,1.830021643,left_knee_pitch_joint,-0.14235879865534182,-0.13,0.012358798655341813
183,1.830021643,left_ankle_pitch_joint,0.6398463773871291,0.65,0.010153622612870894
183,1.830021643,left_ankle_roll_joint,0.10064419143946485,0.1,-0.0006441914394648418
184,1.840074517,right_hip_yaw_joint,0.0011072356495585994,0.0,-0.0011072356495585994
184,1.840074517,right_hip_roll_joint,0.10274973307226343,0.1,-0.0027497330722634217
184,1.840074517,right_hip_pitch_joint,-0.8750246129086322,-0.878,-0.0029753870913677982
184,1.840074517,right_knee_pitch_joint,0.13072885404614207,0.13,-0.0007288540461420634
184,1.840074517,right_ankle_pitch_joint,-0.6375918756053462,-0.65,-0.012408124394653774
184,1.840074517,right_ankle_roll_joint,-0.10558341215104326,-0.1,0.005583412151043257
184,1.840074517,left_hip_yaw_joint,0.00802683370584606,0.0,-0.00802683370584606
184,1.840074517,left_hip_roll_joint,-0.10487008738980068,-0.1,0.004870087389800673
184,1.840074517,left_hip_pitch_joint,0.8607532289805084,0.878,0.01724677101949157
184,1.840074517,left_knee_pitch_joint,-0.1423587986360345,-0.13,0.012358798636034507
184,1.840074517,left_ankle_pitch_joint,0.6398463774154081,0.65,0.01015362258459196
184,1.840074517,left_ankle_roll_joint,0.10064419145096117,0.1,-0.0006441914509611596
185,1.850071007,right_hip_yaw_joint,0.0011072356508235277,0.0,-0.0011072356508235277
185,1.850071007,right_hip_roll_joint,0.10378463765544724,0.1,-0.0037846376554472316
185,1.850071007,right_hip_pitch_joint,-0.8746929942344637,-0.878,-0.0033070057655363305
185,1.850071007,right_knee_pitch_joint,0.1307288540382516,0.13,-0.0007288540382515973
185,1.850071007,right_ankle_pitch_joint,-0.6375918756494545,-0.65,-0.012408124350545502
185,1.850071007,right_ankle_roll_joint,-0.1055834120951076,-0.1,0.005583412095107598
185,1.850071007,left_hip_yaw_joint,0.00802683370176607,0.0,-0.00802683370176607
185,1.850071007,left_hip_roll_joint,-0.10401114415330567,-0.1,0.004011144153305668
185,1.850071007,left_hip_pitch_joint,0.8607532289822848,0.878,0.017246771017715212
185,1.850071007,left_knee_pitch_joint,-0.14552183296429716,-0.13,0.015521832964297155
185,1.850071007,left_ankle_pitch_joint,0.6398463772680627,0.65,0.010153622731937317
185,1.850071007,left_ankle_roll_joint,0.09983541669066194,0.1,0.00016458330933806498
186,1.860086827,right_hip_yaw_joint,0.0011072356508452091,0.0,-0.0011072356508452091
186,1.860086827,right_hip_roll_joint,0.10343661680682624,0.1,-0.0034366168068262343
186,1.860086827,right_hip_pitch_joint,-0.8745672160524737,-0.878,-0.00343278394752633
186,1.860086827,right_knee_pitch_joint,0.13072885409463592,0.13,-0.0007288540946359112
186,1.860086827,right_ankle_pitch_joint,-0.6375918755966753,-0.65,-0.012408124403324727
186,1.860086827,right_ankle_roll_joint,-0.10680221626717344,-0.1,0.006802216267173436
186,1.860086827,left_hip_yaw_joint,0.008026833697003318,0.0,-0.008026833697003318
186,1.860086827,left_hip_roll_joint,-0.1059694117451371,-0.1,0.005969411745137099
186,1.860086827,left_hip_pitch_joint,0.8607532289840856,0.878,0.01724677101591443
186,1.860086827,left_knee_pitch_joint,-0.14552183293589835,-0.13,0.015521832935898344
186,1.860086827,left_ankle_pitch_joint,0.6398463772915663,0.65,0.010153622708433674
186,1.860086827,left_ankle_roll_joint,0.09983541670522296,0.1,0.00016458329477704592
187,1.870086821,right_hip_yaw_joint,0.0011072356517908737,0.0,-0.0011072356517908737
187,1.870086821,right_hip_roll_joint,0.10336999783423254,0.1,-0.00336999783423253
187,1.870086821,right_hip_pitch_joint,-0.8747590193753623,-0.878,-0.003240980624637735
187,1.870086821,right_knee_pitch_joint,0.13072885409230475,0.13,-0.0007288540923047482
187,1.870086821,right_ankle_pitch_joint,-0.6375918756330948,-0.65,-0.012408124366905193
187,1.870086821,right_ankle_roll_joint,-0.10680221620433297,-0.1,0.006802216204332967
187,1.870086821,left_hip_yaw_joint,0.00802683369332248,0.0,-0.00802683369332248
187,1.870086821,left_hip_roll_joint,-0.10548999482337156,-0.1,0.0054899948233715495
187,1.870086821,left_hip_pitch_joint,0.8607532289899018,0.878,0.017246771010098194
187,1.870086821,left_knee_pitch_joint,-0.14552183291208576,-0.13,0.015521832912085753
187,1.870086821,left_ankle_pitch_joint,0.6398463773198679,0.65,0.01015362268013209
187,1.870086821,left_ankle_roll_joint,0.09983541672174001,0.1,0.0001645832782599943
188,1.880072114,right_hip_yaw_joint,0.0011072356525264684,0.0,-0.0011072356525264684
188,1.880072114,right_hip_roll_joint,0.10294979517712827,0.1,-0.0029497951771282616
188,1.880072114,right_hip_pitch_joint,-0.8749361548905199,-0.878,-0.003063845109480101
188,1.880072114,right_knee_pitch_joint,0.13072885408982365,0.13,-0.0007288540898236495
188,1.880072114,right_ankle_pitch_joint,-0.6375918756696035,-0.65,-0.012408124330396508
188,1.880072114,right_ankle_roll_joint,-0.10680221614201652,-0.1,0.0068022161420165095
188,1.880072114,left_hip_yaw_joint,0.008026833689815454,0.0,-0.008026833689815454
188,1.880072114,left_hip_roll_joint,-0.10471366673263996,-0.1,0.004713666732639954
188,1.880072114,left_hip_pitch_joint,0.8607532289957007,0.878,0.017246771004299277
188,1.880072114,left_knee_pitch_joint,-0.14552183288832882,-0.13,0.015521832888328813
188,1.880072114,left_ankle_pitch_joint,0.639846377348125,0.65,0.010153622651875027
188,1.880072114,left_ankle_roll_joint,0.0998354167387987,0.1,0.0001645832612013065
189,1.890085413,right_hip_yaw_joint,0.0011072356560314018,0.0,-0.0011072356560314018
189,1.890085413,right_hip_roll_joint,0.10138869199785297,0.1,-0.0013886919978529644
189,1.890085413,right_hip_pitch_joint,-0.8718830562431452,-0.878,-0.006116943756854787
189,1.890085413,right_knee_pitch_joint,0.1307288542112357,0.13,-0.0007288542112356966
189,1.890085413,right_ankle_pitch_joint,-0.6346556054978593,-0.65,-0.015344394502140757
189,1.890085413,right_ankle_roll_joint,-0.10898178533848622,-0.1,0.008981785338486217
189,1.890085413,left_hip_yaw_joint,0.0080268336857707,0.0,-0.0080268336857707
189,1.890085413,left_hip_roll_joint,-0.10771577005448638,-0.1,0.0077157700544863705
189,1.890085413,left_hip_pitch_joint,0.8607532289997192,0.878,0.017246771000280825
189,1.890085413,left_knee_pitch_joint,-0.14666270097413225,-0.13,0.01666270097413225
189,1.890085413,left_ankle_pitch_joint,0.6398463773042039,0.65,0.010153622695796116
189,1.890085413,left_ankle_roll_joint,0.09983541657058762,0.1,0.00016458342941239046
190,1.900083416,right_hip_yaw_joint,0.0011072356574936123,0.0,-0.0011072356574936123
190,1.900083416,right_hip_roll_joint,0.1030727330223134,0.1,-0.0030727330223133953
190,1.900083416,right_hip_pitch_joint,-0.8729624616713596,-0.878,-0.005037538328640401
190,1.900083416,right_knee_pitch_joint,0.1307288542076695,0.13,-0.0007288542076694937
190,1.900083416,right_ankle_pitch_joint,-0.6346556055453397,-0.65,-0.015344394454660293
190,1.900083416,right_ankle_roll_joint,-0.10898178525934514,-0.1,0.008981785259345135
190,1.900083416,left_hip_yaw_joint,0.008026833680747688,0.0,-0.008026833680747688
190,1.900083416,left_hip_roll_joint,-0.10864345126522802,-0.1,0.008643451265228017
190,1.900083416,left_hip_pitch_joint,0.8607532290028207,0.878,0.017246770997179306
190,1.900083416,left_knee_pitch_joint,-0.14666270094692507,-0.13,0.01666270094692507
190,1.900083416,left_ankle_pitch_joint,0.6398463773252017,0.65,0.010153622674798357
190,1.900083416,left_ankle_roll_joint,0.09983541658413111,0.1,0.0001645834158688908
191,1.910071061,right_hip_yaw_joint,0.0011072356582504921,0.0,-0.0011072356582504921
191,1.910071061,right_hip_roll_joint,0.10329167034364815,0.1,-0.003291670343648148
191,1.910071061,right_hip_pitch_joint,-0.8727220575654516,-0.878,-0.005277942434548377
191,1.910071061,right_knee_pitch_joint,0.13072885420015756,0.13,-0.0007288542001575582
191,1.910071061,right_ankle_pitch_joint,-0.6346556055980045,-0.65,-0.015344394401995531
191,1.910071061,right_ankle_roll_joint,-0.10898178518126736,-0.1,0.008981785181267354
191,1.910071061,left_hip_yaw_joint,0.008026833678033416,0.0,-0.008026833678033416
191,1.910071061,left_hip_roll_joint,-0.1079380787228363,-0.1,0.007938078722836292
191,1.910071061,left_hip_pitch_joint,0.8607532290083103,0.878,0.017246770991689697
191,1.910071061,left_knee_pitch_joint,-0.14845706364354402,-0.13,0.01845706364354402
191,1.910071061,left_ankle_pitch_joint,0.6398463772719466,0.65,0.010153622728053424
191,1.910071061,left_ankle_roll_joint,0.0998354164082493,0.1,0.00016458359175069992
192,1.920253679,right_hip_yaw_joint,0.0011072356597896568,0.0,-0.0011072356597896568
192,1.920253679,right_hip_roll_joint,0.10411090098172576,0.1,-0.004110900981725757
192,1.920253679,right_hip_pitch_joint,-0.8735615889184064,-0.878,-0.004438411081593596
192,1.920253679,right_knee_pitch_joint,0.13072885419922337,0.13,-0.000728854199223361
192,1.920253679,right_ankle_pitch_joint,-0.6346556056438748,-0.65,-0.015344394356125224
192,1.920253679,right_ankle_roll_joint,-0.10898178510231729,-0.1,0.008981785102317286
192,1.920253679,left_hip_yaw_joint,0.008026833673613053,0.0,-0.008026833673613053
192,1.920253679,left_hip_roll_joint,-0.1077520597113973,-0.1,0.007752059711397294
192,1.920253679,left_hip_pitch_joint,0.8607532290112463,0.878,0.017246770988753712
192,1.920253679,left_knee_pitch_joint,-0.14845706361105324,-0.13,0.01845706361105323
192,1.920253679,left_ankle_pitch_joint,0.6398463772893412,0.65,0.010153622710658783
192,1.920253679,left_ankle_roll_joint,0.09983541642412974,0.1,0.00016458357587026406
193,1.930079345,right_hip_yaw_joint,0.0011072356594310998,0.0,-0.0011072356594310998
193,1.930079345,right_hip_roll_joint,0.1038633796199256,0.1,-0.003863379619925597
193,1.930079345,right_hip_pitch_joint,-0.8739911881610232,-0.878,-0.0040088118389768335
193,1.930079345,right_knee_pitch_joint,0.1307288542509476,0.13,-0.000728854250947597
193,1.930079345,right_ankle_pitch_joint,-0.6346556056039699,-0.65,-0.015344394396030081
193,1.930079345,right_ankle_roll_joint,-0.11088264984233882,-0.1,0.010882649842338818
193,1.930079345,left_hip_yaw_joint,0.008026833665312948,0.0,-0.008026833665312948
193,1.930079345,left_hip_roll_joint,-0.10900370303510964,-0.1,0.00900370303510964
193,1.930079345,left_hip_pitch_joint,0.8607532290072297,0.878,0.017246770992770277
193,1.930079345,left_knee_pitch_joint,-0.14922934862982312,-0.13,0.019229348629823118
193,1.930079345,left_ankle_pitch_joint,0.6398463772284781,0.65,0.010153622771521875
193,1.930079345,left_ankle_roll_joint,0.0998354163435516,0.1,0.00016458365644840545
194,1.940088243,right_hip_yaw_joint,0.0011072356602935575,0.0,-0.0011072356602935575
194,1.940088243,right_hip_roll_joint,0.1036019227256908,0.1,-0.0036019227256907926
194,1.940088243,right_hip_pitch_joint,-0.8742845414328729,-0.878,-0.0037154585671270723
194,1.940088243,right_knee_pitch_joint,0.13072885424832492,0.13,-0.0007288542483249172
194,1.940088243,right_ankle_pitch_joint,-0.6346556056512058,-0.65,-0.0153443943487942
194,1.940088243,right_ankle_roll_joint,-0.11088264975187222,-0.1,0.010882649751872212
194,1.940088243,left_hip_yaw_joint,0.008026833661709748,0.0,-0.008026833661709748
194,1.940088243,left_hip_roll_joint,-0.10791239173010504,-0.1,0.007912391730105037
194,1.940088243,left_hip_pitch_joint,0.8607532290130049,0.878,0.01724677098699512
194,1.940088243,left_knee_pitch_joint,-0.14922934860086381,-0.13,0.01922934860086381
194,1.940088243,left_ankle_pitch_joint,0.6398463772567614,0.65,0.01015362274323861
194,1.940088243,left_ankle_roll_joint,0.0998354163603022,0.1,0.00016458363969780454
195,1.950085615,right_hip_yaw_joint,0.001107235660465348,0.0,-0.001107235660465348
195,1.950085615,right_hip_roll_joint,0.10254102264233474,0.1,-0.002541022642334731
195,1.950085615,right_hip_pitch_joint,-0.8742354109318137,-0.878,-0.0037645890681863303
195,1.950085615,right_knee_pitch_joint,0.1307288542971193,0.13,-0.0007288542971193024
195,1.950085615,right_ankle_pitch_joint,-0.6346556056190676,-0.65,-0.01534439438093238
195,1.950085615,right_ankle_roll_joint,-0.1126758193563768,-0.1,0.012675819356376794
195,1.950085615,left_hip_yaw_joint,0.00802683365603762,0.0,-0.00802683365603762
195,1.950085615,left_hip_roll_joint,-0.10923378361009789,-0.1,0.009233783610097884
195,1.950085615,left_hip_pitch_joint,0.8607532290120229,0.878,0.01724677098797711
195,1.950085615,left_knee_pitch_joint,-0.15024009593975718,-0.13,0.020240095939757174
195,1.950085615,left_ankle_pitch_joint,0.6398463771996264,0.65,0.010153622800373574
195,1.950085615,left_ankle_roll_joint,0.09983541622725639,0.1,0.00016458377274361502
196,1.960086964,right_hip_yaw_joint,0.0011072356614538629,0.0,-0.0011072356614538629
196,1.960086964,right_hip_roll_joint,0.10273539649965802,0.1,-0.0027353964996580105
196,1.960086964,right_hip_pitch_joint,-0.8744997356294215,-0.878,-0.0035002643705784875
196,1.960086964,right_knee_pitch_joint,0.1307288542944532,0.13,-0.0007288542944531851
196,1.960086964,right_ankle_pitch_joint,-0.6346556056663291,-0.65,-0.015344394333670963
196,1.960086964,right_ankle_roll_joint,-0.11267581925336219,-0.1,0.012675819253362183
196,1.960086964,left_hip_yaw_joint,0.008026833652288123,0.0,-0.008026833652288123
196,1.960086964,left_hip_roll_joint,-0.1083964816721427,-0.1,0.0083964816721427
196,1.960086964,left_hip_pitch_joint,0.8607532290177516,0.878,0.01724677098224836
196,1.960086964,left_knee_pitch_joint,-0.15024009590941617,-0.13,0.020240095909416167
196,1.960086964,left_ankle_pitch_joint,0.6398463772279211,0.65,0.010153622772078874
196,1.960086964,left_ankle_roll_joint,0.09983541624354281,0.1,0.00016458375645719836
197,1.970074855,right_hip_yaw_joint,0.0011072356617682806,0.0,-0.0011072356617682806
197,1.970074855,right_hip_roll_joint,0.10252205298579084,0.1,-0.0025220529857908347
197,1.970074855,right_hip_pitch_joint,-0.8739236661259479,-0.878,-0.0040763338740521515
197,1.970074855,right_knee_pitch_joint,0.1307288543421848,0.13,-0.0007288543421848093
197,1.970074855,right_ankle_pitch_joint,-0.6346556056320735,-0.65,-0.015344394367926562
197,1.970074855,right_ankle_roll_joint,-0.11403258830035225,-0.1,0.014032588300352242
197,1.970074855,left_hip_yaw_joint,0.008026833648968001,0.0,-0.008026833648968001
197,1.970074855,left_hip_roll_joint,-0.10929946262433994,-0.1,0.009299462624339935
197,1.970074855,left_hip_pitch_joint,0.8607532290180465,0.878,0.017246770981953485
197,1.970074855,left_knee_pitch_joint,-0.15172953743736067,-0.13,0.02172953743736067
197,1.970074855,left_ankle_pitch_joint,0.6398463771678522,0.65,0.010153622832147824
197,1.970074855,left_ankle_roll_joint,0.09983541607101135,0.1,0.0001645839289886597
198,1.980059387,right_hip_yaw_joint,0.0011072356625421711,0.0,-0.0011072356625421711
198,1.980059387,right_hip_roll_joint,0.10241328728752175,0.1,-0.0024132872875217426
198,1.980059387,right_hip_pitch_joint,-0.873622585307944,-0.878,-0.004377414692055992
198,1.980059387,right_knee_pitch_joint,0.13072885434682405,0.13,-0.0007288543468240427
198,1.980059387,right_ankle_pitch_joint,-0.6346556056741874,-0.65,-0.015344394325812583
198,1.980059387,right_ankle_roll_joint,-0.11403258813402868,-0.1,0.014032588134028676
198,1.980059387,left_hip_yaw_joint,0.00802683364457316,0.0,-0.00802683364457316
198,1.980059387,left_hip_roll_joint,-0.10943704611854797,-0.1,0.009437046118547968
198,1.980059387,left_hip_pitch_joint,0.8607532290255995,0.878,0.017246770974400527
198,1.980059387,left_knee_pitch_joint,-0.15172953740037917,-0.13,0.021729537400379167
198,1.980059387,left_ankle_pitch_joint,0.6398463771992998,0.65,0.010153622800700202
198,1.980059387,left_ankle_roll_joint,0.09983541608398927,0.1,0.0001645839160107354
199,1.990061954,right_hip_yaw_joint,0.0011072356633259062,0.0,-0.0011072356633259062
199,1.990061954,right_hip_roll_joint,0.10222260549574415,0.1,-0.0022226054957441427
199,1.990061954,right_hip_pitch_joint,-0.8739685735927519,-0.878,-0.004031426407248073
199,1.990061954,right_knee_pitch_joint,0.13072885434422526,0.13,-0.0007288543442252604
199,1.990061954,right_ankle_pitch_joint,-0.6346556057214087,-0.65,-0.015344394278591356
199,1.990061954,right_ankle_roll_joint,-0.11403258802232044,-0.1,0.014032588022320436
199,1.990061954,left_hip_yaw_joint,0.008026833641046794,0.0,-0.008026833641046794
199,1.990061954,left_hip_roll_joint,-0.10813458467756303,-0.1,0.00813458467756302
199,1.990061954,left_hip_pitch_joint,0.8607532290313892,0.878,0.017246770968610825
199,1.990061954,left_knee_pitch_joint,-0.15172953736791786,-0.13,0.021729537367917856
199,1.990061954,left_ankle_pitch_joint,0.6398463772275863,0.65,0.010153622772413717
199,1.990061954,left_ankle_roll_joint,0.09983541610095895,0.1,0.00016458389904105974
200,2.000060405,right_hip_yaw_joint,0.0011072356627653355,0.0,-0.0011072356627653355
200,2.000060405,right_hip_roll_joint,0.10129579341848674,0.1,-0.0012957934184867348
200,2.000060405,right_hip_pitch_joint,-0.8738113802188007,-0.878,-0.004188619781199332
200,2.000060405,right_knee_pitch_joint,0.13072885439627274,0.13,-0.0007288543962727378
200,2.000060405,right_ankle_pitch_joint,-0.6346556056808298,-0.65,-0.01534439431917023
200,2.000060405,right_ankle_roll_joint,-0.11558422653882136,-0.1,0.015584226538821355
200,2.000060405,left_hip_yaw_joint,0.008026833633736848,0.0,-0.008026833633736848
200,2.000060405,left_hip_roll_joint,-0.10980313940313252,-0.1,0.009803139403132516
200,2.000060405,left_hip_pitch_joint,0.8607532290284563,0.878,0.0172467709715437
200,2.000060405,left_knee_pitch_joint,-0.15265219168216426,-0.13,0.022652191682164258
200,2.000060405,left_ankle_pitch_joint,0.639846377167322,0.65,0.010153622832678066
200,2.000060405,left_ankle_roll_joint,0.09983541599237228,0.1,0.00016458400762772718
201,2.010018526,right_hip_yaw_joint,0.0011072356634838354,0.0,-0.0011072356634838354
201,2.010018526,right_hip_roll_joint,0.10159121535637664,0.1,-0.0015912153563766296
201,2.010018526,right_hip_pitch_joint,-0.8737669751961628,-0.878,-0.004233024803837249
201,2.010018526,right_knee_pitch_joint,0.13072885438940898,0.13,-0.0007288543894089783
201,2.010018526,right_ankle_pitch_joint,-0.6346556057326985,-0.65,-0.015344394267301498
201,2.010018526,right_ankle_roll_joint,-0.11558422641600422,-0.1,0.01558422641600421
201,2.010018526,left_hip_yaw_joint,0.008026833630701335,0.0,-0.008026833630701335
201,2.010018526,left_hip_roll_joint,-0.10893027193465393,-0.1,0.008930271934653927
201,2.010018526,left_hip_pitch_joint,0.860753229032332,0.878,0.017246770967668024
201,2.010018526,left_knee_pitch_joint,-0.15377495090914364,-0.13,0.02377495090914364
201,2.010018526,left_ankle_pitch_joint,0.6398463771145146,0.65,0.01015362288548538
201,2.010018526,left_ankle_roll_joint,0.09983541583072184,0.1,0.0001645841692781702
202,2.020068200,right_hip_yaw_joint,0.0011072356638581757,0.0,-0.0011072356638581757
202,2.020068200,right_hip_roll_joint,0.10058007598035881,0.1,-0.0005800759803588074
202,2.020068200,right_hip_pitch_joint,-0.8732264374029216,-0.878,-0.004773562597078396
202,2.020068200,right_knee_pitch_joint,0.1307288544454349,0.13,-0.0007288544454348844
202,2.020068200,right_ankle_pitch_joint,-0.6346556056924993,-0.65,-0.015344394307500675
202,2.020068200,right_ankle_roll_joint,-0.11626213572929513,-0.1,0.01626213572929512
202,2.020068200,left_hip_yaw_joint,0.008026833625749557,0.0,-0.008026833625749557
202,2.020068200,left_hip_roll_joint,-0.11035150907899353,-0.1,0.010351509078993529
202,2.020068200,left_hip_pitch_joint,0.8607532290356749,0.878,0.017246770964325142
202,2.020068200,left_knee_pitch_joint,-0.15377495086711573,-0.13,0.02377495086711573
202,2.020068200,left_ankle_pitch_joint,0.6398463771407173,0.65,0.010153622859282674
202,2.020068200,left_ankle_roll_joint,0.0998354158437706,0.1,0.00016458415622939981
203,2.030060783,right_hip_yaw_joint,0.001107235664645964,0.0,-0.001107235664645964
203,2.030060783,right_hip_roll_joint,0.1006651125516174,0.1,-0.0006651125516174
203,2.030060783,right_hip_pitch_joint,-0.8736293982543669,-0.878,-0.004370601745633085
203,2.030060783,right_knee_pitch_joint,0.13072885444278964,0.13,-0.0007288544427896393
203,2.030060783,right_ankle_pitch_joint,-0.6346556057397879,-0.65,-0.015344394260212169
203,2.030060783,right_ankle_roll_joint,-0.11626213560239142,-0.1,0.01626213560239141
203,2.030060783,left_hip_yaw_joint,0.008026833622230932,0.0,-0.008026833622230932
203,2.030060783,left_hip_roll_joint,-0.10891159298522995,-0.1,0.00891159298522995
203,2.030060783,left_hip_pitch_joint,0.8607532290414688,0.878,0.01724677095853122
203,2.030060783,left_knee_pitch_joint,-0.15377495083174775,-0.13,0.023774950831747743
203,2.030060783,left_ankle_pitch_joint,0.6398463771690799,0.65,0.01015362283092014
203,2.030060783,left_ankle_roll_joint,0.09983541586073919,0.1,0.0001645841392608205
204,2.040080211,right_hip_yaw_joint,0.0011072356695864044,0.0,-0.0011072356695864044
204,2.040080211,right_hip_roll_joint,0.10074942010454156,0.1,-0.0007494201045415566
204,2.040080211,right_hip_pitch_joint,-0.8706964553330189,-0.878,-0.007303544666981132
204,2.040080211,right_knee_pitch_joint,0.13072885451268978,0.13,-0.0007288545126897805
204,2.040080211,right_ankle_pitch_joint,-0.6325734463991768,-0.65,-0.017426553600823236
204,2.040080211,right_ankle_roll_joint,-0.11626213534741757,-0.1,0.016262135347417564
204,2.040080211,left_hip_yaw_joint,0.00802683361888678,0.0,-0.00802683361888678
204,2.040080211,left_hip_roll_joint,-0.10830718774444738,-0.1,0.008307187744447372
204,2.040080211,left_hip_pitch_joint,0.8609068064643766,0.878,0.01709319353562344
204,2.040080211,left_knee_pitch_joint,-0.153774950787591,-0.13,0.02377495078759101
204,2.040080211,left_ankle_pitch_joint,0.6398463772041676,0.65,0.010153622795832429
204,2.040080211,left_ankle_roll_joint,0.09983541587701177,0.1,0.00016458412298824
205,2.050061777,right_hip_yaw_joint,-0.003605153317193038,0.0,0.003605153317193038
205,2.050061777,right_hip_roll_joint,0.1036028795514693,0.1,-0.00360287955146929
205,2.050061777,right_hip_pitch_joint,-0.8751828065581757,-0.878,-0.002817193441824295
205,2.050061777,right_knee_pitch_joint,0.13544124354569456,0.13,-0.005441243545694557
205,2.050061777,right_ankle_pitch_joint,-0.6372858355253972,-0.65,-0.01271416447460283
205,2.050061777,right_ankle_roll_joint,-0.12097452440926178,-0.1,0.02097452440926177
205,2.050061777,left_hip_yaw_joint,0.003314444624300945,0.0,-0.003314444624300945
205,2.050061777,left_hip_roll_joint,-0.10817732404422015,-0.1,0.008177324044220141
205,2.050061777,left_hip_pitch_joint,0.8656191954509634,0.878,0.012380804549036561
205,2.050061777,left_knee_pitch_joint,-0.15942116235195336,-0.13,0.029421162351953356
205,2.050061777,left_ankle_pitch_joint,0.6445587662227712,0.65,0.005441233777228827
205,2.050061777,left_ankle_roll_joint,0.09512302653634394,0.1,0.004876973463656065
206,2.060076932,right_hip_yaw_joint,0.0011072356732062007,0.0,-0.0011072356732062007
206,2.060076932,right_hip_roll_joint,0.10529631699871501,0.1,-0.005296316998715009
206,2.060076932,right_hip_pitch_joint,-0.8734217993179898,-0.878,-0.004578200682010203
206,2.060076932,right_knee_pitch_joint,0.1307288544902189,0.13,-0.0007288544902188943
206,2.060076932,right_ankle_pitch_joint,-0.632573446524143,-0.65,-0.017426553475856976
206,2.060076932,right_ankle_roll_joint,-0.11626213508746018,-0.1,0.016262135087460175
206,2.060076932,left_hip_yaw_joint,0.00802683360296998,0.0,-0.00802683360296998
206,2.060076932,left_hip_roll_joint,-0.1087720087753914,-0.1,0.008772008775391388
206,2.060076932,left_hip_pitch_joint,0.8609068064695852,0.878,0.01709319353041483
206,2.060076932,left_knee_pitch_joint,-0.15534036495563988,-0.13,0.025340364955639877
206,2.060076932,left_ankle_pitch_joint,0.6429325196780675,0.65,0.0070674803219324955
206,2.060076932,left_ankle_roll_joint,0.09478714708735052,0.1,0.005212852912649488
207,2.070059240,right_hip_yaw_joint,-0.00024647836399905687,0.0,0.00024647836399905687
207,2.070059240,right_hip_roll_joint,0.10507751170666445,0.1,-0.005077511706664442
207,2.070059240,right_hip_pitch_joint,-0.8735852249828027,-0.878,-0.0044147750171973366
207,2.070059240,right_knee_pitch_joint,0.13072885452913274,0.13,-0.0007288545291327386
207,2.070059240,right_ankle_pitch_joint,-0.6356907973075915,-0.65,-0.01430920269240854
207,2.070059240,right_ankle_roll_joint,-0.11626213479052619,-0.1,0.016262134790526184
207,2.070059240,left_hip_yaw_joint,0.00802683359942415,0.0,-0.00802683359942415
207,2.070059240,left_hip_roll_joint,-0.10892908606947489,-0.1,0.008929086069474887
207,2.070059240,left_hip_pitch_joint,0.8612551051458152,0.878,0.016744894854184844
207,2.070059240,left_knee_pitch_joint,-0.15534036490615963,-0.13,0.025340364906159624
207,2.070059240,left_ankle_pitch_joint,0.6429325197045592,0.65,0.007067480295440798
207,2.070059240,left_ankle_roll_joint,0.09478714710731173,0.1,0.0052128528926882745
208,2.080076397,right_hip_yaw_joint,0.0005061129756302272,0.0,-0.0005061129756302272
208,2.080076397,right_hip_roll_joint,0.10270328284124637,0.1,-0.0027032828412463655
208,2.080076397,right_hip_pitch_joint,-0.8753827476228928,-0.878,-0.002617252377107193
208,2.080076397,right_knee_pitch_joint,0.1307288545135228,0.13,-0.0007288545135228086
208,2.080076397,right_ankle_pitch_joint,-0.6356907973174014,-0.65,-0.01430920268259861
208,2.080076397,right_ankle_roll_joint,-0.11626213463776225,-0.1,0.016262134637762243
208,2.080076397,left_hip_yaw_joint,0.00802683359512722,0.0,-0.00802683359512722
208,2.080076397,left_hip_roll_joint,-0.10793946605447521,-0.1,0.007939466054475208
208,2.080076397,left_hip_pitch_joint,0.861255105148124,0.878,0.016744894851876024
208,2.080076397,left_knee_pitch_joint,-0.1553403648702174,-0.13,0.025340364870217402
208,2.080076397,left_ankle_pitch_joint,0.6429325197222603,0.65,0.007067480277739735
208,2.080076397,left_ankle_roll_joint,0.094787147124204,0.1,0.005212852875796009
209,2.090087868,right_hip_yaw_joint,0.0005061129818618752,0.0,-0.0005061129818618752
209,2.090087868,right_hip_roll_joint,0.10419440704797213,0.1,-0.0041944070479721235
209,2.090087868,right_hip_pitch_joint,-0.8750066171361003,-0.878,-0.0029933828638997184
209,2.090087868,right_knee_pitch_joint,0.13072885452181107,0.13,-0.0007288545218110676
209,2.090087868,right_ankle_pitch_joint,-0.635690797374938,-0.65,-0.014309202625061967
209,2.090087868,right_ankle_roll_joint,-0.11626213444766174,-0.1,0.01626213444766174
209,2.090087868,left_hip_yaw_joint,0.008026833591286954,0.0,-0.008026833591286954
209,2.090087868,left_hip_roll_joint,-0.10768719542050559,-0.1,0.007687195420505583
209,2.090087868,left_hip_pitch_joint,0.8612551051545371,0.878,0.016744894845462932
209,2.090087868,left_knee_pitch_joint,-0.15534036482989688,-0.13,0.025340364829896878
209,2.090087868,left_ankle_pitch_joint,0.6429325197415059,0.65,0.00706748025849413
209,2.090087868,left_ankle_roll_joint,0.09478714714327065,0.1,0.005212852856729358
210,2.100064565,right_hip_yaw_joint,0.0005061129851652588,0.0,-0.0005061129851652588
210,2.100064565,right_hip_roll_joint,0.10285565468006454,0.1,-0.0028556546800645316
210,2.100064565,right_hip_pitch_joint,-0.8754895009641813,-0.878,-0.0025104990358186807
210,2.100064565,right_knee_pitch_joint,0.13072885453720426,0.13,-0.0007288545372042543
210,2.100064565,right_ankle_pitch_joint,-0.6356907974765416,-0.65,-0.014309202523458464
210,2.100064565,right_ankle_roll_joint,-0.11626213420217492,-0.1,0.016262134202174913
210,2.100064565,left_hip_yaw_joint,0.008026833587473966,0.0,-0.008026833587473966
210,2.100064565,left_hip_roll_joint,-0.10693034077823008,-0.1,0.006930340778230071
210,2.100064565,left_hip_pitch_joint,0.8612551051607893,0.878,0.01674489483921071
210,2.100064565,left_knee_pitch_joint,-0.15534036478673366,-0.13,0.025340364786733655
210,2.100064565,left_ankle_pitch_joint,0.642932519763882,0.65,0.007067480236118029
210,2.100064565,left_ankle_roll_joint,0.09478714716204825,0.1,0.005212852837951754
211,2.110039823,right_hip_yaw_joint,0.0005061129873022161,0.0,-0.0005061129873022161
211,2.110039823,right_hip_roll_joint,0.10379969697331755,0.1,-0.003799696973317543
211,2.110039823,right_hip_pitch_joint,-0.875265805365919,-0.878,-0.0027341946340809775
211,2.110039823,right_knee_pitch_joint,0.13072885453659272,0.13,-0.0007288545365927157
211,2.110039823,right_ankle_pitch_joint,-0.6356907975192411,-0.65,-0.014309202480758954
211,2.110039823,right_ankle_roll_joint,-0.11626213407301432,-0.1,0.016262134073014314
211,2.110039823,left_hip_yaw_joint,0.008026833583817068,0.0,-0.008026833583817068
211,2.110039823,left_hip_roll_joint,-0.10672886908299582,-0.1,0.006728869082995817
211,2.110039823,left_hip_pitch_joint,0.8612551051671953,0.878,0.016744894832804724
211,2.110039823,left_knee_pitch_joint,-0.15534036474783072,-0.13,0.025340364747830718
211,2.110039823,left_ankle_pitch_joint,0.642932519781604,0.65,0.007067480218395983
211,2.110039823,left_ankle_roll_joint,0.09478714718121528,0.1,0.0052128528187847245
212,2.120085043,right_hip_yaw_joint,0.0005061129893167773,0.0,-0.0005061129893167773
212,2.120085043,right_hip_roll_joint,0.10563321892934496,0.1,-0.0056332189293449575
212,2.120085043,right_hip_pitch_joint,-0.8765925271255806,-0.878,-0.0014074728744194465
212,2.120085043,right_knee_pitch_joint,0.13072885452083333,0.13,-0.0007288545208333219
212,2.120085043,right_ankle_pitch_joint,-0.6356907975736934,-0.65,-0.014309202426306622
212,2.120085043,right_ankle_roll_joint,-0.11626213394353596,-0.1,0.016262133943535956
212,2.120085043,left_hip_yaw_joint,0.008026833572997796,0.0,-0.008026833572997796
212,2.120085043,left_hip_roll_joint,-0.10646840156295229,-0.1,0.006468401562952281
212,2.120085043,left_hip_pitch_joint,0.8612551051707173,0.878,0.016744894829282653
212,2.120085043,left_knee_pitch_joint,-0.15534036475324467,-0.13,0.025340364753244665
212,2.120085043,left_ankle_pitch_joint,0.6461458293910465,0.65,0.0038541706089535444
212,2.120085043,left_ankle_roll_joint,0.09478714704781102,0.1,0.005212852952188984
213,2.130058269,right_hip_yaw_joint,0.0005061129908234558,0.0,-0.0005061129908234558
213,2.130058269,right_hip_roll_joint,0.10559079575034967,0.1,-0.005590795750349667
213,2.130058269,right_hip_pitch_joint,-0.8765033840290735,-0.878,-0.0014966159709265403
213,2.130058269,right_knee_pitch_joint,0.13072885451743377,0.13,-0.0007288545174337635
213,2.130058269,right_ankle_pitch_joint,-0.635690797618048,-0.65,-0.014309202381951991
213,2.130058269,right_ankle_roll_joint,-0.11626213381570888,-0.1,0.016262133815708874
213,2.130058269,left_hip_yaw_joint,0.00802683356921556,0.0,-0.00802683356921556
213,2.130058269,left_hip_roll_joint,-0.10614883599829421,-0.1,0.006148835998294203
213,2.130058269,left_hip_pitch_joint,0.8612551051761896,0.878,0.016744894823810363
213,2.130058269,left_knee_pitch_joint,-0.15534036471548132,-0.13,0.025340364715481317
213,2.130058269,left_ankle_pitch_joint,0.6461458293968726,0.65,0.003854170603127427
213,2.130058269,left_ankle_roll_joint,0.09478714706667467,0.1,0.005212852933325338
214,2.140077172,right_hip_yaw_joint,0.0008598260164174431,0.0,-0.0008598260164174431
214,2.140077172,right_hip_roll_joint,0.10505534422858465,0.1,-0.005055344228584641
214,2.140077172,right_hip_pitch_joint,-0.8773896814563442,-0.878,-0.0006103185436557856
214,2.140077172,right_knee_pitch_joint,0.13072885452916802,0.13,-0.000728854529168016
214,2.140077172,right_ankle_pitch_joint,-0.6390688229759457,-0.65,-0.010931177024054328
214,2.140077172,right_ankle_roll_joint,-0.11626213358499407,-0.1,0.016262133584994065
214,2.140077172,left_hip_yaw_joint,0.008026833565025242,0.0,-0.008026833565025242
214,2.140077172,left_hip_roll_joint,-0.10642730195207133,-0.1,0.006427301952071321
214,2.140077172,left_hip_pitch_joint,0.8612551051814754,0.878,0.01674489481852459
214,2.140077172,left_knee_pitch_joint,-0.15534036467287396,-0.13,0.025340364672873955
214,2.140077172,left_ankle_pitch_joint,0.6461458294079979,0.65,0.003854170592002104
214,2.140077172,left_ankle_roll_joint,0.09478714708504211,0.1,0.005212852914957891
215,2.150081874,right_hip_yaw_joint,0.0008598260179000783,0.0,-0.0008598260179000783
215,2.150081874,right_hip_roll_joint,0.10596309451616756,0.1,-0.005963094516167555
215,2.150081874,right_hip_pitch_joint,-0.8775832932817828,-0.878,-0.00041670671821725236
215,2.150081874,right_knee_pitch_joint,0.13072885452007185,0.13,-0.0007288545200718477
215,2.150081874,right_ankle_pitch_joint,-0.639068823013646,-0.65,-0.010931176986354041
215,2.150081874,right_ankle_roll_joint,-0.11626213345720085,-0.1,0.016262133457200845
215,2.150081874,left_hip_yaw_joint,0.008026833557341559,0.0,-0.008026833557341559
215,2.150081874,left_hip_roll_joint,-0.10601894882439629,-0.1,0.0060189488243962835
215,2.150081874,left_hip_pitch_joint,0.8612551051881575,0.878,0.016744894811842492
215,2.150081874,left_knee_pitch_joint,-0.15534036466443843,-0.13,0.025340364664438425
215,2.150081874,left_ankle_pitch_joint,0.6484689398921768,0.65,0.0015310601078232233
215,2.150081874,left_ankle_roll_joint,0.09478714697531405,0.1,0.005212853024685951
216,2.160075847,right_hip_yaw_joint,0.0008598260197781116,0.0,-0.0008598260197781116
216,2.160075847,right_hip_roll_joint,0.10648861512668663,0.1,-0.006488615126686623
216,2.160075847,right_hip_pitch_joint,-0.8772413383173072,-0.878,-0.000758661682692785
216,2.160075847,right_knee_pitch_joint,0.13072885451576455,0.13,-0.0007288545157645432
216,2.160075847,right_ankle_pitch_joint,-0.6390688230467155,-0.65,-0.010931176953284494
216,2.160075847,right_ankle_roll_joint,-0.11626213332757762,-0.1,0.016262133327577616
216,2.160075847,left_hip_yaw_joint,0.008026833553863652,0.0,-0.008026833553863652
216,2.160075847,left_hip_roll_joint,-0.10592154315661913,-0.1,0.005921543156619122
216,2.160075847,left_hip_pitch_joint,0.8612551051946598,0.878,0.01674489480534025
216,2.160075847,left_knee_pitch_joint,-0.15534036462167794,-0.13,0.025340364621677935
216,2.160075847,left_ankle_pitch_joint,0.6484689398446828,0.65,0.001531060155317232
216,2.160075847,left_ankle_roll_joint,0.09478714699476731,0.1,0.005212853005232693
217,2.170087829,right_hip_yaw_joint,0.0008598260207413307,0.0,-0.0008598260207413307
217,2.170087829,right_hip_roll_joint,0.1057177715555529,0.1,-0.005717771555552892
217,2.170087829,right_hip_pitch_joint,-0.8770372862692393,-0.878,-0.0009627137307607336
217,2.170087829,right_knee_pitch_joint,0.13072885451248523,0.13,-0.0007288545124852219
217,2.170087829,right_ankle_pitch_joint,-0.6390688230788174,-0.65,-0.010931176921182617
217,2.170087829,right_ankle_roll_joint,-0.11626213320068086,-0.1,0.01626213320068086
217,2.170087829,left_hip_yaw_joint,0.008026833550352629,0.0,-0.008026833550352629
217,2.170087829,left_hip_roll_joint,-0.10510143928213288,-0.1,0.005101439282132872
217,2.170087829,left_hip_pitch_joint,0.8612551052002271,0.878,0.016744894799772925
217,2.170087829,left_knee_pitch_joint,-0.155340364583701,-0.13,0.02534036458370101
217,2.170087829,left_ankle_pitch_joint,0.6484689398422812,0.65,0.0015310601577188665
217,2.170087829,left_ankle_roll_joint,0.09478714701444672,0.1,0.005212852985553282
218,2.180090081,right_hip_yaw_joint,0.0008598260194123452,0.0,-0.0008598260194123452
218,2.180090081,right_hip_roll_joint,0.10376703699211508,0.1,-0.003767036992115072
218,2.180090081,right_hip_pitch_joint,-0.878211888414201,-0.878,0.00021188841420094473
218,2.180090081,right_knee_pitch_joint,0.13072885452173916,0.13,-0.0007288545217391529
218,2.180090081,right_ankle_pitch_joint,-0.6406740373060803,-0.65,-0.00932596269391972
218,2.180090081,right_ankle_roll_joint,-0.12124794849156037,-0.1,0.021247948491560364
218,2.180090081,left_hip_yaw_joint,0.008026833545902574,0.0,-0.008026833545902574
218,2.180090081,left_hip_roll_joint,-0.10483163953224073,-0.1,0.004831639532240722
218,2.180090081,left_hip_pitch_joint,0.861255105210465,0.878,0.016744894789535003
218,2.180090081,left_knee_pitch_joint,-0.15534036456134587,-0.13,0.025340364561345863
218,2.180090081,left_ankle_pitch_joint,0.6502667309485194,0.65,-0.00026673094851936696
218,2.180090081,left_ankle_roll_joint,0.09478714688490049,0.1,0.005212853115099517
219,2.190087577,right_hip_yaw_joint,0.0008598260197145938,0.0,-0.0008598260197145938
219,2.190087577,right_hip_roll_joint,0.10278662716612823,0.1,-0.002786627166128222
219,2.190087577,right_hip_pitch_joint,-0.8781235492977217,-0.878,0.00012354929772173673
219,2.190087577,right_knee_pitch_joint,0.13072885451609637,0.13,-0.0007288545160963611
219,2.190087577,right_ankle_pitch_joint,-0.6406740373336638,-0.65,-0.00932596266633623
219,2.190087577,right_ankle_roll_joint,-0.12124794836366144,-0.1,0.021247948363661437
219,2.190087577,left_hip_yaw_joint,0.008026833542414024,0.0,-0.008026833542414024
219,2.190087577,left_hip_roll_joint,-0.10374846089145462,-0.1,0.0037484608914546136
219,2.190087577,left_hip_pitch_joint,0.8612551052152561,0.878,0.016744894784743947
219,2.190087577,left_knee_pitch_joint,-0.1553403645244605,-0.13,0.025340364524460507
219,2.190087577,left_ankle_pitch_joint,0.6502667309391869,0.65,-0.0002667309391868322
219,2.190087577,left_ankle_roll_joint,0.09478714690477669,0.1,0.005212853095223319
220,2.200084584,right_hip_yaw_joint,0.0008598260204968622,0.0,-0.0008598260204968622
220,2.200084584,right_hip_roll_joint,0.1023039171470431,0.1,-0.0023039171470430886
220,2.200084584,right_hip_pitch_joint,-0.8777906843001068,-0.878,-0.00020931569989324217
220,2.200084584,right_knee_pitch_joint,0.13072885451282693,0.13,-0.0007288545128269208
220,2.200084584,right_ankle_pitch_joint,-0.6406740373598467,-0.65,-0.009325962640153285
220,2.200084584,right_ankle_roll_joint,-0.12124794823486557,-0.1,0.02124794823486556
220,2.200084584,left_hip_yaw_joint,0.008026833539045103,0.0,-0.008026833539045103
220,2.200084584,left_hip_roll_joint,-0.10295399280149807,-0.1,0.002953992801498065
220,2.200084584,left_hip_pitch_joint,0.8612551052208333,0.878,0.01674489477916674
220,2.200084584,left_knee_pitch_joint,-0.15534036448637087,-0.13,0.025340364486370864
220,2.200084584,left_ankle_pitch_joint,0.6502667309304146,0.65,-0.00026673093041462703
220,2.200084584,left_ankle_roll_joint,0.0947871469248684,0.1,0.005212853075131599
221,2.210062737,right_hip_yaw_joint,0.0008598260213110208,0.0,-0.0008598260213110208
221,2.210062737,right_hip_roll_joint,0.10195030511614137,0.1,-0.0019503051161413598
221,2.210062737,right_hip_pitch_joint,-0.8775077869618606,-0.878,-0.0004922130381393997
221,2.210062737,right_knee_pitch_joint,0.1307288545095652,0.13,-0.0007288545095651966
221,2.210062737,right_ankle_pitch_joint,-0.6406740373860246,-0.65,-0.009325962613975447
221,2.210062737,right_ankle_roll_joint,-0.12124794810598666,-0.1,0.021247948105986653
221,2.210062737,left_hip_yaw_joint,0.00802683353564922,0.0,-0.00802683353564922
221,2.210062737,left_hip_roll_joint,-0.1023368949724548,-0.1,0.0023368949724547894
221,2.210062737,left_hip_pitch_joint,0.8612551052264027,0.878,0.016744894773597307
221,2.210062737,left_knee_pitch_joint,-0.1553403644482848,-0.13,0.025340364448284802
221,2.210062737,left_ankle_pitch_joint,0.6502667309216436,0.65,-0.00026673092164353207
221,2.210062737,left_ankle_roll_joint,0.09478714694487353,0.1,0.005212853055126476
222,2.220069097,right_hip_yaw_joint,0.0008598260221334558,0.0,-0.0008598260221334558
222,2.220069097,right_hip_roll_joint,0.10166603695750122,0.1,-0.001666036957501213
222,2.220069097,right_hip_pitch_joint,-0.87726814779574,-0.878,-0.0007318522042599751
222,2.220069097,right_knee_pitch_joint,0.13072885450630145,0.13,-0.0007288545063014462
222,2.220069097,right_ankle_pitch_joint,-0.6406740374122023,-0.65,-0.00932596258779772
222,2.220069097,right_ankle_roll_joint,-0.12124794797708309,-0.1,0.021247947977083084
222,2.220069097,left_hip_yaw_joint,0.008026833532244843,0.0,-0.008026833532244843
222,2.220069097,left_hip_roll_joint,-0.10183011344277054,-0.1,0.0018301134427705368
222,2.220069097,left_hip_pitch_joint,0.8612551052319657,0.878,0.016744894768034313
222,2.220069097,left_knee_pitch_joint,-0.15534036441020352,-0.13,0.025340364410203514
222,2.220069097,left_ankle_pitch_joint,0.650266730912872,0.65,-0.000266730912871993
222,2.220069097,left_ankle_roll_joint,0.09478714696485141,0.1,0.005212853035148596
223,2.230063689,right_hip_yaw_joint,0.0008598260266622932,0.0,-0.0008598260266622932
223,2.230063689,right_hip_roll_joint,0.09943955177329923,0.1,0.0005604482267007743
223,2.230063689,right_hip_pitch_joint,-0.8769143360684085,-0.878,-0.0010856639315914851
223,2.230063689,right_knee_pitch_joint,0.13072885453457192,0.13,-0.0007288545345719155
223,2.230063689,right_ankle_pitch_joint,-0.640674037520094,-0.65,-0.009325962479906025
223,2.230063689,right_ankle_roll_joint,-0.12124794796911277,-0.1,0.021247947969112765
223,2.230063689,left_hip_yaw_joint,0.00802683352813751,0.0,-0.00802683352813751
223,2.230063689,left_hip_roll_joint,-0.10317042733940208,-0.1,0.0031704273394020793
223,2.230063689,left_hip_pitch_joint,0.8612551052400603,0.878,0.016744894759939677
223,2.230063689,left_knee_pitch_joint,-0.155340364361359,-0.13,0.025340364361359002
223,2.230063689,left_ankle_pitch_joint,0.6502667309131842,0.65,-0.00026673091318418773
223,2.230063689,left_ankle_roll_joint,0.09478714698239891,0.1,0.005212853017601091
224,2.240068604,right_hip_yaw_joint,0.0008598260241869018,0.0,-0.0008598260241869018
224,2.240068604,right_hip_roll_joint,0.09831426985881209,0.1,0.0016857301411879189
224,2.240068604,right_hip_pitch_joint,-0.8779944086050512,-0.878,-5.591394948822881e-06
224,2.240068604,right_knee_pitch_joint,0.13072885453394528,0.13,-0.0007288545339452779
224,2.240068604,right_ankle_pitch_joint,-0.6406740375859891,-0.65,-0.009325962414010958
224,2.240068604,right_ankle_roll_joint,-0.12124794793451447,-0.1,0.02124794793451447
224,2.240068604,left_hip_yaw_joint,0.008026833519085093,0.0,-0.008026833519085093
224,2.240068604,left_hip_roll_joint,-0.10336706030216208,-0.1,0.003367060302162078
224,2.240068604,left_hip_pitch_joint,0.8610320434696033,0.878,0.016967956530396733
224,2.240068604,left_knee_pitch_joint,-0.15534036434820306,-0.13,0.025340364348203054
224,2.240068604,left_ankle_pitch_joint,0.6502667309138502,0.65,-0.0002667309138502105
224,2.240068604,left_ankle_roll_joint,0.09478714692105647,0.1,0.005212853078943536
225,2.250020821,right_hip_yaw_joint,0.0008598260250158168,0.0,-0.0008598260250158168
225,2.250020821,right_hip_roll_joint,0.09861793478726633,0.1,0.0013820652127336797
225,2.250020821,right_hip_pitch_joint,-0.8776909827214421,-0.878,-0.0003090172785579215
225,2.250020821,right_knee_pitch_joint,0.13072885453010422,0.13,-0.0007288545301042115
225,2.250020821,right_ankle_pitch_joint,-0.6406740376127663,-0.65,-0.00932596238723371
225,2.250020821,right_ankle_roll_joint,-0.12124794780550349,-0.1,0.021247947805503486
225,2.250020821,left_hip_yaw_joint,0.008026833515675388,0.0,-0.008026833515675388
225,2.250020821,left_hip_roll_joint,-0.10269870835591387,-0.1,0.002698708355913862
225,2.250020821,left_hip_pitch_joint,0.8610320434752163,0.878,0.016967956524783667
225,2.250020821,left_knee_pitch_joint,-0.15534036430983977,-0.13,0.02534036430983977
225,2.250020821,left_ankle_pitch_joint,0.6502667309054356,0.65,-0.0002667309054356082
225,2.250020821,left_ankle_roll_joint,0.09478714694102082,0.1,0.005212853058979186
226,2.260064994,right_hip_yaw_joint,0.0008598260260417158,0.0,-0.0008598260260417158
226,2.260064994,right_hip_roll_joint,0.09943762495167624,0.1,0.0005623750483237655
226,2.260064994,right_hip_pitch_joint,-0.8780381519008073,-0.878,3.8151900807248396e-05
226,2.260064994,right_knee_pitch_joint,0.13072885452117383,0.13,-0.0007288545211738273
226,2.260064994,right_ankle_pitch_joint,-0.6406740376436719,-0.65,-0.009325962356328099
226,2.260064994,right_ankle_roll_joint,-0.12124794767586464,-0.1,0.02124794767586463
226,2.260064994,left_hip_yaw_joint,0.00802683350961116,0.0,-0.00802683350961116
226,2.260064994,left_hip_roll_joint,-0.10200157720633299,-0.1,0.002001577206332983
226,2.260064994,left_hip_pitch_joint,0.8610320434795738,0.878,0.016967956520426153
226,2.260064994,left_knee_pitch_joint,-0.15534036429091522,-0.13,0.025340364290915213
226,2.260064994,left_ankle_pitch_joint,0.6502667309302359,0.65,-0.0002667309302358811
226,2.260064994,left_ankle_roll_joint,0.09478714686751762,0.1,0.00521285313248239
227,2.270063377,right_hip_yaw_joint,0.0008598260269839057,0.0,-0.0008598260269839057
227,2.270063377,right_hip_roll_joint,0.09980876561763152,0.1,0.00019123438236848256
227,2.270063377,right_hip_pitch_joint,-0.8778097412603058,-0.878,-0.000190258739694249
227,2.270063377,right_knee_pitch_joint,0.13072885451643776,0.13,-0.0007288545164377547
227,2.270063377,right_ankle_pitch_joint,-0.6406740376710689,-0.65,-0.009325962328931126
227,2.270063377,right_ankle_roll_joint,-0.12124794754643352,-0.1,0.021247947546433513
227,2.270063377,left_hip_yaw_joint,0.008026833506084831,0.0,-0.008026833506084831
227,2.270063377,left_hip_roll_joint,-0.1017825406444743,-0.1,0.0017825406444742925
227,2.270063377,left_hip_pitch_joint,0.8610320434849071,0.878,0.016967956515092864
227,2.270063377,left_knee_pitch_joint,-0.15534036425289413,-0.13,0.025340364252894126
227,2.270063377,left_ankle_pitch_joint,0.6502667309217226,0.65,-0.00026673092172257995
227,2.270063377,left_ankle_roll_joint,0.0947871468871727,0.1,0.0052128531128273065
228,2.280070180,right_hip_yaw_joint,0.0008598260279558635,0.0,-0.0008598260279558635
228,2.280070180,right_hip_roll_joint,0.10029749659773192,0.1,-0.00029749659773191384
228,2.280070180,right_hip_pitch_joint,-0.8780557417720534,-0.878,5.5741772053363725e-05
228,2.280070180,right_knee_pitch_joint,0.13072885450775762,0.13,-0.0007288545077576147
228,2.280070180,right_ankle_pitch_joint,-0.6406740377017035,-0.65,-0.00932596229829652
228,2.280070180,right_ankle_roll_joint,-0.12124794741676066,-0.1,0.021247947416760657
228,2.280070180,left_hip_yaw_joint,0.008026833501284672,0.0,-0.008026833501284672
228,2.280070180,left_hip_roll_joint,-0.10102420246373227,-0.1,0.0010242024637322628
228,2.280070180,left_hip_pitch_joint,0.8610320434894329,0.878,0.01696795651056715
228,2.280070180,left_knee_pitch_joint,-0.15534036422968653,-0.13,0.025340364229686524
228,2.280070180,left_ankle_pitch_joint,0.6502667309402497,0.65,-0.0002667309402496487
228,2.280070180,left_ankle_roll_joint,0.09478714683728466,0.1,0.005212853162715345
229,2.290068574,right_hip_yaw_joint,0.0008598260275702518,0.0,-0.0008598260275702518
229,2.290068574,right_hip_roll_joint,0.09992131250906564,0.1,7.868749093437044e-05
229,2.290068574,right_hip_pitch_joint,-0.8769949300596507,-0.878,-0.0010050699403493235
229,2.290068574,right_knee_pitch_joint,0.13072885452255117,0.13,-0.00072885452255117
229,2.290068574,right_ankle_pitch_joint,-0.6406740377650669,-0.65,-0.009325962234933094
229,2.290068574,right_ankle_roll_joint,-0.12124794739301714,-0.1,0.021247947393017136
229,2.290068574,left_hip_yaw_joint,0.008026833497779003,0.0,-0.008026833497779003
229,2.290068574,left_hip_roll_joint,-0.10195982814949686,-0.1,0.001959828149496856
229,2.290068574,left_hip_pitch_joint,0.8610320434970362,0.878,0.016967956502963788
229,2.290068574,left_knee_pitch_joint,-0.15534036418465647,-0.13,0.02534036418465646
229,2.290068574,left_ankle_pitch_joint,0.6502667309370787,0.65,-0.0002667309370786297
229,2.290068574,left_ankle_roll_joint,0.09478714685621636,0.1,0.005212853143783641
230,2.300064437,right_hip_yaw_joint,0.0008598260268801727,0.0,-0.0008598260268801727
230,2.300064437,right_hip_roll_joint,0.0992046791175795,0.1,0.0007953208824204999
230,2.300064437,right_hip_pitch_joint,-0.8759774977703776,-0.878,-0.0020225022296224138
230,2.300064437,right_knee_pitch_joint,0.130728854529626,0.13,-0.000728854529625983
230,2.300064437,right_ankle_pitch_joint,-0.64067403779794,-0.65,-0.009325962202060056
230,2.300064437,right_ankle_roll_joint,-0.12124794730003226,-0.1,0.021247947300032252
230,2.300064437,left_hip_yaw_joint,0.008026833494368352,0.0,-0.008026833494368352
230,2.300064437,left_hip_roll_joint,-0.10195568526847798,-0.1,0.0019556852684779746
230,2.300064437,left_hip_pitch_joint,0.8610320435046659,0.878,0.016967956495334113
230,2.300064437,left_knee_pitch_joint,-0.1553403641409478,-0.13,0.025340364140947785
230,2.300064437,left_ankle_pitch_joint,0.6502667309325006,0.65,-0.0002667309325006251
230,2.300064437,left_ankle_roll_joint,0.09478714687510602,0.1,0.0052128531248939874
231,2.310080857,right_hip_yaw_joint,0.0008598260258944708,0.0,-0.0008598260258944708
231,2.310080857,right_hip_roll_joint,0.09846476818314945,0.1,0.0015352318168505574
231,2.310080857,right_hip_pitch_joint,-0.8759472581240227,-0.878,-0.0020527418759772598
231,2.310080857,right_knee_pitch_joint,0.13072885453002167,0.13,-0.0007288545300216664
231,2.310080857,right_ankle_pitch_joint,-0.6406740378309073,-0.65,-0.00932596216909276
231,2.310080857,right_ankle_roll_joint,-0.12124794719857614,-0.1,0.02124794719857613
231,2.310080857,left_hip_yaw_joint,0.008026833489710745,0.0,-0.008026833489710745
231,2.310080857,left_hip_roll_joint,-0.10120308114305655,-0.1,0.0012030811430565475
231,2.310080857,left_hip_pitch_joint,0.8610320435088188,0.878,0.016967956491181213
231,2.310080857,left_knee_pitch_joint,-0.15534036410969035,-0.13,0.025340364109690344
231,2.310080857,left_ankle_pitch_joint,0.6502667309191408,0.65,-0.0002667309191407563
231,2.310080857,left_ankle_roll_joint,0.09478714688426415,0.1,0.005212853115735855
232,2.320017522,right_hip_yaw_joint,0.0008598260252500375,0.0,-0.0008598260252500375
232,2.320017522,right_hip_roll_joint,0.09799446830296775,0.1,0.002005531697032256
232,2.320017522,right_hip_pitch_joint,-0.8755941225148379,-0.878,-0.002405877485162078
232,2.320017522,right_knee_pitch_joint,0.13072885453302655,0.13,-0.0007288545330265406
232,2.320017522,right_ankle_pitch_joint,-0.6406740378592393,-0.65,-0.009325962140760757
232,2.320017522,right_ankle_roll_joint,-0.12124794709129484,-0.1,0.021247947091294836
232,2.320017522,left_hip_yaw_joint,0.008026833485326446,0.0,-0.008026833485326446
232,2.320017522,left_hip_roll_joint,-0.10069126431563186,-0.1,0.000691264315631851
232,2.320017522,left_hip_pitch_joint,0.8610320435133724,0.878,0.016967956486627633
232,2.320017522,left_knee_pitch_joint,-0.1553403640751621,-0.13,0.025340364075162103
232,2.320017522,left_ankle_pitch_joint,0.6502667308978489,0.65,-0.00026673089784889914
232,2.320017522,left_ankle_roll_joint,0.09478714691111587,0.1,0.0052128530888841396
233,2.330058990,right_hip_yaw_joint,0.0008598260237666928,0.0,-0.0008598260237666928
233,2.330058990,right_hip_roll_joint,0.09725537363708094,0.1,0.00274462636291907
233,2.330058990,right_hip_pitch_joint,-0.8750396844132999,-0.878,-0.0029603155867000686
233,2.330058990,right_knee_pitch_joint,0.1307288545339176,0.13,-0.0007288545339176056
233,2.330058990,right_ankle_pitch_joint,-0.6406740378855027,-0.65,-0.009325962114497321
233,2.330058990,right_ankle_roll_joint,-0.12124794698063382,-0.1,0.021247946980633814
233,2.330058990,left_hip_yaw_joint,0.00802683348226018,0.0,-0.00802683348226018
233,2.330058990,left_hip_roll_joint,-0.10000001109004879,-0.1,1.1090048782080864e-08
233,2.330058990,left_hip_pitch_joint,0.8610320435196349,0.878,0.016967956480365087
233,2.330058990,left_knee_pitch_joint,-0.15534036403423215,-0.13,0.02534036403423215
233,2.330058990,left_ankle_pitch_joint,0.6502667308916021,0.65,-0.00026673089160211827
233,2.330058990,left_ankle_roll_joint,0.09478714693154901,0.1,0.005212853068450998
234,2.340062100,right_hip_yaw_joint,0.0008598260219443996,0.0,-0.0008598260219443996
234,2.340062100,right_hip_roll_joint,0.09693862254097353,0.1,0.0030613774590264736
234,2.340062100,right_hip_pitch_joint,-0.8740800325668234,-0.878,-0.003919967433176574
234,2.340062100,right_knee_pitch_joint,0.13072885453682018,0.13,-0.0007288545368201726
234,2.340062100,right_ankle_pitch_joint,-0.640674037894933,-0.65,-0.009325962105066976
234,2.340062100,right_ankle_roll_joint,-0.1212479468463555,-0.1,0.02124794684635549
234,2.340062100,left_hip_yaw_joint,0.008026833478745072,0.0,-0.008026833478745072
234,2.340062100,left_hip_roll_joint,-0.09913961438200923,-0.1,-0.0008603856179907748
234,2.340062100,left_hip_pitch_joint,0.8610320435245992,0.878,0.016967956475400836
234,2.340062100,left_knee_pitch_joint,-0.15534036399777518,-0.13,0.025340363997775173
234,2.340062100,left_ankle_pitch_joint,0.6502667308723431,0.65,-0.00026673087234307946
234,2.340062100,left_ankle_roll_joint,0.09478714696246492,0.1,0.0052128530375350896
235,2.350080725,right_hip_yaw_joint,-0.003852562965367918,0.0,0.003852562965367918
235,2.350080725,right_hip_roll_joint,0.09767556175790258,0.1,0.0023244382420974236
235,2.350080725,right_hip_pitch_joint,-0.8774075379096257,-0.878,-0.000592462090374335
235,2.350080725,right_knee_pitch_joint,0.13544124357679907,0.13,-0.005441243576799065
235,2.350080725,right_ankle_pitch_joint,-0.6453864269787198,-0.65,-0.004613573021280182
235,2.350080725,right_ankle_roll_joint,-0.1165355575487094,-0.1,0.01653555754870939
235,2.350080725,left_hip_yaw_joint,0.0033144444861613427,0.0,-0.0033144444861613427
235,2.350080725,left_hip_roll_joint,-0.09787272635705832,-0.1,-0.002127273642941685
235,2.350080725,left_hip_pitch_joint,0.8657444325148761,0.878,0.012255567485123908
235,2.350080725,left_knee_pitch_joint,-0.16005275298990942,-0.13,0.03005275298990942
235,2.350080725,left_ankle_pitch_joint,0.6549791199403763,0.65,-0.004979119940376253
235,2.350080725,left_ankle_roll_joint,0.09949953615591026,0.1,0.0005004638440897491
236,2.360058330,right_hip_yaw_joint,0.0008598260218185497,0.0,-0.0008598260218185497
236,2.360058330,right_hip_roll_joint,0.0974970265244651,0.1,0.0025029734755349087
236,2.360058330,right_hip_pitch_joint,-0.8724523700628671,-0.878,-0.00554762993713287
236,2.360058330,right_knee_pitch_joint,0.1307288545424414,0.13,-0.0007288545424413984
236,2.360058330,right_ankle_pitch_joint,-0.6406740379110312,-0.65,-0.009325962088968853
236,2.360058330,right_ankle_roll_joint,-0.12124794655337853,-0.1,0.021247946553378527
236,2.360058330,left_hip_yaw_joint,0.008026833472764127,0.0,-0.008026833472764127
236,2.360058330,left_hip_roll_joint,-0.09750412631469318,-0.1,-0.002495873685306821
236,2.360058330,left_hip_pitch_joint,0.8610320435360611,0.878,0.016967956463938894
236,2.360058330,left_knee_pitch_joint,-0.1553403639224192,-0.13,0.0253403639224192
236,2.360058330,left_ankle_pitch_joint,0.6502667308413921,0.65,-0.00026673084139205994
236,2.360058330,left_ankle_roll_joint,0.09478714702177933,0.1,0.005212852978220675
237,2.370062386,right_hip_yaw_joint,0.0008598260216522323,0.0,-0.0008598260216522323
237,2.370062386,right_hip_roll_joint,0.09775296207917447,0.1,0.0022470379208255342
237,2.370062386,right_hip_pitch_joint,-0.8718533162918668,-0.878,-0.006146683708133205
237,2.370062386,right_knee_pitch_joint,0.13072885454461722,0.13,-0.0007288545446172134
237,2.370062386,right_ankle_pitch_joint,-0.6406740379201313,-0.65,-0.009325962079868688
237,2.370062386,right_ankle_roll_joint,-0.12124794640790042,-0.1,0.02124794640790041
237,2.370062386,left_hip_yaw_joint,0.008026833469092949,0.0,-0.008026833469092949
237,2.370062386,left_hip_roll_joint,-0.09730689423618048,-0.1,-0.0026931057638195227
237,2.370062386,left_hip_pitch_joint,0.8610320435419283,0.878,0.016967956458071698
237,2.370062386,left_knee_pitch_joint,-0.15534036388357478,-0.13,0.025340363883574774
237,2.370062386,left_ankle_pitch_joint,0.6502667308257007,0.65,-0.0002667308257007228
237,2.370062386,left_ankle_roll_joint,0.09478714704910976,0.1,0.0052128529508902455
238,2.380060311,right_hip_yaw_joint,0.0008598260228264423,0.0,-0.0008598260228264423
238,2.380060311,right_hip_roll_joint,0.0989080096776624,0.1,0.001091990322337602
238,2.380060311,right_hip_pitch_joint,-0.8714457685164583,-0.878,-0.006554231483541728
238,2.380060311,right_knee_pitch_joint,0.13072885454566496,0.13,-0.0007288545456649587
238,2.380060311,right_ankle_pitch_joint,-0.6406740379312104,-0.65,-0.009325962068789662
238,2.380060311,right_ankle_roll_joint,-0.12124794625882446,-0.1,0.02124794625882445
238,2.380060311,left_hip_yaw_joint,0.008026833465172249,0.0,-0.008026833465172249
238,2.380060311,left_hip_roll_joint,-0.09776312316546658,-0.1,-0.0022368768345334272
238,2.380060311,left_hip_pitch_joint,0.8610320435474794,0.878,0.016967956452520583
238,2.380060311,left_knee_pitch_joint,-0.15534036384455066,-0.13,0.025340363844550656
238,2.380060311,left_ankle_pitch_joint,0.6502667308116452,0.65,-0.0002667308116451883
238,2.380060311,left_ankle_roll_joint,0.09478714707458312,0.1,0.005212852925416886
239,2.390074322,right_hip_yaw_joint,0.0008598260231122415,0.0,-0.0008598260231122415
239,2.390074322,right_hip_roll_joint,0.09943932086476874,0.1,0.0005606791352312651
239,2.390074322,right_hip_pitch_joint,-0.8710914097579666,-0.878,-0.0069085902420333856
239,2.390074322,right_knee_pitch_joint,0.1307288545468072,0.13,-0.0007288545468071839
239,2.390074322,right_ankle_pitch_joint,-0.6406740379416573,-0.65,-0.009325962058342685
239,2.390074322,right_ankle_roll_joint,-0.12124794611238798,-0.1,0.021247946112387978
239,2.390074322,left_hip_yaw_joint,0.008026833461099465,0.0,-0.008026833461099465
239,2.390074322,left_hip_roll_joint,-0.09804567169316239,-0.1,-0.001954328306837616
239,2.390074322,left_hip_pitch_joint,0.8610320435529258,0.878,0.01696795644707416
239,2.390074322,left_knee_pitch_joint,-0.15534036380573185,-0.13,0.025340363805731847
239,2.390074322,left_ankle_pitch_joint,0.650266730794932,0.65,-0.0002667307949320019
239,2.390074322,left_ankle_roll_joint,0.09478714710245688,0.1,0.005212852897543127
240,2.400057211,right_hip_yaw_joint,0.0008598260226293534,0.0,-0.0008598260226293534
240,2.400057211,right_hip_roll_joint,0.09950470108061261,0.1,0.0004952989193873908
240,2.400057211,right_hip_pitch_joint,-0.8707088626077082,-0.878,-0.007291137392291813
240,2.400057211,right_knee_pitch_joint,0.1307288545482627,0.13,-0.0007288545482626863
240,2.400057211,right_ankle_pitch_joint,-0.6406740379484447,-0.65,-0.009325962051555337
240,2.400057211,right_ankle_roll_joint,-0.12124794596354448,-0.1,0.02124794596354447
240,2.400057211,left_hip_yaw_joint,0.008026833456857195,0.0,-0.008026833456857195
240,2.400057211,left_hip_roll_joint,-0.09801175214074923,-0.1,-0.00198824785925078
240,2.400057211,left_hip_pitch_joint,0.8610320435578992,0.878,0.016967956442100807
240,2.400057211,left_knee_pitch_joint,-0.15534036376795615,-0.13,0.025340363767956148
240,2.400057211,left_ankle_pitch_joint,0.6502667307738783,0.65,-0.0002667307738782876
240,2.400057211,left_ankle_roll_joint,0.09478714713433099,0.1,0.005212852865669013
241,2.410091062,right_hip_yaw_joint,0.001133133069374488,0.0,-0.001133133069374488
241,2.410091062,right_hip_roll_joint,0.09990185939545564,0.1,9.814060454436946e-05
241,2.410091062,right_hip_pitch_joint,-0.8762561507569911,-0.878,-0.0017438492430088548
241,2.410091062,right_knee_pitch_joint,0.13072885446942298,0.13,-0.0007288544694229737
241,2.410091062,right_ankle_pitch_joint,-0.6406740380364274,-0.65,-0.009325961963572604
241,2.410091062,right_ankle_roll_joint,-0.12124794584926427,-0.1,0.02124794584926426
241,2.410091062,left_hip_yaw_joint,-0.003719526103393731,0.0,0.003719526103393731
241,2.410091062,left_hip_roll_joint,-0.09519066680445891,-0.1,-0.004809333195541096
241,2.410091062,left_hip_pitch_joint,0.8570867737871425,0.878,0.020913226212857516
241,2.410091062,left_knee_pitch_joint,-0.15534036369961673,-0.13,0.02534036369961673
241,2.410091062,left_ankle_pitch_joint,0.650266730837598,0.65,-0.00026673083759798377
241,2.410091062,left_ankle_roll_joint,0.09478714715261542,0.1,0.005212852847384583
242,2.420065474,right_hip_yaw_joint,0.002615669844415456,0.0,-0.002615669844415456
242,2.420065474,right_hip_roll_joint,0.10548656483030507,0.1,-0.00548656483030506
242,2.420065474,right_hip_pitch_joint,-0.8686233017462686,-0.878,-0.009376698253731441
242,2.420065474,right_knee_pitch_joint,0.14162666196337656,0.13,-0.011626661963376556
242,2.420065474,right_ankle_pitch_joint,-0.6446394748624217,-0.65,-0.0053605251375783425
242,2.420065474,right_ankle_roll_joint,-0.1165355566149457,-0.1,0.0165355566149457
242,2.420065474,left_hip_yaw_joint,-0.008431915098385003,0.0,0.008431915098385003
242,2.420065474,left_hip_roll_joint,-0.09800908917638171,-0.1,-0.001990910823618297
242,2.420065474,left_hip_pitch_joint,0.8523743847835491,0.878,0.025625615216450903
242,2.420065474,left_knee_pitch_joint,-0.16719483399535445,-0.13,0.03719483399535445
242,2.420065474,left_ankle_pitch_joint,0.6478881644328918,0.65,0.0021118355671082556
242,2.420065474,left_ankle_roll_joint,0.0994995363309244,0.1,0.000500463669075607
243,2.430034426,right_hip_yaw_joint,0.0022403187401669497,0.0,-0.0022403187401669497
243,2.430034426,right_hip_roll_joint,0.10569024919351074,0.1,-0.00569024919351073
243,2.430034426,right_hip_pitch_joint,-0.8648813881451112,-0.878,-0.013118611854888829
243,2.430034426,right_knee_pitch_joint,0.14233744837362047,0.13,-0.012337448373620469
243,2.430034426,right_ankle_pitch_joint,-0.6446394749246314,-0.65,-0.005360525075368661
243,2.430034426,right_ankle_roll_joint,-0.11653555652348259,-0.1,0.016535556523482584
243,2.430034426,left_hip_yaw_joint,-0.006021010037878292,0.0,0.006021010037878292
243,2.430034426,left_hip_roll_joint,-0.09941840866986922,-0.1,-0.0005815913301307901
243,2.430034426,left_hip_pitch_joint,0.8496462337374117,0.878,0.028353766262588342
243,2.430034426,left_knee_pitch_joint,-0.1671948339389696,-0.13,0.03719483393896961
243,2.430034426,left_ankle_pitch_joint,0.6478881643985657,0.65,0.002111835601434353
243,2.430034426,left_ankle_roll_joint,0.0994995363459838,0.1,0.0005004636540162088
244,2.440059926,right_hip_yaw_joint,0.004953399539582646,0.0,-0.004953399539582646
244,2.440059926,right_hip_roll_joint,0.10401762490784235,0.1,-0.00401762490784234
244,2.440059926,right_hip_pitch_joint,-0.8591340420906971,-0.878,-0.0188659579093029
244,2.440059926,right_knee_pitch_joint,0.13875141359902823,0.13,-0.00875141359902823
244,2.440059926,right_ankle_pitch_joint,-0.6446394749232244,-0.65,-0.005360525076775646
244,2.440059926,right_ankle_roll_joint,-0.11653555639279033,-0.1,0.01653555639279032
244,2.440059926,left_hip_yaw_joint,-0.006021010031564954,0.0,0.006021010031564954
244,2.440059926,left_hip_roll_joint,-0.09947717626861582,-0.1,-0.000522823731384181
244,2.440059926,left_hip_pitch_joint,0.8518687410968792,0.878,0.026131258903120846
244,2.440059926,left_knee_pitch_joint,-0.1671948338687855,-0.13,0.0371948338687855
244,2.440059926,left_ankle_pitch_joint,0.6478881644063835,0.65,0.0021118355936164956
244,2.440059926,left_ankle_roll_joint,0.09949953636650793,0.1,0.0005004636334920709
245,2.450062616,right_hip_yaw_joint,0.004953399539946479,0.0,-0.004953399539946479
245,2.450062616,right_hip_roll_joint,0.10296963566685416,0.1,-0.0029696356668541535
245,2.450062616,right_hip_pitch_joint,-0.8591340420869158,-0.878,-0.018865957913084208
245,2.450062616,right_knee_pitch_joint,0.12724110267876673,0.13,0.0027588973212332724
245,2.450062616,right_ankle_pitch_joint,-0.6446394749418682,-0.65,-0.005360525058131782
245,2.450062616,right_ankle_roll_joint,-0.11653555626430481,-0.1,0.016535556264304807
245,2.450062616,left_hip_yaw_joint,-0.006021010026890564,0.0,0.006021010026890564
245,2.450062616,left_hip_roll_joint,-0.09980810849006999,-0.1,-0.00019189150993001447
245,2.450062616,left_hip_pitch_joint,0.8533654175930998,0.878,0.024634582406900196
245,2.450062616,left_knee_pitch_joint,-0.16719483381808595,-0.13,0.03719483381808594
245,2.450062616,left_ankle_pitch_joint,0.6478881644048528,0.65,0.002111835595147271
245,2.450062616,left_ankle_roll_joint,0.0994995363852055,0.1,0.0005004636147944996
246,2.460079166,right_hip_yaw_joint,0.001192028755052112,0.0,-0.001192028755052112
246,2.460079166,right_hip_roll_joint,0.1039357358380488,0.1,-0.003935735838048793
246,2.460079166,right_hip_pitch_joint,-0.8618569588050825,-0.878,-0.016143041194917496
246,2.460079166,right_knee_pitch_joint,0.12656071232396254,0.13,0.0034392876760374613
246,2.460079166,right_ankle_pitch_joint,-0.620481274459142,-0.65,-0.029518725540857993
246,2.460079166,right_ankle_roll_joint,-0.12124794533094596,-0.1,0.021247945330945955
246,2.460079166,left_hip_yaw_joint,-0.007291046423223493,0.0,0.007291046423223493
246,2.460079166,left_hip_roll_joint,-0.09942384711631075,-0.1,-0.0005761528836892571
246,2.460079166,left_hip_pitch_joint,0.8600070094359881,0.878,0.017992990564011935
246,2.460079166,left_knee_pitch_joint,-0.17190722277106152,-0.13,0.041907222771061514
246,2.460079166,left_ankle_pitch_joint,0.6526005535053909,0.65,-0.0026005535053909012
246,2.460079166,left_ankle_roll_joint,0.09478714722171562,0.1,0.005212852778284385
247,2.470017008,right_hip_yaw_joint,-0.0011851820957644245,0.0,0.0011851820957644245
247,2.470017008,right_hip_roll_joint,0.1035181956015927,0.1,-0.003518195601592694
247,2.470017008,right_hip_pitch_joint,-0.8616114112070897,-0.878,-0.016388588792910275
247,2.470017008,right_knee_pitch_joint,0.12656071230711302,0.13,0.003439287692886983
247,2.470017008,right_ankle_pitch_joint,-0.6204812745733884,-0.65,-0.029518725426611603
247,2.470017008,right_ankle_roll_joint,-0.12124794519907643,-0.1,0.021247945199076426
247,2.470017008,left_hip_yaw_joint,-0.007420383808067785,0.0,0.007420383808067785
247,2.470017008,left_hip_roll_joint,-0.09765036428937825,-0.1,-0.0023496357106217586
247,2.470017008,left_hip_pitch_joint,0.8627036671751988,0.878,0.015296332824801251
247,2.470017008,left_knee_pitch_joint,-0.17190722272053266,-0.13,0.041907222720532655
247,2.470017008,left_ankle_pitch_joint,0.6526005535017607,0.65,-0.002600553501760694
247,2.470017008,left_ankle_roll_joint,0.09478714724107956,0.1,0.005212852758920444
248,2.480043948,right_hip_yaw_joint,-0.0011851820958339921,0.0,0.0011851820958339921
248,2.480043948,right_hip_roll_joint,0.10294508579921922,0.1,-0.0029450857992192186
248,2.480043948,right_hip_pitch_joint,-0.8629708979266693,-0.878,-0.015029102073330747
248,2.480043948,right_knee_pitch_joint,0.12656071231768076,0.13,0.003439287682319242
248,2.480043948,right_ankle_pitch_joint,-0.6204812746665134,-0.65,-0.02951872533348665
248,2.480043948,right_ankle_roll_joint,-0.12124794506985577,-0.1,0.021247945069855764
248,2.480043948,left_hip_yaw_joint,-0.007420383805831325,0.0,0.007420383805831325
248,2.480043948,left_hip_roll_joint,-0.09759998549893406,-0.1,-0.0024000145010659446
248,2.480043948,left_hip_pitch_joint,0.8638691947921766,0.878,0.014130805207823394
248,2.480043948,left_knee_pitch_joint,-0.1719072226762971,-0.13,0.041907222676297096
248,2.480043948,left_ankle_pitch_joint,0.6526005534946122,0.65,-0.00260055349461219
248,2.480043948,left_ankle_roll_joint,0.09478714726124103,0.1,0.005212852738758975
249,2.490037750,right_hip_yaw_joint,-0.003113712930782451,0.0,0.003113712930782451
249,2.490037750,right_hip_roll_joint,0.09903827682048068,0.1,0.0009617231795193276
249,2.490037750,right_hip_pitch_joint,-0.8630709357989453,-0.878,-0.014929064201054665
249,2.490037750,right_knee_pitch_joint,0.1265607122965581,0.13,0.003439287703441901
249,2.490037750,right_ankle_pitch_joint,-0.6204812747762847,-0.65,-0.029518725223715347
249,2.490037750,right_ankle_roll_joint,-0.12124794493526996,-0.1,0.02124794493526995
249,2.490037750,left_hip_yaw_joint,-0.00742038380185888,0.0,0.00742038380185888
249,2.490037750,left_hip_roll_joint,-0.09553234487467427,-0.1,-0.004467655125325737
249,2.490037750,left_hip_pitch_joint,0.8682911665372267,0.878,0.009708833462773292
249,2.490037750,left_knee_pitch_joint,-0.17190722261280886,-0.13,0.04190722261280885
249,2.490037750,left_ankle_pitch_joint,0.6526005534996167,0.65,-0.0026005534996166313
249,2.490037750,left_ankle_roll_joint,0.09478714728225149,0.1,0.005212852717748517
250,2.500063991,right_hip_yaw_joint,0.0015986760532705076,0.0,-0.0015986760532705076
250,2.500063991,right_hip_roll_joint,0.09547394376103324,0.1,0.004526056238966764
250,2.500063991,right_hip_pitch_joint,-0.8658996031338074,-0.878,-0.012100396866192575
250,2.500063991,right_knee_pitch_joint,0.1312731013107985,0.13,-0.0012731013107984968
250,2.500063991,right_ankle_pitch_joint,-0.6251936639784881,-0.65,-0.024806336021511943
250,2.500063991,right_ankle_roll_joint,-0.11653555561274088,-0.1,0.01653555561274088
250,2.500063991,left_hip_yaw_joint,-0.002707994807835428,0.0,0.002707994807835428
250,2.500063991,left_hip_roll_joint,-0.09486023090349907,-0.1,-0.005139769096500935
250,2.500063991,left_hip_pitch_joint,0.8687288336113367,0.878,0.009271166388663321
250,2.500063991,left_knee_pitch_joint,-0.1671948335317841,-0.13,0.0371948335317841
250,2.500063991,left_ankle_pitch_joint,0.6478881644104874,0.65,0.0021118355895126673
250,2.500063991,left_ankle_roll_joint,0.09949953648441397,0.1,0.0005004635155860387
251,2.510075697,right_hip_yaw_joint,-0.0031137129378532584,0.0,0.0031137129378532584
251,2.510075697,right_hip_roll_joint,0.09440894995648896,0.1,0.005591050043511042
251,2.510075697,right_hip_pitch_joint,-0.8667660025093303,-0.878,-0.011233997490669667
251,2.510075697,right_knee_pitch_joint,0.12656071228626953,0.13,0.0034392877137304767
251,2.510075697,right_ankle_pitch_joint,-0.6204812749803104,-0.65,-0.029518725019689662
251,2.510075697,right_ankle_roll_joint,-0.12124794467844317,-0.1,0.021247944678443167
251,2.510075697,left_hip_yaw_joint,-0.005705828361119851,0.0,0.005705828361119851
251,2.510075697,left_hip_roll_joint,-0.09145765342691432,-0.1,-0.008542346573085682
251,2.510075697,left_hip_pitch_joint,0.8704155933024911,0.878,0.0075844066975089275
251,2.510075697,left_knee_pitch_joint,-0.17190722247540502,-0.13,0.041907222475405015
251,2.510075697,left_ankle_pitch_joint,0.652600553516485,0.65,-0.002600553516485027
251,2.510075697,left_ankle_roll_joint,0.09478714732254995,0.1,0.005212852677450058
252,2.520088129,right_hip_yaw_joint,0.0003805595889929932,0.0,-0.0003805595889929932
252,2.520088129,right_hip_roll_joint,0.09214686802021341,0.1,0.007853131979786598
252,2.520088129,right_hip_pitch_joint,-0.8694705398110235,-0.878,-0.00852946018897649
252,2.520088129,right_knee_pitch_joint,0.13127310128943923,0.13,-0.0012731012894392213
252,2.520088129,right_ankle_pitch_joint,-0.6251936641890298,-0.65,-0.024806335810970248
252,2.520088129,right_ankle_roll_joint,-0.11653555535418997,-0.1,0.016535555354189962
252,2.520088129,left_hip_yaw_joint,-0.0009934393689684075,0.0,0.0009934393689684075
252,2.520088129,left_hip_roll_joint,-0.09177115326512077,-0.1,-0.008228846734879239
252,2.520088129,left_hip_pitch_joint,0.8697367035604308,0.878,0.008263296439569245
252,2.520088129,left_knee_pitch_joint,-0.16719483339934646,-0.13,0.037194833399346455
252,2.520088129,left_ankle_pitch_joint,0.6478881644247587,0.65,0.0021118355752413054
252,2.520088129,left_ankle_roll_joint,0.09949953652440861,0.1,0.0005004634755913923
253,2.530063608,right_hip_yaw_joint,0.0003805595900440873,0.0,-0.0003805595900440873
253,2.530063608,right_hip_roll_joint,0.09131345916680174,0.1,0.008686540833198267
253,2.530063608,right_hip_pitch_joint,-0.8694073812033444,-0.878,-0.008592618796655627
253,2.530063608,right_knee_pitch_joint,0.13127310130295683,0.13,-0.001273101302956825
253,2.530063608,right_ankle_pitch_joint,-0.6251936642804454,-0.65,-0.024806335719554595
253,2.530063608,right_ankle_roll_joint,-0.11653555522813804,-0.1,0.01653555522813803
253,2.530063608,left_hip_yaw_joint,-0.0009934393662307962,0.0,0.0009934393662307962
253,2.530063608,left_hip_roll_joint,-0.0916684403540575,-0.1,-0.00833155964594251
253,2.530063608,left_hip_pitch_joint,0.8711693239708165,0.878,0.0068306760291835245
253,2.530063608,left_knee_pitch_joint,-0.1671948333442665,-0.13,0.03719483334426649
253,2.530063608,left_ankle_pitch_joint,0.6478881644240772,0.65,0.0021118355759228713
253,2.530063608,left_ankle_roll_joint,0.09949953654572975,0.1,0.000500463454270253
254,2.540056293,right_hip_yaw_joint,-1.858681133850952e-05,0.0,1.858681133850952e-05
254,2.540056293,right_hip_roll_joint,0.0897633330096578,0.1,0.010236666990342203
254,2.540056293,right_hip_pitch_joint,-0.8718276246916272,-0.878,-0.0061723753083727795
254,2.540056293,right_knee_pitch_joint,0.13127310128344596,0.13,-0.0012731012834459599
254,2.540056293,right_ankle_pitch_joint,-0.6251936643915448,-0.65,-0.024806335608455243
254,2.540056293,right_ankle_roll_joint,-0.11653555509804295,-0.1,0.016535555098042942
254,2.540056293,left_hip_yaw_joint,0.0006695365762141251,0.0,-0.0006695365762141251
254,2.540056293,left_hip_roll_joint,-0.08922384452323615,-0.1,-0.01077615547676386
254,2.540056293,left_hip_pitch_joint,0.8704966341577226,0.878,0.0075033658422773986
254,2.540056293,left_knee_pitch_joint,-0.16719483326222553,-0.13,0.03719483326222553
254,2.540056293,left_ankle_pitch_joint,0.6478881644417822,0.65,0.0021118355582178117
254,2.540056293,left_ankle_roll_joint,0.09949953656370115,0.1,0.0005004634362988508
255,2.550055599,right_hip_yaw_joint,-0.0047309758007191135,0.0,0.0047309758007191135
255,2.550055599,right_hip_roll_joint,0.09076147733851075,0.1,0.009238522661489251
255,2.550055599,right_hip_pitch_joint,-0.8697674273996744,-0.878,-0.008232572600325616
255,2.550055599,right_knee_pitch_joint,0.12656071226848764,0.13,0.0034392877315123638
255,2.550055599,right_ankle_pitch_joint,-0.6204812753881331,-0.65,-0.029518724611866887
255,2.550055599,right_ankle_roll_joint,-0.12124794416223364,-0.1,0.021247944162233634
255,2.550055599,left_hip_yaw_joint,-0.004042852412769526,0.0,0.004042852412769526
255,2.550055599,left_hip_roll_joint,-0.08881903983709451,-0.1,-0.011180960162905498
255,2.550055599,left_hip_pitch_joint,0.8727559033285704,0.878,0.0052440966714295545
255,2.550055599,left_knee_pitch_joint,-0.17190722223810367,-0.13,0.04190722223810367
255,2.550055599,left_ankle_pitch_joint,0.6526005535268986,0.65,-0.0026005535268985858
255,2.550055599,left_ankle_roll_joint,0.09478714740395346,0.1,0.005212852596046549
256,2.560079078,right_hip_yaw_joint,-0.004750829419250448,0.0,0.004750829419250448
256,2.560079078,right_hip_roll_joint,0.08994015664552846,0.1,0.010059843354471548
256,2.560079078,right_hip_pitch_joint,-0.8688594264146178,-0.878,-0.009140573585382228
256,2.560079078,right_knee_pitch_joint,0.1265607122588803,0.13,0.0034392877411197065
256,2.560079078,right_ankle_pitch_joint,-0.6204812754934118,-0.65,-0.029518724506588212
256,2.560079078,right_ankle_roll_joint,-0.12124794403053352,-0.1,0.02124794403053351
256,2.560079078,left_hip_yaw_joint,-0.004042852411449267,0.0,0.004042852411449267
256,2.560079078,left_hip_roll_joint,-0.08914361670165637,-0.1,-0.010856383298343639
256,2.560079078,left_hip_pitch_joint,0.8748558009918899,0.878,0.003144199008110138
256,2.560079078,left_knee_pitch_joint,-0.171907222180332,-0.13,0.04190722218033199
256,2.560079078,left_ankle_pitch_joint,0.6526005535281078,0.65,-0.0026005535281077297
256,2.560079078,left_ankle_roll_joint,0.09478714742425735,0.1,0.005212852575742652
257,2.570050190,right_hip_yaw_joint,-3.844043545660116e-05,0.0,3.844043545660116e-05
257,2.570050190,right_hip_roll_joint,0.08773646787173156,0.1,0.012263532128268445
257,2.570050190,right_hip_pitch_joint,-0.8709429424769263,-0.878,-0.007057057523073729
257,2.570050190,right_knee_pitch_joint,0.13127310127093272,0.13,-0.0012731012709327194
257,2.570050190,right_ankle_pitch_joint,-0.6251936646961902,-0.65,-0.024806335303809823
257,2.570050190,right_ankle_roll_joint,-0.11653555470806977,-0.1,0.016535554708069763
257,2.570050190,left_hip_yaw_joint,0.0006695365804281588,0.0,-0.0006695365804281588
257,2.570050190,left_hip_roll_joint,-0.08935869978309839,-0.1,-0.010641300216901614
257,2.570050190,left_hip_pitch_joint,0.8746316700944977,0.878,0.0033683299055022875
257,2.570050190,left_knee_pitch_joint,-0.1671948330951324,-0.13,0.037194833095132385
257,2.570050190,left_ankle_pitch_joint,0.6478881644423409,0.65,0.0021118355576591474
257,2.570050190,left_ankle_roll_joint,0.09949953662657209,0.1,0.0005004633734279201
258,2.580064977,right_hip_yaw_joint,-3.844043560817176e-05,0.0,3.844043560817176e-05
258,2.580064977,right_hip_roll_joint,0.08620706117573455,0.1,0.013792938824265452
258,2.580064977,right_hip_pitch_joint,-0.8744201976690786,-0.878,-0.0035798023309213667
258,2.580064977,right_knee_pitch_joint,0.1312731012657047,0.13,-0.001273101265704707
258,2.580064977,right_ankle_pitch_joint,-0.6251936647976144,-0.65,-0.02480633520238562
258,2.580064977,right_ankle_roll_joint,-0.11653555458253782,-0.1,0.016535554582537818
258,2.580064977,left_hip_yaw_joint,0.002388306192090534,0.0,-0.002388306192090534
258,2.580064977,left_hip_roll_joint,-0.08653854245676462,-0.1,-0.013461457543235383
258,2.580064977,left_hip_pitch_joint,0.8705110690064962,0.878,0.007488930993503784
258,2.580064977,left_knee_pitch_joint,-0.16719483302986599,-0.13,0.03719483302986598
258,2.580064977,left_ankle_pitch_joint,0.647888164452337,0.65,0.0021118355476630324
258,2.580064977,left_ankle_roll_joint,0.09949953664209629,0.1,0.0005004633579037132
259,2.590088319,right_hip_yaw_joint,-0.00475082943377605,0.0,0.00475082943377605
259,2.590088319,right_hip_roll_joint,0.08584364655617949,0.1,0.014156353443820519
259,2.590088319,right_hip_pitch_joint,-0.8716498689021758,-0.878,-0.00635013109782423
259,2.590088319,right_knee_pitch_joint,0.12656071223668794,0.13,0.0034392877633120655
259,2.590088319,right_ankle_pitch_joint,-0.6204812758009393,-0.65,-0.029518724199060764
259,2.590088319,right_ankle_roll_joint,-0.12124794364310848,-0.1,0.021247943643108474
259,2.590088319,left_hip_yaw_joint,-0.0023240827965838196,0.0,0.0023240827965838196
259,2.590088319,left_hip_roll_joint,-0.08515620186871833,-0.1,-0.014843798131281671
259,2.590088319,left_hip_pitch_joint,0.8745231320100266,0.878,0.0034768679899733756
259,2.590088319,left_knee_pitch_joint,-0.1719072219978976,-0.13,0.04190722199789759
259,2.590088319,left_ankle_pitch_joint,0.6526005535417512,0.65,-0.0026005535417511494
259,2.590088319,left_ankle_roll_joint,0.09478714748331805,0.1,0.005212852516681951
260,2.600091559,right_hip_yaw_joint,-0.004750829437049616,0.0,0.004750829437049616
260,2.600091559,right_hip_roll_joint,0.08527573539392316,0.1,0.014724264606076842
260,2.600091559,right_hip_pitch_joint,-0.871374253329782,-0.878,-0.00662574667021798
260,2.600091559,right_knee_pitch_joint,0.1265607122300813,0.13,0.0034392877699186974
260,2.600091559,right_ankle_pitch_joint,-0.6204812759016973,-0.65,-0.029518724098302696
260,2.600091559,right_ankle_roll_joint,-0.12124794351403417,-0.1,0.021247943514034168
260,2.600091559,left_hip_yaw_joint,-0.002324082795904686,0.0,0.002324082795904686
260,2.600091559,left_hip_roll_joint,-0.08561238469019815,-0.1,-0.014387615309801857
260,2.600091559,left_hip_pitch_joint,0.8761613113312882,0.878,0.0018386886687118409
260,2.600091559,left_knee_pitch_joint,-0.1719072219401107,-0.13,0.041907221940110706
260,2.600091559,left_ankle_pitch_joint,0.6526005535429932,0.65,-0.002600553542993156
260,2.600091559,left_ankle_roll_joint,0.09478714750461274,0.1,0.005212852495387263
261,2.610075407,right_hip_yaw_joint,-0.004750829439947487,0.0,0.004750829439947487
261,2.610075407,right_hip_roll_joint,0.08355791555096649,0.1,0.016442084449033514
261,2.610075407,right_hip_pitch_joint,-0.8729812170051584,-0.878,-0.005018782994841597
261,2.610075407,right_knee_pitch_joint,0.1265607122086816,0.13,0.0034392877913184128
261,2.610075407,right_ankle_pitch_joint,-0.620481276010132,-0.65,-0.02951872398986799
261,2.610075407,right_ankle_roll_joint,-0.12124794338596835,-0.1,0.021247943385968346
261,2.610075407,left_hip_yaw_joint,-0.0012373307106703967,0.0,0.0012373307106703967
261,2.610075407,left_hip_roll_joint,-0.08378309021844196,-0.1,-0.016216909781558042
261,2.610075407,left_hip_pitch_joint,0.8747617405088783,0.878,0.0032382594911216644
261,2.610075407,left_knee_pitch_joint,-0.17190722187646787,-0.13,0.041907221876467865
261,2.610075407,left_ankle_pitch_joint,0.6526005535525836,0.65,-0.0026005535525835954
261,2.610075407,left_ankle_roll_joint,0.09478714752088088,0.1,0.005212852479119123
262,2.620064237,right_hip_yaw_joint,-0.004750829439187534,0.0,0.004750829439187534
262,2.620064237,right_hip_roll_joint,0.08409317465125582,0.1,0.015906825348744186
262,2.620064237,right_hip_pitch_joint,-0.8742222493669134,-0.878,-0.0037777506330866073
262,2.620064237,right_knee_pitch_joint,0.1265607122102154,0.13,0.003439287789784612
262,2.620064237,right_ankle_pitch_joint,-0.6204812761085822,-0.65,-0.029518723891417853
262,2.620064237,right_ankle_roll_joint,-0.12124794325889109,-0.1,0.02124794325889108
262,2.620064237,left_hip_yaw_joint,-0.00027625121435488967,0.0,0.00027625121435488967
262,2.620064237,left_hip_roll_joint,-0.08328944352120783,-0.1,-0.016710556478792174
262,2.620064237,left_hip_pitch_joint,0.8727398021769096,0.878,0.005260197823090396
262,2.620064237,left_knee_pitch_joint,-0.1719072218135453,-0.13,0.04190722181354531
262,2.620064237,left_ankle_pitch_joint,0.6526005535600808,0.65,-0.0026005535600808205
262,2.620064237,left_ankle_roll_joint,0.09478714753681158,0.1,0.005212852463188422
263,2.630060790,right_hip_yaw_joint,-0.004750829438136584,0.0,0.004750829438136584
263,2.630060790,right_hip_roll_joint,0.08489509655609723,0.1,0.015104903443902779
263,2.630060790,right_hip_pitch_joint,-0.8755425171498208,-0.878,-0.0024574828501792156
263,2.630060790,right_knee_pitch_joint,0.12656071221105103,0.13,0.003439287788948975
263,2.630060790,right_ankle_pitch_joint,-0.6204812762072888,-0.65,-0.029518723792711254
263,2.630060790,right_ankle_roll_joint,-0.12124794313134532,-0.1,0.021247943131345315
263,2.630060790,left_hip_yaw_joint,0.0031317718111428796,0.0,-0.0031317718111428796
263,2.630060790,left_hip_roll_joint,-0.0834855868185647,-0.1,-0.016514413181435303
263,2.630060790,left_hip_pitch_joint,0.8708027905158149,0.878,0.007197209484185119
263,2.630060790,left_knee_pitch_joint,-0.17190722174198614,-0.13,0.041907221741986134
263,2.630060790,left_ankle_pitch_joint,0.6526005535733642,0.65,-0.002600553573364195
263,2.630060790,left_ankle_roll_joint,0.09478714755315402,0.1,0.005212852446845981
264,2.640060606,right_hip_yaw_joint,-0.004750829430771876,0.0,0.004750829430771876
264,2.640060606,right_hip_roll_joint,0.08551381879795485,0.1,0.01448618120204516
264,2.640060606,right_hip_pitch_joint,-0.8767628549360615,-0.878,-0.0012371450639384607
264,2.640060606,right_knee_pitch_joint,0.12656071219943038,0.13,0.0034392878005696237
264,2.640060606,right_ankle_pitch_joint,-0.6204812763151514,-0.65,-0.029518723684848647
264,2.640060606,right_ankle_roll_joint,-0.12124794300772765,-0.1,0.021247943007727643
264,2.640060606,left_hip_yaw_joint,0.002939832095643298,0.0,-0.002939832095643298
264,2.640060606,left_hip_roll_joint,-0.08291479763236692,-0.1,-0.017085202367633084
264,2.640060606,left_hip_pitch_joint,0.8689069661913049,0.878,0.009093033808695083
264,2.640060606,left_knee_pitch_joint,-0.1719072217094921,-0.13,0.0419072217094921
264,2.640060606,left_ankle_pitch_joint,0.652600553559401,0.65,-0.002600553559401031
264,2.640060606,left_ankle_roll_joint,0.09478714757589213,0.1,0.005212852424107878
265,2.650065365,right_hip_yaw_joint,-0.0024225727036939447,0.0,0.0024225727036939447
265,2.650065365,right_hip_roll_joint,0.0841555361613256,0.1,0.01584446383867441
265,2.650065365,right_hip_pitch_joint,-0.8769019467351052,-0.878,-0.0010980532648947605
265,2.650065365,right_knee_pitch_joint,0.13127310120377353,0.13,-0.0012731012037735245
265,2.650065365,right_ankle_pitch_joint,-0.6251936655206884,-0.65,-0.024806334479311576
265,2.650065365,right_ankle_roll_joint,-0.1165355536837174,-0.1,0.016535553683717397
265,2.650065365,left_hip_yaw_joint,0.007652221083002175,0.0,-0.007652221083002175
265,2.650065365,left_hip_roll_joint,-0.08471988587390526,-0.1,-0.015280114126094743
265,2.650065365,left_hip_pitch_joint,0.8705451328608437,0.878,0.007454867139156329
265,2.650065365,left_knee_pitch_joint,-0.16719483262064092,-0.13,0.03719483262064091
265,2.650065365,left_ankle_pitch_joint,0.6478881644754457,0.65,0.0021118355245542952
265,2.650065365,left_ankle_roll_joint,0.09949953677731012,0.1,0.000500463222689887
266,2.660064286,right_hip_yaw_joint,-0.007134961691532617,0.0,0.007134961691532617
266,2.660064286,right_hip_roll_joint,0.08597541418571619,0.1,0.014024585814283813
266,2.660064286,right_hip_pitch_joint,-0.8756115626222007,-0.878,-0.0023884373777992574
266,2.660064286,right_knee_pitch_joint,0.1265607121850545,0.13,0.003439287814945513
266,2.660064286,right_ankle_pitch_joint,-0.6204812765188142,-0.65,-0.029518723481185782
266,2.660064286,right_ankle_roll_joint,-0.12124794274707858,-0.1,0.02124794274707857
266,2.660064286,left_hip_yaw_joint,0.0054905769002839885,0.0,-0.0054905769002839885
266,2.660064286,left_hip_roll_joint,-0.08441795296353141,-0.1,-0.015582047036468594
266,2.660064286,left_hip_pitch_joint,0.8714985523531255,0.878,0.0065014476468745475
266,2.660064286,left_knee_pitch_joint,-0.17190722157323282,-0.13,0.04190722157323282
266,2.660064286,left_ankle_pitch_joint,0.652600553577864,0.65,-0.002600553577863929
266,2.660064286,left_ankle_roll_joint,0.09478714761034962,0.1,0.005212852389650385
267,2.670060933,right_hip_yaw_joint,-0.003242503944340334,0.0,0.003242503944340334
267,2.670060933,right_hip_roll_joint,0.0831487198575717,0.1,0.0168512801424283
267,2.670060933,right_hip_pitch_joint,-0.8770902191881518,-0.878,-0.0009097808118482265
267,2.670060933,right_knee_pitch_joint,0.13127310119119967,0.13,-0.001273101191199666
267,2.670060933,right_ankle_pitch_joint,-0.6251936657258985,-0.65,-0.024806334274101505
267,2.670060933,right_ankle_roll_joint,-0.11653555342385277,-0.1,0.016535553423852767
267,2.670060933,left_hip_yaw_joint,0.010202965886514618,0.0,-0.010202965886514618
267,2.670060933,left_hip_roll_joint,-0.0834180442882028,-0.1,-0.0165819557117972
267,2.670060933,left_hip_pitch_joint,0.8707152567172154,0.878,0.0072847432827846115
267,2.670060933,left_knee_pitch_joint,-0.16719483249772393,-0.13,0.03719483249772393
267,2.670060933,left_ankle_pitch_joint,0.647888164485571,0.65,0.0021118355144290613
267,2.670060933,left_ankle_roll_joint,0.09949953681532765,0.1,0.0005004631846723534
268,2.680065344,right_hip_yaw_joint,-0.00822381788208771,0.0,0.00822381788208771
268,2.680065344,right_hip_roll_joint,0.08311440499528652,0.1,0.016885595004713483
268,2.680065344,right_hip_pitch_joint,-0.872615678522922,-0.878,-0.0053843214770780135
268,2.680065344,right_knee_pitch_joint,0.12656071216072678,0.13,0.0034392878392732196
268,2.680065344,right_ankle_pitch_joint,-0.6204812767312335,-0.65,-0.029518723268766478
268,2.680065344,right_ankle_roll_joint,-0.12124794248388997,-0.1,0.02124794248388996
268,2.680065344,left_hip_yaw_joint,0.00549057689357328,0.0,-0.00549057689357328
268,2.680065344,left_hip_roll_joint,-0.08297061065210184,-0.1,-0.01702938934789816
268,2.680065344,left_hip_pitch_joint,0.8754722833473594,0.878,0.0025277166526406214
268,2.680065344,left_knee_pitch_joint,-0.1719072214611161,-0.13,0.041907221461116084
268,2.680065344,left_ankle_pitch_joint,0.6526005535781021,0.65,-0.0026005535781020717
268,2.680065344,left_ankle_roll_joint,0.0947871476556838,0.1,0.0052128523443162045
269,2.690091077,right_hip_yaw_joint,-0.0035114288963386366,0.0,0.0035114288963386366
269,2.690091077,right_hip_roll_joint,0.0815831308003759,0.1,0.01841686919962411
269,2.690091077,right_hip_pitch_joint,-0.8734881712393552,-0.878,-0.00451182876064482
269,2.690091077,right_knee_pitch_joint,0.13127310117623844,0.13,-0.0012731011762384392
269,2.690091077,right_ankle_pitch_joint,-0.6251936659324123,-0.65,-0.0248063340675877
269,2.690091077,right_ankle_roll_joint,-0.11653555316196709,-0.1,0.016535553161967087
269,2.690091077,left_hip_yaw_joint,0.010202965879289231,0.0,-0.010202965879289231
269,2.690091077,left_hip_roll_joint,-0.08390205843968757,-0.1,-0.01609794156031244
269,2.690091077,left_hip_pitch_joint,0.8752498901863619,0.878,0.002750109813638102
269,2.690091077,left_knee_pitch_joint,-0.16719483237591953,-0.13,0.03719483237591953
269,2.690091077,left_ankle_pitch_joint,0.6478881644922251,0.65,0.0021118355077749396
269,2.690091077,left_ankle_roll_joint,0.09949953685838091,0.1,0.000500463141619098
270,2.700013831,right_hip_yaw_joint,-0.00822381788464772,0.0,0.00822381788464772
270,2.700013831,right_hip_roll_joint,0.08166789655021509,0.1,0.01833210344978492
270,2.700013831,right_hip_pitch_joint,-0.873143360796591,-0.878,-0.004856639203408952
270,2.700013831,right_knee_pitch_joint,0.12656071215533207,0.13,0.003439287844667932
270,2.700013831,right_ankle_pitch_joint,-0.620481276931798,-0.65,-0.029518723068202024
270,2.700013831,right_ankle_roll_joint,-0.1212479422276525,-0.1,0.0212479422276525
270,2.700013831,left_hip_yaw_joint,0.00806682910774182,0.0,-0.00806682910774182
270,2.700013831,left_hip_roll_joint,-0.08198254356353449,-0.1,-0.018017456436465518
270,2.700013831,left_hip_pitch_joint,0.8748783186862209,0.878,0.003121681313779101
270,2.700013831,left_knee_pitch_joint,-0.17190722133441036,-0.13,0.041907221334410355
270,2.700013831,left_ankle_pitch_joint,0.6526005535913856,0.65,-0.002600553591385557
270,2.700013831,left_ankle_roll_joint,0.09478714769249563,0.1,0.005212852307504373
271,2.710058582,right_hip_yaw_joint,-0.0035114289008411825,0.0,0.0035114289008411825
271,2.710058582,right_hip_roll_joint,0.07989355600379339,0.1,0.02010644399620662
271,2.710058582,right_hip_pitch_joint,-0.8748865641575004,-0.878,-0.003113435842499568
271,2.710058582,right_knee_pitch_joint,0.13127310116978366,0.13,-0.001273101169783658
271,2.710058582,right_ankle_pitch_joint,-0.625193666134127,-0.65,-0.024806333865873054
271,2.710058582,right_ankle_roll_joint,-0.11653555290635217,-0.1,0.01653555290635217
271,2.710058582,left_hip_yaw_joint,0.012779218091959609,0.0,-0.012779218091959609
271,2.710058582,left_hip_roll_joint,-0.08201133730112851,-0.1,-0.01798866269887149
271,2.710058582,left_hip_pitch_joint,0.8729036102311034,0.878,0.005096389768896592
271,2.710058582,left_knee_pitch_joint,-0.1671948322589256,-0.13,0.037194832258925586
271,2.710058582,left_ankle_pitch_joint,0.6478881644995778,0.65,0.0021118355004222655
271,2.710058582,left_ankle_roll_joint,0.09949953689682728,0.1,0.0005004631031727269
272,2.720064057,right_hip_yaw_joint,-0.008232588557787638,0.0,0.008232588557787638
272,2.720064057,right_hip_roll_joint,0.08037952132016365,0.1,0.01962047867983635
272,2.720064057,right_hip_pitch_joint,-0.8727179137813124,-0.878,-0.005282086218687643
272,2.720064057,right_knee_pitch_joint,0.12656071213866904,0.13,0.003439287861330964
272,2.720064057,right_ankle_pitch_joint,-0.6204812771376527,-0.65,-0.029518722862347357
272,2.720064057,right_ankle_roll_joint,-0.12124794196663628,-0.1,0.021247941966636277
272,2.720064057,left_hip_yaw_joint,0.00872331672647258,0.0,-0.00872331672647258
272,2.720064057,left_hip_roll_joint,-0.08162824540162268,-0.1,-0.018371754598377324
272,2.720064057,left_hip_pitch_joint,0.8774154146887988,0.878,0.0005845853112012023
272,2.720064057,left_knee_pitch_joint,-0.17190722120729657,-0.13,0.04190722120729656
272,2.720064057,left_ankle_pitch_joint,0.6526005536024923,0.65,-0.0026005536024922282
272,2.720064057,left_ankle_roll_joint,0.09478714773015204,0.1,0.005212852269847967
273,2.730081675,right_hip_yaw_joint,-0.00823258855571372,0.0,0.00823258855571372
273,2.730081675,right_hip_roll_joint,0.08011239254784776,0.1,0.019887607452152248
273,2.730081675,right_hip_pitch_joint,-0.8736434365803505,-0.878,-0.004356563419649517
273,2.730081675,right_knee_pitch_joint,0.1265607121372549,0.13,0.0034392878627451107
273,2.730081675,right_ankle_pitch_joint,-0.6204812772382734,-0.65,-0.029518722761726623
273,2.730081675,right_ankle_roll_joint,-0.121247941841168,-0.1,0.02124794184116799
273,2.730081675,left_hip_yaw_joint,0.00982569283281346,0.0,-0.00982569283281346
273,2.730081675,left_hip_roll_joint,-0.08033771843183471,-0.1,-0.019662281568165296
273,2.730081675,left_hip_pitch_joint,0.8743955364526395,0.878,0.003604463547360548
273,2.730081675,left_knee_pitch_joint,-0.17190722114502385,-0.13,0.04190722114502385
273,2.730081675,left_ankle_pitch_joint,0.6526005536096127,0.65,-0.0026005536096126436
273,2.730081675,left_ankle_roll_joint,0.09478714774629964,0.1,0.00521285225370037
274,2.740064000,right_hip_yaw_joint,-0.00823258855370241,0.0,0.00823258855370241
274,2.740064000,right_hip_roll_joint,0.08047358153120891,0.1,0.019526418468791093
274,2.740064000,right_hip_pitch_joint,-0.8752199458051847,-0.878,-0.002780054194815307
274,2.740064000,right_knee_pitch_joint,0.12656071213316233,0.13,0.0034392878668376703
274,2.740064000,right_ankle_pitch_joint,-0.6204812773402654,-0.65,-0.029518722659734653
274,2.740064000,right_ankle_roll_joint,-0.12124794171576264,-0.1,0.021247941715762636
274,2.740064000,left_hip_yaw_joint,0.00982569282339461,0.0,-0.00982569282339461
274,2.740064000,left_hip_roll_joint,-0.07967393267449623,-0.1,-0.02032606732550378
274,2.740064000,left_hip_pitch_joint,0.8726476426588101,0.878,0.005352357341189884
274,2.740064000,left_knee_pitch_joint,-0.171907221109288,-0.13,0.04190722110928799
274,2.740064000,left_ankle_pitch_joint,0.6526005535973829,0.65,-0.002600553597382871
274,2.740064000,left_ankle_roll_joint,0.09478714777044173,0.1,0.005212852229558279
275,2.750084513,right_hip_yaw_joint,-0.009977672935681223,0.0,0.009977672935681223
275,2.750084513,right_hip_roll_joint,0.07903183717373667,0.1,0.020968162826263334
275,2.750084513,right_hip_pitch_joint,-0.8752043090967846,-0.878,-0.0027956909032154087
275,2.750084513,right_knee_pitch_joint,0.12656071211244566,0.13,0.0034392878875543487
275,2.750084513,right_ankle_pitch_joint,-0.6204812774522366,-0.65,-0.029518722547763443
275,2.750084513,right_ankle_roll_joint,-0.1212479415860572,-0.1,0.021247941586057195
275,2.750084513,left_hip_yaw_joint,0.011490620548333906,0.0,-0.011490620548333906
275,2.750084513,left_hip_roll_joint,-0.07749220264154844,-0.1,-0.02250779735845157
275,2.750084513,left_hip_pitch_joint,0.8719452184476492,0.878,0.006054781552350841
275,2.750084513,left_knee_pitch_joint,-0.1719072210373547,-0.13,0.0419072210373547
275,2.750084513,left_ankle_pitch_joint,0.652600553610664,0.65,-0.002600553610664025
275,2.750084513,left_ankle_roll_joint,0.09478714778831551,0.1,0.005212852211684493
276,2.760074656,right_hip_yaw_joint,-0.009977672931267466,0.0,0.009977672931267466
276,2.760074656,right_hip_roll_joint,0.08095747434167752,0.1,0.019042525658322484
276,2.760074656,right_hip_pitch_joint,-0.8745709331454062,-0.878,-0.0034290668545937653
276,2.760074656,right_knee_pitch_joint,0.12656071212096173,0.13,0.003439287879038272
276,2.760074656,right_ankle_pitch_joint,-0.6204812775466989,-0.65,-0.029518722453301116
276,2.760074656,right_ankle_roll_joint,-0.12124794145891575,-0.1,0.021247941458915745
276,2.760074656,left_hip_yaw_joint,0.01149062054050741,0.0,-0.01149062054050741
276,2.760074656,left_hip_roll_joint,-0.07956693226718013,-0.1,-0.020433067732819873
276,2.760074656,left_hip_pitch_joint,0.8724546470012816,0.878,0.005545352998718389
276,2.760074656,left_knee_pitch_joint,-0.1719072209876486,-0.13,0.0419072209876486
276,2.760074656,left_ankle_pitch_joint,0.6526005536069475,0.65,-0.002600553606947442
276,2.760074656,left_ankle_roll_joint,0.09478714780944841,0.1,0.005212852190551592
277,2.770073839,right_hip_yaw_joint,-0.011336159436598253,0.0,0.011336159436598253
277,2.770073839,right_hip_roll_joint,0.08207941811125599,0.1,0.017920581888744014
277,2.770073839,right_hip_pitch_joint,-0.8715443923382293,-0.878,-0.006455607661770668
277,2.770073839,right_knee_pitch_joint,0.12656071210935205,0.13,0.0034392878906479574
277,2.770073839,right_ankle_pitch_joint,-0.6204812776545494,-0.65,-0.02951872234545061
277,2.770073839,right_ankle_roll_joint,-0.12124794132739088,-0.1,0.02124794132739087
277,2.770073839,left_hip_yaw_joint,0.011490620532735658,0.0,-0.011490620532735658
277,2.770073839,left_hip_roll_joint,-0.08178894526928332,-0.1,-0.018211054730716686
277,2.770073839,left_hip_pitch_joint,0.8754311765036198,0.878,0.0025688234963802126
277,2.770073839,left_knee_pitch_joint,-0.17190722092668362,-0.13,0.041907220926683614
277,2.770073839,left_ankle_pitch_joint,0.6526005536096358,0.65,-0.0026005536096357362
277,2.770073839,left_ankle_roll_joint,0.09478714782932834,0.1,0.005212852170671661
278,2.780057360,right_hip_yaw_joint,-0.011336159437213441,0.0,0.011336159437213441
278,2.780057360,right_hip_roll_joint,0.08192084150149198,0.1,0.018079158498508024
278,2.780057360,right_hip_pitch_joint,-0.8721801105688373,-0.878,-0.005819889431162739
278,2.780057360,right_knee_pitch_joint,0.12656071210135073,0.13,0.003439287898649279
278,2.780057360,right_ankle_pitch_joint,-0.6204812777587234,-0.65,-0.029518722241276607
278,2.780057360,right_ankle_roll_joint,-0.1212479411969054,-0.1,0.0212479411969054
278,2.780057360,left_hip_yaw_joint,0.013017475148143024,0.0,-0.013017475148143024
278,2.780057360,left_hip_roll_joint,-0.08098950105014768,-0.1,-0.019010498949852322
278,2.780057360,left_hip_pitch_joint,0.8745584515493932,0.878,0.003441548450606846
278,2.780057360,left_knee_pitch_joint,-0.17190722085303217,-0.13,0.04190722085303217
278,2.780057360,left_ankle_pitch_joint,0.6526005536238146,0.65,-0.0026005536238146165
278,2.780057360,left_ankle_roll_joint,0.0947871478454876,0.1,0.005212852154512407
279,2.790063503,right_hip_yaw_joint,-0.011336159428104809,0.0,0.011336159428104809
279,2.790063503,right_hip_roll_joint,0.08275352910777461,0.1,0.01724647089222539
279,2.790063503,right_hip_pitch_joint,-0.872001552506888,-0.878,-0.005998447493111958
279,2.790063503,right_knee_pitch_joint,0.12656071210608208,0.13,0.003439287893917925
279,2.790063503,right_ankle_pitch_joint,-0.620481277856411,-0.65,-0.02951872214358897
279,2.790063503,right_ankle_roll_joint,-0.12124794107256766,-0.1,0.021247941072567653
279,2.790063503,left_hip_yaw_joint,0.013017475139398993,0.0,-0.013017475139398993
279,2.790063503,left_hip_roll_joint,-0.08185746226823962,-0.1,-0.01814253773176039
279,2.790063503,left_hip_pitch_joint,0.8740744408681294,0.878,0.003925559131870648
279,2.790063503,left_knee_pitch_joint,-0.17190722080666537,-0.13,0.04190722080666537
279,2.790063503,left_ankle_pitch_joint,0.652600553618228,0.65,-0.0026005536182279743
279,2.790063503,left_ankle_roll_joint,0.09478714786810061,0.1,0.005212852131899398
280,2.800033112,right_hip_yaw_joint,-0.012265763335766969,0.0,0.012265763335766969
280,2.800033112,right_hip_roll_joint,0.08210302718123619,0.1,0.017896972818763818
280,2.800033112,right_hip_pitch_joint,-0.8700738115663054,-0.878,-0.007926188433694636
280,2.800033112,right_knee_pitch_joint,0.12656071210016417,0.13,0.00343928789983583
280,2.800033112,right_ankle_pitch_joint,-0.6204812779592617,-0.65,-0.029518722040738354
280,2.800033112,right_ankle_roll_joint,-0.12124794093971147,-0.1,0.021247940939711468
280,2.800033112,left_hip_yaw_joint,0.013017475131399218,0.0,-0.013017475131399218
280,2.800033112,left_hip_roll_joint,-0.08257363487762592,-0.1,-0.017426365122374082
280,2.800033112,left_hip_pitch_joint,0.8765970726258802,0.878,0.0014029273741198445
280,2.800033112,left_knee_pitch_joint,-0.1719072207444416,-0.13,0.04190722074444159
280,2.800033112,left_ankle_pitch_joint,0.6526005536221477,0.65,-0.0026005536221477277
280,2.800033112,left_ankle_roll_joint,0.0947871478889189,0.1,0.005212852111081107
281,2.810060493,right_hip_yaw_joint,-0.007553374349476482,0.0,0.007553374349476482
281,2.810060493,right_hip_roll_joint,0.07956966124905658,0.1,0.020430338750943425
281,2.810060493,right_hip_pitch_joint,-0.8743265384897843,-0.878,-0.0036734615102157475
281,2.810060493,right_knee_pitch_joint,0.13127310110798293,0.13,-0.0012731011079829269
281,2.810060493,right_ankle_pitch_joint,-0.6251936671654431,-0.65,-0.02480633283455691
281,2.810060493,right_ankle_roll_joint,-0.11653555161853642,-0.1,0.016535551618536412
281,2.810060493,left_hip_yaw_joint,0.01958737148022066,0.0,-0.01958737148022066
281,2.810060493,left_hip_roll_joint,-0.08107946199551007,-0.1,-0.018920538004489937
281,2.810060493,left_hip_pitch_joint,0.8722288369522025,0.878,0.005771163047797456
281,2.810060493,left_knee_pitch_joint,-0.16719483165424562,-0.13,0.037194831654245614
281,2.810060493,left_ankle_pitch_joint,0.6478881645421356,0.65,0.0021118354578644194
281,2.810060493,left_ankle_roll_joint,0.09949953708733868,0.1,0.0005004629126613286
282,2.820097146,right_hip_yaw_joint,-0.008035322284330062,0.0,0.008035322284330062
282,2.820097146,right_hip_roll_joint,0.07980040931557848,0.1,0.020199590684421523
282,2.820097146,right_hip_pitch_joint,-0.8738600126815901,-0.878,-0.004139987318409921
282,2.820097146,right_knee_pitch_joint,0.1312731010948657,0.13,-0.0012731010948656973
282,2.820097146,right_ankle_pitch_joint,-0.625193667271181,-0.65,-0.024806332728819047
282,2.820097146,right_ankle_roll_joint,-0.11653555148656548,-0.1,0.016535551486565478
282,2.820097146,left_hip_yaw_joint,0.019587371470510467,0.0,-0.019587371470510467
282,2.820097146,left_hip_roll_joint,-0.08212480610136516,-0.1,-0.017875193898634845
282,2.820097146,left_hip_pitch_joint,0.8738150674065858,0.878,0.004184932593414237
282,2.820097146,left_knee_pitch_joint,-0.16719483159936857,-0.13,0.037194831599368566
282,2.820097146,left_ankle_pitch_joint,0.6478881645412213,0.65,0.002111835458778688
282,2.820097146,left_ankle_roll_joint,0.0994995371084193,0.1,0.0005004628915807052
283,2.830082657,right_hip_yaw_joint,-0.012747711270466918,0.0,0.012747711270466918
283,2.830082657,right_hip_roll_joint,0.07966864536317875,0.1,0.02033135463682126
283,2.830082657,right_hip_pitch_joint,-0.8722581158916073,-0.878,-0.005741884108392714
283,2.830082657,right_knee_pitch_joint,0.1265607120780376,0.13,0.0034392879219624084
283,2.830082657,right_ankle_pitch_joint,-0.6204812782684579,-0.65,-0.02951872173154213
283,2.830082657,right_ankle_roll_joint,-0.12124794055345858,-0.1,0.021247940553458577
283,2.830082657,left_hip_yaw_joint,0.014874982481752874,0.0,-0.014874982481752874
283,2.830082657,left_hip_roll_joint,-0.08001483881342858,-0.1,-0.019985161186571426
283,2.830082657,left_hip_pitch_joint,0.8753983466078742,0.878,0.0026016533921258134
283,2.830082657,left_knee_pitch_joint,-0.1719072205625215,-0.13,0.0419072205625215
283,2.830082657,left_ankle_pitch_joint,0.6526005536351331,0.65,-0.002600553635133118
283,2.830082657,left_ankle_roll_joint,0.09478714794571794,0.1,0.005212852054282069
284,2.840081641,right_hip_yaw_joint,-0.01274771126581058,0.0,0.01274771126581058
284,2.840081641,right_hip_roll_joint,0.07967577676176123,0.1,0.02032422323823878
284,2.840081641,right_hip_pitch_joint,-0.8744043896861989,-0.878,-0.0035956103138010675
284,2.840081641,right_knee_pitch_joint,0.1265607120736115,0.13,0.0034392879263885068
284,2.840081641,right_ankle_pitch_joint,-0.620481278370528,-0.65,-0.029518721629472
284,2.840081641,right_ankle_roll_joint,-0.12124794042758075,-0.1,0.02124794042758074
284,2.840081641,left_hip_yaw_joint,0.01614554540600387,0.0,-0.01614554540600387
284,2.840081641,left_hip_roll_joint,-0.07857569773510692,-0.1,-0.021424302264893086
284,2.840081641,left_hip_pitch_joint,0.8725943272393981,0.878,0.005405672760601887
284,2.840081641,left_knee_pitch_joint,-0.1719072205044629,-0.13,0.04190722050446288
284,2.840081641,left_ankle_pitch_joint,0.6526005536392911,0.65,-0.0026005536392911255
284,2.840081641,left_ankle_roll_joint,0.09478714796222483,0.1,0.005212852037775176
285,2.850083038,right_hip_yaw_joint,-0.012747711271279667,0.0,0.012747711271279667
285,2.850083038,right_hip_roll_joint,0.07843192926672518,0.1,0.021568070733274824
285,2.850083038,right_hip_pitch_joint,-0.8753319808320604,-0.878,-0.0026680191679395726
285,2.850083038,right_knee_pitch_joint,0.12656071205602737,0.13,0.0034392879439726354
285,2.850083038,right_ankle_pitch_joint,-0.6204812784802677,-0.65,-0.02951872151973234
285,2.850083038,right_ankle_roll_joint,-0.12124794029593183,-0.1,0.021247940295931828
285,2.850083038,left_hip_yaw_joint,0.017658430882802344,0.0,-0.017658430882802344
285,2.850083038,left_hip_roll_joint,-0.07649703591747196,-0.1,-0.02350296408252804
285,2.850083038,left_hip_pitch_joint,0.8716267304528968,0.878,0.006373269547103155
285,2.850083038,left_knee_pitch_joint,-0.17190722043802925,-0.13,0.04190722043802925
285,2.850083038,left_ankle_pitch_joint,0.6526005536486296,0.65,-0.0026005536486295444
285,2.850083038,left_ankle_roll_joint,0.09478714797919373,0.1,0.005212852020806277
286,2.860080450,right_hip_yaw_joint,-0.013653415538609603,0.0,0.013653415538609603
286,2.860080450,right_hip_roll_joint,0.0781613731783145,0.1,0.02183862682168551
286,2.860080450,right_hip_pitch_joint,-0.8735695765869037,-0.878,-0.004430423413096296
286,2.860080450,right_knee_pitch_joint,0.12656071204549305,0.13,0.003439287954506959
286,2.860080450,right_ankle_pitch_joint,-0.6204812785863187,-0.65,-0.02951872141368128
286,2.860080450,right_ankle_roll_joint,-0.12124794016414658,-0.1,0.021247940164146578
286,2.860080450,left_hip_yaw_joint,0.01765843087203024,0.0,-0.01765843087203024
286,2.860080450,left_hip_roll_joint,-0.07713062812160455,-0.1,-0.022869371878395453
286,2.860080450,left_hip_pitch_joint,0.8735961795862176,0.878,0.0044038204137824
286,2.860080450,left_knee_pitch_joint,-0.17190722038389764,-0.13,0.04190722038389763
286,2.860080450,left_ankle_pitch_joint,0.6526005536471867,0.65,-0.0026005536471866986
286,2.860080450,left_ankle_roll_joint,0.09478714800166842,0.1,0.0052128519983315885
287,2.870072966,right_hip_yaw_joint,-0.01365341552878565,0.0,0.01365341552878565
287,2.870072966,right_hip_roll_joint,0.0789581944804648,0.1,0.021041805519535203
287,2.870072966,right_hip_pitch_joint,-0.8718687224930044,-0.878,-0.006131277506995603
287,2.870072966,right_knee_pitch_joint,0.12656071205912423,0.13,0.0034392879408757793
287,2.870072966,right_ankle_pitch_joint,-0.6204812786788267,-0.65,-0.02951872132117328
287,2.870072966,right_ankle_roll_joint,-0.12124794004058373,-0.1,0.021247940040583724
287,2.870072966,left_hip_yaw_joint,0.01765843086103145,0.0,-0.01765843086103145
287,2.870072966,left_hip_roll_joint,-0.07865454206708582,-0.1,-0.02134545793291419
287,2.870072966,left_hip_pitch_joint,0.8748950541846742,0.878,0.0031049458153258325
287,2.870072966,left_knee_pitch_joint,-0.17190722032594244,-0.13,0.041907220325942435
287,2.870072966,left_ankle_pitch_joint,0.6526005536489613,0.65,-0.002600553648961279
287,2.870072966,left_ankle_roll_joint,0.09478714802381354,0.1,0.0052128519761864694
288,2.880059305,right_hip_yaw_joint,-0.009584009054144176,0.0,0.009584009054144176
288,2.880059305,right_hip_roll_joint,0.0760724228876085,0.1,0.023927577112391504
288,2.880059305,right_hip_pitch_joint,-0.8742264919949375,-0.878,-0.003773508005062487
288,2.880059305,right_knee_pitch_joint,0.13127310106745288,0.13,-0.0012731010674528753
288,2.880059305,right_ankle_pitch_joint,-0.6251936678846419,-0.65,-0.0248063321153581
288,2.880059305,right_ankle_roll_joint,-0.11653555071834071,-0.1,0.016535550718340702
288,2.880059305,left_hip_yaw_joint,0.02241442665933529,0.0,-0.02241442665933529
288,2.880059305,left_hip_roll_joint,-0.07792039276284561,-0.1,-0.022079607237154394
288,2.880059305,left_hip_pitch_joint,0.8729826388121945,0.878,0.005017361187805491
288,2.880059305,left_knee_pitch_joint,-0.16719483123538945,-0.13,0.03719483123538944
288,2.880059305,left_ankle_pitch_joint,0.6478881645672767,0.65,0.002111835432723308
288,2.880059305,left_ankle_roll_joint,0.09949953722176737,0.1,0.0005004627782326382
289,2.890082385,right_hip_yaw_joint,-0.014296398039040925,0.0,0.014296398039040925
289,2.890082385,right_hip_roll_joint,0.07750200936437188,0.1,0.02249799063562813
289,2.890082385,right_hip_pitch_joint,-0.8737538771283823,-0.878,-0.004246122871617741
289,2.890082385,right_knee_pitch_joint,0.12656071204419359,0.13,0.0034392879558064193
289,2.890082385,right_ankle_pitch_joint,-0.6204812788857659,-0.65,-0.029518721114234148
289,2.890082385,right_ankle_roll_joint,-0.12124793978333526,-0.1,0.02124793978333525
289,2.890082385,left_hip_yaw_joint,0.01889267309674357,0.0,-0.01889267309674357
289,2.890082385,left_hip_roll_joint,-0.07652880547641565,-0.1,-0.023471194523584357
289,2.890082385,left_hip_pitch_joint,0.8729852000212254,0.878,0.005014799978774631
289,2.890082385,left_knee_pitch_joint,-0.17190722019656196,-0.13,0.041907220196561956
289,2.890082385,left_ankle_pitch_joint,0.6526005536637465,0.65,-0.002600553663746452
289,2.890082385,left_ankle_roll_joint,0.09478714805660221,0.1,0.005212851943397795
290,2.900058871,right_hip_yaw_joint,-0.010635701975779017,0.0,0.010635701975779017
290,2.900058871,right_hip_roll_joint,0.07771868970363038,0.1,0.022281310296369622
290,2.900058871,right_hip_pitch_joint,-0.8771052294183092,-0.878,-0.0008947705816908513
290,2.900058871,right_knee_pitch_joint,0.13127310104278267,0.13,-0.001273101042782665
290,2.900058871,right_ankle_pitch_joint,-0.6251936680785006,-0.65,-0.02480633192149939
290,2.900058871,right_ankle_roll_joint,-0.11653555048508218,-0.1,0.01653555048508218
290,2.900058871,left_hip_yaw_joint,0.024686055463016016,0.0,-0.024686055463016016
290,2.900058871,left_hip_roll_joint,-0.07738836591101375,-0.1,-0.022611634088986254
290,2.900058871,left_hip_pitch_joint,0.8693072037208177,0.878,0.008692796279182291
290,2.900058871,left_knee_pitch_joint,-0.16719483111897404,-0.13,0.03719483111897404
290,2.900058871,left_ankle_pitch_joint,0.6478881645820871,0.65,0.002111835417912933
290,2.900058871,left_ankle_roll_joint,0.09949953724778322,0.1,0.000500462752216782
291,2.910059158,right_hip_yaw_joint,-0.01534809095627435,0.0,0.01534809095627435
291,2.910059158,right_hip_roll_joint,0.07791584756874465,0.1,0.02208415243125536
291,2.910059158,right_hip_pitch_joint,-0.8741661167177958,-0.878,-0.0038338832822042423
291,2.910059158,right_knee_pitch_joint,0.12656071203073785,0.13,0.003439287969262156
291,2.910059158,right_ankle_pitch_joint,-0.6204812790932263,-0.65,-0.029518720906773765
291,2.910059158,right_ankle_roll_joint,-0.12124793952738427,-0.1,0.02124793952738427
291,2.910059158,left_hip_yaw_joint,0.01997366646071714,0.0,-0.01997366646071714
291,2.910059158,left_hip_roll_joint,-0.07617348053799436,-0.1,-0.023826519462005646
291,2.910059158,left_hip_pitch_joint,0.8723541645373512,0.878,0.005645835462648852
291,2.910059158,left_knee_pitch_joint,-0.1719072200807593,-0.13,0.04190722008075928
291,2.910059158,left_ankle_pitch_joint,0.6526005536690002,0.65,-0.0026005536690001385
291,2.910059158,left_ankle_roll_joint,0.09478714809649422,0.1,0.0052128519035057885
292,2.920062703,right_hip_yaw_joint,-0.011998817919791911,0.0,0.011998817919791911
292,2.920062703,right_hip_roll_joint,0.0773049145923257,0.1,0.0226950854076743
292,2.920062703,right_hip_pitch_joint,-0.8745777478249831,-0.878,-0.0034222521750169044
292,2.920062703,right_knee_pitch_joint,0.13127310103954118,0.13,-0.0012731010395411746
292,2.920062703,right_ankle_pitch_joint,-0.6251936682989258,-0.65,-0.02480633170107427
292,2.920062703,right_ankle_roll_joint,-0.11653555020158118,-0.1,0.01653555020158118
292,2.920062703,left_hip_yaw_joint,0.02468605543687534,0.0,-0.02468605543687534
292,2.920062703,left_hip_roll_joint,-0.07833760798032662,-0.1,-0.02166239201967339
292,2.920062703,left_hip_pitch_joint,0.8727402948052178,0.878,0.005259705194782249
292,2.920062703,left_knee_pitch_joint,-0.16719483099714977,-0.13,0.037194830997149764
292,2.920062703,left_ankle_pitch_joint,0.6478881645816471,0.65,0.0021118354183529142
292,2.920062703,left_ankle_roll_joint,0.09949953729854168,0.1,0.000500462701458329
293,2.930085535,right_hip_yaw_joint,-0.01712044576862099,0.0,0.01712044576862099
293,2.930085535,right_hip_roll_joint,0.07812295886758804,0.1,0.02187704113241197
293,2.930085535,right_hip_pitch_joint,-0.8714528174771363,-0.878,-0.0065471825228636815
293,2.930085535,right_knee_pitch_joint,0.12656071201081753,0.13,0.0034392879891824713
293,2.930085535,right_ankle_pitch_joint,-0.6204812793029967,-0.65,-0.029518720697003342
293,2.930085535,right_ankle_roll_joint,-0.12124793925999129,-0.1,0.021247939259991286
293,2.930085535,left_hip_yaw_joint,0.02083662890905833,0.0,-0.02083662890905833
293,2.930085535,left_hip_roll_joint,-0.07855172181380005,-0.1,-0.02144827818619996
293,2.930085535,left_hip_pitch_joint,0.8764287524984525,0.878,0.001571247501547468
293,2.930085535,left_knee_pitch_joint,-0.17190721994584177,-0.13,0.04190721994584176
293,2.930085535,left_ankle_pitch_joint,0.652600553684486,0.65,-0.0026005536844859733
293,2.930085535,left_ankle_roll_joint,0.0947871481333666,0.1,0.005212851866633408
294,2.940062413,right_hip_yaw_joint,-0.012408056770535306,0.0,0.012408056770535306
294,2.940062413,right_hip_roll_joint,0.07698818332912634,0.1,0.023011816670873667
294,2.940062413,right_hip_pitch_joint,-0.874253405694664,-0.878,-0.0037465943053359707
294,2.940062413,right_knee_pitch_joint,0.1312731010367847,0.13,-0.0012731010367846851
294,2.940062413,right_ankle_pitch_joint,-0.6251936684991569,-0.65,-0.024806331500843104
294,2.940062413,right_ankle_roll_joint,-0.11653554994530696,-0.1,0.016535549945306954
294,2.940062413,left_hip_yaw_joint,0.02554901788297767,0.0,-0.02554901788297767
294,2.940062413,left_hip_roll_joint,-0.07859597202013871,-0.1,-0.021404027979861295
294,2.940062413,left_hip_pitch_joint,0.873331057300113,0.878,0.0046689426998870465
294,2.940062413,left_knee_pitch_joint,-0.16719483087593595,-0.13,0.03719483087593595
294,2.940062413,left_ankle_pitch_joint,0.6478881645890873,0.65,0.0021118354109127546
294,2.940062413,left_ankle_roll_joint,0.09949953733897239,0.1,0.0005004626610276147
295,2.950089981,right_hip_yaw_joint,-0.017120445753486035,0.0,0.017120445753486035
295,2.950089981,right_hip_roll_joint,0.07899572676876616,0.1,0.02100427323123384
295,2.950089981,right_hip_pitch_joint,-0.8736484502573364,-0.878,-0.004351549742663607
295,2.950089981,right_knee_pitch_joint,0.1265607120139971,0.13,0.0034392879860029035
295,2.950089981,right_ankle_pitch_joint,-0.6204812795001858,-0.65,-0.02951872049981419
295,2.950089981,right_ankle_roll_joint,-0.12124793900946161,-0.1,0.021247939009461606
295,2.950089981,left_hip_yaw_joint,0.022023235684271808,0.0,-0.022023235684271808
295,2.950089981,left_hip_roll_joint,-0.07783307298670127,-0.1,-0.02216692701329874
295,2.950089981,left_hip_pitch_joint,0.873299274906183,0.878,0.004700725093817026
295,2.950089981,left_knee_pitch_joint,-0.17190721983539506,-0.13,0.041907219835395054
295,2.950089981,left_ankle_pitch_joint,0.6526005536868397,0.65,-0.002600553686839646
295,2.950089981,left_ankle_roll_joint,0.09478714817333624,0.1,0.00521285182666377
296,2.960061361,right_hip_yaw_joint,-0.0126104053033374,0.0,0.0126104053033374
296,2.960061361,right_hip_roll_joint,0.07753952249625568,0.1,0.02246047750374433
296,2.960061361,right_hip_pitch_joint,-0.8743156983063454,-0.878,-0.0036843016936546347
296,2.960061361,right_knee_pitch_joint,0.13127310102812367,0.13,-0.0012731010281236688
296,2.960061361,right_ankle_pitch_joint,-0.6251936687039163,-0.65,-0.024806331296083672
296,2.960061361,right_ankle_roll_joint,-0.11653554968688815,-0.1,0.01653554968688814
296,2.960061361,left_hip_yaw_joint,0.026735624659659275,0.0,-0.026735624659659275
296,2.960061361,left_hip_roll_joint,-0.07862359122715454,-0.1,-0.021376408772845468
296,2.960061361,left_hip_pitch_joint,0.8724955664823397,0.878,0.005504433517660279
296,2.960061361,left_knee_pitch_joint,-0.167194830756742,-0.13,0.03719483075674199
296,2.960061361,left_ankle_pitch_joint,0.6478881645965446,0.65,0.0021118354034553866
296,2.960061361,left_ankle_roll_joint,0.09949953737746171,0.1,0.0005004626225382919
297,2.970085671,right_hip_yaw_joint,-0.017637105650801056,0.0,0.017637105650801056
297,2.970085671,right_hip_roll_joint,0.07653860006095159,0.1,0.023461399939048416
297,2.970085671,right_hip_pitch_joint,-0.8712677677068402,-0.878,-0.006732232293159779
297,2.970085671,right_knee_pitch_joint,0.1265607119987493,0.13,0.0034392880012507066
297,2.970085671,right_ankle_pitch_joint,-0.6204812797093394,-0.65,-0.029518720290660605
297,2.970085671,right_ankle_roll_joint,-0.12124793874837343,-0.1,0.021247938748373427
297,2.970085671,left_hip_yaw_joint,0.022023235667140643,0.0,-0.022023235667140643
297,2.970085671,left_hip_roll_joint,-0.07673603705122069,-0.1,-0.023263962948779318
297,2.970085671,left_hip_pitch_joint,0.8756208555226441,0.878,0.0023791444773558768
297,2.970085671,left_knee_pitch_joint,-0.17190721971260012,-0.13,0.04190721971260011
297,2.970085671,left_ankle_pitch_joint,0.6526005536949152,0.65,-0.0026005536949151864
297,2.970085671,left_ankle_roll_joint,0.09478714821403486,0.1,0.005212851785965145
298,2.980077741,right_hip_yaw_joint,-0.01767293547724705,0.0,0.01767293547724705
298,2.980077741,right_hip_roll_joint,0.07587598686661319,0.1,0.024124013133386815
298,2.980077741,right_hip_pitch_joint,-0.8704433163836096,-0.878,-0.007556683616390392
298,2.980077741,right_knee_pitch_joint,0.12656071199476765,0.13,0.003439288005232355
298,2.980077741,right_ankle_pitch_joint,-0.6204812798108426,-0.65,-0.029518720189157466
298,2.980077741,right_ankle_roll_joint,-0.12124793861740306,-0.1,0.021247938617403053
298,2.980077741,left_hip_yaw_joint,0.022023235654282727,0.0,-0.022023235654282727
298,2.980077741,left_hip_roll_joint,-0.0766495167295294,-0.1,-0.02335048327047061
298,2.980077741,left_hip_pitch_joint,0.8771187073379282,0.878,0.0008812926620718198
298,2.980077741,left_knee_pitch_joint,-0.17190721965650946,-0.13,0.04190721965650945
298,2.980077741,left_ankle_pitch_joint,0.6526005536947321,0.65,-0.0026005536947321106
298,2.980077741,left_ankle_roll_joint,0.09478714823723731,0.1,0.005212851762762691
299,2.990085812,right_hip_yaw_joint,-0.013139171296102514,0.0,0.013139171296102514
299,2.990085812,right_hip_roll_joint,0.07355063006118441,0.1,0.026449369938815595
299,2.990085812,right_hip_pitch_joint,-0.873649540308451,-0.878,-0.0043504596915490135
299,2.990085812,right_knee_pitch_joint,0.1312731009996379,0.13,-0.0012731009996378995
299,2.990085812,right_ankle_pitch_joint,-0.6251936690195785,-0.65,-0.02480633098042151
299,2.990085812,right_ankle_roll_joint,-0.11653554929520629,-0.1,0.016535549295206287
299,2.990085812,left_hip_yaw_joint,0.02680194537250902,0.0,-0.02680194537250902
299,2.990085812,left_hip_roll_joint,-0.07582166624182793,-0.1,-0.024178333758172077
299,2.990085812,left_hip_pitch_joint,0.8737408194820696,0.878,0.004259180517930394
299,2.990085812,left_knee_pitch_joint,-0.16719483057092582,-0.13,0.03719483057092582
299,2.990085812,left_ankle_pitch_joint,0.647888164610609,0.65,0.0021118353893909703
299,2.990085812,left_ankle_roll_joint,0.09949953743555703,0.1,0.0005004625644429717
300,3.000115152,right_hip_yaw_joint,-0.013139171288744391,0.0,0.013139171288744391
300,3.000115152,right_hip_roll_joint,0.07302288774198423,0.1,0.026977112258015773
300,3.000115152,right_hip_pitch_joint,-0.874911183416901,-0.878,-0.0030888165830990078
300,3.000115152,right_knee_pitch_joint,0.13127310100348497,0.13,-0.001273101003484961
300,3.000115152,right_ankle_pitch_joint,-0.6251936691165215,-0.65,-0.0248063308834785
300,3.000115152,right_ankle_roll_joint,-0.11653554917127114,-0.1,0.016535549171271133
300,3.000115152,left_hip_yaw_joint,0.027245905634502618,0.0,-0.027245905634502618
300,3.000115152,left_hip_roll_joint,-0.07470568404907527,-0.1,-0.02529431595092474
300,3.000115152,left_hip_pitch_joint,0.8723578367832692,0.878,0.005642163216730833
300,3.000115152,left_knee_pitch_joint,-0.167194830508837,-0.13,0.037194830508836985
300,3.000115152,left_ankle_pitch_joint,0.6478881646160304,0.65,0.00211183538396964
300,3.000115152,left_ankle_roll_joint,0.09949953745322905,0.1,0.000500462546770955
301,3.010061039,right_hip_yaw_joint,-0.01370354487569702,0.0,0.01370354487569702
301,3.010061039,right_hip_roll_joint,0.07263833392346038,0.1,0.02736166607653963
301,3.010061039,right_hip_pitch_joint,-0.8746351597962246,-0.878,-0.0033648402037753655
301,3.010061039,right_knee_pitch_joint,0.13127310098792694,0.13,-0.001273100987926934
301,3.010061039,right_ankle_pitch_joint,-0.6251936692251223,-0.65,-0.024806330774877705
301,3.010061039,right_ankle_roll_joint,-0.11653554904018623,-0.1,0.016535549040186226
301,3.010061039,left_hip_yaw_joint,0.027245905628670353,0.0,-0.027245905628670353
301,3.010061039,left_hip_roll_joint,-0.07429683310261502,-0.1,-0.025703166897384985
301,3.010061039,left_hip_pitch_joint,0.8731529877507774,0.878,0.004847012249222571
301,3.010061039,left_knee_pitch_joint,-0.1671948304445598,-0.13,0.03719483044455979
301,3.010061039,left_ankle_pitch_joint,0.6478881646220465,0.65,0.0021118353779535637
301,3.010061039,left_ankle_roll_joint,0.09949953747175636,0.1,0.0005004625282436503
302,3.020058849,right_hip_yaw_joint,-0.013703544866779735,0.0,0.013703544866779735
302,3.020058849,right_hip_roll_joint,0.07435389296130655,0.1,0.025646107038693453
302,3.020058849,right_hip_pitch_joint,-0.8744367596528229,-0.878,-0.0035632403471771434
302,3.020058849,right_knee_pitch_joint,0.13127310099657757,0.13,-0.0012731009965775697
302,3.020058849,right_ankle_pitch_joint,-0.6251936693195105,-0.65,-0.02480633068048954
302,3.020058849,right_ankle_roll_joint,-0.11653554891456835,-0.1,0.01653554891456835
302,3.020058849,left_hip_yaw_joint,0.027245905614913725,0.0,-0.027245905614913725
302,3.020058849,left_hip_roll_joint,-0.07596688959755953,-0.1,-0.02403311040244048
302,3.020058849,left_hip_pitch_joint,0.8731952987601359,0.878,0.004804701239864095
302,3.020058849,left_knee_pitch_joint,-0.16719483039424485,-0.13,0.03719483039424484
302,3.020058849,left_ankle_pitch_joint,0.6478881646186949,0.65,0.002111835381305105
302,3.020058849,left_ankle_roll_joint,0.09949953749432455,0.1,0.000500462505675453
303,3.030062307,right_hip_yaw_joint,-0.01438889019649714,0.0,0.01438889019649714
303,3.030062307,right_hip_roll_joint,0.07434317845399675,0.1,0.025656821546003253
303,3.030062307,right_hip_pitch_joint,-0.875155050779423,-0.878,-0.0028449492205769866
303,3.030062307,right_knee_pitch_joint,0.13127310097861353,0.13,-0.0012731009786135228
303,3.030062307,right_ankle_pitch_joint,-0.6251936694302408,-0.65,-0.024806330569759227
303,3.030062307,right_ankle_roll_joint,-0.11653554878303737,-0.1,0.016535548783037368
303,3.030062307,left_hip_yaw_joint,0.028511688507603748,0.0,-0.028511688507603748
303,3.030062307,left_hip_roll_joint,-0.07502794811924615,-0.1,-0.024972051880753854
303,3.030062307,left_hip_pitch_joint,0.8721993766411301,0.878,0.005800623358869883
303,3.030062307,left_knee_pitch_joint,-0.16719483032414534,-0.13,0.037194830324145334
303,3.030062307,left_ankle_pitch_joint,0.6478881646300901,0.65,0.002111835369909887
303,3.030062307,left_ankle_roll_joint,0.09949953751095657,0.1,0.0005004624890434378
304,3.040071577,right_hip_yaw_joint,-0.019101279175195784,0.0,0.019101279175195784
304,3.040071577,right_hip_roll_joint,0.07676915823461328,0.1,0.02323084176538673
304,3.040071577,right_hip_pitch_joint,-0.8721736304569538,-0.878,-0.0058263695430461615
304,3.040071577,right_knee_pitch_joint,0.12656071196567759,0.13,0.0034392880343224186
304,3.040071577,right_ankle_pitch_joint,-0.6204812804260986,-0.65,-0.029518719573901397
304,3.040071577,right_ankle_roll_joint,-0.12124793784960416,-0.1,0.02124793784960416
304,3.040071577,left_hip_yaw_joint,0.023799299504402696,0.0,-0.023799299504402696
304,3.040071577,left_hip_roll_joint,-0.07612981153565812,-0.1,-0.023870188464341885
304,3.040071577,left_hip_pitch_joint,0.8745708773266025,0.878,0.0034291226733974556
304,3.040071577,left_knee_pitch_joint,-0.17190721929702085,-0.13,0.04190721929702085
304,3.040071577,left_ankle_pitch_joint,0.6526005537171434,0.65,-0.0026005537171434057
304,3.040071577,left_ankle_roll_joint,0.09478714835201678,0.1,0.005212851647983227
305,3.050075632,right_hip_yaw_joint,-0.019641689686122704,0.0,0.019641689686122704
305,3.050075632,right_hip_roll_joint,0.07654220753654442,0.1,0.023457792463455585
305,3.050075632,right_hip_pitch_joint,-0.8707805928116702,-0.878,-0.007219407188329807
305,3.050075632,right_knee_pitch_joint,0.12656071196132546,0.13,0.0034392880386745484
305,3.050075632,right_ankle_pitch_joint,-0.6204812805286538,-0.65,-0.02951871947134621
305,3.050075632,right_ankle_roll_joint,-0.12124793771608311,-0.1,0.021247937716083104
305,3.050075632,left_hip_yaw_joint,0.024396026060623636,0.0,-0.024396026060623636
305,3.050075632,left_hip_roll_joint,-0.07683137382119506,-0.1,-0.02316862617880494
305,3.050075632,left_hip_pitch_joint,0.876057661557628,0.878,0.0019423384423720158
305,3.050075632,left_knee_pitch_joint,-0.17190721921553742,-0.13,0.04190721921553742
305,3.050075632,left_ankle_pitch_joint,0.6526005537349633,0.65,-0.0026005537349632624
305,3.050075632,left_ankle_roll_joint,0.0947871483659833,0.1,0.005212851634016705
306,3.060087406,right_hip_yaw_joint,-0.01964168968595349,0.0,0.01964168968595349
306,3.060087406,right_hip_roll_joint,0.07559945939027113,0.1,0.024400540609728877
306,3.060087406,right_hip_pitch_joint,-0.8715349630192635,-0.878,-0.006465036980736527
306,3.060087406,right_knee_pitch_joint,0.126560711949437,0.13,0.003439288050563011
306,3.060087406,right_ankle_pitch_joint,-0.6204812806353385,-0.65,-0.02951871936466155
306,3.060087406,right_ankle_roll_joint,-0.12124793758729875,-0.1,0.021247937587298746
306,3.060087406,left_hip_yaw_joint,0.024396026044595988,0.0,-0.024396026044595988
306,3.060087406,left_hip_roll_joint,-0.07574851768548466,-0.1,-0.02425148231451535
306,3.060087406,left_hip_pitch_joint,0.8754506017969711,0.878,0.0025493982030289075
306,3.060087406,left_knee_pitch_joint,-0.17190721917123716,-0.13,0.04190721917123716
306,3.060087406,left_ankle_pitch_joint,0.6526005537279547,0.65,-0.0026005537279546465
306,3.060087406,left_ankle_roll_joint,0.09478714839056822,0.1,0.005212851609431787
307,3.070063264,right_hip_yaw_joint,-0.014929300694572564,0.0,0.014929300694572564
307,3.070063264,right_hip_roll_joint,0.07475167806728145,0.1,0.02524832193271856
307,3.070063264,right_hip_pitch_joint,-0.8764093067028137,-0.878,-0.0015906932971863075
307,3.070063264,right_knee_pitch_joint,0.13127310095571806,0.13,-0.0012731009557180595
307,3.070063264,right_ankle_pitch_joint,-0.6251936698420621,-0.65,-0.024806330157937873
307,3.070063264,right_ankle_roll_joint,-0.11653554826480414,-0.1,0.016535548264804134
307,3.070063264,left_hip_yaw_joint,0.03013389660168886,0.0,-0.03013389660168886
307,3.070063264,left_hip_roll_joint,-0.07555548106985358,-0.1,-0.02444451893014643
307,3.070063264,left_hip_pitch_joint,0.871894100559277,0.878,0.006105899440723039
307,3.070063264,left_knee_pitch_joint,-0.16719483008989128,-0.13,0.03719483008989127
307,3.070063264,left_ankle_pitch_joint,0.6478881646399176,0.65,0.0021118353600824147
307,3.070063264,left_ankle_roll_joint,0.09949953758767685,0.1,0.0005004624123231549
308,3.080084704,right_hip_yaw_joint,-0.019641689685742363,0.0,0.019641689685742363
308,3.080084704,right_hip_roll_joint,0.07486765230194775,0.1,0.025132347698052254
308,3.080084704,right_hip_pitch_joint,-0.8719937530950246,-0.878,-0.006006246904975421
308,3.080084704,right_knee_pitch_joint,0.12656071193006646,0.13,0.0034392880699335437
308,3.080084704,right_ankle_pitch_joint,-0.6204812808445201,-0.65,-0.029518719155479878
308,3.080084704,right_ankle_roll_joint,-0.12124793732592398,-0.1,0.021247937325923977
308,3.080084704,left_hip_yaw_joint,0.02542150759875448,0.0,-0.02542150759875448
308,3.080084704,left_hip_roll_joint,-0.07515631072833358,-0.1,-0.024843689271666428
308,3.080084704,left_hip_pitch_joint,0.875968378729368,0.878,0.0020316212706320558
308,3.080084704,left_knee_pitch_joint,-0.17190721905226472,-0.13,0.041907219052264716
308,3.080084704,left_ankle_pitch_joint,0.6526005537334562,0.65,-0.0026005537334561346
308,3.080084704,left_ankle_roll_joint,0.09478714842939143,0.1,0.005212851570608579
309,3.090081191,right_hip_yaw_joint,-0.01964168967705731,0.0,0.01964168967705731
309,3.090081191,right_hip_roll_joint,0.0746787712712367,0.1,0.0253212287287633
309,3.090081191,right_hip_pitch_joint,-0.8723390816390627,-0.878,-0.005660918360937295
309,3.090081191,right_knee_pitch_joint,0.12656071193695176,0.13,0.003439288063048246
309,3.090081191,right_ankle_pitch_joint,-0.6204812809398199,-0.65,-0.02951871906018011
309,3.090081191,right_ankle_roll_joint,-0.12124793720198644,-0.1,0.021247937201986436
309,3.090081191,left_hip_yaw_joint,0.02542150759164786,0.0,-0.02542150759164786
309,3.090081191,left_hip_roll_joint,-0.07461709644834813,-0.1,-0.025382903551651875
309,3.090081191,left_hip_pitch_joint,0.8756734937911137,0.878,0.002326506208886303
309,3.090081191,left_knee_pitch_joint,-0.1719072189906916,-0.13,0.04190721899069161
309,3.090081191,left_ankle_pitch_joint,0.6526005537379508,0.65,-0.0026005537379507615
309,3.090081191,left_ankle_roll_joint,0.09478714844895039,0.1,0.005212851551049613
310,3.100108228,right_hip_yaw_joint,-0.019641689677943743,0.0,0.019641689677943743
310,3.100108228,right_hip_roll_joint,0.07336775046299372,0.1,0.026632249537006283
310,3.100108228,right_hip_pitch_joint,-0.8725537123563031,-0.878,-0.005446287643696923
310,3.100108228,right_knee_pitch_joint,0.12656071192643967,0.13,0.003439288073560337
310,3.100108228,right_ankle_pitch_joint,-0.6204812810461188,-0.65,-0.02951871895388125
310,3.100108228,right_ankle_roll_joint,-0.12124793707187287,-0.1,0.021247937071872863
310,3.100108228,left_hip_yaw_joint,0.02542150758772021,0.0,-0.02542150758772021
310,3.100108228,left_hip_roll_joint,-0.07277484628646956,-0.1,-0.027225153713530445
310,3.100108228,left_hip_pitch_joint,0.8751635301275071,0.878,0.002836469872492864
310,3.100108228,left_knee_pitch_joint,-0.17190721892687316,-0.13,0.04190721892687316
310,3.100108228,left_ankle_pitch_joint,0.6526005537443269,0.65,-0.0026005537443268834
310,3.100108228,left_ankle_roll_joint,0.0947871484668795,0.1,0.0052128515331205105
311,3.110084049,right_hip_yaw_joint,-0.01964168967804602,0.0,0.01964168967804602
311,3.110084049,right_hip_roll_joint,0.07329965703047692,0.1,0.02670034296952309
311,3.110084049,right_hip_pitch_joint,-0.8712199546206485,-0.878,-0.006780045379351507
311,3.110084049,right_knee_pitch_joint,0.12656071192179458,0.13,0.003439288078205427
311,3.110084049,right_ankle_pitch_joint,-0.6204812811477393,-0.65,-0.02951871885226076
311,3.110084049,right_ankle_roll_joint,-0.1212479369413399,-0.1,0.02124793694133989
311,3.110084049,left_hip_yaw_joint,0.025421507572643665,0.0,-0.025421507572643665
311,3.110084049,left_hip_roll_joint,-0.07381352330154889,-0.1,-0.026186476698451117
311,3.110084049,left_hip_pitch_joint,0.877061607650696,0.878,0.0009383923493040403
311,3.110084049,left_knee_pitch_joint,-0.17190721886777904,-0.13,0.04190721886777904
311,3.110084049,left_ankle_pitch_joint,0.6526005537463054,0.65,-0.002600553746305412
311,3.110084049,left_ankle_roll_joint,0.09478714848939652,0.1,0.005212851510603481
312,3.120088385,right_hip_yaw_joint,-0.01492930068807212,0.0,0.01492930068807212
312,3.120088385,right_hip_roll_joint,0.07128507610593515,0.1,0.028714923894064853
312,3.120088385,right_hip_pitch_joint,-0.8745599149273044,-0.878,-0.0034400850726955534
312,3.120088385,right_knee_pitch_joint,0.13127310093149153,0.13,-0.001273100931491522
312,3.120088385,right_ankle_pitch_joint,-0.6251936703341474,-0.65,-0.02480632966585261
312,3.120088385,right_ankle_roll_joint,-0.11653554764623678,-0.1,0.01653554764623677
312,3.120088385,left_hip_yaw_joint,0.03161824425565599,0.0,-0.03161824425565599
312,3.120088385,left_hip_roll_joint,-0.07311500524650309,-0.1,-0.026884994753496913
312,3.120088385,left_hip_pitch_joint,0.8732023084176693,0.878,0.0047976915823306765
312,3.120088385,left_knee_pitch_joint,-0.16719482978602632,-0.13,0.03719482978602631
312,3.120088385,left_ankle_pitch_joint,0.647888164667069,0.65,0.0021118353329310224
312,3.120088385,left_ankle_roll_joint,0.09949953768237992,0.1,0.0005004623176200901
313,3.130246792,right_hip_yaw_joint,-0.014929300678624503,0.0,0.014929300678624503
313,3.130246792,right_hip_roll_joint,0.07334643551577236,0.1,0.02665356448422765
313,3.130246792,right_hip_pitch_joint,-0.8747188341422106,-0.878,-0.00328116585778937
313,3.130246792,right_knee_pitch_joint,0.13127310093810796,0.13,-0.0012731009381079517
313,3.130246792,right_ankle_pitch_joint,-0.6251936704297026,-0.65,-0.02480632957029738
313,3.130246792,right_ankle_roll_joint,-0.11653554752041545,-0.1,0.016535547520415445
313,3.130246792,left_hip_yaw_joint,0.0316182442389932,0.0,-0.0316182442389932
313,3.130246792,left_hip_roll_joint,-0.0749540962914308,-0.1,-0.02504590370856921
313,3.130246792,left_hip_pitch_joint,0.8727125326820482,0.878,0.005287467317951822
313,3.130246792,left_knee_pitch_joint,-0.1671948297383391,-0.13,0.0371948297383391
313,3.130246792,left_ankle_pitch_joint,0.64788816466234,0.65,0.0021118353376600174
313,3.130246792,left_ankle_roll_joint,0.09949953770491166,0.1,0.0005004622950883497
314,3.140075869,right_hip_yaw_joint,-0.01509427891197444,0.0,0.01509427891197444
314,3.140075869,right_hip_roll_joint,0.0723351380271567,0.1,0.027664861972843305
314,3.140075869,right_hip_pitch_joint,-0.8750866484117031,-0.878,-0.002913351588296864
314,3.140075869,right_knee_pitch_joint,0.13127310092113914,0.13,-0.0012731009211391364
314,3.140075869,right_ankle_pitch_joint,-0.6251936705393807,-0.65,-0.024806329460619336
314,3.140075869,right_ankle_roll_joint,-0.1165355473905666,-0.1,0.01653554739056659
314,3.140075869,left_hip_yaw_joint,0.0327454855675892,0.0,-0.0327454855675892
314,3.140075869,left_hip_roll_joint,-0.07422409930593214,-0.1,-0.025775900694067863
314,3.140075869,left_hip_pitch_joint,0.8727508877758777,0.878,0.0052491122241222765
314,3.140075869,left_knee_pitch_joint,-0.16719482966771385,-0.13,0.03719482966771384
314,3.140075869,left_ankle_pitch_joint,0.6478881646726182,0.65,0.0021118353273817947
314,3.140075869,left_ankle_roll_joint,0.0994995377206149,0.1,0.0005004622793851055
315,3.150086165,right_hip_yaw_joint,-0.019806667893186938,0.0,0.019806667893186938
315,3.150086165,right_hip_roll_joint,0.07500484681422419,0.1,0.024995153185775817
315,3.150086165,right_hip_pitch_joint,-0.8734872852160391,-0.878,-0.0045127147839608694
315,3.150086165,right_knee_pitch_joint,0.1265607119060203,0.13,0.0034392880939796977
315,3.150086165,right_ankle_pitch_joint,-0.6204812815353744,-0.65,-0.029518718464625615
315,3.150086165,right_ankle_roll_joint,-0.12124793645486219,-0.1,0.021247936454862185
315,3.150086165,left_hip_yaw_joint,0.028804600356282798,0.0,-0.028804600356282798
315,3.150086165,left_hip_roll_joint,-0.07469145959217965,-0.1,-0.02530854040782035
315,3.150086165,left_hip_pitch_joint,0.8743094930349297,0.878,0.0036905069650703393
315,3.150086165,left_knee_pitch_joint,-0.17190721862149128,-0.13,0.04190721862149127
315,3.150086165,left_ankle_pitch_joint,0.6526005537726565,0.65,-0.0026005537726564443
315,3.150086165,left_ankle_roll_joint,0.09478714855367115,0.1,0.005212851446328853
316,3.160062286,right_hip_yaw_joint,-0.019806667882288118,0.0,0.019806667882288118
316,3.160062286,right_hip_roll_joint,0.07618261591475137,0.1,0.02381738408524864
316,3.160062286,right_hip_pitch_joint,-0.8755971926001561,-0.878,-0.002402807399843887
316,3.160062286,right_knee_pitch_joint,0.12656071190023657,0.13,0.0034392880997634323
316,3.160062286,right_ankle_pitch_joint,-0.6204812816383137,-0.65,-0.02951871836168629
316,3.160062286,right_ankle_roll_joint,-0.12124793632925734,-0.1,0.02124793632925734
316,3.160062286,left_hip_yaw_joint,0.02902930682712188,0.0,-0.02902930682712188
316,3.160062286,left_hip_roll_joint,-0.07445613151906186,-0.1,-0.025543868480938148
316,3.160062286,left_hip_pitch_joint,0.8720561385607151,0.878,0.0059438614392849365
316,3.160062286,left_knee_pitch_joint,-0.17190721856430372,-0.13,0.04190721856430371
316,3.160062286,left_ankle_pitch_joint,0.6526005537751277,0.65,-0.0026005537751276897
316,3.160062286,left_ankle_roll_joint,0.09478714856960863,0.1,0.00521285143039138
317,3.170081762,right_hip_yaw_joint,-0.015094278891237323,0.0,0.015094278891237323
317,3.170081762,right_hip_roll_joint,0.0744854187695351,0.1,0.025514581230464906
317,3.170081762,right_hip_pitch_joint,-0.8776359060559006,-0.878,-0.00036409394409941953
317,3.170081762,right_knee_pitch_joint,0.1312731009111126,0.13,-0.0012731009111126013
317,3.170081762,right_ankle_pitch_joint,-0.625193670843791,-0.65,-0.02480632915620906
317,3.170081762,right_ankle_roll_joint,-0.11653554700893556,-0.1,0.01653554700893556
317,3.170081762,left_hip_yaw_joint,0.0337416957977814,0.0,-0.0337416957977814
317,3.170081762,left_hip_roll_joint,-0.07413847471604935,-0.1,-0.02586152528395065
317,3.170081762,left_hip_pitch_joint,0.8700843364307882,0.878,0.007915663569211806
317,3.170081762,left_knee_pitch_joint,-0.1671948294954165,-0.13,0.0371948294954165
317,3.170081762,left_ankle_pitch_joint,0.6478881646786442,0.65,0.002111835321355837
317,3.170081762,left_ankle_roll_joint,0.09949953777645203,0.1,0.0005004622235479789
318,3.180080639,right_hip_yaw_joint,-0.0165903165004436,0.0,0.0165903165004436
318,3.180080639,right_hip_roll_joint,0.07512633556679807,0.1,0.024873664433201936
318,3.180080639,right_hip_pitch_joint,-0.8745295605106254,-0.878,-0.0034704394893746437
318,3.180080639,right_knee_pitch_joint,0.1312731009043675,0.13,-0.0012731009043674968
318,3.180080639,right_ankle_pitch_joint,-0.6251936709488458,-0.65,-0.024806329051154208
318,3.180080639,right_ankle_roll_joint,-0.11653554687718008,-0.1,0.016535546877180077
318,3.180080639,left_hip_yaw_joint,0.03374169578044537,0.0,-0.03374169578044537
318,3.180080639,left_hip_roll_joint,-0.07590603012458536,-0.1,-0.02409396987541465
318,3.180080639,left_hip_pitch_joint,0.87311735198064,0.878,0.004882648019360003
318,3.180080639,left_knee_pitch_joint,-0.16719482943354477,-0.13,0.03719482943354477
318,3.180080639,left_ankle_pitch_joint,0.6478881646819,0.65,0.002111835318099997
318,3.180080639,left_ankle_roll_joint,0.09949953779788287,0.1,0.0005004622021171357
319,3.190071294,right_hip_yaw_joint,-0.017036486958253643,0.0,0.017036486958253643
319,3.190071294,right_hip_roll_joint,0.07516470725804873,0.1,0.024835292741951273
319,3.190071294,right_hip_pitch_joint,-0.875047236266267,-0.878,-0.002952763733732988
319,3.190071294,right_knee_pitch_joint,0.13127310088639735,0.13,-0.0012731008863973436
319,3.190071294,right_ankle_pitch_joint,-0.6251936710597803,-0.65,-0.024806328940219724
319,3.190071294,right_ankle_roll_joint,-0.11653554674366819,-0.1,0.01653554674366818
319,3.190071294,left_hip_yaw_joint,0.033741695772481206,0.0,-0.033741695772481206
319,3.190071294,left_hip_roll_joint,-0.07553323955775205,-0.1,-0.02446676044224795
319,3.190071294,left_hip_pitch_joint,0.8725466375149297,0.878,0.005453362485070334
319,3.190071294,left_knee_pitch_joint,-0.16719482937452732,-0.13,0.03719482937452731
319,3.190071294,left_ankle_pitch_joint,0.6478881646846645,0.65,0.002111835315335542
319,3.190071294,left_ankle_roll_joint,0.09949953781438081,0.1,0.0005004621856191938
320,3.200066275,right_hip_yaw_joint,-0.017036486947203958,0.0,0.017036486947203958
320,3.200066275,right_hip_roll_joint,0.0740068109036243,0.1,0.0259931890963757
320,3.200066275,right_hip_pitch_joint,-0.8746261945503087,-0.878,-0.003373805449691347
320,3.200066275,right_knee_pitch_joint,0.13127310089848437,0.13,-0.0012731008984843695
320,3.200066275,right_ankle_pitch_joint,-0.625193671152371,-0.65,-0.02480632884762901
320,3.200066275,right_ankle_roll_joint,-0.11653554662010197,-0.1,0.016535546620101968
320,3.200066275,left_hip_yaw_joint,0.03374169576659277,0.0,-0.03374169576659277
320,3.200066275,left_hip_roll_joint,-0.07452278552616654,-0.1,-0.02547721447383347
320,3.200066275,left_hip_pitch_joint,0.8726324943005029,0.878,0.005367505699497066
320,3.200066275,left_knee_pitch_joint,-0.1671948293035994,-0.13,0.03719482930359941
320,3.200066275,left_ankle_pitch_joint,0.6478881646953898,0.65,0.0021118353046102323
320,3.200066275,left_ankle_roll_joint,0.09949953783219247,0.1,0.0005004621678075388
321,3.210065249,right_hip_yaw_joint,-0.017036486945884367,0.0,0.017036486945884367
321,3.210065249,right_hip_roll_joint,0.0734754681033496,0.1,0.02652453189665041
321,3.210065249,right_hip_pitch_joint,-0.8736521355787714,-0.878,-0.004347864421228587
321,3.210065249,right_knee_pitch_joint,0.13127310089526908,0.13,-0.0012731008952690803
321,3.210065249,right_ankle_pitch_joint,-0.6251936712545116,-0.65,-0.024806328745488382
321,3.210065249,right_ankle_roll_joint,-0.1165355464906481,-0.1,0.01653554649064809
321,3.210065249,left_hip_yaw_joint,0.03374169574958518,0.0,-0.03374169574958518
321,3.210065249,left_hip_roll_joint,-0.07455573030229944,-0.1,-0.02544426969770057
321,3.210065249,left_hip_pitch_joint,0.8734922258130914,0.878,0.00450777418690862
321,3.210065249,left_knee_pitch_joint,-0.167194829249807,-0.13,0.03719482924980699
321,3.210065249,left_ankle_pitch_joint,0.647888164694314,0.65,0.0021118353056860384
321,3.210065249,left_ankle_roll_joint,0.0994995378560222,0.1,0.000500462143977809
322,3.220063776,right_hip_yaw_joint,-0.017036486943120828,0.0,0.017036486943120828
322,3.220063776,right_hip_roll_joint,0.07258539924703429,0.1,0.027414600752965715
322,3.220063776,right_hip_pitch_joint,-0.8750558129337507,-0.878,-0.0029441870662493264
322,3.220063776,right_knee_pitch_joint,0.13127310088146046,0.13,-0.0012731008814604594
322,3.220063776,right_ankle_pitch_joint,-0.6251936713625965,-0.65,-0.024806328637403507
322,3.220063776,right_ankle_roll_joint,-0.11653554636186228,-0.1,0.016535546361862274
322,3.220063776,left_hip_yaw_joint,0.0351733069275755,0.0,-0.0351733069275755
322,3.220063776,left_hip_roll_joint,-0.07331471573123652,-0.1,-0.026685284268763487
322,3.220063776,left_hip_pitch_joint,0.8720354682271194,0.878,0.005964531772880588
322,3.220063776,left_knee_pitch_joint,-0.16719482918180384,-0.13,0.037194829181803835
322,3.220063776,left_ankle_pitch_joint,0.6478881647038296,0.65,0.002111835296170428
322,3.220063776,left_ankle_roll_joint,0.09949953787297805,0.1,0.0005004621270219556
323,3.230066555,right_hip_yaw_joint,-0.01703648693194402,0.0,0.01703648693194402
323,3.230066555,right_hip_roll_joint,0.0752129187617199,0.1,0.024787081238280106
323,3.230066555,right_hip_pitch_joint,-0.8751374999034995,-0.878,-0.0028625000965004643
323,3.230066555,right_knee_pitch_joint,0.13127310088849548,0.13,-0.0012731008884954709
323,3.230066555,right_ankle_pitch_joint,-0.6251936714577343,-0.65,-0.02480632854226572
323,3.230066555,right_ankle_roll_joint,-0.11653554623496976,-0.1,0.01653554623496975
323,3.230066555,left_hip_yaw_joint,0.03517330690855475,0.0,-0.03517330690855475
323,3.230066555,left_hip_roll_joint,-0.07590419350818856,-0.1,-0.02409580649181145
323,3.230066555,left_hip_pitch_joint,0.8719198281911781,0.878,0.006080171808821921
323,3.230066555,left_knee_pitch_joint,-0.1671948291334506,-0.13,0.037194829133450596
323,3.230066555,left_ankle_pitch_joint,0.647888164699275,0.65,0.002111835300725007
323,3.230066555,left_ankle_roll_joint,0.0994995378944009,0.1,0.000500462105599106
324,3.240035301,right_hip_yaw_joint,-0.022630795079551406,0.0,0.022630795079551406
324,3.240035301,right_hip_roll_joint,0.07501321467683354,0.1,0.024986785323166463
324,3.240035301,right_hip_pitch_joint,-0.8725326216317778,-0.878,-0.005467378368222198
324,3.240035301,right_knee_pitch_joint,0.12656071185032342,0.13,0.0034392881496765892
324,3.240035301,right_ankle_pitch_joint,-0.6204812824686042,-0.65,-0.02951871753139579
324,3.240035301,right_ankle_roll_joint,-0.12124793529530771,-0.1,0.021247935295307704
324,3.240035301,left_hip_yaw_joint,0.031209468463589917,0.0,-0.031209468463589917
324,3.240035301,left_hip_roll_joint,-0.07474570046613935,-0.1,-0.025254299533860658
324,3.240035301,left_hip_pitch_joint,0.8752820580977871,0.878,0.0027179419022128615
324,3.240035301,left_knee_pitch_joint,-0.17190721808429402,-0.13,0.04190721808429401
324,3.240035301,left_ankle_pitch_joint,0.6526005538005614,0.65,-0.002600553800561345
324,3.240035301,left_ankle_roll_joint,0.09478714873113045,0.1,0.005212851268869556
325,3.250058726,right_hip_yaw_joint,-0.022630795067567825,0.0,0.022630795067567825
325,3.250058726,right_hip_roll_joint,0.07752503132915557,0.1,0.022474968670844434
325,3.250058726,right_hip_pitch_joint,-0.8721209071145624,-0.878,-0.005879092885437642
325,3.250058726,right_knee_pitch_joint,0.12656071185884615,0.13,0.003439288141153851
325,3.250058726,right_ankle_pitch_joint,-0.6204812825630778,-0.65,-0.029518717436922248
325,3.250058726,right_ankle_roll_joint,-0.12124793516821739,-0.1,0.02124793516821738
325,3.250058726,left_hip_yaw_joint,0.031209468444210263,0.0,-0.031209468444210263
325,3.250058726,left_hip_roll_joint,-0.07710714446095437,-0.1,-0.02289285553904563
325,3.250058726,left_hip_pitch_joint,0.8750316304059182,0.878,0.0029683695940817545
325,3.250058726,left_knee_pitch_joint,-0.17190721803481235,-0.13,0.041907218034812344
325,3.250058726,left_ankle_pitch_joint,0.6526005537968764,0.65,-0.0026005537968764036
325,3.250058726,left_ankle_roll_joint,0.09478714875237663,0.1,0.005212851247623371
326,3.260081762,right_hip_yaw_joint,-0.018129156559422942,0.0,0.018129156559422942
326,3.260081762,right_hip_roll_joint,0.07761528702979156,0.1,0.022384712970208442
326,3.260081762,right_hip_pitch_joint,-0.8771742846638558,-0.878,-0.0008257153361441727
326,3.260081762,right_knee_pitch_joint,0.13127310085576271,0.13,-0.00127310085576271
326,3.260081762,right_ankle_pitch_joint,-0.6251936717564204,-0.65,-0.024806328243579645
326,3.260081762,right_ankle_roll_joint,-0.11653554586886142,-0.1,0.016535545868861412
326,3.260081762,left_hip_yaw_joint,0.03743292742914108,0.0,-0.03743292742914108
326,3.260081762,left_hip_roll_joint,-0.07747094065025428,-0.1,-0.022529059349745723
326,3.260081762,left_hip_pitch_joint,0.8712836552514199,0.878,0.006716344748580072
326,3.260081762,left_knee_pitch_joint,-0.16719482896045132,-0.13,0.037194828960451315
326,3.260081762,left_ankle_pitch_joint,0.6478881647119801,0.65,0.0021118352880199476
326,3.260081762,left_ankle_roll_joint,0.09949953794467388,0.1,0.0005004620553261258
327,3.270078325,right_hip_yaw_joint,-0.023162866193584195,0.0,0.023162866193584195
327,3.270078325,right_hip_roll_joint,0.07680560453195989,0.1,0.023194395468040113
327,3.270078325,right_hip_pitch_joint,-0.8711632806206115,-0.878,-0.006836719379388456
327,3.270078325,right_knee_pitch_joint,0.12656071183742457,0.13,0.003439288162575438
327,3.270078325,right_ankle_pitch_joint,-0.6204812827758269,-0.65,-0.029518717224173097
327,3.270078325,right_ankle_roll_joint,-0.12124793490448378,-0.1,0.021247934904483776
327,3.270078325,left_hip_yaw_joint,0.032720538418631914,0.0,-0.032720538418631914
327,3.270078325,left_hip_roll_joint,-0.07671265633622913,-0.1,-0.023287343663770874
327,3.270078325,left_hip_pitch_joint,0.8761581764675902,0.878,0.0018418235324098031
327,3.270078325,left_knee_pitch_joint,-0.1719072179072765,-0.13,0.0419072179072765
327,3.270078325,left_ankle_pitch_joint,0.6526005538085753,0.65,-0.0026005538085752677
327,3.270078325,left_ankle_roll_joint,0.09478714879095626,0.1,0.005212851209043745
328,3.280083808,right_hip_yaw_joint,-0.023162866190972846,0.0,0.023162866190972846
328,3.280083808,right_hip_roll_joint,0.07496434872377979,0.1,0.02503565127622022
328,3.280083808,right_hip_pitch_joint,-0.8713631998479743,-0.878,-0.006636800152025724
328,3.280083808,right_knee_pitch_joint,0.12656071183323578,0.13,0.003439288166764226
328,3.280083808,right_ankle_pitch_joint,-0.6204812828784376,-0.65,-0.0295187171215624
328,3.280083808,right_ankle_roll_joint,-0.12124793477570063,-0.1,0.021247934775700625
328,3.280083808,left_hip_yaw_joint,0.033074125028736794,0.0,-0.033074125028736794
328,3.280083808,left_hip_roll_joint,-0.07500414107884981,-0.1,-0.024995858921150194
328,3.280083808,left_hip_pitch_joint,0.8760392740434316,0.878,0.0019607259565683766
328,3.280083808,left_knee_pitch_joint,-0.17190721783758167,-0.13,0.04190721783758167
328,3.280083808,left_ankle_pitch_joint,0.6526005538182916,0.65,-0.0026005538182916066
328,3.280083808,left_ankle_roll_joint,0.09478714880762562,0.1,0.005212851192374385
329,3.290062755,right_hip_yaw_joint,-0.023162866175855668,0.0,0.023162866175855668
329,3.290062755,right_hip_roll_joint,0.07617658726867231,0.1,0.023823412731327695
329,3.290062755,right_hip_pitch_joint,-0.8714042064526006,-0.878,-0.0065957935473993645
329,3.290062755,right_knee_pitch_joint,0.12656071183855838,0.13,0.0034392881614416226
329,3.290062755,right_ankle_pitch_joint,-0.6204812829752325,-0.65,-0.029518717024767493
329,3.290062755,right_ankle_roll_joint,-0.12124793465218539,-0.1,0.021247934652185385
329,3.290062755,left_hip_yaw_joint,0.03307412500862125,0.0,-0.03307412500862125
329,3.290062755,left_hip_roll_joint,-0.07619887380575815,-0.1,-0.02380112619424185
329,3.290062755,left_hip_pitch_joint,0.87572144645613,0.878,0.0022785535438699656
329,3.290062755,left_knee_pitch_joint,-0.1719072177889145,-0.13,0.041907217788914486
329,3.290062755,left_ankle_pitch_joint,0.652600553814044,0.65,-0.0026005538140440043
329,3.290062755,left_ankle_roll_joint,0.09478714883092512,0.1,0.0052128511690748836
330,3.300024012,right_hip_yaw_joint,-0.02354293413914281,0.0,0.02354293413914281
330,3.300024012,right_hip_roll_joint,0.07486404583795248,0.1,0.02513595416204753
330,3.300024012,right_hip_pitch_joint,-0.8708543342553656,-0.878,-0.007145665744634377
330,3.300024012,right_knee_pitch_joint,0.1265607118272989,0.13,0.003439288172701116
330,3.300024012,right_ankle_pitch_joint,-0.6204812830620644,-0.65,-0.02951871693793562
330,3.300024012,right_ankle_roll_joint,-0.12124793454493812,-0.1,0.02124793454493812
330,3.300024012,left_hip_yaw_joint,0.033074125004343535,0.0,-0.033074125004343535
330,3.300024012,left_hip_roll_joint,-0.07525541999121635,-0.1,-0.024744580008783656
330,3.300024012,left_hip_pitch_joint,0.8766550769836955,0.878,0.0013449230163045112
330,3.300024012,left_knee_pitch_joint,-0.17190721772570636,-0.13,0.04190721772570635
330,3.300024012,left_ankle_pitch_joint,0.6526005538264134,0.65,-0.002600553826413332
330,3.300024012,left_ankle_roll_joint,0.09478714884189322,0.1,0.005212851158106782
331,3.310058320,right_hip_yaw_joint,-0.018830545137061665,0.0,0.018830545137061665
331,3.310058320,right_hip_roll_joint,0.07435728630456091,0.1,0.025642713695439093
331,3.310058320,right_hip_pitch_joint,-0.8759537759055286,-0.878,-0.002046224094471416
331,3.310058320,right_knee_pitch_joint,0.13127310084370927,0.13,-0.0012731008437092683
331,3.310058320,right_ankle_pitch_joint,-0.6251936722633155,-0.65,-0.024806327736684564
331,3.310058320,right_ankle_roll_joint,-0.11653554522840107,-0.1,0.01653554522840106
331,3.310058320,left_hip_yaw_joint,0.03847901938058606,0.0,-0.03847901938058606
331,3.310058320,left_hip_roll_joint,-0.07503826971960553,-0.1,-0.024961730280394473
331,3.310058320,left_hip_pitch_joint,0.8716190642111961,0.878,0.006380935788803943
331,3.310058320,left_knee_pitch_joint,-0.16719482864528318,-0.13,0.03719482864528317
331,3.310058320,left_ankle_pitch_joint,0.6478881647382675,0.65,0.002111835261732531
331,3.310058320,left_ankle_roll_joint,0.0994995380396796,0.1,0.0005004619603204002
332,3.320016126,right_hip_yaw_joint,-0.018830545135194,0.0,0.018830545135194
332,3.320016126,right_hip_roll_joint,0.07454093120466118,0.1,0.025459068795338824
332,3.320016126,right_hip_pitch_joint,-0.8773128883045859,-0.878,-0.0006871116954141332
332,3.320016126,right_knee_pitch_joint,0.13127310082913027,0.13,-0.0012731008291302637
332,3.320016126,right_ankle_pitch_joint,-0.6251936723519524,-0.65,-0.024806327648047577
332,3.320016126,right_ankle_roll_joint,-0.11653554512239343,-0.1,0.016535545122393427
332,3.320016126,left_hip_yaw_joint,0.039062181664470154,0.0,-0.039062181664470154
332,3.320016126,left_hip_roll_joint,-0.07437104511520598,-0.1,-0.025628954884794025
332,3.320016126,left_hip_pitch_joint,0.8703873984416126,0.878,0.0076126015583873885
332,3.320016126,left_knee_pitch_joint,-0.16719482859318535,-0.13,0.03719482859318535
332,3.320016126,left_ankle_pitch_joint,0.6478881647439783,0.65,0.0021118352560217657
332,3.320016126,left_ankle_roll_joint,0.09949953804998651,0.1,0.0005004619500134921
333,3.330084236,right_hip_yaw_joint,-0.018830545124479417,0.0,0.018830545124479417
333,3.330084236,right_hip_roll_joint,0.07414315253581874,0.1,0.025856847464181265
333,3.330084236,right_hip_pitch_joint,-0.8772351567747556,-0.878,-0.0007648432252443937
333,3.330084236,right_knee_pitch_joint,0.1312731008335414,0.13,-0.0012731008335414018
333,3.330084236,right_ankle_pitch_joint,-0.6251936724489255,-0.65,-0.02480632755107448
333,3.330084236,right_ankle_roll_joint,-0.11653554499931572,-0.1,0.016535544999315713
333,3.330084236,left_hip_yaw_joint,0.03906218164467935,0.0,-0.03906218164467935
333,3.330084236,left_hip_roll_joint,-0.07387090285064868,-0.1,-0.026129097149351327
333,3.330084236,left_hip_pitch_joint,0.8705707313872746,0.878,0.007429268612725415
333,3.330084236,left_knee_pitch_joint,-0.16719482854389417,-0.13,0.037194828543894165
333,3.330084236,left_ankle_pitch_joint,0.6478881647401815,0.65,0.0021118352598185064
333,3.330084236,left_ankle_roll_joint,0.0994995380757924,0.1,0.0005004619242076069
334,3.340057502,right_hip_yaw_joint,-0.019737324291233628,0.0,0.019737324291233628
334,3.340057502,right_hip_roll_joint,0.07457905306048906,0.1,0.02542094693951094
334,3.340057502,right_hip_pitch_joint,-0.8743496107044982,-0.878,-0.003650389295501766
334,3.340057502,right_knee_pitch_joint,0.13127310083003083,0.13,-0.001273100830030821
334,3.340057502,right_ankle_pitch_joint,-0.6251936725518392,-0.65,-0.024806327448160803
334,3.340057502,right_ankle_roll_joint,-0.11653554486724976,-0.1,0.016535544867249757
334,3.340057502,left_hip_yaw_joint,0.03906218162420587,0.0,-0.03906218162420587
334,3.340057502,left_hip_roll_joint,-0.07541148205741216,-0.1,-0.024588517942587845
334,3.340057502,left_hip_pitch_joint,0.87319083876089,0.878,0.004809161239110016
334,3.340057502,left_knee_pitch_joint,-0.16719482848413325,-0.13,0.03719482848413325
334,3.340057502,left_ankle_pitch_joint,0.6478881647421413,0.65,0.0021118352578587407
334,3.340057502,left_ankle_roll_joint,0.09949953809746884,0.1,0.0005004619025311685
335,3.350084795,right_hip_yaw_joint,-0.02031929367459341,0.0,0.02031929367459341
335,3.350084795,right_hip_roll_joint,0.07418973987660972,0.1,0.025810260123390286
335,3.350084795,right_hip_pitch_joint,-0.8753641462639361,-0.878,-0.002635853736063898
335,3.350084795,right_knee_pitch_joint,0.13127310080877774,0.13,-0.0012731008087777385
335,3.350084795,right_ankle_pitch_joint,-0.6251936726649217,-0.65,-0.02480632733507837
335,3.350084795,right_ankle_roll_joint,-0.11653554473401864,-0.1,0.016535544734018637
335,3.350084795,left_hip_yaw_joint,0.039508997770853135,0.0,-0.039508997770853135
335,3.350084795,left_hip_roll_joint,-0.07439670704035581,-0.1,-0.025603292959644197
335,3.350084795,left_hip_pitch_joint,0.8722177999419972,0.878,0.005782200058002784
335,3.350084795,left_knee_pitch_joint,-0.16719482842319547,-0.13,0.037194828423195464
335,3.350084795,left_ankle_pitch_joint,0.6478881647461944,0.65,0.0021118352538056495
335,3.350084795,left_ankle_roll_joint,0.09949953811334503,0.1,0.0005004618866549793
336,3.360081657,right_hip_yaw_joint,-0.02031929366143484,0.0,0.02031929366143484
336,3.360081657,right_hip_roll_joint,0.07306504023026475,0.1,0.026934959769735256
336,3.360081657,right_hip_pitch_joint,-0.8750123842809886,-0.878,-0.002987615719011405
336,3.360081657,right_knee_pitch_joint,0.13127310082078136,0.13,-0.0012731008207813588
336,3.360081657,right_ankle_pitch_joint,-0.6251936727574121,-0.65,-0.02480632724258791
336,3.360081657,right_ankle_roll_joint,-0.11653554461063599,-0.1,0.016535544610635985
336,3.360081657,left_hip_yaw_joint,0.03950899776098718,0.0,-0.03950899776098718
336,3.360081657,left_hip_roll_joint,-0.07345178028390846,-0.1,-0.026548219716091545
336,3.360081657,left_hip_pitch_joint,0.8725042593024065,0.878,0.00549574069759351
336,3.360081657,left_knee_pitch_joint,-0.16719482835292737,-0.13,0.03719482835292737
336,3.360081657,left_ankle_pitch_joint,0.6478881647562222,0.65,0.002111835243777782
336,3.360081657,left_ankle_roll_joint,0.09949953813171473,0.1,0.0005004618682852707
337,3.370082357,right_hip_yaw_joint,-0.0213860743284386,0.0,0.0213860743284386
337,3.370082357,right_hip_roll_joint,0.07156297445126365,0.1,0.028437025548736353
337,3.370082357,right_hip_pitch_joint,-0.8746773795386726,-0.878,-0.0033226204613273636
337,3.370082357,right_knee_pitch_joint,0.1312731008069301,0.13,-0.0012731008069301053
337,3.370082357,right_ankle_pitch_joint,-0.62519367286604,-0.65,-0.024806327133960027
337,3.370082357,right_ankle_roll_joint,-0.11653554447900322,-0.1,0.01653554447900321
337,3.370082357,left_hip_yaw_joint,0.03950899774854571,0.0,-0.03950899774854571
337,3.370082357,left_hip_roll_joint,-0.07227850411694484,-0.1,-0.02772149588305517
337,3.370082357,left_hip_pitch_joint,0.8730001277680575,0.878,0.004999872231942537
337,3.370082357,left_knee_pitch_joint,-0.1671948282909641,-0.13,0.0371948282909641
337,3.370082357,left_ankle_pitch_joint,0.6478881647603612,0.65,0.0021118352396388707
337,3.370082357,left_ankle_roll_joint,0.09949953815108827,0.1,0.0005004618489117402
338,3.380090141,right_hip_yaw_joint,-0.0213860743151409,0.0,0.0213860743151409
338,3.380090141,right_hip_roll_joint,0.07302612094063898,0.1,0.026973879059361022
338,3.380090141,right_hip_pitch_joint,-0.8744451350854241,-0.878,-0.003554864914575906
338,3.380090141,right_knee_pitch_joint,0.13127310081576293,0.13,-0.0012731008157629287
338,3.380090141,right_ankle_pitch_joint,-0.6251936729603368,-0.65,-0.024806327039663234
338,3.380090141,right_ankle_roll_joint,-0.11653554435400586,-0.1,0.01653554435400585
338,3.380090141,left_hip_yaw_joint,0.039508997727686554,0.0,-0.039508997727686554
338,3.380090141,left_hip_roll_joint,-0.0738315225667601,-0.1,-0.02616847743323991
338,3.380090141,left_hip_pitch_joint,0.8731025583289862,0.878,0.0048974416710138025
338,3.380090141,left_knee_pitch_joint,-0.1671948282403715,-0.13,0.037194828240371486
338,3.380090141,left_ankle_pitch_joint,0.6478881647572046,0.65,0.0021118352427954568
338,3.380090141,left_ankle_roll_joint,0.09949953817430165,0.1,0.0005004618256983506
339,3.390087085,right_hip_yaw_joint,-0.022190757355933552,0.0,0.022190757355933552
339,3.390087085,right_hip_roll_joint,0.07361770363154993,0.1,0.026382296368450076
339,3.390087085,right_hip_pitch_joint,-0.8758735547813693,-0.878,-0.0021264452186307015
339,3.390087085,right_knee_pitch_joint,0.13127310078830257,0.13,-0.0012731007883025613
339,3.390087085,right_ankle_pitch_joint,-0.6251936730773108,-0.65,-0.024806326922689248
339,3.390087085,right_ankle_roll_joint,-0.11653554422073234,-0.1,0.016535544220732334
339,3.390087085,left_hip_yaw_joint,0.040031358744978617,0.0,-0.040031358744978617
339,3.390087085,left_hip_roll_joint,-0.07338941884871945,-0.1,-0.026610581151280552
339,3.390087085,left_hip_pitch_joint,0.871654755953229,0.878,0.006345244046770948
339,3.390087085,left_knee_pitch_joint,-0.1671948281810355,-0.13,0.037194828181035505
339,3.390087085,left_ankle_pitch_joint,0.6478881647603858,0.65,0.0021118352396142237
339,3.390087085,left_ankle_roll_joint,0.09949953818944524,0.1,0.0005004618105547698
340,3.400082782,right_hip_yaw_joint,-0.022190757340729773,0.0,0.022190757340729773
340,3.400082782,right_hip_roll_joint,0.07274001496233679,0.1,0.02725998503766322
340,3.400082782,right_hip_pitch_joint,-0.8751331292044812,-0.878,-0.002866870795518839
340,3.400082782,right_knee_pitch_joint,0.13127310080145338,0.13,-0.0012731008014533751
340,3.400082782,right_ankle_pitch_joint,-0.6251936731691703,-0.65,-0.024806326830829728
340,3.400082782,right_ankle_roll_joint,-0.11653554409735353,-0.1,0.016535544097353527
340,3.400082782,left_hip_yaw_joint,0.040031358732680024,0.0,-0.040031358732680024
340,3.400082782,left_hip_roll_joint,-0.07267397702769308,-0.1,-0.02732602297230692
340,3.400082782,left_hip_pitch_joint,0.8723751824900008,0.878,0.005624817509999214
340,3.400082782,left_knee_pitch_joint,-0.16719482811375835,-0.13,0.03719482811375835
340,3.400082782,left_ankle_pitch_joint,0.6478881647682423,0.65,0.0021118352317577305
340,3.400082782,left_ankle_roll_joint,0.09949953820956503,0.1,0.0005004617904349751
341,3.410084250,right_hip_yaw_joint,-0.02290667960675399,0.0,0.02290667960675399
341,3.410084250,right_hip_roll_joint,0.07247992894852226,0.1,0.027520071051477746
341,3.410084250,right_hip_pitch_joint,-0.8739659927716922,-0.878,-0.004034007228307823
341,3.410084250,right_knee_pitch_joint,0.13127310078912388,0.13,-0.0012731007891238766
341,3.410084250,right_ankle_pitch_joint,-0.6251936732775284,-0.65,-0.024806326722471628
341,3.410084250,right_ankle_roll_joint,-0.11653554396551428,-0.1,0.01653554396551428
341,3.410084250,left_hip_yaw_joint,0.04003135872032478,0.0,-0.04003135872032478
341,3.410084250,left_hip_roll_joint,-0.07288911512570571,-0.1,-0.02711088487429429
341,3.410084250,left_hip_pitch_joint,0.8734566949131072,0.878,0.004543305086892824
341,3.410084250,left_knee_pitch_joint,-0.16719482804604593,-0.13,0.03719482804604593
341,3.410084250,left_ankle_pitch_joint,0.6478881647760809,0.65,0.002111835223919112
341,3.410084250,left_ankle_roll_joint,0.09949953822681284,0.1,0.0005004617731871608
342,3.420089364,right_hip_yaw_joint,-0.022906679592411168,0.0,0.022906679592411168
342,3.420089364,right_hip_roll_joint,0.07411639063752595,0.1,0.025883609362474053
342,3.420089364,right_hip_pitch_joint,-0.8738720251992779,-0.878,-0.004127974800722134
342,3.420089364,right_knee_pitch_joint,0.13127310079821813,0.13,-0.0012731007982181297
342,3.420089364,right_ankle_pitch_joint,-0.6251936733715563,-0.65,-0.02480632662844373
342,3.420089364,right_ankle_roll_joint,-0.11653554384006837,-0.1,0.016535543840068362
342,3.420089364,left_hip_yaw_joint,0.04003135869907336,0.0,-0.04003135869907336
342,3.420089364,left_hip_roll_joint,-0.07463096312288782,-0.1,-0.025369036877112186
342,3.420089364,left_hip_pitch_joint,0.8734898123599286,0.878,0.004510187640071384
342,3.420089364,left_knee_pitch_joint,-0.16719482799554958,-0.13,0.03719482799554957
342,3.420089364,left_ankle_pitch_joint,0.6478881647728322,0.65,0.0021118352271678464
342,3.420089364,left_ankle_roll_joint,0.09949953824956817,0.1,0.0005004617504318354
343,3.430065123,right_hip_yaw_joint,-0.02290667958472172,0.0,0.02290667958472172
343,3.430065123,right_hip_roll_joint,0.07378040009125496,0.1,0.026219599908745048
343,3.430065123,right_hip_pitch_joint,-0.8751869389455651,-0.878,-0.0028130610544349066
343,3.430065123,right_knee_pitch_joint,0.13127310078428675,0.13,-0.0012731007842867459
343,3.430065123,right_ankle_pitch_joint,-0.6251936734797636,-0.65,-0.0248063265202364
343,3.430065123,right_ankle_roll_joint,-0.11653554371062787,-0.1,0.016535543710627862
343,3.430065123,left_hip_yaw_joint,0.04103480689017512,0.0,-0.04103480689017512
343,3.430065123,left_hip_roll_joint,-0.07401604713159694,-0.1,-0.025983952868403062
343,3.430065123,left_hip_pitch_joint,0.872132892152823,0.878,0.005867107847177033
343,3.430065123,left_knee_pitch_joint,-0.16719482792750393,-0.13,0.03719482792750392
343,3.430065123,left_ankle_pitch_joint,0.6478881647821094,0.65,0.002111835217890601
343,3.430065123,left_ankle_roll_joint,0.09949953826593456,0.1,0.000500461734065441
344,3.440063206,right_hip_yaw_joint,-0.023633899889701156,0.0,0.023633899889701156
344,3.440063206,right_hip_roll_joint,0.0760104901364034,0.1,0.023989509863596603
344,3.440063206,right_hip_pitch_joint,-0.8742609190396617,-0.878,-0.003739080960338259
344,3.440063206,right_knee_pitch_joint,0.13127310076621454,0.13,-0.0012731007662145355
344,3.440063206,right_ankle_pitch_joint,-0.625193673591607,-0.65,-0.024806326408392976
344,3.440063206,right_ankle_roll_joint,-0.11653554357698213,-0.1,0.01653554357698213
344,3.440063206,left_hip_yaw_joint,0.04103480686417717,0.0,-0.04103480686417717
344,3.440063206,left_hip_roll_joint,-0.07655590703442662,-0.1,-0.023444092965573385
344,3.440063206,left_hip_pitch_joint,0.87260661290149,0.878,0.005393387098510005
344,3.440063206,left_knee_pitch_joint,-0.16719482787889153,-0.13,0.03719482787889153
344,3.440063206,left_ankle_pitch_joint,0.6478881647776926,0.65,0.002111835222307401
344,3.440063206,left_ankle_roll_joint,0.09949953828817931,0.1,0.0005004617118206933
345,3.450062946,right_hip_yaw_joint,-0.023633899873747095,0.0,0.023633899873747095
345,3.450062946,right_hip_roll_joint,0.07499683766426565,0.1,0.025003162335734352
345,3.450062946,right_hip_pitch_joint,-0.8740877490011562,-0.878,-0.003912250998843847
345,3.450062946,right_knee_pitch_joint,0.131273100778068,0.13,-0.0012731007780679982
345,3.450062946,right_ankle_pitch_joint,-0.6251936736842226,-0.65,-0.024806326315777394
345,3.450062946,right_ankle_roll_joint,-0.11653554345309727,-0.1,0.016535543453097268
345,3.450062946,left_hip_yaw_joint,0.04103480685423533,0.0,-0.04103480685423533
345,3.450062946,left_hip_roll_joint,-0.07555467664845504,-0.1,-0.024445323351544965
345,3.450062946,left_hip_pitch_joint,0.8728530505611087,0.878,0.0051469494388912684
345,3.450062946,left_knee_pitch_joint,-0.16719482780925227,-0.13,0.03719482780925226
345,3.450062946,left_ankle_pitch_joint,0.6478881647873489,0.65,0.0021118352126511253
345,3.450062946,left_ankle_roll_joint,0.0994995383057175,0.1,0.0005004616942825002
346,3.460062355,right_hip_yaw_joint,-0.02363389985936479,0.0,0.02363389985936479
346,3.460062355,right_hip_roll_joint,0.07595796791772855,0.1,0.02404203208227146
346,3.460062355,right_hip_pitch_joint,-0.8759872253247122,-0.878,-0.0020127746752878206
346,3.460062355,right_knee_pitch_joint,0.13127310077650825,0.13,-0.0012731007765082458
346,3.460062355,right_ankle_pitch_joint,-0.6251936737845316,-0.65,-0.02480632621546841
346,3.460062355,right_ankle_roll_joint,-0.11653554332662859,-0.1,0.016535543326628585
346,3.460062355,left_hip_yaw_joint,0.04133485861098723,0.0,-0.04133485861098723
346,3.460062355,left_hip_roll_joint,-0.07547425721160278,-0.1,-0.024525742788397226
346,3.460062355,left_hip_pitch_joint,0.8709885139896171,0.878,0.007011486010382928
346,3.460062355,left_knee_pitch_joint,-0.1671948277486863,-0.13,0.03719482774868629
346,3.460062355,left_ankle_pitch_joint,0.6478881647916407,0.65,0.002111835208359336
346,3.460062355,left_ankle_roll_joint,0.09949953832101396,0.1,0.0005004616789860417
347,3.470088915,right_hip_yaw_joint,-0.02426339821388484,0.0,0.02426339821388484
347,3.470088915,right_hip_roll_joint,0.07461664344239229,0.1,0.02538335655760772
347,3.470088915,right_hip_pitch_joint,-0.8749179987851367,-0.878,-0.00308200121486335
347,3.470088915,right_knee_pitch_joint,0.13127310076451298,0.13,-0.00127310076451298
347,3.470088915,right_ankle_pitch_joint,-0.6251936738924436,-0.65,-0.024806326107556398
347,3.470088915,right_ankle_roll_joint,-0.1165355431952493,-0.1,0.01653554319524929
347,3.470088915,left_hip_yaw_joint,0.04133485859825723,0.0,-0.04133485859825723
347,3.470088915,left_hip_roll_joint,-0.07431444774001109,-0.1,-0.02568555225998892
347,3.470088915,left_hip_pitch_joint,0.8721594704531852,0.878,0.005840529546814799
347,3.470088915,left_knee_pitch_joint,-0.16719482768238378,-0.13,0.037194827682383774
347,3.470088915,left_ankle_pitch_joint,0.6478881647986648,0.65,0.002111835201335177
347,3.470088915,left_ankle_roll_joint,0.09949953833963732,0.1,0.0005004616603626888
348,3.480107757,right_hip_yaw_joint,-0.02496884728586081,0.0,0.02496884728586081
348,3.480107757,right_hip_roll_joint,0.07573063931485344,0.1,0.024269360685146568
348,3.480107757,right_hip_pitch_joint,-0.8741284808774845,-0.878,-0.0038715191225154877
348,3.480107757,right_knee_pitch_joint,0.13127310074758353,0.13,-0.001273100747583522
348,3.480107757,right_ankle_pitch_joint,-0.625193674003325,-0.65,-0.024806325996674983
348,3.480107757,right_ankle_roll_joint,-0.11653554306246265,-0.1,0.016535543062462646
348,3.480107757,left_hip_yaw_joint,0.0413348585754166,0.0,-0.0413348585754166
348,3.480107757,left_hip_roll_joint,-0.07582074628750089,-0.1,-0.024179253712499113
348,3.480107757,left_hip_pitch_joint,0.8728980231087408,0.878,0.005101976891259241
348,3.480107757,left_knee_pitch_joint,-0.16719482763306817,-0.13,0.03719482763306817
348,3.480107757,left_ankle_pitch_joint,0.6478881647943859,0.65,0.0021118352056140877
348,3.480107757,left_ankle_roll_joint,0.09949953836173883,0.1,0.0005004616382611737
349,3.490083242,right_hip_yaw_joint,-0.024968847269327694,0.0,0.024968847269327694
349,3.490083242,right_hip_roll_joint,0.07473263179177742,0.1,0.02526736820822259
349,3.490083242,right_hip_pitch_joint,-0.8737678217607769,-0.878,-0.004232178239223061
349,3.490083242,right_knee_pitch_joint,0.13127310076049653,0.13,-0.001273100760496526
349,3.490083242,right_ankle_pitch_joint,-0.625193674095027,-0.65,-0.024806325904973003
349,3.490083242,right_ankle_roll_joint,-0.11653554293896201,-0.1,0.016535542938962006
349,3.490083242,left_hip_yaw_joint,0.04133485856300261,0.0,-0.04133485856300261
349,3.490083242,left_hip_roll_joint,-0.07474679939997708,-0.1,-0.025253200600022924
349,3.490083242,left_hip_pitch_joint,0.8733042532858041,0.878,0.004695746714195925
349,3.490083242,left_knee_pitch_joint,-0.16719482756493936,-0.13,0.03719482756493936
349,3.490083242,left_ankle_pitch_joint,0.6478881648029363,0.65,0.002111835197063705
349,3.490083242,left_ankle_roll_joint,0.09949953838127537,0.1,0.0005004616187246347
350,3.500063276,right_hip_yaw_joint,-0.02496884726023857,0.0,0.02496884726023857
350,3.500063276,right_hip_roll_joint,0.07559094189019101,0.1,0.024409058109808993
350,3.500063276,right_hip_pitch_joint,-0.8750826354051428,-0.878,-0.0029173645948572524
350,3.500063276,right_knee_pitch_joint,0.13127310074807408,0.13,-0.0012731007480740741
350,3.500063276,right_ankle_pitch_joint,-0.6251936742019221,-0.65,-0.024806325798077955
350,3.500063276,right_ankle_roll_joint,-0.116535542807673,-0.1,0.016535542807672998
350,3.500063276,left_hip_yaw_joint,0.041734826881640985,0.0,-0.041734826881640985
350,3.500063276,left_hip_roll_joint,-0.07524217618953206,-0.1,-0.02475782381046794
350,3.500063276,left_hip_pitch_joint,0.872982402432309,0.878,0.005017597567691046
350,3.500063276,left_knee_pitch_joint,-0.16719482749437858,-0.13,0.03719482749437858
350,3.500063276,left_ankle_pitch_joint,0.6478881648125654,0.65,0.0021118351874346297
350,3.500063276,left_ankle_roll_joint,0.09949953839676634,0.1,0.0005004616032336651
351,3.510061214,right_hip_yaw_joint,-0.025762426501451226,0.0,0.025762426501451226
351,3.510061214,right_hip_roll_joint,0.07606835464946336,0.1,0.023931645350536643
351,3.510061214,right_hip_pitch_joint,-0.8741354180498109,-0.878,-0.0038645819501891276
351,3.510061214,right_knee_pitch_joint,0.13127310073358037,0.13,-0.0012731007335803624
351,3.510061214,right_ankle_pitch_joint,-0.6251936743113328,-0.65,-0.024806325688667252
351,3.510061214,right_ankle_roll_joint,-0.11653554267402758,-0.1,0.01653554267402757
351,3.510061214,left_hip_yaw_joint,0.04173482685920434,0.0,-0.04173482685920434
351,3.510061214,left_hip_roll_joint,-0.07592112146788271,-0.1,-0.024078878532117293
351,3.510061214,left_hip_pitch_joint,0.8731314804296376,0.878,0.004868519570362384
351,3.510061214,left_knee_pitch_joint,-0.16719482744661734,-0.13,0.03719482744661734
351,3.510061214,left_ankle_pitch_joint,0.6478881648077942,0.65,0.002111835192205813
351,3.510061214,left_ankle_roll_joint,0.09949953841926616,0.1,0.0005004615807338436
352,3.520017550,right_hip_yaw_joint,-0.02576242648331091,0.0,0.02576242648331091
352,3.520017550,right_hip_roll_joint,0.07618114680357584,0.1,0.02381885319642417
352,3.520017550,right_hip_pitch_joint,-0.8724917361946145,-0.878,-0.005508263805385494
352,3.520017550,right_knee_pitch_joint,0.1312731007535367,0.13,-0.0012731007535367045
352,3.520017550,right_ankle_pitch_joint,-0.6251936743990844,-0.65,-0.02480632560091567
352,3.520017550,right_ankle_roll_joint,-0.11653554254988159,-0.1,0.016535542549881585
352,3.520017550,left_hip_yaw_joint,0.04173482683622312,0.0,-0.04173482683622312
352,3.520017550,left_hip_roll_joint,-0.07695561185823958,-0.1,-0.023044388141760422
352,3.520017550,left_hip_pitch_joint,0.8747866783264657,0.878,0.003213321673534275
352,3.520017550,left_knee_pitch_joint,-0.16719482738448524,-0.13,0.037194827384485235
352,3.520017550,left_ankle_pitch_joint,0.647888164811994,0.65,0.0021118351880060615
352,3.520017550,left_ankle_roll_joint,0.09949953844276149,0.1,0.0005004615572385129
353,3.530062827,right_hip_yaw_joint,-0.02576242647640435,0.0,0.02576242647640435
353,3.530062827,right_hip_roll_joint,0.07441735323130434,0.1,0.025582646768695663
353,3.530062827,right_hip_pitch_joint,-0.8737035142503019,-0.878,-0.004296485749698098
353,3.530062827,right_knee_pitch_joint,0.13127310074125753,0.13,-0.0012731007412575268
353,3.530062827,right_ankle_pitch_joint,-0.6251936745062895,-0.65,-0.024806325493710535
353,3.530062827,right_ankle_roll_joint,-0.11653554242106187,-0.1,0.016535542421061866
353,3.530062827,left_hip_yaw_joint,0.0423147992538777,0.0,-0.0423147992538777
353,3.530062827,left_hip_roll_joint,-0.07491083863343605,-0.1,-0.02508916136656396
353,3.530062827,left_hip_pitch_joint,0.873690987451549,0.878,0.004309012548450952
353,3.530062827,left_knee_pitch_joint,-0.16719482731861274,-0.13,0.03719482731861273
353,3.530062827,left_ankle_pitch_joint,0.6478881648196125,0.65,0.002111835180387489
353,3.530062827,left_ankle_roll_joint,0.09949953845962924,0.1,0.0005004615403707696
354,3.540063827,right_hip_yaw_joint,-0.03094659456438329,0.0,0.03094659456438329
354,3.540063827,right_hip_roll_joint,0.0762020392398937,0.1,0.023797960760106304
354,3.540063827,right_hip_pitch_joint,-0.8707485839774762,-0.878,-0.007251416022523771
354,3.540063827,right_knee_pitch_joint,0.12656071170602187,0.13,0.003439288293978132
354,3.540063827,right_ankle_pitch_joint,-0.6204812855159783,-0.65,-0.02951871448402177
354,3.540063827,right_ankle_roll_joint,-0.12124793147814726,-0.1,0.021247931478147256
354,3.540063827,left_hip_yaw_joint,0.03768130286486472,0.0,-0.03768130286486472
354,3.540063827,left_hip_roll_joint,-0.07567535796532089,-0.1,-0.024324642034679114
354,3.540063827,left_hip_pitch_joint,0.87655759948417,0.878,0.0014424005158300002
354,3.540063827,left_knee_pitch_joint,-0.1719072162717424,-0.13,0.041907216271742403
354,3.540063827,left_ankle_pitch_joint,0.6526005539197292,0.65,-0.0026005539197291316
354,3.540063827,left_ankle_roll_joint,0.09478714929331261,0.1,0.005212850706687394
355,3.550062260,right_hip_yaw_joint,-0.02623420555711047,0.0,0.02623420555711047
355,3.550062260,right_hip_roll_joint,0.07522354529607791,0.1,0.02477645470392209
355,3.550062260,right_hip_pitch_joint,-0.8733547082894263,-0.878,-0.004645291710573707
355,3.550062260,right_knee_pitch_joint,0.1312731007344735,0.13,-0.001273100734473509
355,3.550062260,right_ankle_pitch_joint,-0.6251936747106548,-0.65,-0.024806325289345232
355,3.550062260,right_ankle_roll_joint,-0.11653554216359684,-0.1,0.01653554216359683
355,3.550062260,left_hip_yaw_joint,0.042393691830037196,0.0,-0.042393691830037196
355,3.550062260,left_hip_roll_joint,-0.0762569312752798,-0.1,-0.023743068724720207
355,3.550062260,left_hip_pitch_joint,0.8737089334439675,0.878,0.004291066556032508
355,3.550062260,left_knee_pitch_joint,-0.16719482720042683,-0.13,0.03719482720042683
355,3.550062260,left_ankle_pitch_joint,0.6478881648250281,0.65,0.002111835174971932
355,3.550062260,left_ankle_roll_joint,0.09949953849935521,0.1,0.0005004615006447971
356,3.560062129,right_hip_yaw_joint,-0.026234205541264908,0.0,0.026234205541264908
356,3.560062129,right_hip_roll_joint,0.07615481200032392,0.1,0.023845187999676082
356,3.560062129,right_hip_pitch_joint,-0.8757343471279246,-0.878,-0.0022656528720753633
356,3.560062129,right_knee_pitch_joint,0.1312731007303237,0.13,-0.0012731007303236896
356,3.560062129,right_ankle_pitch_joint,-0.6251936748125241,-0.65,-0.02480632518747594
356,3.560062129,right_ankle_roll_joint,-0.11653554203713642,-0.1,0.01653554203713642
356,3.560062129,left_hip_yaw_joint,0.043098759668330724,0.0,-0.043098759668330724
356,3.560062129,left_hip_roll_joint,-0.07581840988618735,-0.1,-0.024181590113812657
356,3.560062129,left_hip_pitch_joint,0.8712928182172858,0.878,0.006707181782714233
356,3.560062129,left_knee_pitch_joint,-0.16719482714009654,-0.13,0.03719482714009653
356,3.560062129,left_ankle_pitch_joint,0.647888164829554,0.65,0.002111835170445997
356,3.560062129,left_ankle_roll_joint,0.09949953851505916,0.1,0.0005004614849408451
357,3.570059551,right_hip_yaw_joint,-0.026234205537333407,0.0,0.026234205537333407
357,3.570059551,right_hip_roll_joint,0.07459783832145123,0.1,0.02540216167854878
357,3.570059551,right_hip_pitch_joint,-0.8759909570768387,-0.878,-0.002009042923161286
357,3.570059551,right_knee_pitch_joint,0.13127310071595413,0.13,-0.0012731007159541285
357,3.570059551,right_ankle_pitch_joint,-0.6251936749209267,-0.65,-0.02480632507907332
357,3.570059551,right_ankle_roll_joint,-0.11653554190565758,-0.1,0.016535541905657578
357,3.570059551,left_hip_yaw_joint,0.04309875965663724,0.0,-0.04309875965663724
357,3.570059551,left_hip_roll_joint,-0.07396520857226813,-0.1,-0.02603479142773188
357,3.570059551,left_hip_pitch_joint,0.8716069648173426,0.878,0.006393035182657436
357,3.570059551,left_knee_pitch_joint,-0.16719482707570885,-0.13,0.03719482707570884
357,3.570059551,left_ankle_pitch_joint,0.6478881648353785,0.65,0.002111835164621545
357,3.570059551,left_ankle_roll_joint,0.09949953853301921,0.1,0.000500461466980795
358,3.580061619,right_hip_yaw_joint,-0.02657468903621613,0.0,0.02657468903621613
358,3.580061619,right_hip_roll_joint,0.0737214273001335,0.1,0.026278572699866512
358,3.580061619,right_hip_pitch_joint,-0.8735596558400429,-0.878,-0.004440344159957088
358,3.580061619,right_knee_pitch_joint,0.13127310071413176,0.13,-0.001273100714131753
358,3.580061619,right_ankle_pitch_joint,-0.6251936750221585,-0.65,-0.02480632497784152
358,3.580061619,right_ankle_roll_joint,-0.11653554177407646,-0.1,0.016535541774076457
358,3.580061619,left_hip_yaw_joint,0.04309875963449633,0.0,-0.04309875963449633
358,3.580061619,left_hip_roll_joint,-0.07405616576560299,-0.1,-0.025943834234397015
358,3.580061619,left_hip_pitch_joint,0.874023539342353,0.878,0.003976460657647007
358,3.580061619,left_knee_pitch_joint,-0.1671948270150405,-0.13,0.03719482701504048
358,3.580061619,left_ankle_pitch_joint,0.647888164838102,0.65,0.002111835161898057
358,3.580061619,left_ankle_roll_joint,0.09949953855638624,0.1,0.0005004614436137644
359,3.590025411,right_hip_yaw_joint,-0.027644185762876618,0.0,0.027644185762876618
359,3.590025411,right_hip_roll_joint,0.07216912193855976,0.1,0.027830878061440245
359,3.590025411,right_hip_pitch_joint,-0.872162694509161,-0.878,-0.005837305490839051
359,3.590025411,right_knee_pitch_joint,0.1312731007061514,0.13,-0.0012731007061513866
359,3.590025411,right_ankle_pitch_joint,-0.6251936751274644,-0.65,-0.024806324872535646
359,3.590025411,right_ankle_roll_joint,-0.11653554164256498,-0.1,0.016535541642564974
359,3.590025411,left_hip_yaw_joint,0.04309875961983318,0.0,-0.04309875961983318
359,3.590025411,left_hip_roll_joint,-0.07342541591804319,-0.1,-0.026574584081956815
359,3.590025411,left_hip_pitch_joint,0.875573326771366,0.878,0.002426673228633991
359,3.590025411,left_knee_pitch_joint,-0.16719482694539212,-0.13,0.03719482694539211
359,3.590025411,left_ankle_pitch_joint,0.6478881648472136,0.65,0.0021118351527864565
359,3.590025411,left_ankle_roll_joint,0.0994995385751287,0.1,0.0005004614248713124
360,3.600088421,right_hip_yaw_joint,-0.027644185745889057,0.0,0.027644185745889057
360,3.600088421,right_hip_roll_joint,0.07362607077778813,0.1,0.026373929222211878
360,3.600088421,right_hip_pitch_joint,-0.8723515937319377,-0.878,-0.005648406268062289
360,3.600088421,right_knee_pitch_joint,0.1312731007152121,0.13,-0.0012731007152120832
360,3.600088421,right_ankle_pitch_joint,-0.6251936752215038,-0.65,-0.024806324778496203
360,3.600088421,right_ankle_roll_joint,-0.11653554151747295,-0.1,0.01653554151747294
360,3.600088421,left_hip_yaw_joint,0.04309875959680142,0.0,-0.04309875959680142
360,3.600088421,left_hip_roll_joint,-0.07490518089021186,-0.1,-0.02509481910978814
360,3.600088421,left_hip_pitch_joint,0.8752771806430616,0.878,0.0027228193569384107
360,3.600088421,left_knee_pitch_joint,-0.16719482689468956,-0.13,0.03719482689468956
360,3.600088421,left_ankle_pitch_joint,0.6478881648441563,0.65,0.0021118351558436776
360,3.600088421,left_ankle_roll_joint,0.09949953859811174,0.1,0.0005004614018882664
361,3.610077841,right_hip_yaw_joint,-0.02764418573627604,0.0,0.02764418573627604
361,3.610077841,right_hip_roll_joint,0.07321305876091604,0.1,0.02678694123908397
361,3.610077841,right_hip_pitch_joint,-0.8739817326005258,-0.878,-0.004018267399474196
361,3.610077841,right_knee_pitch_joint,0.13127310070085202,0.13,-0.0012731007008520145
361,3.610077841,right_ankle_pitch_joint,-0.625193675329817,-0.65,-0.024806324670183066
361,3.610077841,right_ankle_roll_joint,-0.11653554138774663,-0.1,0.016535541387746627
361,3.610077841,left_hip_yaw_joint,0.0442251658121343,0.0,-0.0442251658121343
361,3.610077841,left_hip_roll_joint,-0.07397176251887137,-0.1,-0.026028237481128633
361,3.610077841,left_hip_pitch_joint,0.8735174042685928,0.878,0.004482595731407191
361,3.610077841,left_knee_pitch_joint,-0.16719482682695938,-0.13,0.037194826826959376
361,3.610077841,left_ankle_pitch_joint,0.6478881648537108,0.65,0.0021118351462892093
361,3.610077841,left_ankle_roll_joint,0.09949953861468425,0.1,0.0005004613853157591
362,3.620061111,right_hip_yaw_joint,-0.02799060675188991,0.0,0.02799060675188991
362,3.620061111,right_hip_roll_joint,0.07526722822864292,0.1,0.02473277177135709
362,3.620061111,right_hip_pitch_joint,-0.8735286029933634,-0.878,-0.004471397006636568
362,3.620061111,right_knee_pitch_joint,0.13127310068406856,0.13,-0.001273100684068551
362,3.620061111,right_ankle_pitch_joint,-0.6251936754402339,-0.65,-0.02480632455976617
362,3.620061111,right_ankle_roll_joint,-0.11653554125352791,-0.1,0.016535541253527908
362,3.620061111,left_hip_yaw_joint,0.044225165784873816,0.0,-0.044225165784873816
362,3.620061111,left_hip_roll_joint,-0.07641985189034341,-0.1,-0.0235801481096566
362,3.620061111,left_hip_pitch_joint,0.8738526951919682,0.878,0.0041473048080318264
362,3.620061111,left_knee_pitch_joint,-0.1671948267780566,-0.13,0.037194826778056606
362,3.620061111,left_ankle_pitch_joint,0.6478881648493194,0.65,0.0021118351506805855
362,3.620061111,left_ankle_roll_joint,0.09949953863680472,0.1,0.000500461363195287
363,3.630083196,right_hip_yaw_joint,-0.027990606734688308,0.0,0.027990606734688308
363,3.630083196,right_hip_roll_joint,0.07414527638699936,0.1,0.025854723613000646
363,3.630083196,right_hip_pitch_joint,-0.873708666825512,-0.878,-0.004291333174488043
363,3.630083196,right_knee_pitch_joint,0.13127310069426446,0.13,-0.0012731006942644507
363,3.630083196,right_ankle_pitch_joint,-0.6251936755336952,-0.65,-0.02480632446630482
363,3.630083196,right_ankle_roll_joint,-0.1165355411302767,-0.1,0.016535541130276693
363,3.630083196,left_hip_yaw_joint,0.04422516577238421,0.0,-0.04422516577238421
363,3.630083196,left_hip_roll_joint,-0.07540383819423477,-0.1,-0.024596161805765238
363,3.630083196,left_hip_pitch_joint,0.8736209226752497,0.878,0.004379077324750291
363,3.630083196,left_knee_pitch_joint,-0.16719482671066366,-0.13,0.03719482671066365
363,3.630083196,left_ankle_pitch_joint,0.6478881648577898,0.65,0.00211183514221025
363,3.630083196,left_ankle_roll_joint,0.09949953865459929,0.1,0.0005004613454007156
364,3.640020798,right_hip_yaw_joint,-0.027990606717645233,0.0,0.027990606717645233
364,3.640020798,right_hip_roll_joint,0.07535241175803495,0.1,0.024647588241965057
364,3.640020798,right_hip_pitch_joint,-0.875969958635541,-0.878,-0.0020300413644590565
364,3.640020798,right_knee_pitch_joint,0.13127310069125112,0.13,-0.0012731006912511111
364,3.640020798,right_ankle_pitch_joint,-0.6251936756348317,-0.65,-0.024806324365168275
364,3.640020798,right_ankle_roll_joint,-0.11653554100363606,-0.1,0.01653554100363605
364,3.640020798,left_hip_yaw_joint,0.04523533107904274,0.0,-0.04523533107904274
364,3.640020798,left_hip_roll_joint,-0.07520601113440292,-0.1,-0.024793988865597083
364,3.640020798,left_hip_pitch_joint,0.871189156257974,0.878,0.006810843742026007
364,3.640020798,left_knee_pitch_joint,-0.16719482664876575,-0.13,0.03719482664876575
364,3.640020798,left_ankle_pitch_joint,0.6478881648636287,0.65,0.002111835136371365
364,3.640020798,left_ankle_roll_joint,0.09949953866995531,0.1,0.0005004613300446936
365,3.650042895,right_hip_yaw_joint,-0.028499693152262577,0.0,0.028499693152262577
365,3.650042895,right_hip_roll_joint,0.07486553851859157,0.1,0.025134461481408438
365,3.650042895,right_hip_pitch_joint,-0.8741294668577494,-0.878,-0.0038705331422506095
365,3.650042895,right_knee_pitch_joint,0.13127310068435952,0.13,-0.0012731006843595127
365,3.650042895,right_ankle_pitch_joint,-0.6251936757391429,-0.65,-0.02480632426085716
365,3.650042895,right_ankle_roll_joint,-0.11653554087155285,-0.1,0.016535540871552845
365,3.650042895,left_hip_yaw_joint,0.04523533105544428,0.0,-0.04523533105544428
365,3.650042895,left_hip_roll_joint,-0.07552605596854563,-0.1,-0.024473944031454378
365,3.650042895,left_hip_pitch_joint,0.8733747801249633,0.878,0.0046252198750367235
365,3.650042895,left_knee_pitch_joint,-0.16719482659070578,-0.13,0.037194826590705776
365,3.650042895,left_ankle_pitch_joint,0.6478881648647271,0.65,0.0021118351352729103
365,3.650042895,left_ankle_roll_joint,0.09949953869288897,0.1,0.0005004613071110386
366,3.660065559,right_hip_yaw_joint,-0.029358881172302995,0.0,0.029358881172302995
366,3.660065559,right_hip_roll_joint,0.0734848138959463,0.1,0.026515186104053706
366,3.660065559,right_hip_pitch_joint,-0.8740360137767943,-0.878,-0.003963986223205707
366,3.660065559,right_knee_pitch_joint,0.13127310066891798,0.13,-0.0012731006689179758
366,3.660065559,right_ankle_pitch_joint,-0.6251936758484193,-0.65,-0.024806324151580683
366,3.660065559,right_ankle_roll_joint,-0.11653554073914045,-0.1,0.016535540739140445
366,3.660065559,left_hip_yaw_joint,0.045235331041594114,0.0,-0.045235331041594114
366,3.660065559,left_hip_roll_joint,-0.0740853461754916,-0.1,-0.025914653824508402
366,3.660065559,left_hip_pitch_joint,0.8734212140264821,0.878,0.004578785973517907
366,3.660065559,left_knee_pitch_joint,-0.16719482652693063,-0.13,0.037194826526930624
366,3.660065559,left_ankle_pitch_joint,0.6478881648706285,0.65,0.00211183512937152
366,3.660065559,left_ankle_roll_joint,0.09949953871081027,0.1,0.0005004612891897353
367,3.670067921,right_hip_yaw_joint,-0.03407127014473768,0.0,0.03407127014473768
367,3.670067921,right_hip_roll_joint,0.07520012638560396,0.1,0.024799873614396048
367,3.670067921,right_hip_pitch_joint,-0.870859143922692,-0.878,-0.0071408560773079666
367,3.670067921,right_knee_pitch_joint,0.12656071166080826,0.13,0.003439288339191743
367,3.670067921,right_ankle_pitch_joint,-0.6204812868408818,-0.65,-0.02951871315911825
367,3.670067921,right_ankle_roll_joint,-0.12124792980637669,-0.1,0.021247929806376686
367,3.670067921,left_hip_yaw_joint,0.04052294203021065,0.0,-0.04052294203021065
367,3.670067921,left_hip_roll_joint,-0.0746711345654007,-0.1,-0.025328865434599307
367,3.670067921,left_hip_pitch_joint,0.8766581318595968,0.878,0.0013418681404031574
367,3.670067921,left_knee_pitch_joint,-0.1719072154943773,-0.13,0.04190721549437729
367,3.670067921,left_ankle_pitch_joint,0.6526005539607211,0.65,-0.0026005539607211192
367,3.670067921,left_ankle_roll_joint,0.0947871495525506,0.1,0.005212850447449402
368,3.680060096,right_hip_yaw_joint,-0.03008056190511584,0.0,0.03008056190511584
368,3.680060096,right_hip_roll_joint,0.07270914889910615,0.1,0.027290851100893854
368,3.680060096,right_hip_pitch_joint,-0.8724942847126228,-0.878,-0.0055057152873772
368,3.680060096,right_knee_pitch_joint,0.13127310067204875,0.13,-0.0012731006720487492
368,3.680060096,right_ankle_pitch_joint,-0.6251936760464254,-0.65,-0.024806323953574627
368,3.680060096,right_ankle_roll_joint,-0.11653554048365175,-0.1,0.016535540483651745
368,3.680060096,left_hip_yaw_joint,0.04523533100206446,0.0,-0.04523533100206446
368,3.680060096,left_hip_roll_joint,-0.07436662895868039,-0.1,-0.025633371041319616
368,3.680060096,left_hip_pitch_joint,0.8751242034810486,0.878,0.0028757965189514234
368,3.680060096,left_knee_pitch_joint,-0.16719482640456645,-0.13,0.03719482640456645
368,3.680060096,left_ankle_pitch_joint,0.6478881648779038,0.65,0.0021118351220962284
368,3.680060096,left_ankle_roll_joint,0.09949953875296302,0.1,0.0005004612470369818
369,3.690027174,right_hip_yaw_joint,-0.030080561887210453,0.0,0.030080561887210453
369,3.690027174,right_hip_roll_joint,0.07357164816882132,0.1,0.026428351831178684
369,3.690027174,right_hip_pitch_joint,-0.8747476638431823,-0.878,-0.003252336156817748
369,3.690027174,right_knee_pitch_joint,0.1312731006694143,0.13,-0.001273100669414301
369,3.690027174,right_ankle_pitch_joint,-0.6251936761473396,-0.65,-0.02480632385266046
369,3.690027174,right_ankle_roll_joint,-0.11653554035780685,-0.1,0.01653554035780684
369,3.690027174,left_hip_yaw_joint,0.04523533098939373,0.0,-0.04523533098939373
369,3.690027174,left_hip_roll_joint,-0.07424550901065995,-0.1,-0.02575449098934006
369,3.690027174,left_hip_pitch_joint,0.8727644267383693,0.878,0.0052355732616307105
369,3.690027174,left_knee_pitch_joint,-0.1671948263476239,-0.13,0.03719482634762389
369,3.690027174,left_ankle_pitch_joint,0.6478881648800581,0.65,0.0021118351199419516
369,3.690027174,left_ankle_roll_joint,0.09949953876912505,0.1,0.0005004612308749518
370,3.700067206,right_hip_yaw_joint,-0.030080561877235228,0.0,0.030080561877235228
370,3.700067206,right_hip_roll_joint,0.07256280453031873,0.1,0.027437195469681278
370,3.700067206,right_hip_pitch_joint,-0.8757512430494991,-0.878,-0.002248756950500863
370,3.700067206,right_knee_pitch_joint,0.13127310065481654,0.13,-0.0012731006548165336
370,3.700067206,right_ankle_pitch_joint,-0.6251936762560388,-0.65,-0.02480632374396119
370,3.700067206,right_ankle_roll_joint,-0.11653554022843345,-0.1,0.01653554022843344
370,3.700067206,left_hip_yaw_joint,0.04585204109994756,0.0,-0.04585204109994756
370,3.700067206,left_hip_roll_joint,-0.07234742290225306,-0.1,-0.027652577097746947
370,3.700067206,left_hip_pitch_joint,0.871829697104103,0.878,0.00617030289589704
370,3.700067206,left_knee_pitch_joint,-0.16719482628036247,-0.13,0.03719482628036247
370,3.700067206,left_ankle_pitch_joint,0.6478881648888468,0.65,0.002111835111153204
370,3.700067206,left_ankle_roll_joint,0.0994995387864851,0.1,0.0005004612135149078
371,3.710086887,right_hip_yaw_joint,-0.03048990072100891,0.0,0.03048990072100891
371,3.710086887,right_hip_roll_joint,0.07312660082801788,0.1,0.02687339917198213
371,3.710086887,right_hip_pitch_joint,-0.8742617938931776,-0.878,-0.003738206106822406
371,3.710086887,right_knee_pitch_joint,0.13127310064605238,0.13,-0.0012731006460523775
371,3.710086887,right_ankle_pitch_joint,-0.6251936763612934,-0.65,-0.024806323638706607
371,3.710086887,right_ankle_roll_joint,-0.11653554009493498,-0.1,0.016535540094934978
371,3.710086887,left_hip_yaw_joint,0.045852041075350736,0.0,-0.045852041075350736
371,3.710086887,left_hip_roll_joint,-0.07384140109033457,-0.1,-0.02615859890966543
371,3.710086887,left_hip_pitch_joint,0.8733796897621844,0.878,0.004620310237815617
371,3.710086887,left_knee_pitch_joint,-0.16719482622510376,-0.13,0.037194826225103755
371,3.710086887,left_ankle_pitch_joint,0.6478881648882863,0.65,0.0021118351117137557
371,3.710086887,left_ankle_roll_joint,0.09949953880833798,0.1,0.0005004611916620272
372,3.720084237,right_hip_yaw_joint,-0.03551594942559212,0.0,0.03551594942559212
372,3.720084237,right_hip_roll_joint,0.07348246577845409,0.1,0.026517534221545916
372,3.720084237,right_hip_pitch_joint,-0.8704505431900085,-0.878,-0.007549456809991528
372,3.720084237,right_knee_pitch_joint,0.12656071162010127,0.13,0.003439288379898736
372,3.720084237,right_ankle_pitch_joint,-0.6204812873649963,-0.65,-0.02951871263500372
372,3.720084237,right_ankle_roll_joint,-0.12124792915284029,-0.1,0.02124792915284028
372,3.720084237,left_hip_yaw_joint,0.041139652072606184,0.0,-0.041139652072606184
372,3.720084237,left_hip_roll_joint,-0.07358997257633945,-0.1,-0.026410027423660554
372,3.720084237,left_hip_pitch_joint,0.8773251359921237,0.878,0.000674864007876308
372,3.720084237,left_knee_pitch_joint,-0.17190721517414742,-0.13,0.041907215174147416
372,3.720084237,left_ankle_pitch_joint,0.6526005539908538,0.65,-0.0026005539908537934
372,3.720084237,left_ankle_roll_joint,0.09478714964287029,0.1,0.00521285035712972
373,3.730068331,right_hip_yaw_joint,-0.030803560415807816,0.0,0.030803560415807816
373,3.730068331,right_hip_roll_joint,0.07226871484826156,0.1,0.02773128515173845
373,3.730068331,right_hip_pitch_joint,-0.8731550544273787,-0.878,-0.004844945572621273
373,3.730068331,right_knee_pitch_joint,0.1312731006486007,0.13,-0.0012731006486007002
373,3.730068331,right_ankle_pitch_joint,-0.6251936765594066,-0.65,-0.024806323440593414
373,3.730068331,right_ankle_roll_joint,-0.11653553983934394,-0.1,0.01653553983934393
373,3.730068331,left_hip_yaw_joint,0.045852041036039494,0.0,-0.045852041036039494
373,3.730068331,left_hip_roll_joint,-0.07398926404065906,-0.1,-0.026010735959340947
373,3.730068331,left_hip_pitch_joint,0.8745581411632632,0.878,0.0034418588367367553
373,3.730068331,left_knee_pitch_joint,-0.16719482610201408,-0.13,0.03719482610201408
373,3.730068331,left_ankle_pitch_joint,0.6478881648963998,0.65,0.002111835103600246
373,3.730068331,left_ankle_roll_joint,0.09949953884974527,0.1,0.0005004611502547329
374,3.740066459,right_hip_yaw_joint,-0.030803560397391967,0.0,0.030803560397391967
374,3.740066459,right_hip_roll_joint,0.07338483976443147,0.1,0.026615160235568536
374,3.740066459,right_hip_pitch_joint,-0.8757259414426979,-0.878,-0.0022740585573021166
374,3.740066459,right_knee_pitch_joint,0.13127310064385303,0.13,-0.0012731006438530257
374,3.740066459,right_ankle_pitch_joint,-0.6251936766615037,-0.65,-0.024806323338496306
374,3.740066459,right_ankle_roll_joint,-0.11653553971315281,-0.1,0.016535539713152803
374,3.740066459,left_hip_yaw_joint,0.04677955144055145,0.0,-0.04677955144055145
374,3.740066459,left_hip_roll_joint,-0.0736521913706319,-0.1,-0.0263478086293681
374,3.740066459,left_hip_pitch_joint,0.8718665413186694,0.878,0.006133458681330639
374,3.740066459,left_knee_pitch_joint,-0.16719482604254668,-0.13,0.037194826042546675
374,3.740066459,left_ankle_pitch_joint,0.6478881649005882,0.65,0.0021118350994118185
374,3.740066459,left_ankle_roll_joint,0.09949953886525488,0.1,0.0005004611347451254
375,3.750083862,right_hip_yaw_joint,-0.031437580892302586,0.0,0.031437580892302586
375,3.750083862,right_hip_roll_joint,0.07221797664646361,0.1,0.027782023353536398
375,3.750083862,right_hip_pitch_joint,-0.874440335093093,-0.878,-0.0035596649069069564
375,3.750083862,right_knee_pitch_joint,0.13127310063657294,0.13,-0.0012731006365729325
375,3.750083862,right_ankle_pitch_joint,-0.6251936767659422,-0.65,-0.024806323234057848
375,3.750083862,right_ankle_roll_joint,-0.11653553958079049,-0.1,0.016535539580790487
375,3.750083862,left_hip_yaw_joint,0.04677955142689331,0.0,-0.04677955142689331
375,3.750083862,left_hip_roll_joint,-0.07299003304161189,-0.1,-0.027009966958388115
375,3.750083862,left_hip_pitch_joint,0.873463058551449,0.878,0.004536941448550991
375,3.750083862,left_knee_pitch_joint,-0.16719482596990975,-0.13,0.03719482596990975
375,3.750083862,left_ankle_pitch_joint,0.6478881649117049,0.65,0.0021118350882951553
375,3.750083862,left_ankle_roll_joint,0.09949953888187542,0.1,0.0005004611181245872
376,3.760063011,right_hip_yaw_joint,-0.03143758088507344,0.0,0.03143758088507344
376,3.760063011,right_hip_roll_joint,0.07133103701866028,0.1,0.028668962981339724
376,3.760063011,right_hip_pitch_joint,-0.8736789277735281,-0.878,-0.004321072226471934
376,3.760063011,right_knee_pitch_joint,0.13127310062705663,0.13,-0.001273100627056628
376,3.760063011,right_ankle_pitch_joint,-0.6251936768717506,-0.65,-0.024806323128249375
376,3.760063011,right_ankle_roll_joint,-0.11653553945029257,-0.1,0.01653553945029257
376,3.760063011,left_hip_yaw_joint,0.046779551402476666,0.0,-0.046779551402476666
376,3.760063011,left_hip_roll_joint,-0.07262300295054035,-0.1,-0.02737699704945966
376,3.760063011,left_hip_pitch_joint,0.8741352332844076,0.878,0.003864766715592438
376,3.760063011,left_knee_pitch_joint,-0.16719482591764842,-0.13,0.037194825917648416
376,3.760063011,left_ankle_pitch_joint,0.6478881649095913,0.65,0.002111835090408687
376,3.760063011,left_ankle_roll_joint,0.09949953890637506,0.1,0.0005004610936249487
377,3.770019363,right_hip_yaw_joint,-0.031437580874247875,0.0,0.031437580874247875
377,3.770019363,right_hip_roll_joint,0.07061230019092789,0.1,0.029387699809072118
377,3.770019363,right_hip_pitch_joint,-0.8749089112298041,-0.878,-0.0030910887701959266
377,3.770019363,right_knee_pitch_joint,0.13127310061844777,0.13,-0.0012731006184477645
377,3.770019363,right_ankle_pitch_joint,-0.6251936769762975,-0.65,-0.02480632302370256
377,3.770019363,right_ankle_roll_joint,-0.11653553932147084,-0.1,0.016535539321470838
377,3.770019363,left_hip_yaw_joint,0.04713282293503504,0.0,-0.04713282293503504
377,3.770019363,left_hip_roll_joint,-0.0716396391665695,-0.1,-0.028360360833430506
377,3.770019363,left_hip_pitch_joint,0.8732586101156798,0.878,0.004741389884320157
377,3.770019363,left_knee_pitch_joint,-0.16719482585268888,-0.13,0.03719482585268888
377,3.770019363,left_ankle_pitch_joint,0.6478881649164612,0.65,0.002111835083538849
377,3.770019363,left_ankle_roll_joint,0.09949953892283192,0.1,0.0005004610771680851
378,3.780068431,right_hip_yaw_joint,-0.031501769544440485,0.0,0.031501769544440485
378,3.780068431,right_hip_roll_joint,0.07061059413968873,0.1,0.029389405860311274
378,3.780068431,right_hip_pitch_joint,-0.8735145120414238,-0.878,-0.004485487958576173
378,3.780068431,right_knee_pitch_joint,0.1312731006140669,0.13,-0.0012731006140669077
378,3.780068431,right_ankle_pitch_joint,-0.6251936770789018,-0.65,-0.02480632292109819
378,3.780068431,right_ankle_roll_joint,-0.11653553918975272,-0.1,0.016535539189752715
378,3.780068431,left_hip_yaw_joint,0.04713282291010312,0.0,-0.04713282291010312
378,3.780068431,left_hip_roll_joint,-0.07232808833149579,-0.1,-0.027671911668504218
378,3.780068431,left_hip_pitch_joint,0.8745376670101435,0.878,0.0034623329898565425
378,3.780068431,left_knee_pitch_joint,-0.16719482579764336,-0.13,0.037194825797643355
378,3.780068431,left_ankle_pitch_joint,0.64788816491595,0.65,0.0021118350840499955
378,3.780068431,left_ankle_roll_joint,0.09949953894592856,0.1,0.0005004610540714494
379,3.790063936,right_hip_yaw_joint,-0.031501769526213676,0.0,0.031501769526213676
379,3.790063936,right_hip_roll_joint,0.07047569706918853,0.1,0.029524302930811472
379,3.790063936,right_hip_pitch_joint,-0.874676331261417,-0.878,-0.00332366873858303
379,3.790063936,right_knee_pitch_joint,0.13127310061787456,0.13,-0.0012731006178745563
379,3.790063936,right_ankle_pitch_joint,-0.6251936771760875,-0.65,-0.024806322823912486
379,3.790063936,right_ankle_roll_joint,-0.11653553906599688,-0.1,0.016535539065996877
379,3.790063936,left_hip_yaw_joint,0.04713282289579939,0.0,-0.04713282289579939
379,3.790063936,left_hip_roll_joint,-0.07173080362428416,-0.1,-0.028269196375715844
379,3.790063936,left_hip_pitch_joint,0.8732239676200985,0.878,0.00477603237990154
379,3.790063936,left_knee_pitch_joint,-0.16719482573641745,-0.13,0.03719482573641744
379,3.790063936,left_ankle_pitch_joint,0.6478881649206267,0.65,0.002111835079373292
379,3.790063936,left_ankle_roll_joint,0.09949953896409586,0.1,0.0005004610359041484
380,3.800058217,right_hip_yaw_joint,-0.031501769517821014,0.0,0.031501769517821014
380,3.800058217,right_hip_roll_joint,0.06970787700833096,0.1,0.030292122991669043
380,3.800058217,right_hip_pitch_joint,-0.8752667218346559,-0.878,-0.0027332781653440774
380,3.800058217,right_knee_pitch_joint,0.13127310060534486,0.13,-0.0012731006053448568
380,3.800058217,right_ankle_pitch_joint,-0.6251936772832858,-0.65,-0.024806322716714235
380,3.800058217,right_ankle_roll_joint,-0.11653553893559154,-0.1,0.016535538935591537
380,3.800058217,left_hip_yaw_joint,0.0471328228827106,0.0,-0.0471328228827106
380,3.800058217,left_hip_roll_joint,-0.07038655570490862,-0.1,-0.029613444295091385
380,3.800058217,left_hip_pitch_joint,0.8728674498641669,0.878,0.005132550135833136
380,3.800058217,left_knee_pitch_joint,-0.16719482567369587,-0.13,0.037194825673695864
380,3.800058217,left_ankle_pitch_joint,0.6478881649259159,0.65,0.0021118350740840786
380,3.800058217,left_ankle_roll_joint,0.09949953898179309,0.1,0.0005004610182069158
381,3.810089707,right_hip_yaw_joint,-0.036214158499677955,0.0,0.036214158499677955
381,3.810089707,right_hip_roll_joint,0.0704904400882844,0.1,0.02950955991171561
381,3.810089707,right_hip_pitch_joint,-0.8730875079821147,-0.878,-0.00491249201788535
381,3.810089707,right_knee_pitch_joint,0.12656071157493792,0.13,0.0034392884250620814
381,3.810089707,right_ankle_pitch_joint,-0.620481288289327,-0.65,-0.029518711710672996
381,3.810089707,right_ankle_roll_joint,-0.12124792799598798,-0.1,0.021247927995987972
381,3.810089707,left_hip_yaw_joint,0.04282354810179703,0.0,-0.04282354810179703
381,3.810089707,left_hip_roll_joint,-0.06933125917782508,-0.1,-0.030668740822174925
381,3.810089707,left_hip_pitch_joint,0.8750445790177948,0.878,0.002955420982205248
381,3.810089707,left_knee_pitch_joint,-0.17190721462818165,-0.13,0.041907214628181644
381,3.810089707,left_ankle_pitch_joint,0.6526005540253965,0.65,-0.0026005540253964954
381,3.810089707,left_ankle_roll_joint,0.09478714981585655,0.1,0.0052128501841434555
382,3.820060260,right_hip_yaw_joint,-0.03150176948896903,0.0,0.03150176948896903
382,3.820060260,right_hip_roll_joint,0.07069339496014758,0.1,0.029306605039852426
382,3.820060260,right_hip_pitch_joint,-0.8752564797041622,-0.878,-0.002743520295837798
382,3.820060260,right_knee_pitch_joint,0.13127310060404773,0.13,-0.0012731006040477277
382,3.820060260,right_ankle_pitch_joint,-0.6251936774834653,-0.65,-0.024806322516534696
382,3.820060260,right_ankle_roll_joint,-0.11653553868098393,-0.1,0.016535538680983924
382,3.820060260,left_hip_yaw_joint,0.047535937063714326,0.0,-0.047535937063714326
382,3.820060260,left_hip_roll_joint,-0.07101054411617717,-0.1,-0.02898945588382283
382,3.820060260,left_hip_pitch_joint,0.8725553098645761,0.878,0.005444690135423924
382,3.820060260,left_knee_pitch_joint,-0.1671948255564333,-0.13,0.0371948255564333
382,3.820060260,left_ankle_pitch_joint,0.6478881649308486,0.65,0.0021118350691514687
382,3.820060260,left_ankle_roll_joint,0.09949953902196434,0.1,0.0005004609780356606
383,3.830072408,right_hip_yaw_joint,-0.03270420646200363,0.0,0.03270420646200363
383,3.830072408,right_hip_roll_joint,0.07103267914311179,0.1,0.028967320856888218
383,3.830072408,right_hip_pitch_joint,-0.872685128187534,-0.878,-0.005314871812466038
383,3.830072408,right_knee_pitch_joint,0.13127310059941524,0.13,-0.001273100599415239
383,3.830072408,right_ankle_pitch_joint,-0.6251936775870568,-0.65,-0.024806322412943227
383,3.830072408,right_ankle_roll_joint,-0.11653553854851482,-0.1,0.01653553854851482
383,3.830072408,left_hip_yaw_joint,0.04753593703844791,0.0,-0.04753593703844791
383,3.830072408,left_hip_roll_joint,-0.0726862813792533,-0.1,-0.027313718620746705
383,3.830072408,left_hip_pitch_joint,0.8750768802253592,0.878,0.00292311977464077
383,3.830072408,left_knee_pitch_joint,-0.1671948254941886,-0.13,0.037194825494188594
383,3.830072408,left_ankle_pitch_joint,0.6478881649346543,0.65,0.002111835065345735
383,3.830072408,left_ankle_roll_joint,0.09949953904386412,0.1,0.0005004609561358869
384,3.840082348,right_hip_yaw_joint,-0.03270420645082089,0.0,0.03270420645082089
384,3.840082348,right_hip_roll_joint,0.07035425928878165,0.1,0.029645740711218352
384,3.840082348,right_hip_pitch_joint,-0.8742332770504425,-0.878,-0.0037667229495574883
384,3.840082348,right_knee_pitch_joint,0.13127310058705266,0.13,-0.0012731005870526557
384,3.840082348,right_ankle_pitch_joint,-0.6251936776940994,-0.65,-0.02480632230590063
384,3.840082348,right_ankle_roll_joint,-0.11653553841930377,-0.1,0.01653553841930376
384,3.840082348,left_hip_yaw_joint,0.04909079629178937,0.0,-0.04909079629178937
384,3.840082348,left_hip_roll_joint,-0.0714551938043297,-0.1,-0.028544806195670305
384,3.840082348,left_hip_pitch_joint,0.8734256765518059,0.878,0.004574323448194084
384,3.840082348,left_knee_pitch_joint,-0.16719482542518038,-0.13,0.03719482542518038
384,3.840082348,left_ankle_pitch_joint,0.647888164945089,0.65,0.002111835054910971
384,3.840082348,left_ankle_roll_joint,0.09949953906050968,0.1,0.000500460939490327
385,3.850065156,right_hip_yaw_joint,-0.037416595421585395,0.0,0.037416595421585395
385,3.850065156,right_hip_roll_joint,0.07373667465417345,0.1,0.026263325345826552
385,3.850065156,right_hip_pitch_joint,-0.8720962189488887,-0.878,-0.005903781051111334
385,3.850065156,right_knee_pitch_joint,0.1265607115724557,0.13,0.003439288427544318
385,3.850065156,right_ankle_pitch_joint,-0.6204812886901696,-0.65,-0.029518711309830414
385,3.850065156,right_ankle_roll_joint,-0.12124792748449296,-0.1,0.02124792748449296
385,3.850065156,left_hip_yaw_joint,0.04437840727769881,0.0,-0.04437840727769881
385,3.850065156,left_hip_roll_joint,-0.07316349099409937,-0.1,-0.026836509005900636
385,3.850065156,left_hip_pitch_joint,0.8755569268950084,0.878,0.002443073104991589
385,3.850065156,left_knee_pitch_joint,-0.17190721439941165,-0.13,0.04190721439941164
385,3.850065156,left_ankle_pitch_joint,0.6526005540310658,0.65,-0.0026005540310657382
385,3.850065156,left_ankle_roll_joint,0.09478714990116002,0.1,0.005212850098839983
386,3.860070441,right_hip_yaw_joint,-0.03312240623153344,0.0,0.03312240623153344
386,3.860070441,right_hip_roll_joint,0.07110887867997516,0.1,0.028891121320024846
386,3.860070441,right_hip_pitch_joint,-0.874303802354184,-0.878,-0.0036961976458159684
386,3.860070441,right_knee_pitch_joint,0.1312731005808408,0.13,-0.0012731005808407914
386,3.860070441,right_ankle_pitch_joint,-0.6251936778973163,-0.65,-0.024806322102683742
386,3.860070441,right_ankle_roll_joint,-0.1165355381618449,-0.1,0.0165355381618449
386,3.860070441,left_hip_yaw_joint,0.049090796250430405,0.0,-0.049090796250430405
386,3.860070441,left_hip_roll_joint,-0.07254954842103334,-0.1,-0.027450451578966667
386,3.860070441,left_hip_pitch_joint,0.8734620968208614,0.878,0.004537903179138603
386,3.860070441,left_knee_pitch_joint,-0.16719482530871216,-0.13,0.037194825308712154
386,3.860070441,left_ankle_pitch_joint,0.6478881649491044,0.65,0.0021118350508956274
386,3.860070441,left_ankle_roll_joint,0.09949953909962277,0.1,0.0005004609003772392
387,3.870076711,right_hip_yaw_joint,-0.033122406211785436,0.0,0.033122406211785436
387,3.870076711,right_hip_roll_joint,0.07219720570879595,0.1,0.027802794291204053
387,3.870076711,right_hip_pitch_joint,-0.8766744799918238,-0.878,-0.0013255200081762064
387,3.870076711,right_knee_pitch_joint,0.13127310057654845,0.13,-0.001273100576548447
387,3.870076711,right_ankle_pitch_joint,-0.6251936779991812,-0.65,-0.02480632200081878
387,3.870076711,right_ankle_roll_joint,-0.11653553803589237,-0.1,0.01653553803589236
387,3.870076711,left_hip_yaw_joint,0.05020476572637174,0.0,-0.05020476572637174
387,3.870076711,left_hip_roll_joint,-0.07216546193419361,-0.1,-0.027834538065806394
387,3.870076711,left_hip_pitch_joint,0.8709753099492719,0.878,0.007024690050728144
387,3.870076711,left_knee_pitch_joint,-0.1671948252478223,-0.13,0.037194825247822305
387,3.870076711,left_ankle_pitch_joint,0.6478881649541579,0.65,0.0021118350458421142
387,3.870076711,left_ankle_roll_joint,0.09949953911512258,0.1,0.0005004608848774295
388,3.880043184,right_hip_yaw_joint,-0.03392724868123682,0.0,0.03392724868123682
388,3.880043184,right_hip_roll_joint,0.07164959143296047,0.1,0.028350408567039534
388,3.880043184,right_hip_pitch_joint,-0.8758932555981422,-0.878,-0.002106744401857763
388,3.880043184,right_knee_pitch_joint,0.13127310056079544,0.13,-0.001273100560795437
388,3.880043184,right_ankle_pitch_joint,-0.6251936781091334,-0.65,-0.024806321890866623
388,3.880043184,right_ankle_roll_joint,-0.11653553790398796,-0.1,0.016535537903987957
388,3.880043184,left_hip_yaw_joint,0.05020476570861032,0.0,-0.05020476570861032
388,3.880043184,left_hip_roll_joint,-0.07166290892573977,-0.1,-0.02833709107426023
388,3.880043184,left_hip_pitch_joint,0.8718708292377246,0.878,0.006129170762275371
388,3.880043184,left_knee_pitch_joint,-0.16719482518294657,-0.13,0.03719482518294656
388,3.880043184,left_ankle_pitch_joint,0.6478881649605074,0.65,0.0021118350394926377
388,3.880043184,left_ankle_roll_joint,0.0994995391331861,0.1,0.0005004608668139066
389,3.890082744,right_hip_yaw_joint,-0.033927248660353876,0.0,0.033927248660353876
389,3.890082744,right_hip_roll_joint,0.07321945459125222,0.1,0.02678054540874779
389,3.890082744,right_hip_pitch_joint,-0.8754935057914137,-0.878,-0.002506494208586285
389,3.890082744,right_knee_pitch_joint,0.13127310056956837,0.13,-0.001273100569568364
389,3.890082744,right_ankle_pitch_joint,-0.6251936782034626,-0.65,-0.02480632179653741
389,3.890082744,right_ankle_roll_joint,-0.11653553777879384,-0.1,0.016535537778793838
389,3.890082744,left_hip_yaw_joint,0.05020476568152004,0.0,-0.05020476568152004
389,3.890082744,left_hip_roll_joint,-0.07341924758437189,-0.1,-0.026580752415628114
389,3.890082744,left_hip_pitch_joint,0.8721840371010543,0.878,0.0058159628989457035
389,3.890082744,left_knee_pitch_joint,-0.16719482513211265,-0.13,0.03719482513211264
389,3.890082744,left_ankle_pitch_joint,0.6478881649574795,0.65,0.002111835042520549
389,3.890082744,left_ankle_roll_joint,0.09949953915619955,0.1,0.0005004608438004543
390,3.900082381,right_hip_yaw_joint,-0.034458681411032505,0.0,0.034458681411032505
390,3.900082381,right_hip_roll_joint,0.0721742998654472,0.1,0.027825700134552808
390,3.900082381,right_hip_pitch_joint,-0.8754486449702915,-0.878,-0.002551355029708491
390,3.900082381,right_knee_pitch_joint,0.13127310055415914,0.13,-0.0012731005541591345
390,3.900082381,right_ankle_pitch_joint,-0.6251936783126654,-0.65,-0.024806321687334654
390,3.900082381,right_ankle_roll_joint,-0.11653553764631482,-0.1,0.01653553764631481
390,3.900082381,left_hip_yaw_joint,0.050459287318675515,0.0,-0.050459287318675515
390,3.900082381,left_hip_roll_joint,-0.07204113397239884,-0.1,-0.02795886602760117
390,3.900082381,left_hip_pitch_joint,0.8724511630082656,0.878,0.005548836991734363
390,3.900082381,left_knee_pitch_joint,-0.16719482506453218,-0.13,0.03719482506453217
390,3.900082381,left_ankle_pitch_joint,0.6478881649659528,0.65,0.002111835034047216
390,3.900082381,left_ankle_roll_joint,0.09949953917294012,0.1,0.000500460827059887
391,3.910060303,right_hip_yaw_joint,-0.035450970431859685,0.0,0.035450970431859685
391,3.910060303,right_hip_roll_joint,0.07211808785028612,0.1,0.02788191214971389
391,3.910060303,right_hip_pitch_joint,-0.8732864464337594,-0.878,-0.004713553566240591
391,3.910060303,right_knee_pitch_joint,0.13127310054681118,0.13,-0.001273100546811179
391,3.910060303,right_ankle_pitch_joint,-0.6251936784175499,-0.65,-0.024806321582450108
391,3.910060303,right_ankle_roll_joint,-0.1165355375136315,-0.1,0.0165355375136315
391,3.910060303,left_hip_yaw_joint,0.050459287291715074,0.0,-0.050459287291715074
391,3.910060303,left_hip_roll_joint,-0.07312295893495686,-0.1,-0.026877041065043142
391,3.910060303,left_hip_pitch_joint,0.8744391549116921,0.878,0.0035608450883078957
391,3.910060303,left_knee_pitch_joint,-0.16719482500611718,-0.13,0.03719482500611718
391,3.910060303,left_ankle_pitch_joint,0.6478881649673353,0.65,0.002111835032664766
391,3.910060303,left_ankle_roll_joint,0.09949953919542388,0.1,0.0005004608045761222
392,3.920077686,right_hip_yaw_joint,-0.03545097041075089,0.0,0.03545097041075089
392,3.920077686,right_hip_roll_joint,0.07220878622962353,0.1,0.02779121377037648
392,3.920077686,right_hip_pitch_joint,-0.8739449783046358,-0.878,-0.004055021695364203
392,3.920077686,right_knee_pitch_joint,0.131273100555012,0.13,-0.0012731005550120078
392,3.920077686,right_ankle_pitch_joint,-0.6251936785121216,-0.65,-0.024806321487878424
392,3.920077686,right_ankle_roll_joint,-0.11653553738912516,-0.1,0.01653553738912515
392,3.920077686,left_hip_yaw_joint,0.05045928727653317,0.0,-0.05045928727653317
392,3.920077686,left_hip_roll_joint,-0.07301809612782534,-0.1,-0.026981903872174667
392,3.920077686,left_hip_pitch_joint,0.8737677279395668,0.878,0.004232272060433195
392,3.920077686,left_knee_pitch_joint,-0.16719482493904617,-0.13,0.03719482493904616
392,3.920077686,left_ankle_pitch_joint,0.6478881649755776,0.65,0.0021118350244224704
392,3.920077686,left_ankle_roll_joint,0.09949953921169406,0.1,0.0005004607883059425
393,3.930059920,right_hip_yaw_joint,-0.03545097040033653,0.0,0.03545097040033653
393,3.930059920,right_hip_roll_joint,0.07162649313007349,0.1,0.028373506869926512
393,3.930059920,right_hip_pitch_joint,-0.8730143854787261,-0.878,-0.0049856145212738845
393,3.930059920,right_knee_pitch_joint,0.13127310055023025,0.13,-0.0012731005502302495
393,3.930059920,right_ankle_pitch_joint,-0.6251936786151099,-0.65,-0.02480632138489014
393,3.930059920,right_ankle_roll_joint,-0.11653553725898941,-0.1,0.016535537258989402
393,3.930059920,left_hip_yaw_joint,0.050459287249921235,0.0,-0.050459287249921235
393,3.930059920,left_hip_roll_joint,-0.07304583688345313,-0.1,-0.026954163116546873
393,3.930059920,left_hip_pitch_joint,0.8747289532052881,0.878,0.003271046794711907
393,3.930059920,left_knee_pitch_joint,-0.16719482488417123,-0.13,0.037194824884171224
393,3.930059920,left_ankle_pitch_joint,0.6478881649750646,0.65,0.0021118350249353934
393,3.930059920,left_ankle_roll_joint,0.09949953923571336,0.1,0.0005004607642866421
394,3.940085145,right_hip_yaw_joint,-0.03545097038829779,0.0,0.03545097038829779
394,3.940085145,right_hip_roll_joint,0.07034147179414707,0.1,0.029658528205852935
394,3.940085145,right_hip_pitch_joint,-0.8745170989094437,-0.878,-0.0034829010905562674
394,3.940085145,right_knee_pitch_joint,0.13127310053773342,0.13,-0.0012731005377334126
394,3.940085145,right_ankle_pitch_joint,-0.6251936787221929,-0.65,-0.02480632127780713
394,3.940085145,right_ankle_roll_joint,-0.11653553713013154,-0.1,0.016535537130131533
394,3.940085145,left_hip_yaw_joint,0.0516269406442494,0.0,-0.0516269406442494
394,3.940085145,left_hip_roll_joint,-0.07122375619531818,-0.1,-0.028776243804681828
394,3.940085145,left_hip_pitch_joint,0.8733472542506863,0.878,0.004652745749313736
394,3.940085145,left_knee_pitch_joint,-0.16719482481749737,-0.13,0.03719482481749736
394,3.940085145,left_ankle_pitch_joint,0.6478881649834909,0.65,0.0021118350165091337
394,3.940085145,left_ankle_roll_joint,0.09949953925231854,0.1,0.0005004607476814665
395,3.950062872,right_hip_yaw_joint,-0.03566041413432464,0.0,0.03566041413432464
395,3.950062872,right_hip_roll_joint,0.07241293911451911,0.1,0.027587060885480894
395,3.950062872,right_hip_pitch_joint,-0.8740507204009809,-0.878,-0.00394927959901914
395,3.950062872,right_knee_pitch_joint,0.13127310052235255,0.13,-0.0012731005223525493
395,3.950062872,right_ankle_pitch_joint,-0.6251936788315822,-0.65,-0.024806321168417855
395,3.950062872,right_ankle_roll_joint,-0.11653553699524886,-0.1,0.01653553699524886
395,3.950062872,left_hip_yaw_joint,0.051626940613414,0.0,-0.051626940613414
395,3.950062872,left_hip_roll_joint,-0.07366123541605582,-0.1,-0.026338764583944185
395,3.950062872,left_hip_pitch_joint,0.8737068490114746,0.878,0.0042931509885254515
395,3.950062872,left_knee_pitch_joint,-0.16719482476822456,-0.13,0.037194824768224555
395,3.950062872,left_ankle_pitch_joint,0.6478881649794028,0.65,0.002111835020597197
395,3.950062872,left_ankle_roll_joint,0.09949953927453291,0.1,0.0005004607254670973
396,3.960061987,right_hip_yaw_joint,-0.035660414113256864,0.0,0.035660414113256864
396,3.960061987,right_hip_roll_joint,0.07118456988155406,0.1,0.02881543011844595
396,3.960061987,right_hip_pitch_joint,-0.8745469040670814,-0.878,-0.0034530959329186484
396,3.960061987,right_knee_pitch_joint,0.13127310053124033,0.13,-0.0012731005312403287
396,3.960061987,right_ankle_pitch_joint,-0.6251936789256327,-0.65,-0.02480632107436731
396,3.960061987,right_ankle_roll_joint,-0.11653553687262178,-0.1,0.01653553687262177
396,3.960061987,left_hip_yaw_joint,0.051911608448694004,0.0,-0.051911608448694004
396,3.960061987,left_hip_roll_joint,-0.07247171463509927,-0.1,-0.027528285364900734
396,3.960061987,left_hip_pitch_joint,0.873298099540394,0.878,0.0047019004596060565
396,3.960061987,left_knee_pitch_joint,-0.16719482469938624,-0.13,0.03719482469938623
396,3.960061987,left_ankle_pitch_joint,0.6478881649887908,0.65,0.002111835011209262
396,3.960061987,left_ankle_roll_joint,0.09949953929182564,0.1,0.0005004607081743606
397,3.970079985,right_hip_yaw_joint,-0.035660414091935676,0.0,0.035660414091935676
397,3.970079985,right_hip_roll_joint,0.07232204954673979,0.1,0.027677950453260214
397,3.970079985,right_hip_pitch_joint,-0.8766531980438164,-0.878,-0.0013468019561836408
397,3.970079985,right_knee_pitch_joint,0.1312731005280272,0.13,-0.0012731005280272045
397,3.970079985,right_ankle_pitch_joint,-0.625193679026882,-0.65,-0.024806320973117968
397,3.970079985,right_ankle_roll_joint,-0.1165355367466407,-0.1,0.016535536746640697
397,3.970079985,left_hip_yaw_joint,0.05224942915730637,0.0,-0.05224942915730637
397,3.970079985,left_hip_roll_joint,-0.0723030575118189,-0.1,-0.02769694248818111
397,3.970079985,left_hip_pitch_joint,0.8711084914374304,0.878,0.006891508562569593
397,3.970079985,left_knee_pitch_joint,-0.16719482464040178,-0.13,0.037194824640401775
397,3.970079985,left_ankle_pitch_joint,0.647888164992329,0.65,0.0021118350076709813
397,3.970079985,left_ankle_roll_joint,0.09949953930764335,0.1,0.0005004606923566524
398,3.980075283,right_hip_yaw_joint,-0.036076634014170085,0.0,0.036076634014170085
398,3.980075283,right_hip_roll_joint,0.07103174081960355,0.1,0.028968259180396458
398,3.980075283,right_hip_pitch_joint,-0.8757688405931777,-0.878,-0.0022311594068222806
398,3.980075283,right_knee_pitch_joint,0.13127310051716423,0.13,-0.0012731005171642273
398,3.980075283,right_ankle_pitch_joint,-0.6251936791334739,-0.65,-0.02480632086652612
398,3.980075283,right_ankle_roll_joint,-0.11653553661472582,-0.1,0.016535536614725815
398,3.980075283,left_hip_yaw_joint,0.05224942913835095,0.0,-0.05224942913835095
398,3.980075283,left_hip_roll_joint,-0.07118491442227909,-0.1,-0.028815085577720917
398,3.980075283,left_hip_pitch_joint,0.872329052985611,0.878,0.005670947014388972
398,3.980075283,left_knee_pitch_joint,-0.16719482457446147,-0.13,0.037194824574461466
398,3.980075283,left_ankle_pitch_joint,0.6478881649991877,0.65,0.0021118350008123565
398,3.980075283,left_ankle_roll_joint,0.09949953932672632,0.1,0.000500460673273681
399,3.990062657,right_hip_yaw_joint,-0.037009806456190744,0.0,0.037009806456190744
399,3.990062657,right_hip_roll_joint,0.07260245314194026,0.1,0.027397546858059743
399,3.990062657,right_hip_pitch_joint,-0.874831203017823,-0.878,-0.00316879698217698
399,3.990062657,right_knee_pitch_joint,0.13127310049881685,0.13,-0.0012731004988168482
399,3.990062657,right_ankle_pitch_joint,-0.6251936792452266,-0.65,-0.024806320754773403
399,3.990062657,right_ankle_roll_joint,-0.11653553648193456,-0.1,0.01653553648193455
399,3.990062657,left_hip_yaw_joint,0.05224942910976392,0.0,-0.05224942910976392
399,3.990062657,left_hip_roll_joint,-0.07307058807933371,-0.1,-0.026929411920666294
399,3.990062657,left_hip_pitch_joint,0.8731048293659872,0.878,0.004895170634012791
399,3.990062657,left_knee_pitch_joint,-0.16719482452508938,-0.13,0.037194824525089376
399,3.990062657,left_ankle_pitch_joint,0.6478881649948647,0.65,0.002111835005135343
399,3.990062657,left_ankle_roll_joint,0.09949953934865162,0.1,0.0005004606513483861
400,4.000061990,right_hip_yaw_joint,-0.037009806431780236,0.0,0.037009806431780236
400,4.000061990,right_hip_roll_joint,0.07188785537939399,0.1,0.028112144620606017
400,4.000061990,right_hip_pitch_joint,-0.8741179158092451,-0.878,-0.0038820841907548642
400,4.000061990,right_knee_pitch_joint,0.1312731005124494,0.13,-0.0012731005124493877
400,4.000061990,right_ankle_pitch_joint,-0.6251936793367647,-0.65,-0.024806320663235293
400,4.000061990,right_ankle_roll_joint,-0.11653553635852683,-0.1,0.016535536358526823
400,4.000061990,left_hip_yaw_joint,0.052249429090698955,0.0,-0.052249429090698955
400,4.000061990,left_hip_roll_joint,-0.07249532591696088,-0.1,-0.027504674083039124
400,4.000061990,left_hip_pitch_joint,0.8736479856995791,0.878,0.00435201430042087
400,4.000061990,left_knee_pitch_joint,-0.16719482445639078,-0.13,0.037194824456390774
400,4.000061990,left_ankle_pitch_joint,0.6478881650038875,0.65,0.0021118349961125604
400,4.000061990,left_ankle_roll_joint,0.09949953936835022,0.1,0.0005004606316497823
401,4.010079293,right_hip_yaw_joint,-0.03700980641829426,0.0,0.03700980641829426
401,4.010079293,right_hip_roll_joint,0.0733668160622111,0.1,0.026633183937788907
401,4.010079293,right_hip_pitch_joint,-0.8758459657275431,-0.878,-0.0021540342724568617
401,4.010079293,right_knee_pitch_joint,0.13127310049326285,0.13,-0.0012731004932628465
401,4.010079293,right_ankle_pitch_joint,-0.6251936794478726,-0.65,-0.024806320552127392
401,4.010079293,right_ankle_roll_joint,-0.11653553622472812,-0.1,0.016535536224728115
401,4.010079293,left_hip_yaw_joint,0.05339055838534906,0.0,-0.05339055838534906
401,4.010079293,left_hip_roll_joint,-0.07326635231178137,-0.1,-0.026733647688218634
401,4.010079293,left_hip_pitch_joint,0.8720761956545998,0.878,0.005923804345400185
401,4.010079293,left_knee_pitch_joint,-0.16719482439111974,-0.13,0.037194824391119735
401,4.010079293,left_ankle_pitch_joint,0.64788816501126,0.65,0.0021118349887400134
401,4.010079293,left_ankle_roll_joint,0.09949953938141594,0.1,0.0005004606185840671
402,4.020084905,right_hip_yaw_joint,-0.037009806396370255,0.0,0.037009806396370255
402,4.020084905,right_hip_roll_joint,0.07337885275448439,0.1,0.02662114724551562
402,4.020084905,right_hip_pitch_joint,-0.8751641538321693,-0.878,-0.0028358461678307245
402,4.020084905,right_knee_pitch_joint,0.13127310050438767,0.13,-0.0012731005043876698
402,4.020084905,right_ankle_pitch_joint,-0.6251936795408474,-0.65,-0.024806320459152653
402,4.020084905,right_ankle_roll_joint,-0.11653553610144242,-0.1,0.016535536101442413
402,4.020084905,left_hip_yaw_joint,0.05339055835687624,0.0,-0.05339055835687624
402,4.020084905,left_hip_roll_joint,-0.07341223051583999,-0.1,-0.026587769484160015
402,4.020084905,left_hip_pitch_joint,0.872541335504945,0.878,0.0054586644950550545
402,4.020084905,left_knee_pitch_joint,-0.16719482433829444,-0.13,0.037194824338294435
402,4.020084905,left_ankle_pitch_joint,0.6478881650097423,0.65,0.0021118349902576883
402,4.020084905,left_ankle_roll_joint,0.09949953940636017,0.1,0.0005004605936398399
403,4.030086258,right_hip_yaw_joint,-0.037908364292994504,0.0,0.037908364292994504
403,4.030086258,right_hip_roll_joint,0.07267710664619274,0.1,0.027322893353807262
403,4.030086258,right_hip_pitch_joint,-0.8738301572400001,-0.878,-0.0041698427599998755
403,4.030086258,right_knee_pitch_joint,0.13127310049514607,0.13,-0.0012731004951460623
403,4.030086258,right_ankle_pitch_joint,-0.6251936796470883,-0.65,-0.024806320352911748
403,4.030086258,right_ankle_roll_joint,-0.11653553596869012,-0.1,0.016535535968690118
403,4.030086258,left_hip_yaw_joint,0.05339055833980364,0.0,-0.05339055833980364
403,4.030086258,left_hip_roll_joint,-0.07365069326743894,-0.1,-0.02634930673256107
403,4.030086258,left_hip_pitch_joint,0.873951647261178,0.878,0.004048352738821981
403,4.030086258,left_knee_pitch_joint,-0.16719482426388227,-0.13,0.037194824263882265
403,4.030086258,left_ankle_pitch_joint,0.6478881650222799,0.65,0.0021118349777201617
403,4.030086258,left_ankle_roll_joint,0.09949953942088406,0.1,0.0005004605791159439
404,4.040084029,right_hip_yaw_joint,-0.03790836427015547,0.0,0.03790836427015547
404,4.040084029,right_hip_roll_joint,0.07382474165320976,0.1,0.026175258346790242
404,4.040084029,right_hip_pitch_joint,-0.87477112910632,-0.878,-0.003228870893679958
404,4.040084029,right_knee_pitch_joint,0.13127310049775637,0.13,-0.0012731004977563631
404,4.040084029,right_ankle_pitch_joint,-0.6251936797447903,-0.65,-0.02480632025520968
404,4.040084029,right_ankle_roll_joint,-0.11653553584401878,-0.1,0.016535535844018776
404,4.040084029,left_hip_yaw_joint,0.053390558309550556,0.0,-0.053390558309550556
404,4.040084029,left_hip_roll_joint,-0.07444382269591869,-0.1,-0.025556177304081315
404,4.040084029,left_hip_pitch_joint,0.8730064718074643,0.878,0.004993528192535734
404,4.040084029,left_knee_pitch_joint,-0.16719482421885143,-0.13,0.037194824218851424
404,4.040084029,left_ankle_pitch_joint,0.6478881650157822,0.65,0.002111834984217853
404,4.040084029,left_ankle_roll_joint,0.09949953944548737,0.1,0.0005004605545126384
405,4.050065104,right_hip_yaw_joint,-0.038835644696719934,0.0,0.038835644696719934
405,4.050065104,right_hip_roll_joint,0.07419623243072251,0.1,0.02580376756927749
405,4.050065104,right_hip_pitch_joint,-0.8765938769819256,-0.878,-0.0014061230180744122
405,4.050065104,right_knee_pitch_joint,0.13127310046779797,0.13,-0.0012731004677979663
405,4.050065104,right_ankle_pitch_joint,-0.6251936798628845,-0.65,-0.02480632013711548
405,4.050065104,right_ankle_roll_joint,-0.11653553570983999,-0.1,0.016535535709839982
405,4.050065104,left_hip_yaw_joint,0.05437833715955435,0.0,-0.05437833715955435
405,4.050065104,left_hip_roll_joint,-0.07356488612399731,-0.1,-0.026435113876002697
405,4.050065104,left_hip_pitch_joint,0.8713146513392686,0.878,0.006685348660731449
405,4.050065104,left_knee_pitch_joint,-0.16719482415853018,-0.13,0.037194824158530176
405,4.050065104,left_ankle_pitch_joint,0.647888165019671,0.65,0.002111834980329075
405,4.050065104,left_ankle_roll_joint,0.09949953946023977,0.1,0.0005004605397602307
406,4.060060398,right_hip_yaw_joint,-0.03883564467109808,0.0,0.03883564467109808
406,4.060060398,right_hip_roll_joint,0.07327969105064183,0.1,0.026720308949358174
406,4.060060398,right_hip_pitch_joint,-0.8757284589241559,-0.878,-0.0022715410758441523
406,4.060060398,right_knee_pitch_joint,0.13127310048187113,0.13,-0.0012731004818711256
406,4.060060398,right_ankle_pitch_joint,-0.6251936799541156,-0.65,-0.024806320045884456
406,4.060060398,right_ankle_roll_joint,-0.11653553558618823,-0.1,0.016535535586188227
406,4.060060398,left_hip_yaw_joint,0.054378337140236224,0.0,-0.054378337140236224
406,4.060060398,left_hip_roll_joint,-0.07297581460981194,-0.1,-0.02702418539018807
406,4.060060398,left_hip_pitch_joint,0.8722358278964161,0.878,0.005764172103583931
406,4.060060398,left_knee_pitch_joint,-0.16719482408798095,-0.13,0.03719482408798094
406,4.060060398,left_ankle_pitch_joint,0.6478881650297993,0.65,0.002111834970200732
406,4.060060398,left_ankle_roll_joint,0.09949953947897326,0.1,0.0005004605210267438
407,4.070078110,right_hip_yaw_joint,-0.03981834163129638,0.0,0.03981834163129638
407,4.070078110,right_hip_roll_joint,0.07301440396375201,0.1,0.02698559603624799
407,4.070078110,right_hip_pitch_joint,-0.8737791236070309,-0.878,-0.004220876392969086
407,4.070078110,right_knee_pitch_joint,0.13127310047244184,0.13,-0.0012731004724418349
407,4.070078110,right_ankle_pitch_joint,-0.6251936800602612,-0.65,-0.024806319939738808
407,4.070078110,right_ankle_roll_joint,-0.11653553545381447,-0.1,0.016535535453814462
407,4.070078110,left_hip_yaw_joint,0.05437833711115785,0.0,-0.05437833711115785
407,4.070078110,left_hip_roll_joint,-0.07353683857243708,-0.1,-0.02646316142756293
407,4.070078110,left_hip_pitch_joint,0.8741199631476823,0.878,0.0038800368523177475
407,4.070078110,left_knee_pitch_joint,-0.16719482403052763,-0.13,0.03719482403052762
407,4.070078110,left_ankle_pitch_joint,0.6478881650306635,0.65,0.0021118349693365346
407,4.070078110,left_ankle_roll_joint,0.09949953950196962,0.1,0.0005004604980303889
408,4.080046690,right_hip_yaw_joint,-0.039818341607810274,0.0,0.039818341607810274
408,4.080046690,right_hip_roll_joint,0.0733984473601443,0.1,0.02660155263985571
408,4.080046690,right_hip_pitch_joint,-0.8753503397871032,-0.878,-0.0026496602128968094
408,4.080046690,right_knee_pitch_joint,0.1312731004745141,0.13,-0.001273100474514094
408,4.080046690,right_ankle_pitch_joint,-0.6251936801580867,-0.65,-0.024806319841913282
408,4.080046690,right_ankle_roll_joint,-0.11653553532874374,-0.1,0.01653553532874373
408,4.080046690,left_hip_yaw_joint,0.05437833709286038,0.0,-0.05437833709286038
408,4.080046690,left_hip_roll_joint,-0.07342843957864638,-0.1,-0.026571560421353627
408,4.080046690,left_hip_pitch_joint,0.8728076585416991,0.878,0.005192341458300942
408,4.080046690,left_knee_pitch_joint,-0.16719482396957622,-0.13,0.03719482396957621
408,4.080046690,left_ankle_pitch_joint,0.6478881650349312,0.65,0.0021118349650688373
408,4.080046690,left_ankle_roll_joint,0.09949953951865223,0.1,0.0005004604813477753
409,4.090075919,right_hip_yaw_joint,-0.039818341595255685,0.0,0.039818341595255685
409,4.090075919,right_hip_roll_joint,0.07231763280123547,0.1,0.027682367198764532
409,4.090075919,right_hip_pitch_joint,-0.8747205356178577,-0.878,-0.0032794643821423275
409,4.090075919,right_knee_pitch_joint,0.13127310046901614,0.13,-0.0012731004690161307
409,4.090075919,right_ankle_pitch_joint,-0.6251936802612682,-0.65,-0.02480631973873182
409,4.090075919,right_ankle_roll_joint,-0.11653553519735722,-0.1,0.016535535197357218
409,4.090075919,left_hip_yaw_joint,0.05437833707576953,0.0,-0.05437833707576953
409,4.090075919,left_hip_roll_joint,-0.07252570000470705,-0.1,-0.027474299995292953
409,4.090075919,left_hip_pitch_joint,0.8735588090563595,0.878,0.004441190943640483
409,4.090075919,left_knee_pitch_joint,-0.167194823899866,-0.13,0.037194823899866
409,4.090075919,left_ankle_pitch_joint,0.6478881650444329,0.65,0.0021118349555671045
409,4.090075919,left_ankle_roll_joint,0.0994995395350141,0.1,0.0005004604649859051
410,4.100090719,right_hip_yaw_joint,-0.04075891654023126,0.0,0.04075891654023126
410,4.100090719,right_hip_roll_joint,0.07191859164909928,0.1,0.028081408350900727
410,4.100090719,right_hip_pitch_joint,-0.8740253401877951,-0.878,-0.003974659812204906
410,4.100090719,right_knee_pitch_joint,0.13127310045276028,0.13,-0.001273100452760273
410,4.100090719,right_ankle_pitch_joint,-0.6251936803714148,-0.65,-0.02480631962858526
410,4.100090719,right_ankle_roll_joint,-0.11653553506488948,-0.1,0.016535535064889473
410,4.100090719,left_hip_yaw_joint,0.054378337046836915,0.0,-0.054378337046836915
410,4.100090719,left_hip_roll_joint,-0.07234440014607801,-0.1,-0.02765559985392199
410,4.100090719,left_hip_pitch_joint,0.8742622219863204,0.878,0.0037377780136795824
410,4.100090719,left_knee_pitch_joint,-0.16719482384885945,-0.13,0.03719482384885944
410,4.100090719,left_ankle_pitch_joint,0.6478881650415921,0.65,0.0021118349584079432
410,4.100090719,left_ankle_roll_joint,0.09949953955911572,0.1,0.0005004604408842817
411,4.110077132,right_hip_yaw_joint,-0.04075891651628241,0.0,0.04075891651628241
411,4.110077132,right_hip_roll_joint,0.07163773682043612,0.1,0.02836226317956389
411,4.110077132,right_hip_pitch_joint,-0.8745643127064076,-0.878,-0.0034356872935924487
411,4.110077132,right_knee_pitch_joint,0.13127310045945131,0.13,-0.0012731004594513096
411,4.110077132,right_ankle_pitch_joint,-0.625193680466911,-0.65,-0.024806319533088983
411,4.110077132,right_ankle_roll_joint,-0.11653553494128491,-0.1,0.016535534941284902
411,4.110077132,left_hip_yaw_joint,0.054378337026882634,0.0,-0.054378337026882634
411,4.110077132,left_hip_roll_joint,-0.07195850253709488,-0.1,-0.02804149746290513
411,4.110077132,left_hip_pitch_joint,0.8735950424660284,0.878,0.004404957533971632
411,4.110077132,left_knee_pitch_joint,-0.16719482378745182,-0.13,0.037194823787451814
411,4.110077132,left_ankle_pitch_joint,0.6478881650459805,0.65,0.0021118349540195647
411,4.110077132,left_ankle_roll_joint,0.09949953957828592,0.1,0.0005004604217140884
412,4.120086467,right_hip_yaw_joint,-0.040758916500644345,0.0,0.040758916500644345
412,4.120086467,right_hip_roll_joint,0.07115198182784681,0.1,0.028848018172153198
412,4.120086467,right_hip_pitch_joint,-0.8754077749069913,-0.878,-0.0025922250930087154
412,4.120086467,right_knee_pitch_joint,0.13127310044581456,0.13,-0.0012731004458145512
412,4.120086467,right_ankle_pitch_joint,-0.6251936805748552,-0.65,-0.024806319425144774
412,4.120086467,right_ankle_roll_joint,-0.11653553481093393,-0.1,0.016535534810933922
412,4.120086467,left_hip_yaw_joint,0.054828605552327374,0.0,-0.054828605552327374
412,4.120086467,left_hip_roll_joint,-0.07066872146938781,-0.1,-0.029331278530612195
412,4.120086467,left_hip_pitch_joint,0.8727365115365064,0.878,0.00526348846349356
412,4.120086467,left_knee_pitch_joint,-0.1671948237198193,-0.13,0.0371948237198193
412,4.120086467,left_ankle_pitch_joint,0.6478881650547921,0.65,0.0021118349452079466
412,4.120086467,left_ankle_roll_joint,0.09949953959429925,0.1,0.0005004604057007589
413,4.130078107,right_hip_yaw_joint,-0.040758916475723765,0.0,0.040758916475723765
413,4.130078107,right_hip_roll_joint,0.07319892892496865,0.1,0.026801071075031352
413,4.130078107,right_hip_pitch_joint,-0.8755324877403792,-0.878,-0.00246751225962083
413,4.130078107,right_knee_pitch_joint,0.13127310045227908,0.13,-0.0012731004522790745
413,4.130078107,right_ankle_pitch_joint,-0.6251936806702801,-0.65,-0.024806319329719884
413,4.130078107,right_ankle_roll_joint,-0.11653553468515535,-0.1,0.01653553468515534
413,4.130078107,left_hip_yaw_joint,0.05482860552223645,0.0,-0.05482860552223645
413,4.130078107,left_hip_roll_joint,-0.07275886804017793,-0.1,-0.02724113195982207
413,4.130078107,left_hip_pitch_joint,0.8726529737015507,0.878,0.005347026298449298
413,4.130078107,left_knee_pitch_joint,-0.16719482367074273,-0.13,0.03719482367074273
413,4.130078107,left_ankle_pitch_joint,0.6478881650505673,0.65,0.0021118349494326782
413,4.130078107,left_ankle_roll_joint,0.09949953961709318,0.1,0.0005004603829068255
414,4.140064017,right_hip_yaw_joint,-0.041449675174025896,0.0,0.041449675174025896
414,4.140064017,right_hip_roll_joint,0.07245685435797916,0.1,0.027543145642020844
414,4.140064017,right_hip_pitch_joint,-0.8744962025757727,-0.878,-0.0035037974242273506
414,4.140064017,right_knee_pitch_joint,0.13127310044007443,0.13,-0.0012731004400744206
414,4.140064017,right_ankle_pitch_joint,-0.6251936807781981,-0.65,-0.024806319221801876
414,4.140064017,right_ankle_roll_joint,-0.11653553455219186,-0.1,0.016535534552191852
414,4.140064017,left_hip_yaw_joint,0.05520941962342827,0.0,-0.05520941962342827
414,4.140064017,left_hip_roll_joint,-0.07301180412058243,-0.1,-0.026988195879417573
414,4.140064017,left_hip_pitch_joint,0.874351125246327,0.878,0.003648874753673037
414,4.140064017,left_knee_pitch_joint,-0.16719482359136928,-0.13,0.037194823591369275
414,4.140064017,left_ankle_pitch_joint,0.647888165066518,0.65,0.002111834933481993
414,4.140064017,left_ankle_roll_joint,0.09949953963122443,0.1,0.0005004603687755738
415,4.150064952,right_hip_yaw_joint,-0.0414496751495937,0.0,0.0414496751495937
415,4.150064952,right_hip_roll_joint,0.07252958936265577,0.1,0.027470410637344234
415,4.150064952,right_hip_pitch_joint,-0.8766083668592493,-0.878,-0.0013916331407507476
415,4.150064952,right_knee_pitch_joint,0.13127310043811724,0.13,-0.0012731004381172362
415,4.150064952,right_ankle_pitch_joint,-0.6251936808786814,-0.65,-0.024806319121318587
415,4.150064952,right_ankle_roll_joint,-0.11653553442756669,-0.1,0.01653553442756668
415,4.150064952,left_hip_yaw_joint,0.05520941960564105,0.0,-0.05520941960564105
415,4.150064952,left_hip_roll_joint,-0.07149421498612202,-0.1,-0.028505785013877988
415,4.150064952,left_hip_pitch_joint,0.8711718278069058,0.878,0.006828172193094173
415,4.150064952,left_knee_pitch_joint,-0.16719482354121945,-0.13,0.037194823541219446
415,4.150064952,left_ankle_pitch_joint,0.6478881650646046,0.65,0.0021118349353954624
415,4.150064952,left_ankle_roll_joint,0.09949953964937513,0.1,0.0005004603506248706
416,4.160068317,right_hip_yaw_joint,-0.04171070023051505,0.0,0.04171070023051505
416,4.160068317,right_hip_roll_joint,0.07154389918744489,0.1,0.02845610081255512
416,4.160068317,right_hip_pitch_joint,-0.8754492922997046,-0.878,-0.002550707700295418
416,4.160068317,right_knee_pitch_joint,0.131273100427289,0.13,-0.001273100427289009
416,4.160068317,right_ankle_pitch_joint,-0.6251936809651507,-0.65,-0.02480631903484931
416,4.160068317,right_ankle_roll_joint,-0.11653553432106709,-0.1,0.01653553432106708
416,4.160068317,left_hip_yaw_joint,0.05520941958246987,0.0,-0.05520941958246987
416,4.160068317,left_hip_roll_joint,-0.07111522347275616,-0.1,-0.028884776527243847
416,4.160068317,left_hip_pitch_joint,0.8727634097569064,0.878,0.005236590243093642
416,4.160068317,left_knee_pitch_joint,-0.16719482349644585,-0.13,0.037194823496445845
416,4.160068317,left_ankle_pitch_joint,0.6478881650645244,0.65,0.0021118349354756205
416,4.160068317,left_ankle_roll_joint,0.09949953966892112,0.1,0.0005004603310788808
417,4.170069261,right_hip_yaw_joint,-0.0417107002162698,0.0,0.0417107002162698
417,4.170069261,right_hip_roll_joint,0.07058356204017326,0.1,0.02941643795982675
417,4.170069261,right_hip_pitch_joint,-0.8754828422270221,-0.878,-0.002517157772977896
417,4.170069261,right_knee_pitch_joint,0.13127310041811677,0.13,-0.0012731004181167627
417,4.170069261,right_ankle_pitch_joint,-0.6251936810704132,-0.65,-0.024806318929586846
417,4.170069261,right_ankle_roll_joint,-0.11653553419051721,-0.1,0.016535534190517204
417,4.170069261,left_hip_yaw_joint,0.05520941956452994,0.0,-0.05520941956452994
417,4.170069261,left_hip_roll_joint,-0.07000774578799407,-0.1,-0.029992254212005937
417,4.170069261,left_hip_pitch_joint,0.8728747252260969,0.878,0.005125274773903121
417,4.170069261,left_knee_pitch_joint,-0.1671948234300777,-0.13,0.037194823430077684
417,4.170069261,left_ankle_pitch_joint,0.647888165072321,0.65,0.0021118349276789683
417,4.170069261,left_ankle_roll_joint,0.09949953968629623,0.1,0.0005004603137037794
418,4.180065992,right_hip_yaw_joint,-0.0427521062455334,0.0,0.0427521062455334
418,4.180065992,right_hip_roll_joint,0.07130635120051902,0.1,0.028693648799480984
418,4.180065992,right_hip_pitch_joint,-0.8742720266164468,-0.878,-0.0037279733835532403
418,4.180065992,right_knee_pitch_joint,0.13127310040571344,0.13,-0.0012731004057134343
418,4.180065992,right_ankle_pitch_joint,-0.6251936811776272,-0.65,-0.02480631882237283
418,4.180065992,right_ankle_roll_joint,-0.11653553405697252,-0.1,0.016535534056972515
418,4.180065992,left_hip_yaw_joint,0.05520941953459503,0.0,-0.05520941953459503
418,4.180065992,left_hip_roll_joint,-0.07133305128735233,-0.1,-0.028666948712647675
418,4.180065992,left_hip_pitch_joint,0.8740047280730969,0.878,0.003995271926903077
418,4.180065992,left_knee_pitch_joint,-0.1671948233776735,-0.13,0.03719482337767349
418,4.180065992,left_ankle_pitch_joint,0.6478881650696412,0.65,0.0021118349303588246
418,4.180065992,left_ankle_roll_joint,0.09949953970905534,0.1,0.0005004602909446654
419,4.190065216,right_hip_yaw_joint,-0.042752106216796634,0.0,0.042752106216796634
419,4.190065216,right_hip_roll_joint,0.07174300996788648,0.1,0.02825699003211353
419,4.190065216,right_hip_pitch_joint,-0.8725361911222276,-0.878,-0.005463808877772425
419,4.190065216,right_knee_pitch_joint,0.13127310042527596,0.13,-0.0012731004252759526
419,4.190065216,right_ankle_pitch_joint,-0.6251936812658204,-0.65,-0.0248063187341796
419,4.190065216,right_ankle_roll_joint,-0.11653553393317449,-0.1,0.016535533933174487
419,4.190065216,left_hip_yaw_joint,0.05520941950508111,0.0,-0.05520941950508111
419,4.190065216,left_hip_roll_joint,-0.07292848689993024,-0.1,-0.027071513100069763
419,4.190065216,left_hip_pitch_joint,0.8757537374686051,0.878,0.002246262531394927
419,4.190065216,left_knee_pitch_joint,-0.16719482331416052,-0.13,0.03719482331416052
419,4.190065216,left_ankle_pitch_joint,0.647888165074733,0.65,0.0021118349252670088
419,4.190065216,left_ankle_roll_joint,0.09949953973205906,0.1,0.0005004602679409415
420,4.200072522,right_hip_yaw_joint,-0.04383015564868105,0.0,0.04383015564868105
420,4.200072522,right_hip_roll_joint,0.06999819340149192,0.1,0.030001806598508082
420,4.200072522,right_hip_pitch_joint,-0.8720246879821432,-0.878,-0.0059753120178568375
420,4.200072522,right_knee_pitch_joint,0.1312731004120578,0.13,-0.0012731004120578038
420,4.200072522,right_ankle_pitch_joint,-0.625193681374064,-0.65,-0.024806318625936075
420,4.200072522,right_ankle_roll_joint,-0.11653553380210484,-0.1,0.016535533802104832
420,4.200072522,left_hip_yaw_joint,0.05520941948471643,0.0,-0.05520941948471643
420,4.200072522,left_hip_roll_joint,-0.07192482887421832,-0.1,-0.028075171125781687
420,4.200072522,left_hip_pitch_joint,0.8764102294082107,0.878,0.0015897705917893301
420,4.200072522,left_knee_pitch_joint,-0.16719482324532242,-0.13,0.03719482324532242
420,4.200072522,left_ankle_pitch_joint,0.6478881650837106,0.65,0.0021118349162894123
420,4.200072522,left_ankle_roll_joint,0.09949953975064257,0.1,0.0005004602493574317
421,4.210067258,right_hip_yaw_joint,-0.043830155621580186,0.0,0.043830155621580186
421,4.210067258,right_hip_roll_joint,0.07245993869632972,0.1,0.027540061303670288
421,4.210067258,right_hip_pitch_joint,-0.87379491693033,-0.878,-0.004205083069670046
421,4.210067258,right_knee_pitch_joint,0.13127310041572854,0.13,-0.0012731004157285342
421,4.210067258,right_ankle_pitch_joint,-0.6251936814709612,-0.65,-0.024806318529038807
421,4.210067258,right_ankle_roll_joint,-0.11653553367484681,-0.1,0.01653553367484681
421,4.210067258,left_hip_yaw_joint,0.0569461658809521,0.0,-0.0569461658809521
421,4.210067258,left_hip_roll_joint,-0.07352590290667091,-0.1,-0.026474097093329096
421,4.210067258,left_hip_pitch_joint,0.8742618658385679,0.878,0.003738134161432094
421,4.210067258,left_knee_pitch_joint,-0.16719482317508666,-0.13,0.037194823175086655
421,4.210067258,left_ankle_pitch_joint,0.6478881650950435,0.65,0.0021118349049564777
421,4.210067258,left_ankle_roll_joint,0.0994995397638745,0.1,0.0005004602361255023
422,4.220073476,right_hip_yaw_joint,-0.04854254458346371,0.0,0.04854254458346371
422,4.220073476,right_hip_roll_joint,0.07517294208808863,0.1,0.02482705791191138
422,4.220073476,right_hip_pitch_joint,-0.8729534805069478,-0.878,-0.005046519493052237
422,4.220073476,right_knee_pitch_joint,0.1265607113878551,0.13,0.003439288612144903
422,4.220073476,right_ankle_pitch_joint,-0.6204812924757283,-0.65,-0.02951870752427177
422,4.220073476,right_ankle_roll_joint,-0.12124792274196826,-0.1,0.021247922741968253
422,4.220073476,left_hip_yaw_joint,0.052233776862921924,0.0,-0.052233776862921924
422,4.220073476,left_hip_roll_joint,-0.07375052612976463,-0.1,-0.02624947387023538
422,4.220073476,left_hip_pitch_joint,0.8747447375353269,0.878,0.0032552624646731143
422,4.220073476,left_knee_pitch_joint,-0.17190721215842025,-0.13,0.04190721215842025
422,4.220073476,left_ankle_pitch_joint,0.6526005541755547,0.65,-0.0026005541755547146
422,4.220073476,left_ankle_roll_joint,0.09478715060676232,0.1,0.005212849393237684
423,4.230083419,right_hip_yaw_joint,-0.04966063229088467,0.0,0.04966063229088467
423,4.230083419,right_hip_roll_joint,0.07345718307798671,0.1,0.026542816922013296
423,4.230083419,right_hip_pitch_joint,-0.8719644558530181,-0.878,-0.00603554414698193
423,4.230083419,right_knee_pitch_joint,0.126560711376895,0.13,0.003439288623104997
423,4.230083419,right_ankle_pitch_joint,-0.6204812925823698,-0.65,-0.029518707417630186
423,4.230083419,right_ankle_roll_joint,-0.12124792260971232,-0.1,0.02124792260971231
423,4.230083419,left_hip_yaw_joint,0.052233776841567735,0.0,-0.052233776841567735
423,4.230083419,left_hip_roll_joint,-0.0725874111808177,-0.1,-0.027412588819182307
423,4.230083419,left_hip_pitch_joint,0.8759540196211609,0.878,0.002045980378839074
423,4.230083419,left_knee_pitch_joint,-0.17190721209070853,-0.13,0.04190721209070852
423,4.230083419,left_ankle_pitch_joint,0.6526005541837038,0.65,-0.0026005541837037516
423,4.230083419,left_ankle_roll_joint,0.09478715062530083,0.1,0.00521284937469918
424,4.240079416,right_hip_yaw_joint,-0.04966063226323786,0.0,0.04966063226323786
424,4.240079416,right_hip_roll_joint,0.07536725558929877,0.1,0.024632744410701235
424,4.240079416,right_hip_pitch_joint,-0.8734202985171002,-0.878,-0.004579701482899767
424,4.240079416,right_knee_pitch_joint,0.12656071137866684,0.13,0.003439288621333164
424,4.240079416,right_ankle_pitch_joint,-0.6204812926807425,-0.65,-0.029518707319257542
424,4.240079416,right_ankle_roll_joint,-0.12124792248245063,-0.1,0.021247922482450624
424,4.240079416,left_hip_yaw_joint,0.05310010852532655,0.0,-0.05310010852532655
424,4.240079416,left_hip_roll_joint,-0.07345553104931961,-0.1,-0.026544468950680397
424,4.240079416,left_hip_pitch_joint,0.8741596775985887,0.878,0.0038403224014113
424,4.240079416,left_knee_pitch_joint,-0.17190721202468257,-0.13,0.04190721202468256
424,4.240079416,left_ankle_pitch_joint,0.6526005541922073,0.65,-0.002600554192207283
424,4.240079416,left_ankle_roll_joint,0.09478715063871627,0.1,0.005212849361283731
425,4.250073550,right_hip_yaw_joint,-0.05046868596885123,0.0,0.05046868596885123
425,4.250073550,right_hip_roll_joint,0.07444742914590513,0.1,0.025552570854094875
425,4.250073550,right_hip_pitch_joint,-0.872265442784462,-0.878,-0.00573455721553795
425,4.250073550,right_knee_pitch_joint,0.1265607113651712,0.13,0.003439288634828813
425,4.250073550,right_ankle_pitch_joint,-0.6204812927890602,-0.65,-0.029518707210939854
425,4.250073550,right_ankle_roll_joint,-0.12124792235081566,-0.1,0.021247922350815657
425,4.250073550,left_hip_yaw_joint,0.05310010849453977,0.0,-0.05310010849453977
425,4.250073550,left_hip_roll_joint,-0.07309921333615588,-0.1,-0.02690078666384413
425,4.250073550,left_hip_pitch_joint,0.875698591609253,0.878,0.002301408390746995
425,4.250073550,left_knee_pitch_joint,-0.17190721197099093,-0.13,0.041907211970990926
425,4.250073550,left_ankle_pitch_joint,0.6526005541905668,0.65,-0.0026005541905668172
425,4.250073550,left_ankle_roll_joint,0.09478715066304128,0.1,0.00521284933695873
426,4.260064355,right_hip_yaw_joint,-0.04670348266269793,0.0,0.04670348266269793
426,4.260064355,right_hip_roll_joint,0.07360727477779283,0.1,0.026392725222207175
426,4.260064355,right_hip_pitch_joint,-0.8726330675845028,-0.878,-0.005366932415497239
426,4.260064355,right_knee_pitch_joint,0.1312731003768336,0.13,-0.0012731003768335913
426,4.260064355,right_ankle_pitch_joint,-0.6251936819746975,-0.65,-0.02480631802530253
426,4.260064355,right_ankle_roll_joint,-0.11653553305115243,-0.1,0.01653553305115242
426,4.260064355,left_hip_yaw_joint,0.05781249745584563,0.0,-0.05781249745584563
426,4.260064355,left_hip_roll_joint,-0.0750985833326325,-0.1,-0.024901416667367504
426,4.260064355,left_hip_pitch_joint,0.8753083821418359,0.878,0.002691617858164075
426,4.260064355,left_knee_pitch_joint,-0.16719482289931492,-0.13,0.03719482289931492
426,4.260064355,left_ankle_pitch_joint,0.6478881651026144,0.65,0.002111834897385645
426,4.260064355,left_ankle_roll_joint,0.09949953986135712,0.1,0.0005004601386428831
427,4.270069763,right_hip_yaw_joint,-0.05141587162250883,0.0,0.05141587162250883
427,4.270069763,right_hip_roll_joint,0.0741907215847424,0.1,0.02580927841525761
427,4.270069763,right_hip_pitch_joint,-0.8710678938441786,-0.878,-0.006932106155821405
427,4.270069763,right_knee_pitch_joint,0.12656071136364153,0.13,0.0034392886363584785
427,4.270069763,right_ankle_pitch_joint,-0.6204812929897504,-0.65,-0.029518707010249612
427,4.270069763,right_ankle_roll_joint,-0.121247922093786,-0.1,0.021247922093785995
427,4.270069763,left_hip_yaw_joint,0.05310010844077628,0.0,-0.05310010844077628
427,4.270069763,left_hip_roll_joint,-0.07393832072984313,-0.1,-0.026061679270156873
427,4.270069763,left_hip_pitch_joint,0.8768839735594243,0.878,0.0011160264405757347
427,4.270069763,left_knee_pitch_joint,-0.1719072118508273,-0.13,0.0419072118508273
427,4.270069763,left_ankle_pitch_joint,0.652600554196714,0.65,-0.002600554196714011
427,4.270069763,left_ankle_roll_joint,0.0947871507036166,0.1,0.0052128492963834094
428,4.280056658,right_hip_yaw_joint,-0.05141587160665719,0.0,0.05141587160665719
428,4.280056658,right_hip_roll_joint,0.07427210015591156,0.1,0.02572789984408845
428,4.280056658,right_hip_pitch_joint,-0.8729078442288196,-0.878,-0.005092155771180384
428,4.280056658,right_knee_pitch_joint,0.12656071134285762,0.13,0.003439288657142381
428,4.280056658,right_ankle_pitch_joint,-0.6204812931016777,-0.65,-0.029518706898322367
428,4.280056658,right_ankle_roll_joint,-0.12124792195996353,-0.1,0.02124792195996353
428,4.280056658,left_hip_yaw_joint,0.05428327837852176,0.0,-0.05428327837852176
428,4.280056658,left_hip_roll_joint,-0.07280251949296483,-0.1,-0.027197480507035174
428,4.280056658,left_hip_pitch_joint,0.8752135859337739,0.878,0.0027864140662261505
428,4.280056658,left_knee_pitch_joint,-0.17190721178568114,-0.13,0.04190721178568113
428,4.280056658,left_ankle_pitch_joint,0.652600554204575,0.65,-0.0026005542045749452
428,4.280056658,left_ankle_roll_joint,0.09478715071870351,0.1,0.005212849281296492
429,4.290075179,right_hip_yaw_joint,-0.051415871578249055,0.0,0.051415871578249055
429,4.290075179,right_hip_roll_joint,0.07488058728303236,0.1,0.025119412716967646
429,4.290075179,right_hip_pitch_joint,-0.872258082963367,-0.878,-0.00574191703663296
429,4.290075179,right_knee_pitch_joint,0.12656071135531308,0.13,0.0034392886446869275
429,4.290075179,right_ankle_pitch_joint,-0.6204812931936917,-0.65,-0.029518706806308304
429,4.290075179,right_ankle_roll_joint,-0.12124792183593204,-0.1,0.021247921835932035
429,4.290075179,left_hip_yaw_joint,0.054283278346477656,0.0,-0.054283278346477656
429,4.290075179,left_hip_roll_joint,-0.07377755192472,-0.1,-0.02622244807528
429,4.290075179,left_hip_pitch_joint,0.876038816581965,0.878,0.001961183418034973
429,4.290075179,left_knee_pitch_joint,-0.1719072117314294,-0.13,0.04190721173142939
429,4.290075179,left_ankle_pitch_joint,0.6526005542035437,0.65,-0.002600554203543659
429,4.290075179,left_ankle_roll_joint,0.09478715074245742,0.1,0.00521284925754259
430,4.300060578,right_hip_yaw_joint,-0.0525431737013571,0.0,0.0525431737013571
430,4.300060578,right_hip_roll_joint,0.07356150565970636,0.1,0.026438494340293647
430,4.300060578,right_hip_pitch_joint,-0.8705353507725413,-0.878,-0.007464649227458708
430,4.300060578,right_knee_pitch_joint,0.1265607113501303,0.13,0.0034392886498696984
430,4.300060578,right_ankle_pitch_joint,-0.6204812932969994,-0.65,-0.029518706703000608
430,4.300060578,right_ankle_roll_joint,-0.12124792170239174,-0.1,0.02124792170239173
430,4.300060578,left_hip_yaw_joint,0.05511868710812677,0.0,-0.05511868710812677
430,4.300060578,left_hip_roll_joint,-0.07368125729404497,-0.1,-0.026318742705955037
430,4.300060578,left_hip_pitch_joint,0.8776993021339717,0.878,0.00030069786602826554
430,4.300060578,left_knee_pitch_joint,-0.17190721164842515,-0.13,0.04190721164842515
430,4.300060578,left_ankle_pitch_joint,0.6526005542219944,0.65,-0.0026005542219943445
430,4.300060578,left_ankle_roll_joint,0.09478715075607834,0.1,0.005212849243921666
431,4.310015437,right_hip_yaw_joint,-0.05254317368509702,0.0,0.05254317368509702
431,4.310015437,right_hip_roll_joint,0.0731725438620631,0.1,0.02682745613793691
431,4.310015437,right_hip_pitch_joint,-0.8718276338574344,-0.878,-0.006172366142565555
431,4.310015437,right_knee_pitch_joint,0.1265607113302265,0.13,0.0034392886697734992
431,4.310015437,right_ankle_pitch_joint,-0.6204812934082768,-0.65,-0.029518706591723176
431,4.310015437,right_ankle_roll_joint,-0.12124792157085161,-0.1,0.021247921570851605
431,4.310015437,left_hip_yaw_joint,0.055118687073568456,0.0,-0.055118687073568456
431,4.310015437,left_hip_roll_joint,-0.07281524602051928,-0.1,-0.027184753979480725
431,4.310015437,left_hip_pitch_joint,0.8767141432427706,0.878,0.0012858567572293644
431,4.310015437,left_knee_pitch_joint,-0.17190721160696104,-0.13,0.04190721160696104
431,4.310015437,left_ankle_pitch_joint,0.6526005542129215,0.65,-0.002600554212921491
431,4.310015437,left_ankle_roll_joint,0.09478715078063282,0.1,0.005212849219367183
432,4.320062585,right_hip_yaw_joint,-0.05254317365701848,0.0,0.05254317365701848
432,4.320062585,right_hip_roll_joint,0.07249655080321944,0.1,0.027503449196780563
432,4.320062585,right_hip_pitch_joint,-0.8724950994422229,-0.878,-0.0055049005577770815
432,4.320062585,right_knee_pitch_joint,0.12656071133601618,0.13,0.003439288663983825
432,4.320062585,right_ankle_pitch_joint,-0.6204812935043645,-0.65,-0.029518706495635483
432,4.320062585,right_ankle_roll_joint,-0.12124792144755368,-0.1,0.021247921447553678
432,4.320062585,left_hip_yaw_joint,0.05511868705215759,0.0,-0.05511868705215759
432,4.320062585,left_hip_roll_joint,-0.07176101799312416,-0.1,-0.028238982006875843
432,4.320062585,left_hip_pitch_joint,0.8758958787679728,0.878,0.0021041212320271896
432,4.320062585,left_knee_pitch_joint,-0.17190721154339217,-0.13,0.041907211543392164
432,4.320062585,left_ankle_pitch_joint,0.6526005542190687,0.65,-0.0026005542190686848
432,4.320062585,left_ankle_roll_joint,0.09478715079928576,0.1,0.005212849200714242
433,4.330067774,right_hip_yaw_joint,-0.053413612373537527,0.0,0.053413612373537527
433,4.330067774,right_hip_roll_joint,0.07130254257215418,0.1,0.028697457427845824
433,4.330067774,right_hip_pitch_joint,-0.871586422175987,-0.878,-0.006413577824012973
433,4.330067774,right_knee_pitch_joint,0.12656071132396743,0.13,0.003439288676032576
433,4.330067774,right_ankle_pitch_joint,-0.6204812936115873,-0.65,-0.029518706388412697
433,4.330067774,right_ankle_roll_joint,-0.12124792131519167,-0.1,0.021247921315191667
433,4.330067774,left_hip_yaw_joint,0.05511868702790427,0.0,-0.05511868702790427
433,4.330067774,left_hip_roll_joint,-0.0708639807801165,-0.1,-0.0291360192198835
433,4.330067774,left_hip_pitch_joint,0.8770756069271898,0.878,0.0009243930728102256
433,4.330067774,left_knee_pitch_joint,-0.17190721147722335,-0.13,0.041907211477223344
433,4.330067774,left_ankle_pitch_joint,0.6526005542260712,0.65,-0.0026005542260711945
433,4.330067774,left_ankle_roll_joint,0.09478715081851419,0.1,0.005212849181485818
434,4.340044479,right_hip_yaw_joint,-0.05341361234370431,0.0,0.05341361234370431
434,4.340044479,right_hip_roll_joint,0.07335661280508425,0.1,0.026643387194915755
434,4.340044479,right_hip_pitch_joint,-0.8714864795268508,-0.878,-0.006513520473149237
434,4.340044479,right_knee_pitch_joint,0.12656071133283975,0.13,0.0034392886671602563
434,4.340044479,right_ankle_pitch_joint,-0.6204812937058831,-0.65,-0.029518706294116903
434,4.340044479,right_ankle_roll_joint,-0.12124792118954146,-0.1,0.021247921189541455
434,4.340044479,left_hip_yaw_joint,0.05511868699484412,0.0,-0.05511868699484412
434,4.340044479,left_hip_roll_joint,-0.07298542263237145,-0.1,-0.02701457736762855
434,4.340044479,left_hip_pitch_joint,0.8768762822762857,0.878,0.0011237177237143348
434,4.340044479,left_knee_pitch_joint,-0.17190721142683812,-0.13,0.04190721142683812
434,4.340044479,left_ankle_pitch_joint,0.6526005542228943,0.65,-0.0026005542228942913
434,4.340044479,left_ankle_roll_joint,0.0947871508409841,0.1,0.005212849159015903
435,4.350079046,right_hip_yaw_joint,-0.05341361232351957,0.0,0.05341361232351957
435,4.350079046,right_hip_roll_joint,0.07218190222639123,0.1,0.027818097773608774
435,4.350079046,right_hip_pitch_joint,-0.8727977792559795,-0.878,-0.005202220744020547
435,4.350079046,right_knee_pitch_joint,0.1265607113165155,0.13,0.003439288683484504
435,4.350079046,right_ankle_pitch_joint,-0.6204812938154591,-0.65,-0.029518706184540888
435,4.350079046,right_ankle_roll_joint,-0.12124792105991992,-0.1,0.02124792105991992
435,4.350079046,left_hip_yaw_joint,0.056387086898055425,0.0,-0.056387086898055425
435,4.350079046,left_hip_roll_joint,-0.07112698000810003,-0.1,-0.02887301999189998
435,4.350079046,left_hip_pitch_joint,0.87550590828235,0.878,0.0024940917176500266
435,4.350079046,left_knee_pitch_joint,-0.17190721135843923,-0.13,0.04190721135843922
435,4.350079046,left_ankle_pitch_joint,0.6526005542328298,0.65,-0.002600554232829788
435,4.350079046,left_ankle_roll_joint,0.09478715085719099,0.1,0.00521284914280902
436,4.360059285,right_hip_yaw_joint,-0.053823429864786936,0.0,0.053823429864786936
436,4.360059285,right_hip_roll_joint,0.07345910940212992,0.1,0.026540890597870084
436,4.360059285,right_hip_pitch_joint,-0.8718081297188064,-0.878,-0.006191870281193612
436,4.360059285,right_knee_pitch_joint,0.12656071130367286,0.13,0.0034392886963271474
436,4.360059285,right_ankle_pitch_joint,-0.6204812939232458,-0.65,-0.02951870607675422
436,4.360059285,right_ankle_roll_joint,-0.12124792092462303,-0.1,0.02124792092462302
436,4.360059285,left_hip_yaw_joint,0.056387086864072886,0.0,-0.056387086864072886
436,4.360059285,left_hip_roll_joint,-0.07319198657402966,-0.1,-0.026808013425970348
436,4.360059285,left_hip_pitch_joint,0.8765056226650129,0.878,0.0014943773349871403
436,4.360059285,left_knee_pitch_joint,-0.17190721130571557,-0.13,0.041907211305715564
436,4.360059285,left_ankle_pitch_joint,0.6526005542308948,0.65,-0.0026005542308947804
436,4.360059285,left_ankle_roll_joint,0.09478715087830832,0.1,0.00521284912169169
437,4.370015307,right_hip_yaw_joint,-0.053823429836067534,0.0,0.053823429836067534
437,4.370015307,right_hip_roll_joint,0.07253094434814655,0.1,0.027469055651853452
437,4.370015307,right_hip_pitch_joint,-0.8727813731951679,-0.878,-0.005218626804832094
437,4.370015307,right_knee_pitch_joint,0.12656071130966312,0.13,0.0034392886903368836
437,4.370015307,right_ankle_pitch_joint,-0.6204812940189088,-0.65,-0.029518705981091187
437,4.370015307,right_ankle_roll_joint,-0.12124792080135978,-0.1,0.021247920801359774
437,4.370015307,left_hip_yaw_joint,0.057508403066303976,0.0,-0.057508403066303976
437,4.370015307,left_hip_roll_joint,-0.07196432891502999,-0.1,-0.028035671084970015
437,4.370015307,left_hip_pitch_joint,0.8754655858723341,0.878,0.0025344141276658627
437,4.370015307,left_knee_pitch_joint,-0.17190721123509073,-0.13,0.041907211235090724
437,4.370015307,left_ankle_pitch_joint,0.6526005542418236,0.65,-0.002600554241823594
437,4.370015307,left_ankle_roll_joint,0.09478715089409534,0.1,0.0052128491059046655
438,4.380087010,right_hip_yaw_joint,-0.05382342981554518,0.0,0.05382342981554518
438,4.380087010,right_hip_roll_joint,0.07276557907435277,0.1,0.027234420925647235
438,4.380087010,right_hip_pitch_joint,-0.8741054767507255,-0.878,-0.0038945232492745285
438,4.380087010,right_knee_pitch_joint,0.126560711293077,0.13,0.003439288706923005
438,4.380087010,right_ankle_pitch_joint,-0.620481294128574,-0.65,-0.02951870587142602
438,4.380087010,right_ankle_roll_joint,-0.121247920669791,-0.1,0.02124792066979099
438,4.380087010,left_hip_yaw_joint,0.05810915690064709,0.0,-0.05810915690064709
438,4.380087010,left_hip_roll_joint,-0.07116464667157366,-0.1,-0.02883535332842635
438,4.380087010,left_hip_pitch_joint,0.874161137768812,0.878,0.0038388622311880116
438,4.380087010,left_knee_pitch_joint,-0.17190721117085214,-0.13,0.04190721117085214
438,4.380087010,left_ankle_pitch_joint,0.6526005542488492,0.65,-0.002600554248849196
438,4.380087010,left_ankle_roll_joint,0.0947871509087786,0.1,0.005212849091221411
439,4.390089458,right_hip_yaw_joint,-0.05382342978641021,0.0,0.05382342978641021
439,4.390089458,right_hip_roll_joint,0.07296758016875945,0.1,0.02703241983124055
439,4.390089458,right_hip_pitch_joint,-0.8740037160814275,-0.878,-0.003996283918572541
439,4.390089458,right_knee_pitch_joint,0.12656071129942795,0.13,0.0034392887005720574
439,4.390089458,right_ankle_pitch_joint,-0.6204812942242244,-0.65,-0.029518705775775644
439,4.390089458,right_ankle_roll_joint,-0.12124792054642913,-0.1,0.021247920546429128
439,4.390089458,left_hip_yaw_joint,0.05810915686681886,0.0,-0.05810915686681886
439,4.390089458,left_hip_roll_joint,-0.07136699065973058,-0.1,-0.028633009340269425
439,4.390089458,left_hip_pitch_joint,0.8743339053578607,0.878,0.003666094642139295
439,4.390089458,left_knee_pitch_joint,-0.1719072111212619,-0.13,0.04190721112126189
439,4.390089458,left_ankle_pitch_joint,0.6526005542449826,0.65,-0.0026005542449826224
439,4.390089458,left_ankle_roll_joint,0.0947871509341205,0.1,0.005212849065879502
440,4.400080431,right_hip_yaw_joint,-0.05482863194638044,0.0,0.05482863194638044
440,4.400080431,right_hip_roll_joint,0.07357417788427957,0.1,0.026425822115720435
440,4.400080431,right_hip_pitch_joint,-0.8713344892412523,-0.878,-0.006665510758747661
440,4.400080431,right_knee_pitch_joint,0.12656071129245863,0.13,0.0034392887075413714
440,4.400080431,right_ankle_pitch_joint,-0.6204812943293375,-0.65,-0.029518705670662504
440,4.400080431,right_ankle_roll_joint,-0.12124792041356944,-0.1,0.021247920413569432
440,4.400080431,left_hip_yaw_joint,0.05810915683215151,0.0,-0.05810915683215151
440,4.400080431,left_hip_roll_joint,-0.07342368955074487,-0.1,-0.02657631044925514
440,4.400080431,left_hip_pitch_joint,0.8768645702338111,0.878,0.0011354297661888557
440,4.400080431,left_knee_pitch_joint,-0.17190721106059081,-0.13,0.04190721106059081
440,4.400080431,left_ankle_pitch_joint,0.6526005542478092,0.65,-0.0026005542478091392
440,4.400080431,left_ankle_roll_joint,0.09478715095533259,0.1,0.005212849044667414
441,4.410060239,right_hip_yaw_joint,-0.05482863191683142,0.0,0.05482863191683142
441,4.410060239,right_hip_roll_joint,0.07383505604018471,0.1,0.026164943959815293
441,4.410060239,right_hip_pitch_joint,-0.8736002338705376,-0.878,-0.004399766129462357
441,4.410060239,right_knee_pitch_joint,0.12656071128977345,0.13,0.003439288710226557
441,4.410060239,right_ankle_pitch_joint,-0.6204812944300986,-0.65,-0.029518705569901438
441,4.410060239,right_ankle_roll_joint,-0.12124792028837582,-0.1,0.021247920288375813
441,4.410060239,left_hip_yaw_joint,0.05952943242784668,0.0,-0.05952943242784668
441,4.410060239,left_hip_roll_joint,-0.07265504336783142,-0.1,-0.027344956632168585
441,4.410060239,left_hip_pitch_joint,0.8743843006266128,0.878,0.003615699373387238
441,4.410060239,left_knee_pitch_joint,-0.1719072109975251,-0.13,0.04190721099752509
441,4.410060239,left_ankle_pitch_joint,0.6526005542543203,0.65,-0.002600554254320264
441,4.410060239,left_ankle_roll_joint,0.09478715097024559,0.1,0.005212849029754413
442,4.420064569,right_hip_yaw_joint,-0.05482863189817025,0.0,0.05482863189817025
442,4.420064569,right_hip_roll_joint,0.07356962882465817,0.1,0.026430371175341832
442,4.420064569,right_hip_pitch_joint,-0.8720386807064612,-0.878,-0.005961319293538825
442,4.420064569,right_knee_pitch_joint,0.12656071128647045,0.13,0.0034392887135295536
442,4.420064569,right_ankle_pitch_joint,-0.6204812945318945,-0.65,-0.029518705468105533
442,4.420064569,right_ankle_roll_joint,-0.12124792015685275,-0.1,0.021247920156852743
442,4.420064569,left_hip_yaw_joint,0.05952943239318004,0.0,-0.05952943239318004
442,4.420064569,left_hip_roll_joint,-0.07318250860813351,-0.1,-0.026817491391866496
442,4.420064569,left_hip_pitch_joint,0.8763792895523105,0.878,0.0016207104476895218
442,4.420064569,left_knee_pitch_joint,-0.1719072109394971,-0.13,0.04190721093949709
442,4.420064569,left_ankle_pitch_joint,0.6526005542553749,0.65,-0.002600554255374865
442,4.420064569,left_ankle_roll_joint,0.09478715099336506,0.1,0.005212849006634948
443,4.430083408,right_hip_yaw_joint,-0.054828631879321174,0.0,0.054828631879321174
443,4.430083408,right_hip_roll_joint,0.07188069228053118,0.1,0.028119307719468828
443,4.430083408,right_hip_pitch_joint,-0.872600219051359,-0.878,-0.00539978094864102
443,4.430083408,right_knee_pitch_joint,0.12656071127561605,0.13,0.0034392887243839543
443,4.430083408,right_ankle_pitch_joint,-0.6204812946380942,-0.65,-0.029518705361905817
443,4.430083408,right_ankle_roll_joint,-0.12124792002702883,-0.1,0.021247920027028827
443,4.430083408,left_hip_yaw_joint,0.05966983033236026,0.0,-0.05966983033236026
443,4.430083408,left_hip_roll_joint,-0.07089457959599227,-0.1,-0.029105420404007737
443,4.430083408,left_hip_pitch_joint,0.8759231430350564,0.878,0.002076856964943641
443,4.430083408,left_knee_pitch_joint,-0.17190721087290836,-0.13,0.04190721087290836
443,4.430083408,left_ankle_pitch_joint,0.6526005542635684,0.65,-0.002600554263568422
443,4.430083408,left_ankle_roll_joint,0.09478715101072627,0.1,0.005212848989273738
444,4.440064453,right_hip_yaw_joint,-0.05486119624254333,0.0,0.05486119624254333
444,4.440064453,right_hip_roll_joint,0.07187952341714816,0.1,0.02812047658285184
444,4.440064453,right_hip_pitch_joint,-0.8709295861161475,-0.878,-0.007070413883852544
444,4.440064453,right_knee_pitch_joint,0.12656071127002555,0.13,0.0034392887299744546
444,4.440064453,right_ankle_pitch_joint,-0.6204812947416151,-0.65,-0.02951870525838496
444,4.440064453,right_ankle_roll_joint,-0.12124791989424603,-0.1,0.02124791989424603
444,4.440064453,left_hip_yaw_joint,0.05966983029722212,0.0,-0.05966983029722212
444,4.440064453,left_hip_roll_joint,-0.07196449315980434,-0.1,-0.028035506840195665
444,4.440064453,left_hip_pitch_joint,0.8776590473290102,0.878,0.0003409526709897692
444,4.440064453,left_knee_pitch_joint,-0.17190721081457627,-0.13,0.04190721081457627
444,4.440064453,left_ankle_pitch_joint,0.6526005542651517,0.65,-0.002600554265151711
444,4.440064453,left_ankle_roll_joint,0.09478715103321134,0.1,0.005212848966788669
445,4.450029593,right_hip_yaw_joint,-0.05486119622180233,0.0,0.05486119622180233
445,4.450029593,right_hip_roll_joint,0.07107674850246304,0.1,0.028923251497536967
445,4.450029593,right_hip_pitch_joint,-0.8721413469254955,-0.878,-0.005858653074504505
445,4.450029593,right_knee_pitch_joint,0.12656071126078378,0.13,0.0034392887392162286
445,4.450029593,right_ankle_pitch_joint,-0.6204812948465862,-0.65,-0.029518705153413816
445,4.450029593,right_ankle_roll_joint,-0.12124791976445083,-0.1,0.021247919764450826
445,4.450029593,left_hip_yaw_joint,0.0605261771478561,0.0,-0.0605261771478561
445,4.450029593,left_hip_roll_joint,-0.07088735886448942,-0.1,-0.029112641135510584
445,4.450029593,left_hip_pitch_joint,0.8765697692734606,0.878,0.001430230726539361
445,4.450029593,left_knee_pitch_joint,-0.17190721074688736,-0.13,0.04190721074688736
445,4.450029593,left_ankle_pitch_joint,0.6526005542740697,0.65,-0.0026005542740696885
445,4.450029593,left_ankle_roll_joint,0.09478715104836687,0.1,0.0052128489516331394
446,4.460067512,right_hip_yaw_joint,-0.05486119619182941,0.0,0.05486119619182941
446,4.460067512,right_hip_roll_joint,0.07209726955812297,0.1,0.027902730441877036
446,4.460067512,right_hip_pitch_joint,-0.8721168072478874,-0.878,-0.005883192752112576
446,4.460067512,right_knee_pitch_joint,0.12656071126887616,0.13,0.0034392887311238407
446,4.460067512,right_ankle_pitch_joint,-0.6204812949412276,-0.65,-0.02951870505877241
446,4.460067512,right_ankle_roll_joint,-0.12124791964042185,-0.1,0.021247919640421845
446,4.460067512,left_hip_yaw_joint,0.06052617711210684,0.0,-0.06052617711210684
446,4.460067512,left_hip_roll_joint,-0.07188850774177102,-0.1,-0.02811149225822898
446,4.460067512,left_hip_pitch_joint,0.8764797240735682,0.878,0.00152027592643178
446,4.460067512,left_knee_pitch_joint,-0.17190721069612033,-0.13,0.04190721069612033
446,4.460067512,left_ankle_pitch_joint,0.652600554271116,0.65,-0.00260055427111594
446,4.460067512,left_ankle_roll_joint,0.09478715107241252,0.1,0.005212848927587485
447,4.470072652,right_hip_yaw_joint,-0.05486119616992119,0.0,0.05486119616992119
447,4.470072652,right_hip_roll_joint,0.0721370098028659,0.1,0.027862990197134105
447,4.470072652,right_hip_pitch_joint,-0.8736803804417389,-0.878,-0.004319619558261101
447,4.470072652,right_knee_pitch_joint,0.12656071125249907,0.13,0.003439288747500935
447,4.470072652,right_ankle_pitch_joint,-0.6204812950505839,-0.65,-0.029518704949416108
447,4.470072652,right_ankle_roll_joint,-0.1212479195100584,-0.1,0.02124791951005839
447,4.470072652,left_hip_yaw_joint,0.06203668463719639,0.0,-0.06203668463719639
447,4.470072652,left_hip_roll_joint,-0.07118990518912675,-0.1,-0.028810094810873252
447,4.470072652,left_hip_pitch_joint,0.8747768758097111,0.878,0.0032231241902889174
447,4.470072652,left_knee_pitch_joint,-0.1719072106259227,-0.13,0.0419072106259227
447,4.470072652,left_ankle_pitch_joint,0.652600554282423,0.65,-0.0026005542824230066
447,4.470072652,left_ankle_roll_joint,0.09478715108842896,0.1,0.005212848911571047
448,4.480061164,right_hip_yaw_joint,-0.05486119613900034,0.0,0.05486119613900034
448,4.480061164,right_hip_roll_joint,0.07465007312092153,0.1,0.02534992687907847
448,4.480061164,right_hip_pitch_joint,-0.8735610638598841,-0.878,-0.004438936140115923
448,4.480061164,right_knee_pitch_joint,0.12656071125965992,0.13,0.0034392887403400796
448,4.480061164,right_ankle_pitch_joint,-0.6204812951456969,-0.65,-0.02951870485430308
448,4.480061164,right_ankle_roll_joint,-0.1212479193836063,-0.1,0.02124791938360629
448,4.480061164,left_hip_yaw_joint,0.062036684599796124,0.0,-0.062036684599796124
448,4.480061164,left_hip_roll_joint,-0.07366110066751132,-0.1,-0.02633889933248869
448,4.480061164,left_hip_pitch_joint,0.8746943848273063,0.878,0.0033056151726936767
448,4.480061164,left_knee_pitch_joint,-0.17190721057736236,-0.13,0.04190721057736235
448,4.480061164,left_ankle_pitch_joint,0.6526005542779854,0.65,-0.002600554277985334
448,4.480061164,left_ankle_roll_joint,0.09478715111032587,0.1,0.005212848889674132
449,4.490059046,right_hip_yaw_joint,-0.05565514278259476,0.0,0.05565514278259476
449,4.490059046,right_hip_roll_joint,0.07328631864042658,0.1,0.02671368135957343
449,4.490059046,right_hip_pitch_joint,-0.8725965703707211,-0.878,-0.005403429629278866
449,4.490059046,right_knee_pitch_joint,0.12656071124454177,0.13,0.0034392887554582363
449,4.490059046,right_ankle_pitch_joint,-0.620481295255731,-0.65,-0.029518704744268986
449,4.490059046,right_ankle_roll_joint,-0.12124791925210884,-0.1,0.021247919252108838
449,4.490059046,left_hip_yaw_joint,0.06203668457567152,0.0,-0.06203668457567152
449,4.490059046,left_hip_roll_joint,-0.07310824933761419,-0.1,-0.02689175066238582
449,4.490059046,left_hip_pitch_joint,0.8754907593578904,0.878,0.002509240642109556
449,4.490059046,left_knee_pitch_joint,-0.17190721050657407,-0.13,0.04190721050657406
449,4.490059046,left_ankle_pitch_joint,0.6526005542883316,0.65,-0.0026005542883316135
449,4.490059046,left_ankle_roll_joint,0.09478715112559077,0.1,0.005212848874409232
450,4.500064734,right_hip_yaw_joint,-0.05565514275143679,0.0,0.05565514275143679
450,4.500064734,right_hip_roll_joint,0.07503446658361915,0.1,0.02496553341638086
450,4.500064734,right_hip_pitch_joint,-0.8743595685943145,-0.878,-0.0036404314056854847
450,4.500064734,right_knee_pitch_joint,0.12656071125166676,0.13,0.0034392887483332413
450,4.500064734,right_ankle_pitch_joint,-0.6204812953496676,-0.65,-0.02951870465033246
450,4.500064734,right_ankle_roll_joint,-0.12124791912549454,-0.1,0.021247919125494535
450,4.500064734,left_hip_yaw_joint,0.06277177941876265,0.0,-0.06277177941876265
450,4.500064734,left_hip_roll_joint,-0.07433814569399597,-0.1,-0.02566185430600404
450,4.500064734,left_hip_pitch_joint,0.8755375693915389,0.878,0.0024624306084610748
450,4.500064734,left_knee_pitch_joint,-0.17190721043989285,-0.13,0.041907210439892845
450,4.500064734,left_ankle_pitch_joint,0.6526005542956663,0.65,-0.002600554295666302
450,4.500064734,left_ankle_roll_joint,0.09478715113971997,0.1,0.005212848860280034
451,4.510084093,right_hip_yaw_joint,-0.05094275373419741,0.0,0.05094275373419741
451,4.510084093,right_hip_roll_joint,0.07449786076656163,0.1,0.025502139233438373
451,4.510084093,right_hip_pitch_joint,-0.8784907869770178,-0.878,0.0004907869770177653
451,4.510084093,right_knee_pitch_joint,0.13127310026139538,0.13,-0.0012731002613953768
451,4.510084093,right_ankle_pitch_joint,-0.6251936845364278,-0.65,-0.02480631546357226
451,4.510084093,right_ankle_roll_joint,-0.11653552983340137,-0.1,0.01653552983340137
451,4.510084093,left_hip_yaw_joint,0.06771416457546892,0.0,-0.06771416457546892
451,4.510084093,left_hip_roll_joint,-0.07342973159097117,-0.1,-0.026570268409028833
451,4.510084093,left_hip_pitch_joint,0.8694099190478226,0.878,0.008590080952177392
451,4.510084093,left_knee_pitch_joint,-0.1671948213719582,-0.13,0.0371948213719582
451,4.510084093,left_ankle_pitch_joint,0.6478881652082752,0.65,0.0021118347917248315
451,4.510084093,left_ankle_roll_joint,0.09949954033268613,0.1,0.0005004596673138795
452,4.520062568,right_hip_yaw_joint,-0.05565514270153655,0.0,0.05565514270153655
452,4.520062568,right_hip_roll_joint,0.07401328511939895,0.1,0.02598671488060106
452,4.520062568,right_hip_pitch_joint,-0.87531341516617,-0.878,-0.002686584833829997
452,4.520062568,right_knee_pitch_joint,0.12656071123227355,0.13,0.0034392887677264505
452,4.520062568,right_ankle_pitch_joint,-0.6204812955615194,-0.65,-0.029518704438480592
452,4.520062568,right_ankle_roll_joint,-0.121247918870729,-0.1,0.021247918870728993
452,4.520062568,left_hip_yaw_joint,0.06300177554585096,0.0,-0.06300177554585096
452,4.520062568,left_hip_roll_joint,-0.0716316610319334,-0.1,-0.028368338968066606
452,4.520062568,left_hip_pitch_joint,0.8729202549995153,0.878,0.005079745000484692
452,4.520062568,left_knee_pitch_joint,-0.17190721033369347,-0.13,0.04190721033369346
452,4.520062568,left_ankle_pitch_joint,0.6526005542950123,0.65,-0.0026005542950122695
452,4.520062568,left_ankle_roll_joint,0.09478715118200205,0.1,0.005212848817997953
453,4.530077452,right_hip_yaw_joint,-0.05625137763902692,0.0,0.05625137763902692
453,4.530077452,right_hip_roll_joint,0.07343183108102372,0.1,0.026568168918976287
453,4.530077452,right_hip_pitch_joint,-0.8724888085052882,-0.878,-0.005511191494711798
453,4.530077452,right_knee_pitch_joint,0.12656071122970103,0.13,0.003439288770298976
453,4.530077452,right_ankle_pitch_joint,-0.6204812956632322,-0.65,-0.029518704336767843
453,4.530077452,right_ankle_roll_joint,-0.12124791873784382,-0.1,0.02124791873784382
453,4.530077452,left_hip_yaw_joint,0.06300177550925383,0.0,-0.06300177550925383
453,4.530077452,left_hip_roll_joint,-0.07242912378159122,-0.1,-0.027570876218408785
453,4.530077452,left_hip_pitch_joint,0.8760939643652704,0.878,0.0019060356347295748
453,4.530077452,left_knee_pitch_joint,-0.171907210269842,-0.13,0.04190721026984198
453,4.530077452,left_ankle_pitch_joint,0.6526005542996306,0.65,-0.0026005542996305753
453,4.530077452,left_ankle_roll_joint,0.09478715120465482,0.1,0.005212848795345185
454,4.540038598,right_hip_yaw_joint,-0.05676320435725345,0.0,0.05676320435725345
454,4.540038598,right_hip_roll_joint,0.07158932589006388,0.1,0.028410674109936127
454,4.540038598,right_hip_pitch_joint,-0.8708795965991056,-0.878,-0.007120403400894371
454,4.540038598,right_knee_pitch_joint,0.12656071122391502,0.13,0.0034392887760849866
454,4.540038598,right_ankle_pitch_joint,-0.6204812957669721,-0.65,-0.029518704233027937
454,4.540038598,right_ankle_roll_joint,-0.12124791860582997,-0.1,0.02124791860582996
454,4.540038598,left_hip_yaw_joint,0.0630017754820436,0.0,-0.0630017754820436
454,4.540038598,left_hip_roll_joint,-0.07186568951326838,-0.1,-0.028134310486731623
454,4.540038598,left_hip_pitch_joint,0.8776889905203086,0.878,0.00031100947969142645
454,4.540038598,left_knee_pitch_joint,-0.17190721019823396,-0.13,0.04190721019823396
454,4.540038598,left_ankle_pitch_joint,0.6526005543101324,0.65,-0.002600554310132397
454,4.540038598,left_ankle_roll_joint,0.09478715122208006,0.1,0.005212848777919943
455,4.550074918,right_hip_yaw_joint,-0.057286603163096715,0.0,0.057286603163096715
455,4.550074918,right_hip_roll_joint,0.07215048881924481,0.1,0.027849511180755196
455,4.550074918,right_hip_pitch_joint,-0.8706368636575865,-0.878,-0.007363136342413479
455,4.550074918,right_knee_pitch_joint,0.12656071120830137,0.13,0.003439288791698636
455,4.550074918,right_ankle_pitch_joint,-0.6204812958759672,-0.65,-0.02951870412403279
455,4.550074918,right_ankle_roll_joint,-0.12124791847239835,-0.1,0.021247918472398347
455,4.550074918,left_hip_yaw_joint,0.06300177544468527,0.0,-0.06300177544468527
455,4.550074918,left_hip_roll_joint,-0.07278516044185306,-0.1,-0.02721483955814695
455,4.550074918,left_hip_pitch_joint,0.8783237139698095,0.878,-0.0003237139698094582
455,4.550074918,left_knee_pitch_joint,-0.17190721014682767,-0.13,0.04190721014682766
455,4.550074918,left_ankle_pitch_joint,0.6526005543071499,0.65,-0.0026005543071498938
455,4.550074918,left_ankle_roll_joint,0.09478715124483364,0.1,0.005212848755166366
456,4.560091197,right_hip_yaw_joint,-0.0572866031322964,0.0,0.0572866031322964
456,4.560091197,right_hip_roll_joint,0.07156322796031592,0.1,0.02843677203968409
456,4.560091197,right_hip_pitch_joint,-0.8713358181015709,-0.878,-0.0066641818984291
456,4.560091197,right_knee_pitch_joint,0.12656071121522908,0.13,0.0034392887847709275
456,4.560091197,right_ankle_pitch_joint,-0.6204812959713917,-0.65,-0.029518704028608345
456,4.560091197,right_ankle_roll_joint,-0.12124791834932051,-0.1,0.021247918349320508
456,4.560091197,left_hip_yaw_joint,0.06300177541814687,0.0,-0.06300177541814687
456,4.560091197,left_hip_roll_joint,-0.07196781459437397,-0.1,-0.028032185405626034
456,4.560091197,left_hip_pitch_joint,0.8775320938050932,0.878,0.0004679061949067753
456,4.560091197,left_knee_pitch_joint,-0.17190721008165014,-0.13,0.04190721008165013
456,4.560091197,left_ankle_pitch_joint,0.6526005543142143,0.65,-0.002600554314214243
456,4.560091197,left_ankle_roll_joint,0.09478715126330374,0.1,0.005212848736696266
457,4.570061788,right_hip_yaw_joint,-0.05728660310116646,0.0,0.05728660310116646
457,4.570061788,right_hip_roll_joint,0.0727226108308474,0.1,0.027277389169152608
457,4.570061788,right_hip_pitch_joint,-0.8742196491137791,-0.878,-0.0037803508862208623
457,4.570061788,right_knee_pitch_joint,0.12656071120904347,0.13,0.003439288790956535
457,4.570061788,right_ankle_pitch_joint,-0.620481296074084,-0.65,-0.029518703925916046
457,4.570061788,right_ankle_roll_joint,-0.1212479182233075,-0.1,0.021247918223307488
457,4.570061788,left_hip_yaw_joint,0.06452956709369383,0.0,-0.06452956709369383
457,4.570061788,left_hip_roll_joint,-0.07173441445471625,-0.1,-0.02826558554528376
457,4.570061788,left_hip_pitch_joint,0.8745003502376751,0.878,0.0034996497623248635
457,4.570061788,left_knee_pitch_joint,-0.17190721001977582,-0.13,0.04190721001977582
457,4.570061788,left_ankle_pitch_joint,0.6526005543200305,0.65,-0.0026005543200304793
457,4.570061788,left_ankle_roll_joint,0.09478715127748805,0.1,0.005212848722511959
458,4.580065627,right_hip_yaw_joint,-0.057286603079314755,0.0,0.057286603079314755
458,4.580065627,right_hip_roll_joint,0.0726458557732929,0.1,0.02735414422670711
458,4.580065627,right_hip_pitch_joint,-0.8731902031174843,-0.878,-0.0048097968825157045
458,4.580065627,right_knee_pitch_joint,0.12656071120563614,0.13,0.003439288794363865
458,4.580065627,right_ankle_pitch_joint,-0.6204812961759387,-0.65,-0.0295187038240613
458,4.580065627,right_ankle_roll_joint,-0.12124791809329981,-0.1,0.021247918093299803
458,4.580065627,left_hip_yaw_joint,0.06452956705606447,0.0,-0.06452956705606447
458,4.580065627,left_hip_roll_joint,-0.07198561087284862,-0.1,-0.028014389127151387
458,4.580065627,left_hip_pitch_joint,0.8756151089532007,0.878,0.0023848910467992868
458,4.580065627,left_knee_pitch_joint,-0.17190720996648357,-0.13,0.04190720996648356
458,4.580065627,left_ankle_pitch_joint,0.6526005543182436,0.65,-0.0026005543182435753
458,4.580065627,left_ankle_roll_joint,0.09478715130158052,0.1,0.005212848698419481
459,4.590087170,right_hip_yaw_joint,-0.05728660305703166,0.0,0.05728660305703166
459,4.590087170,right_hip_roll_joint,0.07167141896819963,0.1,0.028328581031800373
459,4.590087170,right_hip_pitch_joint,-0.8741826947180535,-0.878,-0.0038173052819464592
459,4.590087170,right_knee_pitch_joint,0.12656071119118886,0.13,0.0034392888088111417
459,4.590087170,right_ankle_pitch_joint,-0.620481296284489,-0.65,-0.02951870371551102
459,4.590087170,right_ankle_roll_joint,-0.12124791796339617,-0.1,0.02124791796339616
459,4.590087170,left_hip_yaw_joint,0.06585565693182754,0.0,-0.06585565693182754
459,4.590087170,left_hip_roll_joint,-0.07021455249045652,-0.1,-0.029785447509543483
459,4.590087170,left_hip_pitch_joint,0.8747052248861278,0.878,0.003294775113872217
459,4.590087170,left_knee_pitch_joint,-0.17190720989680588,-0.13,0.04190720989680588
459,4.590087170,left_ankle_pitch_joint,0.6526005543286183,0.65,-0.0026005543286182764
459,4.590087170,left_ankle_roll_joint,0.09478715131692851,0.1,0.005212848683071494
460,4.600065093,right_hip_yaw_joint,-0.05728660302440727,0.0,0.05728660302440727
460,4.600065093,right_hip_roll_joint,0.0739988916404254,0.1,0.0260011083595746
460,4.600065093,right_hip_pitch_joint,-0.874082690790517,-0.878,-0.0039173092094829665
460,4.600065093,right_knee_pitch_joint,0.1265607111976805,0.13,0.003439288802319501
460,4.600065093,right_ankle_pitch_joint,-0.6204812963799928,-0.65,-0.02951870362000719
460,4.600065093,right_ankle_roll_joint,-0.12124791783755962,-0.1,0.02124791783755961
460,4.600065093,left_hip_yaw_joint,0.06585565689225056,0.0,-0.06585565689225056
460,4.600065093,left_hip_roll_joint,-0.07252968928848895,-0.1,-0.027470310711511056
460,4.600065093,left_hip_pitch_joint,0.8746157280582966,0.878,0.0033842719417034317
460,4.600065093,left_knee_pitch_joint,-0.17190720984823477,-0.13,0.04190720984823476
460,4.600065093,left_ankle_pitch_joint,0.6526005543241634,0.65,-0.0026005543241633955
460,4.600065093,left_ankle_roll_joint,0.09478715133933506,0.1,0.0052128486606649455
461,4.610087947,right_hip_yaw_joint,-0.058083530191322404,0.0,0.058083530191322404
461,4.610087947,right_hip_roll_joint,0.07302751780009999,0.1,0.02697248219990002
461,4.610087947,right_hip_pitch_joint,-0.8722457865374332,-0.878,-0.005754213462566771
461,4.610087947,right_knee_pitch_joint,0.1265607111934334,0.13,0.003439288806566604
461,4.610087947,right_ankle_pitch_joint,-0.6204812964830189,-0.65,-0.02951870351698116
461,4.610087947,right_ankle_roll_joint,-0.12124791770345038,-0.1,0.021247917703450372
461,4.610087947,left_hip_yaw_joint,0.06709492226661629,0.0,-0.06709492226661629
461,4.610087947,left_hip_roll_joint,-0.07287106623707672,-0.1,-0.027128933762923288
461,4.610087947,left_hip_pitch_joint,0.8764553847965827,0.878,0.00154461520341731
461,4.610087947,left_knee_pitch_joint,-0.17190720976290585,-0.13,0.04190720976290585
461,4.610087947,left_ankle_pitch_joint,0.6526005543441131,0.65,-0.002600554344113104
461,4.610087947,left_ankle_roll_joint,0.0947871513516973,0.1,0.005212848648302709
462,4.620085369,right_hip_yaw_joint,-0.05808353015856558,0.0,0.05808353015856558
462,4.620085369,right_hip_roll_joint,0.07387264683454799,0.1,0.02612735316545202
462,4.620085369,right_hip_pitch_joint,-0.8742006268329661,-0.878,-0.003799373167033937
462,4.620085369,right_knee_pitch_joint,0.12656071118615453,0.13,0.003439288813845476
462,4.620085369,right_ankle_pitch_joint,-0.6204812965866814,-0.65,-0.029518703413318637
462,4.620085369,right_ankle_roll_joint,-0.12124791757973628,-0.1,0.021247917579736278
462,4.620085369,left_hip_yaw_joint,0.06709492222367483,0.0,-0.06709492222367483
462,4.620085369,left_hip_roll_joint,-0.07267804656316074,-0.1,-0.02732195343683927
462,4.620085369,left_hip_pitch_joint,0.8743641830218182,0.878,0.0036358169781818273
462,4.620085369,left_knee_pitch_joint,-0.17190720972584853,-0.13,0.04190720972584852
462,4.620085369,left_ankle_pitch_joint,0.6526005543325215,0.65,-0.0026005543325214875
462,4.620085369,left_ankle_roll_joint,0.09478715137672139,0.1,0.005212848623278615
463,4.630073730,right_hip_yaw_joint,-0.05906670957415388,0.0,0.05906670957415388
463,4.630073730,right_hip_roll_joint,0.07186022717211116,0.1,0.028139772827888848
463,4.630073730,right_hip_pitch_joint,-0.8729880615987083,-0.878,-0.00501193840129166
463,4.630073730,right_knee_pitch_joint,0.1265607111755905,0.13,0.0034392888244094977
463,4.630073730,right_ankle_pitch_joint,-0.6204812966933276,-0.65,-0.02951870330667239
463,4.630073730,right_ankle_roll_joint,-0.12124791744783514,-0.1,0.021247917447835135
463,4.630073730,left_hip_yaw_joint,0.06709492219488125,0.0,-0.06709492219488125
463,4.630073730,left_hip_roll_joint,-0.0709847305569682,-0.1,-0.029015269443031802
463,4.630073730,left_hip_pitch_joint,0.8758332941851912,0.878,0.0021667058148088225
463,4.630073730,left_knee_pitch_joint,-0.17190720965617043,-0.13,0.041907209656170424
463,4.630073730,left_ankle_pitch_joint,0.6526005543417741,0.65,-0.002600554341774086
463,4.630073730,left_ankle_roll_joint,0.09478715139559801,0.1,0.005212848604401993
464,4.640070538,right_hip_yaw_joint,-0.055226640928900124,0.0,0.055226640928900124
464,4.640070538,right_hip_roll_joint,0.07296015847498659,0.1,0.027039841525013417
464,4.640070538,right_hip_pitch_joint,-0.8745209856282331,-0.878,-0.0034790143717668975
464,4.640070538,right_knee_pitch_joint,0.13127310017720464,0.13,-0.001273100177204639
464,4.640070538,right_ankle_pitch_joint,-0.6251936858851095,-0.65,-0.024806314114890538
464,4.640070538,right_ankle_roll_joint,-0.11653552814672263,-0.1,0.016535528146722628
464,4.640070538,left_hip_yaw_joint,0.07180731114739895,0.0,-0.07180731114739895
464,4.640070538,left_hip_roll_joint,-0.07400748043316858,-0.1,-0.02599251956683142
464,4.640070538,left_hip_pitch_joint,0.8742229574654452,0.878,0.0037770425345547975
464,4.640070538,left_knee_pitch_joint,-0.16719482059389876,-0.13,0.03719482059389875
464,4.640070538,left_ankle_pitch_joint,0.6478881652477484,0.65,0.002111834752251629
464,4.640070538,left_ankle_roll_joint,0.09949954059357197,0.1,0.0005004594064280388
465,4.650065082,right_hip_yaw_joint,-0.059939029880747355,0.0,0.059939029880747355
465,4.650065082,right_hip_roll_joint,0.07277821154424657,0.1,0.027221788455753432
465,4.650065082,right_hip_pitch_joint,-0.8716894889529185,-0.878,-0.0063105110470814685
465,4.650065082,right_knee_pitch_joint,0.126560711170265,0.13,0.0034392888297350155
465,4.650065082,right_ankle_pitch_joint,-0.6204812968967975,-0.65,-0.02951870310320248
465,4.650065082,right_ankle_roll_joint,-0.12124791719009974,-0.1,0.021247917190099733
465,4.650065082,left_hip_yaw_joint,0.06709492212556104,0.0,-0.06709492212556104
465,4.650065082,left_hip_roll_joint,-0.07223839969179469,-0.1,-0.02776160030820532
465,4.650065082,left_hip_pitch_joint,0.8769784958798619,0.878,0.001021504120138128
465,4.650065082,left_knee_pitch_joint,-0.17190720953571043,-0.13,0.04190720953571042
465,4.650065082,left_ankle_pitch_joint,0.6526005543480696,0.65,-0.002600554348069606
465,4.650065082,left_ankle_roll_joint,0.09478715143584533,0.1,0.0052128485641546735
466,4.660068389,right_hip_yaw_joint,-0.05549787806635717,0.0,0.05549787806635717
466,4.660068389,right_hip_roll_joint,0.07401352197865362,0.1,0.02598647802134639
466,4.660068389,right_hip_pitch_joint,-0.8752215487960722,-0.878,-0.002778451203927834
466,4.660068389,right_knee_pitch_joint,0.13127310017018687,0.13,-0.0012731001701868638
466,4.660068389,right_ankle_pitch_joint,-0.6251936860888895,-0.65,-0.024806313911110545
466,4.660068389,right_ankle_roll_joint,-0.11653552788854761,-0.1,0.016535527888547605
466,4.660068389,left_hip_yaw_joint,0.07183407013665775,0.0,-0.07183407013665775
466,4.660068389,left_hip_roll_joint,-0.07450469231977104,-0.1,-0.025495307680228965
466,4.660068389,left_hip_pitch_joint,0.8739233520986137,0.878,0.004076647901386288
466,4.660068389,left_knee_pitch_joint,-0.167194820452862,-0.13,0.03719482045286199
466,4.660068389,left_ankle_pitch_joint,0.6478881652688514,0.65,0.0021118347311486207
466,4.660068389,left_ankle_roll_joint,0.09949954062613528,0.1,0.0005004593738647256
467,4.670088490,right_hip_yaw_joint,-0.06021026701930744,0.0,0.06021026701930744
467,4.670088490,right_hip_roll_joint,0.07457488967264449,0.1,0.02542511032735552
467,4.670088490,right_hip_pitch_joint,-0.8722050606749169,-0.878,-0.005794939325083126
467,4.670088490,right_knee_pitch_joint,0.1265607111631063,0.13,0.003439288836893706
467,4.670088490,right_ankle_pitch_joint,-0.6204812971004993,-0.65,-0.02951870289950076
467,4.670088490,right_ankle_roll_joint,-0.12124791693196794,-0.1,0.02124791693196794
467,4.670088490,left_hip_yaw_joint,0.06712168110369673,0.0,-0.06712168110369673
467,4.670088490,left_hip_roll_joint,-0.07366141863403007,-0.1,-0.026338581365969935
467,4.670088490,left_hip_pitch_joint,0.8761566671889598,0.878,0.0018433328110402103
467,4.670088490,left_knee_pitch_joint,-0.171907209416989,-0.13,0.041907209416989
467,4.670088490,left_ankle_pitch_joint,0.6526005543542176,0.65,-0.002600554354217577
467,4.670088490,left_ankle_roll_joint,0.09478715147467492,0.1,0.005212848525325081
468,4.680111118,right_hip_yaw_joint,-0.06065470484384809,0.0,0.06065470484384809
468,4.680111118,right_hip_roll_joint,0.0736555820453203,0.1,0.026344417954679705
468,4.680111118,right_hip_pitch_joint,-0.8707312794397108,-0.878,-0.007268720560289155
468,4.680111118,right_knee_pitch_joint,0.12656071115771286,0.13,0.0034392888422871415
468,4.680111118,right_ankle_pitch_joint,-0.6204812972037825,-0.65,-0.02951870279621749
468,4.680111118,right_ankle_roll_joint,-0.12124791679822552,-0.1,0.02124791679822552
468,4.680111118,left_hip_yaw_joint,0.0671216810770411,0.0,-0.0671216810770411
468,4.680111118,left_hip_roll_joint,-0.07381253052122637,-0.1,-0.026187469478773637
468,4.680111118,left_hip_pitch_joint,0.8778580570072471,0.878,0.00014194299275294142
468,4.680111118,left_knee_pitch_joint,-0.1719072093380739,-0.13,0.0419072093380739
468,4.680111118,left_ankle_pitch_joint,0.6526005543697254,0.65,-0.002600554369725394
468,4.680111118,left_ankle_roll_joint,0.09478715148825918,0.1,0.005212848511740822
469,4.690077946,right_hip_yaw_joint,-0.06065470482283292,0.0,0.06065470482283292
469,4.690077946,right_hip_roll_joint,0.07306219191568197,0.1,0.026937808084318032
469,4.690077946,right_hip_pitch_joint,-0.871664426040643,-0.878,-0.0063355739593570215
469,4.690077946,right_knee_pitch_joint,0.12656071113982498,0.13,0.003439288860175027
469,4.690077946,right_ankle_pitch_joint,-0.6204812973142574,-0.65,-0.029518702685742637
469,4.690077946,right_ankle_roll_joint,-0.12124791666676074,-0.1,0.021247916666760736
469,4.690077946,left_hip_yaw_joint,0.06712168103768315,0.0,-0.06712168103768315
469,4.690077946,left_hip_roll_joint,-0.07304446041826637,-0.1,-0.026955539581733634
469,4.690077946,left_hip_pitch_joint,0.8771826792193148,0.878,0.0008173207806851934
469,4.690077946,left_knee_pitch_joint,-0.17190720929390593,-0.13,0.04190720929390593
469,4.690077946,left_ankle_pitch_joint,0.6526005543624067,0.65,-0.002600554362406693
469,4.690077946,left_ankle_roll_joint,0.09478715151315717,0.1,0.005212848486842836
470,4.700088511,right_hip_yaw_joint,-0.06065470479017298,0.0,0.06065470479017298
470,4.700088511,right_hip_roll_joint,0.07213043076322553,0.1,0.027869569236774472
470,4.700088511,right_hip_pitch_joint,-0.8725421312055,-0.878,-0.005457868794500054
470,4.700088511,right_knee_pitch_joint,0.12656071114464312,0.13,0.0034392888553568812
470,4.700088511,right_ankle_pitch_joint,-0.6204812974106654,-0.65,-0.029518702589334644
470,4.700088511,right_ankle_roll_joint,-0.12124791654399489,-0.1,0.021247916543994882
470,4.700088511,left_hip_yaw_joint,0.06712168100908504,0.0,-0.06712168100908504
470,4.700088511,left_hip_roll_joint,-0.07185325774478185,-0.1,-0.028146742255218155
470,4.700088511,left_hip_pitch_joint,0.8763879433086357,0.878,0.0016120566913643275
470,4.700088511,left_knee_pitch_joint,-0.17190720923125374,-0.13,0.04190720923125374
470,4.700088511,left_ankle_pitch_joint,0.6526005543674933,0.65,-0.0026005543674932907
470,4.700088511,left_ankle_roll_joint,0.09478715153227811,0.1,0.005212848467721895
471,4.710091738,right_hip_yaw_joint,-0.06065470475652985,0.0,0.06065470475652985
471,4.710091738,right_hip_roll_joint,0.07363853554394349,0.1,0.026361464456056513
471,4.710091738,right_hip_pitch_joint,-0.874894701722917,-0.878,-0.0031052982770830573
471,4.710091738,right_knee_pitch_joint,0.12656071114040945,0.13,0.00343928885959055
471,4.710091738,right_ankle_pitch_joint,-0.6204812975124636,-0.65,-0.029518702487536408
471,4.710091738,right_ankle_roll_joint,-0.12124791641739796,-0.1,0.021247916417397955
471,4.710091738,left_hip_yaw_joint,0.06855381530899109,0.0,-0.06855381530899109
471,4.710091738,left_hip_roll_joint,-0.07170216702932071,-0.1,-0.028297832970679296
471,4.710091738,left_hip_pitch_joint,0.873849989876091,0.878,0.0041500101239090315
471,4.710091738,left_knee_pitch_joint,-0.17190720916761962,-0.13,0.04190720916761961
471,4.710091738,left_ankle_pitch_joint,0.6526005543743797,0.65,-0.002600554374379671
471,4.710091738,left_ankle_roll_joint,0.0947871515464245,0.1,0.005212848453575503
472,4.720081978,right_hip_yaw_joint,-0.06065470473497457,0.0,0.06065470473497457
472,4.720081978,right_hip_roll_joint,0.07286091094769978,0.1,0.027139089052300225
472,4.720081978,right_hip_pitch_joint,-0.8734265156713366,-0.878,-0.004573484328663446
472,4.720081978,right_knee_pitch_joint,0.12656071113651077,0.13,0.003439288863489237
472,4.720081978,right_ankle_pitch_joint,-0.6204812976148937,-0.65,-0.029518702385106343
472,4.720081978,right_ankle_roll_joint,-0.12124791628669472,-0.1,0.021247916286694715
472,4.720081978,left_hip_yaw_joint,0.06855381526917076,0.0,-0.06855381526917076
472,4.720081978,left_hip_roll_joint,-0.07164453362998192,-0.1,-0.02835546637001808
472,4.720081978,left_hip_pitch_joint,0.8755402507776644,0.878,0.0024597492223356054
472,4.720081978,left_knee_pitch_joint,-0.17190720911199714,-0.13,0.041907209111997135
472,4.720081978,left_ankle_pitch_joint,0.6526005543740603,0.65,-0.00260055437406026
472,4.720081978,left_ankle_roll_joint,0.09478715157072398,0.1,0.0052128484292760235
473,4.730085342,right_hip_yaw_joint,-0.06115591236078105,0.0,0.06115591236078105
473,4.730085342,right_hip_roll_joint,0.07251127361498044,0.1,0.027488726385019563
473,4.730085342,right_hip_pitch_joint,-0.8708111548581718,-0.878,-0.00718884514182816
473,4.730085342,right_knee_pitch_joint,0.12656071113246223,0.13,0.0034392888675377764
473,4.730085342,right_ankle_pitch_joint,-0.6204812977179944,-0.65,-0.029518702282005593
473,4.730085342,right_ankle_roll_joint,-0.1212479161541954,-0.1,0.021247916154195398
473,4.730085342,left_hip_yaw_joint,0.06855381522880026,0.0,-0.06855381522880026
473,4.730085342,left_hip_roll_joint,-0.07287969014193772,-0.1,-0.027120309858062283
473,4.730085342,left_hip_pitch_joint,0.8778853434836049,0.878,0.00011465651639508412
473,4.730085342,left_knee_pitch_joint,-0.17190720904955464,-0.13,0.04190720904955464
473,4.730085342,left_ankle_pitch_joint,0.652600554378197,0.65,-0.002600554378196951
473,4.730085342,left_ankle_roll_joint,0.09478715159282815,0.1,0.005212848407171858
474,4.740060568,right_hip_yaw_joint,-0.06115591233903429,0.0,0.06115591233903429
474,4.740060568,right_hip_roll_joint,0.07126519690673166,0.1,0.02873480309326834
474,4.740060568,right_hip_pitch_joint,-0.8716810579065323,-0.878,-0.006318942093467728
474,4.740060568,right_knee_pitch_joint,0.1265607111201432,0.13,0.003439288879856811
474,4.740060568,right_ankle_pitch_joint,-0.6204812978248262,-0.65,-0.029518702175173828
474,4.740060568,right_ankle_roll_joint,-0.1212479160232467,-0.1,0.021247916023246688
474,4.740060568,left_hip_yaw_joint,0.0685538152017177,0.0,-0.0685538152017177
474,4.740060568,left_hip_roll_joint,-0.0713476175876344,-0.1,-0.028652382412365604
474,4.740060568,left_hip_pitch_joint,0.8775509719952089,0.878,0.0004490280047910744
474,4.740060568,left_knee_pitch_joint,-0.17190720898511788,-0.13,0.04190720898511788
474,4.740060568,left_ankle_pitch_joint,0.6526005543839881,0.65,-0.0026005543839880962
474,4.740060568,left_ankle_roll_joint,0.09478715160977888,0.1,0.005212848390221125
475,4.750071883,right_hip_yaw_joint,-0.06115591230577816,0.0,0.06115591230577816
475,4.750071883,right_hip_roll_joint,0.07142944437247685,0.1,0.028570555627523156
475,4.750071883,right_hip_pitch_joint,-0.8732180338925989,-0.878,-0.004781966107401114
475,4.750071883,right_knee_pitch_joint,0.12656071112132794,0.13,0.0034392888786720643
475,4.750071883,right_ankle_pitch_joint,-0.6204812979237235,-0.65,-0.029518702076276493
475,4.750071883,right_ankle_roll_joint,-0.12124791589883782,-0.1,0.021247915898837816
475,4.750071883,left_hip_yaw_joint,0.06855381517425134,0.0,-0.06855381517425134
475,4.750071883,left_hip_roll_joint,-0.07085292185229793,-0.1,-0.02914707814770208
475,4.750071883,left_hip_pitch_joint,0.8759078440451699,0.878,0.002092155954830144
475,4.750071883,left_knee_pitch_joint,-0.17190720892232297,-0.13,0.04190720892232297
475,4.750071883,left_ankle_pitch_joint,0.6526005543897869,0.65,-0.002600554389786902
475,4.750071883,left_ankle_roll_joint,0.0947871516261229,0.1,0.005212848373877102
476,4.760069477,right_hip_yaw_joint,-0.06115591228464365,0.0,0.06115591228464365
476,4.760069477,right_hip_roll_joint,0.07095142092634416,0.1,0.02904857907365585
476,4.760069477,right_hip_pitch_joint,-0.8719764697132814,-0.878,-0.006023530286718648
476,4.760069477,right_knee_pitch_joint,0.12656071111694545,0.13,0.0034392888830545587
476,4.760069477,right_ankle_pitch_joint,-0.6204812980264425,-0.65,-0.02951870197355755
476,4.760069477,right_ankle_roll_joint,-0.12124791576772866,-0.1,0.02124791576772865
476,4.760069477,left_hip_yaw_joint,0.06855381513427909,0.0,-0.06855381513427909
476,4.760069477,left_hip_roll_joint,-0.071201573675473,-0.1,-0.028798426324527004
476,4.760069477,left_hip_pitch_joint,0.8772163667923635,0.878,0.0007836332076365249
476,4.760069477,left_knee_pitch_joint,-0.17190720886640623,-0.13,0.041907208866406226
476,4.760069477,left_ankle_pitch_joint,0.6526005543896993,0.65,-0.0026005543896993055
476,4.760069477,left_ankle_roll_joint,0.0947871516499227,0.1,0.0052128483500773065
477,4.770066694,right_hip_yaw_joint,-0.06115591226157294,0.0,0.06115591226157294
477,4.770066694,right_hip_roll_joint,0.0704393056718338,0.1,0.0295606943281662
477,4.770066694,right_hip_pitch_joint,-0.8740083065938219,-0.878,-0.0039916934061781095
477,4.770066694,right_knee_pitch_joint,0.12656071109800254,0.13,0.0034392889019974615
477,4.770066694,right_ankle_pitch_joint,-0.620481298137348,-0.65,-0.02951870186265204
477,4.770066694,right_ankle_roll_joint,-0.12124791563704904,-0.1,0.02124791563704903
477,4.770066694,left_hip_yaw_joint,0.06947902278064583,0.0,-0.06947902278064583
477,4.770066694,left_hip_roll_joint,-0.0699188903259391,-0.1,-0.0300811096740609
477,4.770066694,left_hip_pitch_joint,0.8758037343061416,0.878,0.0021962656938584457
477,4.770066694,left_knee_pitch_joint,-0.1719072088014458,-0.13,0.0419072088014458
477,4.770066694,left_ankle_pitch_joint,0.6526005543966149,0.65,-0.0026005543966148847
477,4.770066694,left_ankle_roll_joint,0.09478715166529934,0.1,0.005212848334700662
478,4.780065381,right_hip_yaw_joint,-0.05648093033115541,0.0,0.05648093033115541
478,4.780065381,right_hip_roll_joint,0.07008606037136912,0.1,0.029913939628630884
478,4.780065381,right_hip_pitch_joint,-0.8747678254105282,-0.878,-0.0032321745894717813
478,4.780065381,right_knee_pitch_joint,0.13127310011182275,0.13,-0.0012731001118227447
478,4.780065381,right_ankle_pitch_joint,-0.6251936873205364,-0.65,-0.02480631267946365
478,4.780065381,right_ankle_roll_joint,-0.11653552633750122,-0.1,0.016535526337501216
478,4.780065381,left_hip_yaw_joint,0.07419141173319334,0.0,-0.07419141173319334
478,4.780065381,left_hip_roll_joint,-0.07207756675187617,-0.1,-0.027922433248123837
478,4.780065381,left_hip_pitch_joint,0.8746299051584535,0.878,0.0033700948415464893
478,4.780065381,left_knee_pitch_joint,-0.1671948197367532,-0.13,0.037194819736753204
478,4.780065381,left_ankle_pitch_joint,0.6478881653038735,0.65,0.0021118346961265244
478,4.780065381,left_ankle_roll_joint,0.09949954086440624,0.1,0.0005004591355937671
479,4.790069346,right_hip_yaw_joint,-0.06119331928492301,0.0,0.06119331928492301
479,4.790069346,right_hip_roll_joint,0.07013532968201913,0.1,0.029864670317980874
479,4.790069346,right_hip_pitch_joint,-0.8723400831060638,-0.878,-0.00565991689393619
479,4.790069346,right_knee_pitch_joint,0.1265607111007993,0.13,0.0034392888992006987
479,4.790069346,right_ankle_pitch_joint,-0.6204812983348579,-0.65,-0.029518701665142144
479,4.790069346,right_ankle_roll_joint,-0.12124791538183718,-0.1,0.02124791538183718
479,4.790069346,left_hip_yaw_joint,0.06947902270869132,0.0,-0.06947902270869132
479,4.790069346,left_hip_roll_joint,-0.07058897173401191,-0.1,-0.0294110282659881
479,4.790069346,left_hip_pitch_joint,0.8771190785539269,0.878,0.0008809214460731019
479,4.790069346,left_knee_pitch_joint,-0.17190720868088266,-0.13,0.04190720868088266
479,4.790069346,left_ankle_pitch_joint,0.6526005544028244,0.65,-0.002600554402824362
479,4.790069346,left_ankle_roll_joint,0.0947871517073833,0.1,0.005212848292616701
480,4.800063286,right_hip_yaw_joint,-0.061193319258498975,0.0,0.061193319258498975
480,4.800063286,right_hip_roll_joint,0.0708280593740487,0.1,0.029171940625951312
480,4.800063286,right_hip_pitch_joint,-0.8740455114422689,-0.878,-0.003954488557731062
480,4.800063286,right_knee_pitch_joint,0.12656071108740907,0.13,0.003439288912590932
480,4.800063286,right_ankle_pitch_joint,-0.6204812984424254,-0.65,-0.029518701557574634
480,4.800063286,right_ankle_roll_joint,-0.12124791525126191,-0.1,0.021247915251261906
480,4.800063286,left_hip_yaw_joint,0.071014892574417,0.0,-0.071014892574417
480,4.800063286,left_hip_roll_joint,-0.0704016809901952,-0.1,-0.029598319009804808
480,4.800063286,left_hip_pitch_joint,0.8755070106236077,0.878,0.0024929893763923072
480,4.800063286,left_knee_pitch_joint,-0.17190720861076178,-0.13,0.041907208610761776
480,4.800063286,left_ankle_pitch_joint,0.6526005544134701,0.65,-0.0026005544134700687
480,4.800063286,left_ankle_roll_joint,0.09478715172168055,0.1,0.005212848278319457
481,4.810066108,right_hip_yaw_joint,-0.06119331922419077,0.0,0.06119331922419077
481,4.810066108,right_hip_roll_joint,0.07274525733330875,0.1,0.027254742666691256
481,4.810066108,right_hip_pitch_joint,-0.873965006972269,-0.878,-0.004034993027731026
481,4.810066108,right_knee_pitch_joint,0.12656071109374342,0.13,0.0034392889062565823
481,4.810066108,right_ankle_pitch_joint,-0.6204812985381675,-0.65,-0.029518701461832553
481,4.810066108,right_ankle_roll_joint,-0.12124791512586532,-0.1,0.02124791512586531
481,4.810066108,left_hip_yaw_joint,0.07101489253209808,0.0,-0.07101489253209808
481,4.810066108,left_hip_roll_joint,-0.07221105209080372,-0.1,-0.027788947909196282
481,4.810066108,left_hip_pitch_joint,0.8751189250096293,0.878,0.0028810749903707134
481,4.810066108,left_knee_pitch_joint,-0.1719072085635588,-0.13,0.041907208563558784
481,4.810066108,left_ankle_pitch_joint,0.6526005544082325,0.65,-0.0026005544082324805
481,4.810066108,left_ankle_roll_joint,0.0947871517447861,0.1,0.005212848255213912
482,4.820063424,right_hip_yaw_joint,-0.06134296407115936,0.0,0.06134296407115936
482,4.820063424,right_hip_roll_joint,0.07259848573847193,0.1,0.02740151426152808
482,4.820063424,right_hip_pitch_joint,-0.871691436410726,-0.878,-0.006308563589274008
482,4.820063424,right_knee_pitch_joint,0.12656071109053604,0.13,0.003439288909463961
482,4.820063424,right_ankle_pitch_joint,-0.6204812986400461,-0.65,-0.029518701359953936
482,4.820063424,right_ankle_roll_joint,-0.12124791499300963,-0.1,0.021247914993009626
482,4.820063424,left_hip_yaw_joint,0.07101489249037189,0.0,-0.07101489249037189
482,4.820063424,left_hip_roll_joint,-0.07335617728166827,-0.1,-0.02664382271833174
482,4.820063424,left_hip_pitch_joint,0.8775170357203648,0.878,0.00048296427963523403
482,4.820063424,left_knee_pitch_joint,-0.17190720850126281,-0.13,0.04190720850126281
482,4.820063424,left_ankle_pitch_joint,0.6526005544122073,0.65,-0.002600554412207301
482,4.820063424,left_ankle_roll_joint,0.09478715176694893,0.1,0.005212848233051071
483,4.830063733,right_hip_yaw_joint,-0.0613429640478233,0.0,0.0613429640478233
483,4.830063733,right_hip_roll_joint,0.0710099780953727,0.1,0.02899002190462731
483,4.830063733,right_hip_pitch_joint,-0.8724335726061581,-0.878,-0.005566427393841944
483,4.830063733,right_knee_pitch_joint,0.12656071107289224,0.13,0.0034392889271077642
483,4.830063733,right_ankle_pitch_joint,-0.6204812987484382,-0.65,-0.029518701251561863
483,4.830063733,right_ankle_roll_joint,-0.12124791486319764,-0.1,0.02124791486319763
483,4.830063733,left_hip_yaw_joint,0.0710148924605724,0.0,-0.0710148924605724
483,4.830063733,left_hip_roll_joint,-0.072147741527924,-0.1,-0.027852258472076008
483,4.830063733,left_hip_pitch_joint,0.8779295401070545,0.878,7.045989294551802e-05
483,4.830063733,left_knee_pitch_joint,-0.17190720843150734,-0.13,0.04190720843150733
483,4.830063733,left_ankle_pitch_joint,0.6526005544215093,0.65,-0.0026005544215093046
483,4.830063733,left_ankle_roll_joint,0.09478715178429155,0.1,0.005212848215708457
484,4.840063553,right_hip_yaw_joint,-0.06134296401354546,0.0,0.06134296401354546
484,4.840063553,right_hip_roll_joint,0.072933053164213,0.1,0.027066946835787004
484,4.840063553,right_hip_pitch_joint,-0.874465883295398,-0.878,-0.0035341167046020194
484,4.840063553,right_knee_pitch_joint,0.12656071107202943,0.13,0.003439288927970574
484,4.840063553,right_ankle_pitch_joint,-0.6204812988479544,-0.65,-0.02951870115204558
484,4.840063553,right_ankle_roll_joint,-0.12124791473647534,-0.1,0.021247914736475332
484,4.840063553,left_hip_yaw_joint,0.07258238583383626,0.0,-0.07258238583383626
484,4.840063553,left_hip_roll_joint,-0.07259942709033429,-0.1,-0.027400572909665716
484,4.840063553,left_hip_pitch_joint,0.8758487336281533,0.878,0.002151266371846705
484,4.840063553,left_knee_pitch_joint,-0.17190720836383047,-0.13,0.04190720836383047
484,4.840063553,left_ankle_pitch_joint,0.6526005544303604,0.65,-0.0026005544303603356
484,4.840063553,left_ankle_roll_joint,0.09478715179744232,0.1,0.005212848202557685
485,4.850024921,right_hip_yaw_joint,-0.06151350904024602,0.0,0.06151350904024602
485,4.850024921,right_hip_roll_joint,0.07261286693128555,0.1,0.02738713306871446
485,4.850024921,right_hip_pitch_joint,-0.8737852493522273,-0.878,-0.004214750647772658
485,4.850024921,right_knee_pitch_joint,0.12656071105728772,0.13,0.003439288942712282
485,4.850024921,right_ankle_pitch_joint,-0.6204812989570512,-0.65,-0.029518701042948847
485,4.850024921,right_ankle_roll_joint,-0.12124791460354556,-0.1,0.021247914603545554
485,4.850024921,left_hip_yaw_joint,0.07258238579152478,0.0,-0.07258238579152478
485,4.850024921,left_hip_roll_joint,-0.07230482077276568,-0.1,-0.02769517922723433
485,4.850024921,left_hip_pitch_joint,0.8765768908931119,0.878,0.001423109106888143
485,4.850024921,left_knee_pitch_joint,-0.17190720831268155,-0.13,0.04190720831268155
485,4.850024921,left_ankle_pitch_joint,0.652600554427438,0.65,-0.0026005544274380066
485,4.850024921,left_ankle_roll_joint,0.09478715182171217,0.1,0.005212848178287835
486,4.860100998,right_hip_yaw_joint,-0.056801120030334634,0.0,0.056801120030334634
486,4.860100998,right_hip_roll_joint,0.07128960025023527,0.1,0.028710399749764734
486,4.860100998,right_hip_pitch_joint,-0.876466669184242,-0.878,-0.001533330815758016
486,4.860100998,right_knee_pitch_joint,0.1312731000680105,0.13,-0.0012731000680104854
486,4.860100998,right_ankle_pitch_joint,-0.6251936881425685,-0.65,-0.02480631185743154
486,4.860100998,right_ankle_roll_joint,-0.11653552530558925,-0.1,0.016535525305589244
486,4.860100998,left_hip_yaw_joint,0.07729477475478086,0.0,-0.07729477475478086
486,4.860100998,left_hip_roll_joint,-0.07244822240212763,-0.1,-0.027551777597872376
486,4.860100998,left_hip_pitch_joint,0.8738953512815626,0.878,0.004104648718437409
486,4.860100998,left_knee_pitch_joint,-0.16719481923713012,-0.13,0.03719481923713011
486,4.860100998,left_ankle_pitch_joint,0.6478881653421789,0.65,0.0021118346578211655
486,4.860100998,left_ankle_roll_joint,0.09949954101441016,0.1,0.0005004589855898411
487,4.870095741,right_hip_yaw_joint,-0.05680111999654916,0.0,0.05680111999654916
487,4.870095741,right_hip_roll_joint,0.07123480804031762,0.1,0.028765191959682385
487,4.870095741,right_hip_pitch_joint,-0.8753317196040268,-0.878,-0.0026682803959732215
487,4.870095741,right_knee_pitch_joint,0.13127310008023238,0.13,-0.0012731000802323755
487,4.870095741,right_ankle_pitch_joint,-0.6251936882352499,-0.65,-0.024806311764750122
487,4.870095741,right_ankle_roll_joint,-0.11653552518282552,-0.1,0.016535525182825514
487,4.870095741,left_hip_yaw_joint,0.07729477471244596,0.0,-0.07729477471244596
487,4.870095741,left_hip_roll_joint,-0.07290059643706051,-0.1,-0.027099403562939495
487,4.870095741,left_hip_pitch_joint,0.8744611224872033,0.878,0.00353887751279669
487,4.870095741,left_knee_pitch_joint,-0.16719481918152557,-0.13,0.03719481918152556
487,4.870095741,left_ankle_pitch_joint,0.6478881653424798,0.65,0.002111834657520184
487,4.870095741,left_ankle_roll_joint,0.09949954103905893,0.1,0.000500458960941072
488,4.880060741,right_hip_yaw_joint,-0.06151350896054075,0.0,0.06151350896054075
488,4.880060741,right_hip_roll_joint,0.0709106885001537,0.1,0.02908931149984631
488,4.880060741,right_hip_pitch_joint,-0.8731788621731033,-0.878,-0.004821137826896749
488,4.880060741,right_knee_pitch_joint,0.12656071104554828,0.13,0.0034392889544517247
488,4.880060741,right_ankle_pitch_joint,-0.620481299262254,-0.65,-0.029518700737745984
488,4.880060741,right_ankle_roll_joint,-0.12124791421873199,-0.1,0.021247914218731984
488,4.880060741,left_hip_yaw_joint,0.07258238568663879,0.0,-0.07258238568663879
488,4.880060741,left_hip_roll_joint,-0.07142089813443868,-0.1,-0.028579101865561327
488,4.880060741,left_hip_pitch_joint,0.8775682671903232,0.878,0.00043173280967678807
488,4.880060741,left_knee_pitch_joint,-0.1719072081248865,-0.13,0.04190720812488649
488,4.880060741,left_ankle_pitch_joint,0.6526005544411916,0.65,-0.0026005544411915604
488,4.880060741,left_ankle_roll_joint,0.09478715187993698,0.1,0.005212848120063021
489,4.890084191,right_hip_yaw_joint,-0.061513508926111925,0.0,0.061513508926111925
489,4.890084191,right_hip_roll_joint,0.07293379614087732,0.1,0.027066203859122687
489,4.890084191,right_hip_pitch_joint,-0.8750757827437641,-0.878,-0.002924217256235928
489,4.890084191,right_knee_pitch_joint,0.12656071104428104,0.13,0.003439288955718961
489,4.890084191,right_ankle_pitch_joint,-0.6204812993620981,-0.65,-0.029518700637901962
489,4.890084191,right_ankle_roll_joint,-0.12124791409182709,-0.1,0.02124791409182708
489,4.890084191,left_hip_yaw_joint,0.07403097344322514,0.0,-0.07403097344322514
489,4.890084191,left_hip_roll_joint,-0.07200368038136816,-0.1,-0.027996319618631846
489,4.890084191,left_hip_pitch_joint,0.8754838978774789,0.878,0.002516102122521069
489,4.890084191,left_knee_pitch_joint,-0.17190720805753565,-0.13,0.041907208057535644
489,4.890084191,left_ankle_pitch_joint,0.6526005544496744,0.65,-0.0026005544496743305
489,4.890084191,left_ankle_roll_joint,0.09478715189319721,0.1,0.005212848106802795
490,4.900076634,right_hip_yaw_joint,-0.06151350890343716,0.0,0.06151350890343716
490,4.900076634,right_hip_roll_joint,0.07246713413161093,0.1,0.027532865868389073
490,4.900076634,right_hip_pitch_joint,-0.8742186221317177,-0.878,-0.003781377868282254
490,4.900076634,right_knee_pitch_joint,0.12656071103617167,0.13,0.0034392889638283353
490,4.900076634,right_ankle_pitch_joint,-0.6204812994673204,-0.65,-0.029518700532679576
490,4.900076634,right_ankle_roll_joint,-0.12124791396105228,-0.1,0.021247913961052273
490,4.900076634,left_hip_yaw_joint,0.07403097340004816,0.0,-0.07403097340004816
490,4.900076634,left_hip_roll_joint,-0.07180686219141973,-0.1,-0.02819313780858028
490,4.900076634,left_hip_pitch_joint,0.8760153357281326,0.878,0.001984664271867387
490,4.900076634,left_knee_pitch_joint,-0.1719072080073304,-0.13,0.04190720800733039
490,4.900076634,left_ankle_pitch_joint,0.6526005544460699,0.65,-0.0026005544460698804
490,4.900076634,left_ankle_roll_joint,0.0947871519177734,0.1,0.0052128480822266066
491,4.910087902,right_hip_yaw_joint,-0.06151350887945933,0.0,0.06151350887945933
491,4.910087902,right_hip_roll_joint,0.07222464159394121,0.1,0.027775358406058798
491,4.910087902,right_hip_pitch_joint,-0.8721761705459395,-0.878,-0.0058238294540604585
491,4.910087902,right_knee_pitch_joint,0.12656071103487448,0.13,0.00343928896512552
491,4.910087902,right_ankle_pitch_joint,-0.6204812995675314,-0.65,-0.029518700432468625
491,4.910087902,right_ankle_roll_joint,-0.12124791383047981,-0.1,0.021247913830479803
491,4.910087902,left_hip_yaw_joint,0.07403097335654371,0.0,-0.07403097335654371
491,4.910087902,left_hip_roll_joint,-0.07297876693554062,-0.1,-0.027021233064459388
491,4.910087902,left_hip_pitch_joint,0.8781606642087633,0.878,-0.00016066420876326148
491,4.910087902,left_knee_pitch_joint,-0.1719072079459757,-0.13,0.04190720794597569
491,4.910087902,left_ankle_pitch_joint,0.6526005544494082,0.65,-0.00260055444940821
491,4.910087902,left_ankle_roll_joint,0.09478715194028019,0.1,0.0052128480597198185
492,4.920085722,right_hip_yaw_joint,-0.06151350885659686,0.0,0.06151350885659686
492,4.920085722,right_hip_roll_joint,0.07093750266800582,0.1,0.02906249733199419
492,4.920085722,right_hip_pitch_joint,-0.8733159736637317,-0.878,-0.004684026336268299
492,4.920085722,right_knee_pitch_joint,0.12656071102104244,0.13,0.0034392889789575665
492,4.920085722,right_ankle_pitch_joint,-0.6204812996760322,-0.65,-0.02951870032396786
492,4.920085722,right_ankle_roll_joint,-0.12124791370030473,-0.1,0.021247913700304724
492,4.920085722,left_hip_yaw_joint,0.07448020076189209,0.0,-0.07448020076189209
492,4.920085722,left_hip_roll_joint,-0.07114503294998235,-0.1,-0.028854967050017652
492,4.920085722,left_hip_pitch_joint,0.877044052209946,0.878,0.0009559477900540347
492,4.920085722,left_knee_pitch_joint,-0.17190720787991354,-0.13,0.04190720787991353
492,4.920085722,left_ankle_pitch_joint,0.6526005544566996,0.65,-0.0026005544566995997
492,4.920085722,left_ankle_roll_joint,0.09478715195630995,0.1,0.005212848043690058
493,4.930089729,right_hip_yaw_joint,-0.056801119845259304,0.0,0.056801119845259304
493,4.930089729,right_hip_roll_joint,0.07118316971253827,0.1,0.028816830287461737
493,4.930089729,right_hip_pitch_joint,-0.8751620819131491,-0.878,-0.0028379180868508547
493,4.930089729,right_knee_pitch_joint,0.1312731000302897,0.13,-0.0012731000302896867
493,4.930089729,right_ankle_pitch_joint,-0.6251936888606268,-0.65,-0.02480631113937326
493,4.930089729,right_ankle_roll_joint,-0.11653552440131285,-0.1,0.01653552440131284
493,4.930089729,left_hip_yaw_joint,0.079192589711548,0.0,-0.079192589711548
493,4.930089729,left_hip_roll_joint,-0.07358867459942747,-0.1,-0.026411325400572533
493,4.930089729,left_hip_pitch_joint,0.8755278250032071,0.878,0.002472174996792864
493,4.930089729,left_knee_pitch_joint,-0.16719481881556117,-0.13,0.037194818815561165
493,4.930089729,left_ankle_pitch_joint,0.6478881653638097,0.65,0.0021118346361903573
493,4.930089729,left_ankle_roll_joint,0.09949954115509987,0.1,0.0005004588449001313
494,4.940079803,right_hip_yaw_joint,-0.06151350879902271,0.0,0.06151350879902271
494,4.940079803,right_hip_roll_joint,0.0713898314366472,0.1,0.0286101685633528
494,4.940079803,right_hip_pitch_joint,-0.8736244094638875,-0.878,-0.0043755905361124725
494,4.940079803,right_knee_pitch_joint,0.12656071101346625,0.13,0.003439288986533756
494,4.940079803,right_ankle_pitch_joint,-0.6204812998778091,-0.65,-0.029518700122190933
494,4.940079803,right_ankle_roll_joint,-0.12124791344511127,-0.1,0.02124791344511126
494,4.940079803,left_hip_yaw_joint,0.0744802006858636,0.0,-0.0744802006858636
494,4.940079803,left_hip_roll_joint,-0.07184724719053351,-0.1,-0.028152752809466497
494,4.940079803,left_hip_pitch_joint,0.8776413619801287,0.878,0.000358638019871349
494,4.940079803,left_knee_pitch_joint,-0.17190720775939355,-0.13,0.04190720775939355
494,4.940079803,left_ankle_pitch_joint,0.6526005544622401,0.65,-0.0026005544622400567
494,4.940079803,left_ankle_roll_joint,0.09478715199670151,0.1,0.0052128480032984925
495,4.950097238,right_hip_yaw_joint,-0.06151350876469029,0.0,0.06151350876469029
495,4.950097238,right_hip_roll_joint,0.07334086124653907,0.1,0.02665913875346093
495,4.950097238,right_hip_pitch_joint,-0.8758600397478927,-0.878,-0.002139960252107276
495,4.950097238,right_knee_pitch_joint,0.12656071100909871,0.13,0.0034392889909012903
495,4.950097238,right_ankle_pitch_joint,-0.6204812999796891,-0.65,-0.029518700020310873
495,4.950097238,right_ankle_roll_joint,-0.1212479133180927,-0.1,0.021247913318092698
495,4.950097238,left_hip_yaw_joint,0.07600569347345783,0.0,-0.07600569347345783
495,4.950097238,left_hip_roll_joint,-0.07196771183400708,-0.1,-0.02803228816599293
495,4.950097238,left_hip_pitch_joint,0.8751785167666714,0.878,0.0028214832333286477
495,4.950097238,left_knee_pitch_joint,-0.17190720769345555,-0.13,0.041907207693455545
495,4.950097238,left_ankle_pitch_joint,0.6526005544700021,0.65,-0.00260055447000207
495,4.950097238,left_ankle_roll_joint,0.09478715201047938,0.1,0.005212847989520625
496,4.960063554,right_hip_yaw_joint,-0.06162421983464575,0.0,0.06162421983464575
496,4.960063554,right_hip_roll_joint,0.07284299205727507,0.1,0.027157007942724937
496,4.960063554,right_hip_pitch_joint,-0.8752726948856024,-0.878,-0.00272730511439756
496,4.960063554,right_knee_pitch_joint,0.12656071099291594,0.13,0.0034392890070840676
496,4.960063554,right_ankle_pitch_joint,-0.6204813000895322,-0.65,-0.02951869991046785
496,4.960063554,right_ankle_roll_joint,-0.12124791318480693,-0.1,0.021247913184806927
496,4.960063554,left_hip_yaw_joint,0.0760056934377701,0.0,-0.0760056934377701
496,4.960063554,left_hip_roll_joint,-0.07140087698875587,-0.1,-0.028599123011244135
496,4.960063554,left_hip_pitch_joint,0.8759149674332473,0.878,0.0020850325667527425
496,4.960063554,left_knee_pitch_joint,-0.17190720763022255,-0.13,0.04190720763022254
496,4.960063554,left_ankle_pitch_joint,0.6526005544746941,0.65,-0.0026005544746940945
496,4.960063554,left_ankle_roll_joint,0.09478715202860223,0.1,0.005212847971397774
497,4.970065252,right_hip_yaw_joint,-0.06162421980035761,0.0,0.06162421980035761
497,4.970065252,right_hip_roll_joint,0.07373272571499274,0.1,0.02626727428500726
497,4.970065252,right_hip_pitch_joint,-0.8744795861177249,-0.878,-0.0035204138822750863
497,4.970065252,right_knee_pitch_joint,0.12656071100238028,0.13,0.0034392889976197216
497,4.970065252,right_ankle_pitch_joint,-0.6204813001835732,-0.65,-0.029518699816426852
497,4.970065252,right_ankle_roll_joint,-0.12124791306050542,-0.1,0.021247913060505413
497,4.970065252,left_hip_yaw_joint,0.07600569339293714,0.0,-0.07600569339293714
497,4.970065252,left_hip_roll_joint,-0.0725027958475783,-0.1,-0.02749720415242171
497,4.970065252,left_hip_pitch_joint,0.8759982157681195,0.878,0.0020017842318804657
497,4.970065252,left_knee_pitch_joint,-0.17190720757882577,-0.13,0.04190720757882577
497,4.970065252,left_ankle_pitch_joint,0.6526005544721832,0.65,-0.002600554472183214
497,4.970065252,left_ankle_roll_joint,0.09478715205243624,0.1,0.00521284794756377
498,4.980065164,right_hip_yaw_joint,-0.05693507980003361,0.0,0.05693507980003361
498,4.980065164,right_hip_roll_joint,0.07189727418521154,0.1,0.028102725814788468
498,4.980065164,right_hip_pitch_joint,-0.8754531995209679,-0.878,-0.0025468004790321075
498,4.980065164,right_knee_pitch_joint,0.13127310001251252,0.13,-0.001273100012512518
498,4.980065164,right_ankle_pitch_joint,-0.6251936893704496,-0.65,-0.02480631062955041
498,4.980065164,right_ankle_roll_joint,-0.11653552376141915,-0.1,0.016535523761419146
498,4.980065164,left_hip_yaw_joint,0.08071808235533831,0.0,-0.08071808235533831
498,4.980065164,left_hip_roll_joint,-0.07320906130714123,-0.1,-0.02679093869285877
498,4.980065164,left_hip_pitch_joint,0.8749849156546843,0.878,0.0030150843453157217
498,4.980065164,left_knee_pitch_joint,-0.1671948184911719,-0.13,0.0371948184911719
498,4.980065164,left_ankle_pitch_joint,0.6478881653945836,0.65,0.0021118346054164183
498,4.980065164,left_ankle_roll_joint,0.09949954124331958,0.1,0.0005004587566804219
499,4.990039948,right_hip_yaw_joint,-0.06164746875285387,0.0,0.06164746875285387
499,4.990039948,right_hip_roll_joint,0.07367978306415271,0.1,0.026320216935847296
499,4.990039948,right_hip_pitch_joint,-0.87486990207023,-0.878,-0.003130097929770037
499,4.990039948,right_knee_pitch_joint,0.12656071099329486,0.13,0.0034392890067051485
499,4.990039948,right_ankle_pitch_joint,-0.6204813003887686,-0.65,-0.029518699611231436
499,4.990039948,right_ankle_roll_joint,-0.12124791280207306,-0.1,0.021247912802073055
499,4.990039948,left_hip_yaw_joint,0.07733969203771267,0.0,-0.07733969203771267
499,4.990039948,left_hip_roll_joint,-0.07255570093881236,-0.1,-0.027444299061187644
499,4.990039948,left_hip_pitch_joint,0.8756916789557361,0.878,0.002308321044263928
499,4.990039948,left_knee_pitch_joint,-0.17190720743582244,-0.13,0.041907207435822436
499,4.990039948,left_ankle_pitch_joint,0.652600554492753,0.65,-0.0026005544927529822
499,4.990039948,left_ankle_roll_joint,0.09478715208082132,0.1,0.005212847919178684
500,5.000060601,right_hip_yaw_joint,-0.06164746872925895,0.0,0.06164746872925895
500,5.000060601,right_hip_roll_joint,0.07247735504806815,0.1,0.02752264495193185
500,5.000060601,right_hip_pitch_joint,-0.8752904249246335,-0.878,-0.0027095750753665104
500,5.000060601,right_knee_pitch_joint,0.12656071097864793,0.13,0.003439289021352071
500,5.000060601,right_ankle_pitch_joint,-0.6204813004976235,-0.65,-0.02951869950237651
500,5.000060601,right_ankle_roll_joint,-0.12124791267343933,-0.1,0.021247912673439326
500,5.000060601,left_hip_yaw_joint,0.07733969198950184,0.0,-0.07733969198950184
500,5.000060601,left_hip_roll_joint,-0.07087582785554887,-0.1,-0.029124172144451135
500,5.000060601,left_hip_pitch_joint,0.8752793543100787,0.878,0.0027206456899212528
500,5.000060601,left_knee_pitch_joint,-0.17190720739139653,-0.13,0.04190720739139653
500,5.000060601,left_ankle_pitch_joint,0.6526005544855279,0.65,-0.002600554485527873
500,5.000060601,left_ankle_roll_joint,0.0947871521068572,0.1,0.005212847893142802
