frame,time,RL0,RL1,RL2,RL3,RL4,RL5,LL0,LL1,LL2,LL3,LL4,LL5
0,0.0,0.0,0.1,-0.816,0.138,-0.714,-0.1,0.0,-0.1,0.816,-0.138,0.714,0.1
1,0.01,4.128131350278095e-17,0.10002203098156394,-0.8159972741095852,0.1379999498877439,-0.7139972239973296,-0.10002203098156395,8.887171491704484e-18,-0.09997796901842239,0.8159972741095852,-0.1379999498877439,0.7139972239973331,0.09997796901842237
2,0.02,4.320545015905163e-17,0.10006846935093376,-0.8159939749633739,0.13799989707998306,-0.7139938720433583,-0.10006846935093378,9.74635128902831e-18,-0.09993153064904482,0.8159939749633739,-0.13799989707998306,0.7139938720433583,0.09993153064904481
3,0.03,4.0810465888326343e-17,0.10012488584964888,-0.8159905224899627,0.1379998462830635,-0.7139903687730267,-0.1001248858496489,8.608298360824986e-18,-0.09987511415032664,0.8159905224899627,-0.1379998462830635,0.7139903687730267,0.09987511415032663
4,0.04,4.089167154642031e-17,0.10018968619149231,-0.8159869976158954,0.13799979156528608,-0.7139867891811824,-0.10018968619149232,9.205443927859566e-18,-0.09981031380847998,0.8159869976158954,-0.13799979156528608,0.7139867891811824,0.09981031380847996
5,0.05,4.14579323195072e-17,0.100262307547136,-0.8159834120564621,0.13799973139235366,-0.7139831434488157,-0.10026230754713601,7.836447981442504e-18,-0.09973769245283484,0.8159834120564621,-0.13799973139235366,0.7139831434488157,0.09973769245283483
6,0.06,4.357301042531972e-17,0.1003427244199766,-0.8159797638983807,0.13799966507054606,-0.7139794289689241,-0.10034272441997662,1.0679745035377003e-17,-0.09965727557999443,0.8159797638983807,-0.13799966507054606,0.7139794289689241,0.09965727557999442
7,0.07,3.9412662637886006e-17,0.10043120299590394,-0.815976048806765,0.13799959203133627,-0.7139756408381017,-0.10043120299590397,8.779331289924184e-18,-0.09956879700406639,0.815976048806765,-0.13799959203133627,0.7139756408381017,0.09956879700406637
8,0.08,3.829393485282855e-17,0.1005281797729496,-0.8159722623443219,0.13799951168384272,-0.713971774028161,-0.10052817977294962,1.0193654425612418e-17,-0.09947182022702142,0.8159722623443219,-0.13799951168384272,0.713971774028161,0.0994718202270214
9,0.09,4.016670199236271e-17,0.10063420239253527,-0.815968400504084,0.13799942338032267,-0.713967823884404,-0.10063420239253529,1.1134564747125918e-17,-0.09936579760743479,0.815968400504084,-0.13799942338032312,0.713967823884404,0.09936579760743477
10,0.1,3.640525944763751e-17,0.10074990164939872,-0.8159644598792407,0.1379993264036582,-0.7139637862828976,-0.10074990164939873,6.718407898115696e-18,-0.09925009835057615,0.8159644598792407,-0.13799932640365864,0.7139637862828976,0.09925009835057613
11,0.11,4.1907403959931194e-17,0.10087597918282375,-0.815960437757295,0.1379992199585135,-0.7139596577158058,-0.10087597918282376,1.0311671727888751e-17,-0.09912402081714794,0.815960437757295,-0.1379992199585135,0.7139596577158058,0.09912402081714791
12,0.12,4.2610253496205754e-17,0.10101320311333976,-0.8159563321981561,0.13799910316241182,-0.7139554353605688,-0.10101320311333978,7.441427815192862e-18,-0.09898679688663395,0.8159563321981561,-0.13799910316241137,0.7139554353605688,0.09898679688663392
13,0.13,3.8756009630138045e-17,0.10116240776842776,-0.815952142109926,0.1379989750358398,-0.7139511171457662,-0.10116240776842779,6.0411382051660145e-18,-0.09883759223154269,0.815952142109926,-0.13799897503584024,0.7139511171457662,0.09883759223154268
14,0.14,4.7194369251220635e-17,0.10132449558019009,-0.8159478673266182,0.13799883449108308,-0.7139467018177021,-0.1013244955801901,1.1599700988302551e-17,-0.09867550441978067,0.8159478673266182,-0.13799883449108352,0.7139467018177021,0.09867550441978065
15,0.15,4.484726229688205e-17,0.1015004402069199,-0.8159435086900376,0.1379986803195542,-0.7139421890095909,-0.10150044020691991,2.7087880284692107e-18,-0.0984995597930508,0.8159435086900376,-0.1379986803195542,0.7139421890095909,0.09849955979305078
16,0.16,3.957685043246878e-17,0.10169129041492309,-0.8159390681373867,0.13799851117741346,-0.7139375793147997,-0.1016912904149231,7.898650620940903e-18,-0.09830870958504072,0.8159390681373867,-0.1379985111774148,0.7139375793147997,0.09830870958504069
17,0.17,3.8341730008058153e-17,0.10189817449924396,-0.8159345487960411,0.13799832556923664,-0.7139328743652746,-0.10189817449924396,1.0504809161976277e-17,-0.09810182550072366,0.8159345487960411,-0.13799832556923752,0.7139328743652782,0.09810182550072365
18,0.18,4.7919750290832154e-17,0.10212230514277423,-0.8159299550867029,0.1379981218294405,-0.7139280769161451,-0.10212230514277426,9.83209437060582e-18,-0.09787769485719143,0.8159299550867029,-0.13799812182944093,0.7139280769161451,0.0978776948571914
19,0.19,4.585988734183964e-17,0.102364984673596,-0.8159252928361741,0.13799789810116814,-0.7139231909373414,-0.10236498467359603,8.362660111425528e-18,-0.09763501532637309,0.8159252928361741,-0.1379978981011668,0.7139231909373414,0.09763501532637309
20,0.2,4.850585126703812e-17,0.1026276107096044,-0.8159205694008601,0.13799765231227756,-0.7139182217131412,-0.10262761070960441,-6.416991818968566e-18,-0.09737238929036153,0.8159205694008601,-0.137997652312278,0.7139182217131412,0.0973723892903615
21,0.21,3.8547549344738084e-17,0.10291168219312495,-0.8159157938021951,0.13799738214801593,-0.713913175950212,-0.10291168219312495,-3.2742303924215196e-18,-0.09708831780683876,0.8159157938021951,-0.13799738214801638,0.713913175950212,0.09708831780683874
22,0.22,3.227092854344214e-17,0.10321880582258088,-0.8159109768750678,0.13799708501996444,-0.7139080618950309,-0.10321880582258089,-4.354162413308786e-18,-0.09678119417738237,0.8159109768750678,-0.13799708501996355,0.7139080618950309,0.09678119417738235
23,0.23,3.7805671501820414e-17,0.10355070288905684,-0.8159061314304888,0.13799675803069855,-0.7139028894611861,-0.10355070288905688,-1.218059720705178e-17,-0.09644929711089188,0.8159061314304888,-0.13799675803069766,0.7139028894611861,0.09644929711089188
24,0.24,4.981663240346399e-17,0.10390921652528501,-0.8159012724336893,0.1379963979336184,-0.7138976703673037,-0.10390921652528502,2.084408248229708e-17,-0.09609078347468077,0.8159012724336893,-0.13799639793361707,0.7138976703673037,0.09609078347468077
25,0.25,4.5178682018843614e-17,0.10429631937774587,-0.815896417198915,0.13799600108727328,-0.713892418286187,-0.10429631937774589,2.961928360866193e-17,-0.09570368062222143,0.815896417198915,-0.13799600108727683,0.713892418286187,0.09570368062222144
26,0.26,3.290752357802607e-17,0.10471412172629903,-0.8158915856023273,0.13799556340343966,-0.7138871490057688,-0.10471412172629907,3.2325726731854303e-18,-0.09528587827366468,0.8158915856023273,-0.1379955634034401,0.7138871490057688,0.09528587827366465
27,0.27,5.9917976427785e-17,0.10516488010593375,-0.8158868003144245,0.13799508028795915,-0.7138818806023841,-0.10516488010593372,1.2385560812836443e-17,-0.09483511989400566,0.815886800314421,-0.13799508028796004,0.7138818806023841,0.09483511989400563
28,0.28,1.3037025095846388e-17,0.10565100654029283,-0.8158820870535602,0.13799454657333643,-0.7138766336269007,-0.10565100654029282,1.5601697314359982e-17,-0.0943489934596563,0.8158820870535638,-0.1379945465733342,0.7138766336268971,0.0943489934596563
29,0.29,5.5230622862317557e-17,0.10617507857637225,-0.8158774748623482,0.13799395644162493,-0.7138714313039727,-0.1061750785763723,-2.3009400571002798e-17,-0.0938249214235794,0.8158774748623482,-0.13799395644162626,0.7138714313039727,0.0938249214235794
30,0.3,3.7320721871188065e-17,0.10673985040106296,-0.8158729964087367,0.1379933033359243,-0.7138662997446601,-0.10673985040106299,7.493222120482906e-18,-0.09326014959891456,0.8158729964087367,-0.13799330333593096,0.7138662997446636,0.09326014959891457
31,0.31,4.1029736765942275e-17,0.10734826537925465,-0.8158686883139278,0.13799257985846103,-0.7138612681723919,-0.10734826537925468,5.3099166347474844e-17,-0.0926517346207097,0.8158686883139278,-0.13799257985846236,0.7138612681723919,0.0926517346207097
32,0.32,4.540674189766404e-17,0.1080034702991436,-0.8158645915093042,0.13799177765299986,-0.7138563691623054,-0.10800347029914366,-4.7593331470864855e-17,-0.09199652970081362,0.8158645915093042,-0.1379917776530003,0.7138563691623054,0.09199652970081365
33,0.33,5.71962011386552e-17,0.10870883130996653,-0.8158607516246416,0.13799088726962572,-0.7138516388942668,-0.1087088313099666,-3.977918225289579e-17,-0.09129116868997436,0.8158607516246416,-0.1379908872696235,0.7138516388942668,0.09129116868997433
34,0.34,1.6037838927160125e-17,0.10946795082743824,-0.8158572194098649,0.1379898980107287,-0.7138471174205931,-0.10946795082743836,2.6474049555889226e-17,-0.09053204917250585,0.8158572194098649,-0.13798989801072603,0.7138471174205896,0.09053204917250583
35,0.35000000000000003,2.726611206199681e-17,0.11028468342532403,-0.815854051192127,0.13798879775935158,-0.7138428489514808,-0.11028468342532402,-6.802505323146855e-18,-0.08971531657461998,0.815854051192127,-0.13798879775934847,0.7138428489514772,0.08971531657461997
36,0.36,9.512537579325006e-17,0.11116314693853269,-0.8158513093694043,0.13798757279467255,-0.7138388821640773,-0.11116314693853273,6.282423699565593e-17,-0.0888368530614248,0.8158513093694043,-0.137987572794677,0.7138388821640809,0.08883685306142487
37,0.37,3.767315095143078e-17,0.11210772020203906,-0.8158490577994587,0.1379862076113324,-0.7138352654107876,-0.1121077202020391,5.239693953505795e-17,-0.08789227979792306,0.8158490577994552,-0.1379862076113466,0.7138352654107982,0.08789227979792323
38,0.38,3.526359933052012e-17,0.1131230171276958,-0.8158473473085702,0.13798468476531422,-0.7138320320738827,-0.11312301712769583,-9.602025690358276e-18,-0.08687698287225637,0.8158473473085702,-0.137984684765308,0.7138320320738791,0.08687698287225644
39,0.39,-8.19189520201992e-18,0.11421385460489789,-0.8158462340373279,0.1379829847005315,-0.7138292187378616,-0.11421385460489786,3.085048138492145e-17,-0.08578614539510057,0.8158462340373315,-0.13798298470052395,0.7138292187378545,0.0857861453951005
40,0.4,1.7476807797597962e-16,0.11538520020950441,-0.8158457889032685,0.1379810856089031,-0.7138268745121699,-0.1153852002095043,7.459444086003826e-17,-0.0846147997904804,0.8158457889032685,-0.1379810856088982,0.7138268745121663,0.08461479979048034
41,0.41000000000000003,3.6761637011895303e-17,0.1166421160020006,-0.8158460984987111,0.13797896328592218,-0.7138250617846338,-0.11664211600200061,8.516061445663147e-17,-0.08335788399798441,0.8158460984987147,-0.13797896328590664,0.7138250617846231,0.08335788399798438
42,0.42,9.540634267107642e-18,0.11798974983521254,-0.8158472645957647,0.1379765908532652,-0.7138238554490299,-0.11798974983521249,1.4125466763424736e-16,-0.0820102501647962,0.8158472645957718,-0.1379765908532461,0.7138238554490157,0.08201025016479638
43,0.43,1.1561431822127404e-16,0.11943346516685438,-0.81584940377999,0.1379739380952173,-0.7138233418752065,-0.1194334651668543,-2.8025419225603644e-17,-0.0805665348332113,0.8158494037799865,-0.13797393809521774,0.7138233418752065,0.08056653483321145
44,0.44,1.6170585244345758e-16,0.12097924168767046,-0.8158526475504583,0.13797096998463954,-0.713823617535096,-0.12097924168767044,4.7414179090121314e-17,-0.07902075831235546,0.8158526475504583,-0.1379709699846302,0.7138236175350889,0.079020758312356
45,0.45,1.2921387142691175e-16,0.1226344966742475,-0.8158571430249789,0.13796764381969162,-0.7138247868446697,-0.12263449667424732,1.837923272964558e-16,-0.07736550332577778,0.8158571430249789,-0.13796764381969517,0.7138247868446732,0.0773655033257782
46,0.46,-8.56037508978278e-17,0.12440942403012187,-0.8158630543496638,0.13796390440267958,-0.7138269587523438,-0.12440942403012178,-4.2295262915662823e-17,-0.07559057596984138,0.8158630543496602,-0.13796390440268536,0.7138269587523474,0.07559057596984159
47,0.47000000000000003,-4.5946692253298017e-17,0.12631875527345163,-0.8158705648105463,0.13795967713284585,-0.7138302419433926,-0.1263187552734516,1.6508550962633242e-16,-0.07368124472654972,0.8158705648105463,-0.13795967713284718,0.7138302419433926,0.07368124472654981
48,0.48,4.416561932649144e-17,0.12838262354956356,-0.8158800628708437,0.13795406847259495,-0.7138341313434373,-0.12838262354956356,3.536700657512095e-18,-0.07161737645042177,0.8158800628708437,-0.1379540684725954,0.7138341313434373,0.0716173764504218
49,0.49,4.382385612836695e-17,0.1306296119312573,-0.8158914770034055,0.1379482392337149,-0.7138397162371191,-0.13062961193125727,1.0764377882677043e-17,-0.06937038806872166,0.8158914770034055,-0.13794823923371446,0.7138397162371191,0.06937038806872167
50,0.5,4.5883658729464447e-17,0.13309072742338132,-0.8159051582029849,0.13794160217464946,-0.7138467603776326,-0.13309072742338132,1.0233234166072487e-17,-0.06690927257659332,0.8159051582029849,-0.13794160217464946,0.7138467603776326,0.06690927257659332
51,0.51,4.0351580659163647e-17,0.1357912774947349,-0.815921396523657,0.13793391280320322,-0.7138553093268576,-0.1357912774947349,5.450571063494882e-18,-0.064208722505237,0.815921396523657,-0.13793391280320322,0.7138553093268576,0.06420872250523699
52,0.52,3.9638956748316474e-17,0.13873829597969492,-0.8159404734078041,0.13792504966480845,-0.7138655230726108,-0.13873829597969492,6.288380136881044e-18,-0.06126170402027727,0.8159404734078041,-0.137925049664808,0.7138655230726108,0.061261704020277266
53,0.53,4.257474201953828e-17,0.14192368644161626,-0.8159626795839802,0.13791494346620603,-0.7138776230501889,-0.1419236864416163,3.4565412995920046e-18,-0.05807631355835548,0.8159626795839802,-0.1379149434662056,0.7138776230501853,0.058076313558355463
54,0.54,4.193856954316193e-17,0.14532978801651247,-0.8159883224747172,0.13790355206632798,-0.7138918745410456,-0.1453297880165125,1.1199239263497152e-17,-0.054670211983457756,0.8159883224747136,-0.13790355206632798,0.7138918745410421,0.05467021198345774
55,0.55,3.8074707485062843e-17,0.1489331149707321,-0.8160177291231366,0.1378908554545034,-0.7139085845776427,-0.14893311497073214,1.254514974186859e-17,-0.0510668850292376,0.8160177291231366,-0.13789085545450297,0.7139085845776392,0.05106688502923758
56,0.56,3.902833436548271e-17,0.15270690955193728,-0.8160512483659029,0.13787685461133858,-0.7139281029772433,-0.15270690955193728,-1.958761074259404e-18,-0.04729309044803263,0.8160512483659065,-0.13787685461133858,0.7139281029772433,0.04729309044803261
57,0.5700000000000001,4.355000269827448e-17,0.15662291780714932,-0.8160892530659335,0.13786157075360272,-0.7139508238195353,-0.15662291780714932,1.156343667461393e-17,-0.043377082192820875,0.8160892530659335,-0.13786157075360272,0.7139508238195353,0.04337708219282087
58,0.58,4.837924553274996e-17,0.16065263410524033,-0.8161321425770051,0.1378450442452338,-0.7139771868222353,-0.16065263410524036,9.075830193807473e-18,-0.03934736589472893,0.8161321425770051,-0.13784504424523336,0.7139771868222353,0.03934736589472894
59,0.59,3.5232650117463655e-17,0.16476816923642323,-0.816180345469797,0.1378273330777683,-0.7140076785475684,-0.16476816923642326,1.5552964931808926e-17,-0.0352318307635463,0.816180345469797,-0.1378273330777683,0.7140076785475684,0.03523183076354629
60,0.6,3.908915995613121e-17,0.16894284487743066,-0.8162343225137302,0.13780851098167768,-0.7140428334954065,-0.16894284487743066,1.0615588114301709e-17,-0.03105715512254012,0.8162343225137302,-0.13780851098167768,0.7140428334954065,0.031057155122540092
61,0.61,3.199519001873072e-17,0.17315158587832508,-0.8162945698994309,0.13778866527489664,-0.7140832351743298,-0.1731515858783251,8.311905633267024e-18,-0.026848414121645486,0.8162945698994309,-0.13778866527489664,0.7140832351743298,0.02684841412164546
62,0.62,5.153371800288166e-17,0.17737116194735242,-0.8163616226861353,0.13776789456310568,-0.7141295172492419,-0.17737116194735245,6.840317208947645e-18,-0.02262883805261888,0.8163616226861353,-0.13776789456310568,0.7141295172492419,0.022628838052618866
63,0.63,3.674891207691817e-17,0.18158031701506128,-0.8164360584607283,0.1377463063988157,-0.714182364859544,-0.18158031701506133,6.552952074687737e-18,-0.018419682984909536,0.8164360584607283,-0.1377463063988157,0.714182364859544,0.01841968298490952
64,0.64,4.5603614828336305e-17,0.1857598152385019,-0.8165185011998634,0.13772401499127407,-0.7142425161911397,-0.18575981523850194,1.2459296308677853e-17,-0.01424018476146896,0.8165185011998634,-0.13772401499127407,0.7142425161911397,0.014240184761468919
65,0.65,3.5090396201145964e-17,0.18989242581658794,-0.8166096253316023,0.1377011390410955,-0.7143107643726956,-0.18989242581658794,4.97646589238288e-18,-0.010107574183382664,0.8166096253316023,-0.1377011390410955,0.7143107643726956,0.010107574183382637
66,0.66,4.4853592159292625e-17,0.19396286369628302,-0.8167101599983556,0.13767779975498018,-0.7143879597533327,-0.19396286369628302,8.57733607545949e-18,-0.006037136303687199,0.8167101599983556,-0.13767779975498018,0.7143879597533327,0.006037136303687171
67,0.67,3.6337358715583574e-17,0.19795769935223817,-0.8168208935279299,0.13765411907868563,-0.7144750126066142,-0.19795769935223817,4.543041640243071e-18,-0.002042300647732115,0.8168208935279299,-0.13765411907868608,0.7144750126066142,0.002042300647732087
68,0.68,4.003965036242885e-17,0.20186524779852827,-0.8169426781238985,0.1376302181713479,-0.7145728962952425,-0.2018652477985283,1.0363695620683289e-17,0.0018652477985582339,0.8169426781238985,-0.1376302181713479,0.7145728962952425,-0.0018652477985582755
69,0.6900000000000001,4.294148256262963e-17,0.2056754446242634,-0.8170764347905265,0.1376062161317516,-0.714682650922279,-0.20567544462426346,4.820707735769958e-18,0.005675444624292772,0.8170764347905265,-0.13760621613175117,0.714682650922279,-0.0056754446242928275
70,0.7000000000000001,3.76067675127369e-17,0.2093797149832874,-0.817223158510875,0.13758222897731953,-0.7148053874881959,-0.20937971498328745,8.146452979322306e-18,0.009379714983315954,0.817223158510875,-0.13758222897731998,0.7148053874881959,-0.00937971498331601
71,0.71,3.3851332278294246e-17,0.21297084000086683,-0.8173839236994357,0.1375583688691836,-0.7149422925686202,-0.21297084000086686,2.799704475602736e-18,0.012970840000895614,0.8173839236994357,-0.1375583688691836,0.7149422925686202,-0.012970840000895642
72,0.72,3.6799229352816657e-17,0.21644282390382358,-0.817559889953171,0.13753474357154272,-0.7150946335247119,-0.21644282390382363,4.679837248097301e-18,0.016442823903851975,0.817559889953171,-0.13753474357154272,0.7150946335247119,-0.01644282390385203
73,0.73,3.46762261127519e-17,0.21979076427067745,-0.8177523081266723,0.13751145613027715,-0.7152637642569508,-0.21979076427067748,9.742546103066912e-18,0.0197907642707061,0.8177523081266723,-0.13751145613027715,0.7152637642569508,-0.019790764270706127
74,0.74,3.365891553178409e-17,0.2230107270849868,-0.8179625267589198,0.13748860475407698,-0.7154511315129972,-0.2230107270849868,1.1765557812630091e-17,0.023010727085016294,0.8179625267589198,-0.13748860475407654,0.7154511315129972,-0.023010727085016322
75,0.75,3.4674639928694254e-17,0.22656530832635252,-0.8181282345225444,0.13773842004854642,-0.7158666545710886,-0.22656530832635255,1.620569048992826e-17,0.02609962771847904,0.8181919988804235,-0.13746628288098794,0.7156582817614114,-0.02609962771847904
76,0.76,4.2948504788861093e-17,0.23194011314911558,-0.8180820104823293,0.13897549578099888,-0.7170575062633282,-0.23194011314911564,1.694611985110161e-17,0.029055118539023483,0.818442289230867,-0.13744457941387156,0.7158868686447426,-0.029055118539023483
77,0.77,5.700598074675511e-17,0.24031612386815462,-0.8177841432501839,0.14135396982844972,-0.7191381130786332,-0.24031612386815468,1.6423083209622776e-17,0.031875483507785546,0.8187150819184384,-0.13742357910966707,0.7161386610281055,-0.031875483507785546
78,0.78,4.602026141528338e-17,0.25303119488464454,-0.8172284601086705,0.1448705528195423,-0.7220990129282128,-0.25303119488464454,1.9502746628775207e-17,0.03455953987715338,0.8190121885530718,-0.13740336310933643,0.7164155516624091,-0.034559539877153406
79,0.79,3.417975004473723e-17,0.2721562817047187,-0.8164175997912767,0.1494735949502758,-0.7258911947415512,-0.2721562817047187,1.1987142241465551e-17,0.03710654691365714,0.8193355568870412,-0.13738400959776842,0.7167195664848065,-0.03710654691365714
80,0.8,-3.894632921940423e-17,0.29715628170471875,-0.8153602832861441,0.15508010512974935,-0.7304403884158908,-0.29715628170471864,9.008013968516897e-18,0.03951612143113614,0.819687279997333,-0.13736559458562836,0.7170528745829627,-0.039516121431136114
81,0.81,-1.4616637695661291e-16,0.3221562817047187,-0.8140757574437397,0.16156486413535387,-0.7356406215790918,-0.32215628170471844,3.748791349142961e-18,0.04178815982058395,0.8200696060457499,-0.13734819280811428,0.7174177988538637,-0.04178815982058395
82,0.8200000000000001,-5.414924924469278e-16,0.34715628170471874,-0.8120944940172566,0.1687055870983133,-0.7408000811155708,-0.34715628170471835,2.2384586728062817e-18,0.04392276619487806,0.8204849486539533,-0.13733187873868424,0.7178168273926366,-0.04392276619487809
83,0.8300000000000001,6.17050385186877e-15,0.37215628170471815,-0.8089708487979311,0.17592529822514946,-0.7448961470230748,-0.3721562817047184,3.4993196929815054e-18,0.04592018622220548,0.8209358979324196,-0.13731672771908443,0.7182526256515032,-0.04592018622220545
84,0.84,2.398674951011707e-15,0.3971562817047183,-0.8052848020802205,0.1807697841682937,-0.7460545862485133,-0.3971562817047184,1.4476826695278597e-17,0.04778074619617262,0.8214252322033929,-0.1373028172104186,0.71872804941381,-0.047780746196172647
85,0.85,2.2472626972495833e-15,0.37215628170471815,-0.7968074754243207,0.1990822391227095,-0.755889714547036,-0.3721562817047185,1.6395047359192775e-17,0.04950479687893494,0.8219559304589811,-0.13729022817348746,0.7192461586324668,-0.04950479687893497
86,0.86,4.757421570641797e-16,0.34715628170471813,-0.7893279784958313,0.20969145873924433,-0.7590194372350765,-0.34715628170471846,6.7897764069601215e-18,0.05109266165332335,0.8225311855945857,-0.13727904659029833,0.7198102321848849,-0.051092661653323324
87,0.87,-1.9256339061087604e-17,0.3221562817047182,-0.7809862818999501,0.2197532556329006,-0.7607395375328507,-0.32215628170471844,6.676965234586793e-18,0.05254458852862548,0.8231544184551726,-0.13726936514244648,0.7204237835976186,-0.05254458852862545
88,0.88,4.167674777796314e-17,0.2971562817047182,-0.7716502613741066,0.23007246570148354,-0.7617227270755946,-0.2971562817047184,-6.61122668492458e-18,0.05386070556076472,0.8238292927257166,-0.13726128506604118,0.7210905777917573,-0.05386070556076469
89,0.89,4.21916733090657e-17,0.2721562817047182,-0.7614290950194703,0.24056763074076903,-0.7619967257602389,-0.27215628170471845,-1.0827484113593983e-17,0.055040979269618234,0.8245597306881695,-0.13725491820703317,0.7218146488952022,-0.055040979269618234
90,0.9,5.65195465858498e-17,0.2471562817047182,-0.7504555935077103,0.25106779564840986,-0.7615233891561188,-0.24715628170471846,1.94054824610461e-17,0.05608517566160734,0.8253499298572083,-0.13725038930526268,0.7226003191624719,-0.056085175661607395
91,0.91,3.7784544344974046e-17,0.2221562817047182,-0.7388575825007965,0.2614128166400663,-0.7602703991408659,-0.22215628170471846,1.5852247863795844e-17,0.05699282349024734,0.8262043805017046,-0.1372478385403949,0.7234522190420996,-0.05699282349024734
92,0.92,3.234841929444528e-17,0.19715628170471822,-0.7267555037848058,0.2714578487660898,-0.7582133525508978,-0.19715628170471847,2.3102005533322165e-17,0.0577631794030789,0.8271278840689728,-0.13724742437842485,0.7243753084473972,-0.05776317940307893
93,0.93,2.9574538409282866e-17,0.17215628170471825,-0.7142625388766933,0.281069632067776,-0.7553321709444716,-0.17215628170471847,1.432187818506006e-17,0.058395194618659496,0.8281255725711044,-0.1372493267639846,0.7253748993350881,-0.058395194618659496
94,0.9400000000000001,3.8246495214845893e-17,0.14715628170471828,-0.70148453004055,0.2901246174220412,-0.751609147462593,-0.14715628170471848,3.0718750009932757e-18,0.058887482736846464,0.8292029290866775,-0.13725375071196855,0.726456679798646,-0.058887482736846436
95,0.9500000000000001,3.371167507482346e-17,0.12215628170471829,-0.6885197230810408,0.2985087432877892,-0.7470284663688296,-0.12215628170471847,-1.937466538509779e-18,0.059238288195961025,0.8303658096919203,-0.13726093036274778,0.7276267400546685,-0.05923828819596105
96,0.96,5.233612182534908e-17,0.09715628170471831,-0.6754585215668182,0.30611804648996854,-0.7415765680567872,-0.09715628170471846,1.1267267828928923e-17,0.05944545474929144,0.8316204673563884,-0.13727113357927634,0.7288916009356661,-0.05944545474929144
97,0.97,4.0468150070708544e-17,0.07215628170471833,-0.6623833555458499,0.3128596182133526,-0.7352429737592003,-0.07215628170471847,-5.632157791473145e-18,0.05950639316893233,0.8329735785637428,-0.13728466718166488,0.7302582457454085,-0.05950639316893233
98,0.98,4.61537375991176e-17,0.04715628170471838,-0.6493687097750548,0.31865264850096253,-0.7280213582760182,-0.04715628170471847,-8.80417054259542e-18,0.05941804728027661,0.8344322735083488,-0.13730188293362178,0.7317341564419713,-0.05941804728027664
99,0.99,3.6219333775745015e-17,0.029693555246289305,-0.6364813304044513,0.3234294179885514,-0.7199107483930063,-0.029693555246289374,3.366554437852473e-17,0.05917685755113791,0.8360041704155073,-0.1373231844101147,0.7333273548256236,-0.05917685755113791
100,1.0,2.8930337231372003e-17,0.0216914030873384,-0.6237806181414288,0.327136151389552,-0.7109167695309799,-0.02169140308733844,7.921323541383832e-18,0.05877872206710885,0.8376974134573746,-0.1373490348755967,0.7350464483329744,-0.05877872206710891
101,1.01,4.859604438929595e-17,0.01809864929377923,-0.6113192101607946,0.32973367687972444,-0.7010528870405159,-0.018098649293779273,-1.6106495231205216e-17,0.05821895614735509,0.8395207114523348,-0.13737996626906368,0.7369006777213953,-0.05821895614735509
102,1.02,4.783911870529275e-17,0.016405879214765995,-0.5991437476495146,0.3311978544384294,-0.6903416020879454,-0.016405879214766037,6.851748437093942e-18,0.05749225437355443,0.8414833707523864,-0.1374165893021312,0.738899960054519,-0.05749225437355443
103,1.03,4.5074752140760527e-17,0.015361691278720987,-0.5872958190084613,0.3315197510817335,-0.6788155700901952,-0.015361691278721029,9.630125481847751e-18,0.0565926624003103,0.8435953106948492,-0.1374596045084392,0.7410549152032906,-0.05659266240031033
104,1.04,3.920233277274639e-17,0.014330996133718035,-0.575813056500004,0.3307055550867989,-0.6665186115868038,-0.014330996133718077,6.184040397238473e-18,0.055513572620272206,0.8458670400418394,-0.1375098137069558,0.7433768537487935,-0.055513572620272206
105,1.05,3.743478102494691e-17,0.012972992104003947,-0.5647303570769547,0.3287762344566404,-0.6535065915335969,-0.012972992104004002,-1.6876927619707844e-17,0.054247760613936796,0.8483095719501083,-0.13756813104691645,0.745877702997022,-0.05424776061393685
106,1.06,3.630031635709557e-17,0.011077377998745377,-0.5540812340631202,0.32576695046645565,-0.639848184529574,-0.011077377998745419,-2.042558567127749e-17,0.05278745057084541,0.8509343105187429,-0.13763559404877068,0.7485699045675118,-0.05278745057084541
107,1.07,3.3476795870737063e-17,0.008477448985213645,-0.5438992523440557,0.3217262550327763,-0.6256255073768293,-0.0084774489852137,1.0734008827279498e-17,0.05112442073986603,0.8537528845680004,-0.1377133735244792,0.7514662580924791,-0.05112442073986603
108,1.08,4.243192130673254e-17,0.004998190397397642,-0.5342195672011779,0.31671510006356807,-0.6109346672647411,-0.004998190397397684,1.1267206493144452e-17,0.04925011295809795,0.8567770002888554,-0.13780278393850154,0.7545797842273543,-0.04925011295809792
109,1.09,2.6342344005690253e-17,0.0004161391172726736,-0.525080657163394,0.31080568253569674,-0.5958863396990934,-0.00041613911727271524,7.171714049929786e-18,0.047155645646864947,0.8600184781276329,-0.13790529985777555,0.7579237779854089,-0.047155645646864947
110,1.1,4.110584822824163e-17,-0.005585061036013639,-0.5165264298480717,0.3040801422466509,-0.5806065720947244,0.005585061036013611,6.939068738965429e-18,0.04483154857125349,0.8634897449163016,-0.13802259068901945,0.7615123356053224,-0.04483154857125354
111,1.11,5.253537174152829e-17,-0.013480617050671828,-0.5086089757356308,0.2966291315417112,-0.5652381072773429,0.0134806170506718,9.097035706739505e-18,0.04226695262389077,0.8672051501996921,-0.1381565950906879,0.7653617452903787,-0.04226695262389077
112,1.12,6.252909402201208e-17,-0.024020955963397997,-0.501392282689694,0.28855032606645514,-0.5499426087561523,0.024020955963397955,1.7173549183476472e-17,0.039447929551387845,0.8711834806563389,-0.13830966552133683,0.7694931461776746,-0.039447929551387845
113,1.1300000000000001,4.0855406457904736e-17,-0.03846219742085277,-0.49495708932697824,0.27994713797888526,-0.5349042273058635,0.0384621974208528,1.583116171961685e-17,0.036354779083516364,0.8754518173371196,-0.13848481511484734,0.773936632451965,-0.036354779083516364
114,1.1400000000000001,3.903192936284672e-17,-0.05907681204810908,-0.4894065966815947,0.27092848588191976,-0.520335082563514,0.05907681204810908,4.750419316695514e-18,0.0329584450132126,0.8800502237110958,-0.13868607944647693,0.77873630315757,-0.0329584450132126
115,1.1500000000000001,1.0854712887579303e-17,-0.08407681204810907,-0.484871899197839,0.26161234917321485,-0.506484248371057,0.08407681204810907,-5.229444747310388e-18,0.029217071752631912,0.8850354700624664,-0.1389189425866061,0.7839544126490714,-0.029217071752631885
116,1.16,1.2737670253179249e-17,-0.10907681204810907,-0.4815153046811541,0.25214315251416475,-0.49365845719531753,0.10907681204810904,9.70928186527721e-18,0.02507510537603866,0.8904800109502534,-0.1391906407880127,0.7896706517382639,-0.02507510537603863
117,1.17,-1.3501653465001488e-15,-0.13407681204810892,-0.4795343899629724,0.24277504563360452,-0.48230943559657424,0.13407681204810903,1.2402841073067197e-17,0.02046922200075499,0.8964599999614197,-0.13950991832534065,0.7959699182867594,-0.02046922200075499
118,1.18,1.6091150550533605e-14,-0.1590768120481085,-0.47923929708045165,0.2344913001968042,-0.4737305972772581,0.15907681204810906,7.953587432749786e-18,0.015347228263319329,0.903024187807561,-0.13988546088968168,0.8029096486972427,-0.015347228263319357
119,1.19,-2.1237427281360175e-15,-0.1340768120481087,-0.4794551885192365,0.2200203235115944,-0.45947551203083625,0.13407681204810903,1.687829306908887e-17,0.00969356276898864,0.9101594468252269,-0.14032337179539234,0.8104828186206183,-0.009693562768988667
120,1.2,-4.772976159692029e-16,-0.10907681204810868,-0.4822421822446624,0.21083366017054683,-0.45307584241521104,0.10907681204810904,2.8065223475659916e-18,0.0035231656544654627,0.9178184269213868,-0.14082787646655837,0.8186463033879483,-0.0035231656544654766
121,1.21,1.7159090424232585e-16,-0.08407681204810871,-0.48678429670181445,0.20200808502203726,-0.44879238172385305,0.08407681204810905,4.169363911753481e-18,-0.0031295742827774364,0.9259397509787678,-0.1414019448699665,0.8273416958487352,0.0031295742827774226
122,1.22,4.025735353765232e-17,-0.059076812048108746,-0.4929633171009452,0.1934395704777777,-0.44640288757872204,0.05907681204810905,5.783165806045909e-18,-0.010218224282000879,0.9344556605148898,-0.14204738788685856,0.8365030484017466,0.010218224282000865
123,1.23,4.161789131132058e-17,-0.03407681204810878,-0.5000374826025303,0.18548740581303857,-0.44552488841556714,0.034076812048109056,8.135470415684902e-18,-0.017689360372579996,0.9432961405123886,-0.14276486566627666,0.8460610061786631,0.017689360372579996
124,1.24,4.109189959235149e-17,-0.009076812048108812,-0.5077233539874096,0.17837112191149063,-0.4460944758989007,0.009076812048109062,-2.1084120232032625e-18,-0.02548609553955236,0.9523916531746409,-0.1435539081023528,0.8559455612769944,0.02548609553955236
125,1.25,4.02780836559371e-17,0.01592318795189114,-0.5159404260691015,0.17222247116166456,-0.44816289723076386,-0.015923187951890933,1.0042483858760088e-17,-0.03355057581543028,0.9616750537359354,-0.1444129668451858,0.8660880205811217,0.033550575815430264
126,1.26,4.3467550761006366e-17,0.040923187951891093,-0.5246376134537744,0.16713604006904348,-0.4517736535228152,-0.040923187951890934,7.574984723264052e-18,-0.04182575079315515,0.9710829188755749,-0.14533949867278662,0.8764224175483633,0.041825750793155134
127,1.27,4.960360128879355e-17,0.06592318795189103,-0.5337588452172258,0.1631834291213795,-0.4569422743386027,-0.06592318795189094,1.2896319604508302e-17,-0.050256618561153474,0.980556426591236,-0.14633007441847223,0.8868865010097067,0.050256618561153474
128,1.28,3.763604829471665e-17,0.09092318795189097,-0.5432364741995929,0.16041720139931848,-0.46365367559891046,-0.09092318795189094,7.290410232409532e-18,-0.05879108147929812,0.990041889680911,-0.14738050597075747,0.897422395651668,0.05879108147929811
129,1.29,-4.722783590760095e-17,0.10747705896248505,-0.5529448655127719,0.15860590502690697,-0.47155077053967664,-0.10747705896248522,1.0775038009035493e-17,-0.06738007575338076,0.9994907532000791,-0.14848647096894185,0.9079772241690178,0.06738007575338076
130,1.3,9.037008332241924e-17,0.11144884148264153,-0.562694334024962,0.157060607853985,-0.47975494187894574,-0.11144884148264171,1.3580921727343217e-16,-0.0759797258753521,1.008860839052578,-0.14964151785319324,0.9185023569057633,0.07597972587535215
131,1.31,6.422383601248718e-18,0.10916552138626662,-0.5724106077385517,0.15561885629621364,-0.48802946403476843,-0.10916552138626673,3.678448786483606e-17,-0.08454876229272446,1.018114351762617,-0.15084067832488934,0.928955030087502,0.08454876229272454
132,1.32,4.357355189849441e-17,0.10380690756759461,-0.5820511782377987,0.15425102092070253,-0.4963021991585008,-0.10380690756759471,9.910051332413991e-18,-0.09305023427188483,1.0272189656342379,-0.15207824012086235,0.9392972057551012,0.09305023427188487
133,1.33,3.4628359493056456e-17,0.09697726100775395,-0.5915831365863166,0.15295302772440655,-0.5045361643107227,-0.096977261007754,3.4773050538368073e-17,-0.10145130991194894,1.0361473280150912,-0.15334829419297924,0.9494956222080737,0.10145130991194896
134,1.34,2.8137319760550604e-17,0.08949120847300404,-0.600978619099526,0.15172502942622323,-0.5127036485257519,-0.08949120847300411,-1.0239215946347581e-17,-0.10972307698676724,1.044876692206949,-0.1546449292559312,0.9595216214628812,0.10972307698676725
135,1.35,2.921633817637534e-17,0.08176681384020534,-0.6102137473388157,0.1505672623790143,-0.5207810097178274,-0.08176681384020537,5.3461399865377637e-17,-0.11784032888969562,1.0533885565388852,-0.1559623444747712,0.9693509010136565,0.1178403288896956
136,1.36,4.0202329540247955e-17,0.07402265258408548,-0.6192681771851812,0.14947840908218135,-0.5287465862673613,-0.07402265258408552,8.478713663765696e-18,-0.12578091878085124,1.0616689038743496,-0.15729402000556558,0.9789629238799136,0.1257809187808512
137,1.37,4.178077668279489e-17,0.06637527391221894,-0.6281250949211891,0.14845861754986223,-0.5365837124710509,-0.06637527391221898,1.0208073578592752e-17,-0.13352651177023558,1.069705849571002,-0.1586358031083691,0.9883416526793716,0.13352651177023556
138,1.3800000000000001,4.184358630005422e-17,0.058889401204734085,-0.6367706651906043,0.14750597230478057,-0.5442766374953876,-0.058889401204734126,1.2352615262211686e-17,-0.14106149163647907,1.0774916223467566,-0.15998237502887724,0.9974739973756335,0.14106149163647907
139,1.3900000000000001,3.9743770873692343e-17,0.05160245816456241,-0.6451939514036066,0.1466183469199579,-0.5518122983235627,-0.05160245816456245,1.2537364221580861e-17,-0.14837298825603162,1.0850210965493199,-0.1613290188658395,1.006350115415157,0.14837298825603162
140,1.4000000000000001,4.1140693375268384e-17,0.044537103153161,-0.653386664991822,0.1457933096780667,-0.5591799746698896,-0.04453710315316104,9.918365978864878e-18,-0.15545062005712293,1.0922915921722387,-0.16267145390238424,1.0149630460746206,0.15545062005712293
141,1.41,4.191283728417822e-17,0.03770761834976377,-0.661342934210052,0.14502817552687486,-0.5663711097369286,-0.037707618349763806,4.641390235522912e-19,-0.16228624325536786,1.0993025957381493,-0.1640058159346115,1.0233084116727593,0.16228624325536786
142,1.42,4.229175139779608e-17,0.03112322058497126,-0.6690590836533633,0.14432007789569046,-0.5733791615490538,-0.0311232205849713,1.5598360233832766e-17,-0.16889589686242196,1.106033734210901,-0.1653579176908454,1.0313916519017472,0.16889589686242196
143,1.43,3.4685055494671556e-17,0.02478982651091924,-0.6765334242916136,0.14366603564772362,-0.5801994599393381,-0.024789826510919294,3.0720499842445454e-18,-0.17583895941226135,1.111999082647256,-0.16737136820138698,1.0393704508486412,0.17583895941226135
144,1.44,2.6088256503299017e-17,0.01871103797945141,-0.6837660550997394,0.1430630108980494,-0.586829065997788,-0.018711037979451478,6.864424584008643e-18,-0.18386622985263013,1.1168948763749613,-0.17042112356765504,1.0473159999426163,0.1838662298526301
145,1.45,4.6515472413399686e-17,0.012888730347704894,-0.6907586772443973,0.14250795758077495,-0.5932666348251749,-0.01288873034770495,-3.4178129991740105e-18,-0.193804568116748,1.1206633480328891,-0.17455297054449048,1.0552163185773769,0.193804568116748
146,1.46,4.1572842099055026e-17,0.0073234350467931975,-0.6975144214574921,0.1419978615046139,-0.5995122829621073,-0.007323435046793253,1.2505783724550979e-17,-0.20682833944101262,1.1233130341941733,-0.17973495182793686,1.0630479860221105,0.2068283394410126
147,1.47,4.5906250454184774e-17,0.002014612206406599,-0.7040376889115773,0.14152977280352952,-0.6055674617151054,-0.0020146122064066685,-1.7150499863695413e-17,-0.22493281046001917,1.1248833660219306,-0.1859065917727888,1.0707899577947206,0.22493281046001923
148,1.48,3.914324703726237e-17,-0.0030391385305289648,-0.7103340056489006,0.14110083169839804,-0.6114348373472978,0.0030391385305289093,-2.0824405197601208e-17,-0.24993281046001922,1.1254395823396885,-0.1929852620139504,1.0784248443536388,0.24993281046001922
149,1.49,4.3857237175055963e-17,-0.007839904615705023,-0.7164098904052639,0.14070828844910122,-0.6171181788543634,0.007839904615704954,-5.263810096108223e-17,-0.27493281046001916,1.1248624074312952,-0.2008025527131917,1.0856649601444854,0.2749328104600192
150,1.5,4.1416401738918884e-17,-0.012390312053943434,-0.7222727355066186,0.14034951832164266,-0.6226222538282555,0.012390312053943378,9.119095475283343e-16,-0.2999328104600192,1.122008309940349,-0.20882399877337898,1.0908323087137266,0.29993281046001896
151,1.51,3.8034943850326494e-17,-0.016693395010653284,-0.7279307003930643,0.14002203233125565,-0.6279527327243186,0.016693395010653242,-9.666375771714579e-17,-0.3249328104600192,1.1170922616195869,-0.21616304099605765,1.093255302615643,0.3249328104600189
152,1.52,2.5112019406214995e-17,-0.02075247978022915,-0.7333926172359401,0.13972348445498695,-0.6331161016909248,0.020752479780229094,1.3165366494161148e-16,-0.2999328104600192,1.1056411677363487,-0.2286893607645749,1.0943305285009235,0.29993281046001896
153,1.53,4.431122023839249e-17,-0.024571080775976972,-0.7386679080523574,0.1394516759391854,-0.6381195839915406,0.024571080775976917,1.200382183353348e-15,-0.27493281046001916,1.0951752093407245,-0.23677556983402115,1.091950779174746,0.27493281046001894
154,1.54,3.700840623639519e-17,-0.0281528069285554,-0.7437665126830463,0.13920455726096537,-0.6429710699440121,0.028152806928555374,8.441583332697024e-18,-0.24993281046001922,1.082458369479249,-0.24484734370697192,1.087305713186223,0.24993281046001894
155,1.55,4.521148578555778e-17,-0.031501277253831145,-0.7486988269773757,0.13898022823979084,-0.6476790552171692,0.03150127725383109,-2.5125310725119793e-17,-0.22493281046001917,1.0676111738753677,-0.2529650566482814,1.0805762305236517,0.22493281046001895
156,1.56,3.4788625031894215e-17,-0.03462004455530657,-0.7534756505203762,0.13877693673673452,-0.6522525872571108,0.03462004455530651,1.266953813779005e-17,-0.1999328104600192,1.0509250686051255,-0.26096508447117694,1.0718901530763045,0.19993281046001898
157,1.57,3.2701465571793755e-17,-0.037512526350761105,-0.7581081432365383,0.13859307632552664,-0.6567012195620641,0.03751252635076105,5.434055595972821e-18,-0.17493281046001918,1.032652329917764,-0.26872939024655695,1.0613817201643212,0.17493281046001902
158,1.58,5.357214352770927e-17,-0.04018194219978519,-0.7626077902137826,0.13842718327131698,-0.6610349734851027,0.04018194219978516,6.7989037010200526e-18,-0.14993281046001922,1.0130137489074835,-0.2761726786497559,1.0491864275572393,0.14993281046001905
159,1.59,6.485659473387063e-17,-0.042631256675745854,-0.7669863741112098,0.13827793311030379,-0.6652643072215141,0.0426312566757458,6.588180296372189e-18,-0.1249328104600192,0.9922102594736028,-0.2832253187675985,1.0354355782412032,0.12493281046001907
160,1.6,4.3560150526323297e-17,-0.04486312727482056,-0.771255954555394,0.1381441370858082,-0.6694000916412022,0.044863127274820475,1.2317211224499164e-17,-0.0999328104600192,0.9704279715507457,-0.2898256312405475,1.0202536027912903,0.0999328104600191
161,1.61,3.5047712791549546e-17,-0.04687985657901522,-0.7754288540066209,0.13802473866410614,-0.6734535926707266,0.04687985657901514,8.53938595252632e-18,-0.0749328104600192,0.9478400612405312,-0.2959169504148492,1.0037570116553787,0.07493281046001916
162,1.62,4.1930668399416064e-17,-0.048683347976114316,-0.7795176497072208,0.13791881032648912,-0.6774364600337086,0.04868334797611426,6.900662960006342e-18,-0.05923834558820673,0.9246075627260356,-0.30144671403922196,0.9860542767652567,0.05923834558820672
163,1.6300000000000001,5.162835483793204e-17,-0.050275064174678114,-0.7835351715230036,0.1378255508134264,-0.68136072233643,0.050275064174678114,1.384168315354837e-17,-0.05332031087051358,0.9008798790634539,-0.3063664355623882,0.9672463146258443,0.05332031087051357
164,1.6400000000000001,4.792803885296817e-17,-0.051655987634403266,-0.7874945057479837,0.13774428298353147,-0.6852387887315152,0.051655987634403266,1.1346884220308662e-17,-0.05184224668756919,0.8767953153619644,-0.3106320849648535,0.9474274003268177,0.05184224668756919
165,1.6500000000000001,3.27233078336194e-17,-0.0528265818901798,-0.7914090052054955,0.13767445244591558,-0.689083457651408,0.05282658189017986,1.1225252976822473e-17,-0.05221790767133351,0.8524817457371664,-0.31420465632040495,0.9266864020575709,0.05221790767133352
166,1.6600000000000001,3.31419861665341e-17,-0.05378675266553101,-0.7952923061041918,0.13761562712995146,-0.6929079332341401,0.05378675266553101,9.38787885999968e-18,-0.0532102198827326,0.8280574528401071,-0.3170507974148734,0.9051082502549774,0.053210219882732605
167,1.67,2.571521120814918e-17,-0.05453580781550191,-0.7991583518361917,0.1375674979695073,-0.6967258498056963,0.05453580781550188,1.3379102034621859e-17,-0.05423830497893803,0.8036321490271813,-0.3191434186389369,0.8827755676661169,0.054238304978938036
168,1.68,5.553526524796322e-17,-0.05507241577315336,-0.8030214228548519,0.13752988089104934,-0.7005513037458981,0.055072415773153305,1.2101782808357015e-17,-0.0550355478421114,0.7793081736703488,-0.3204622207094229,0.8597703943797739,0.05503554784211139
169,1.69,5.269384554470981e-17,-0.05539456362833156,-0.8068961695048112,0.13750272028893262,-0.7043988897937452,0.055394563628331506,8.395945255712555e-18,-0.05548129250992642,0.7551818513962419,-0.3209940964506993,0.8361759478469408,0.055481292509926415
170,1.7,3.976774526112764e-17,-0.055499518523165814,-0.81079764090594,0.13748609411764934,-0.7082837350235898,0.05549951852316576,8.215570049199304e-18,-0.05551803569422541,0.7313449871231451,-0.3207333757181471,0.8120783628412922,0.05551803569422541
171,1.71,2.2207434166885663e-17,-0.05538379968470403,-0.8147412979725789,0.13748022059357912,-0.712221518566158,0.05538379968470397,1.3029615603020468e-17,-0.05511032228354681,0.7078864642653474,-0.3196818964205318,0.7875683606858792,0.055110322283546814
172,1.72,2.1596031610438358e-17,-0.055043175178526804,-0.8187429886832592,0.13748546620794955,-0.7162284548912061,0.055043175178526776,8.520297299261163e-18,-0.054223497703768976,0.684893898854214,-0.317848899334933,0.7627427981891457,0.054223497703768976
173,1.73,1.2566699900492275e-17,-0.05447270033350454,-0.8228188628716967,0.1375023543298003,-0.7203212172014957,0.054472700333504515,7.272336136742615e-18,-0.05281124924313439,0.6624552953532233,-0.31525075968275884,0.7377060550359835,0.0528112492431344
174,1.74,7.94521045693882e-17,-0.05366678578331774,-0.8269852596098534,0.13753157395255589,-0.7245168335624057,0.05366678578331771,3.545575791463492e-18,-0.05080602446742023,0.6406606883550278,-0.3119105787473103,0.7125712671023385,0.05080602446742024
175,1.75,2.409527341958975e-18,-0.052619306160504614,-0.8312585425814351,0.13757398774789842,-0.7288325303293326,0.052619306160504586,6.114003806405116e-18,-0.04810859450362262,0.6196037048413042,-0.30785767280769794,0.6874613776489986,0.04810859450362263
176,1.76,6.416925134037501e-17,-0.051323713091221246,-0.8356549552889706,0.13763063981689705,-0.7332855951058668,0.051323713091221246,1.4958504757445016e-17,-0.04457346489611791,0.5993830555815772,-0.30312700063120845,0.6625100562127861,0.044573464896117916
177,1.77,7.045992382164413e-17,-0.04977305106697699,-0.8401906620225478,0.1377027668796892,-0.7378934289022339,0.04977305106697702,3.0870085391391693e-18,-0.03998575744300227,0.580104043593953,-0.2977585650536613,0.6378626086476173,0.03998575744300228
178,1.78,4.272990831152877e-17,-0.047959693289951755,-0.8448822465053328,0.13779182281215852,-0.7426740693174891,0.047959693289951755,2.440990224450196e-18,-0.0340219277000806,0.5618802759045362,-0.2917968122654405,0.6136770881699767,0.034021927700080584
179,1.79,7.718876409810657e-18,-0.04587452932162739,-0.8497480383207378,0.1378995357503846,-0.7476475740711215,0.04587452932162733,1.2749428759019998e-17,-0.02617888962572136,0.5448358692914691,-0.2852900480015129,0.5901259172929847,0.026178889625721347
180,1.8,4.297163275393609e-17,-0.04350529831381503,-0.8548106420104532,0.1380280274243103,-0.7528386694347637,0.04350529831381497,3.968724102626915e-18,-0.01563691792796064,0.529108484745252,-0.2782899376587028,0.5673984224039557,0.015636917927960653
181,1.81,2.6900119280510025e-17,-0.0408338654815521,-0.8601008135297948,0.13818002951030295,-0.7582808430401022,0.040833865481552045,-8.152790962165003e-18,-0.0009696742335885689,0.5148533983756681,-0.2708513775522131,0.5457047759278821,0.0009696742335885689
182,1.82,2.336290806056645e-17,-0.03783262652414268,-0.8656621695597878,0.13835921821002917,-0.7640213877698137,0.037832626524142626,1.380793469235026e-17,0.02054674093105449,0.5022483894757289,-0.26303377390460947,0.5252821633803406,-0.02054674093105452
183,1.83,4.8976808427997275e-17,-0.034461059568579505,-0.8715549283816958,0.13857063370692668,-0.7701255620886243,0.03446105956857945,-1.269862253153022e-16,0.045546740931054486,0.49149853452244685,-0.25490744541938615,0.5064059799418366,-0.045546740931054486
184,1.84,6.092665389632344e-17,-0.030664842947587145,-0.8778548858456158,0.13882102473538283,-0.7766759105809995,0.03066484294758709,3.4836307202122675e-16,0.07054674093105415,0.48284037838150795,-0.24658157014983673,0.489421948531342,-0.07054674093105448
185,1.85,4.627593109363801e-17,-0.02638184112944303,-0.8846413898858297,0.1391187263881527,-0.7837601162739829,0.026381841129443,-5.136150082864679e-16,0.09554674093105392,0.4765609794266342,-0.23837148473917813,0.4749324641658119,-0.09554674093105447
186,1.86,3.256977881840242e-17,-0.021561121735736793,-0.8919661324481406,0.13947232686627864,-0.7914384593144148,0.021561121735736752,-4.589897441582101e-16,0.07054674093105393,0.4718002872288639,-0.2244343475896461,0.4562346348185051,-0.07054674093105448
187,1.87,3.133683848547266e-17,-0.01618857309814567,-0.8998185615283215,0.13988832428975917,-0.7997068858180767,0.01618857309814563,-3.285161318614834e-15,0.04554674093105396,0.4709955889301344,-0.21721976792934206,0.44821535685947245,-0.04554674093105446
188,1.8800000000000001,4.2776018637044194e-17,-0.010280700683014177,-0.9081536532915716,0.1403715115378038,-0.8085251648293776,0.010280700683014149,5.904672248106521e-17,0.02054674093105402,0.47284855602128417,-0.20898597581424527,0.44183453183552635,-0.020546740931054464
189,1.8900000000000001,4.458796977685538e-17,-0.003873484401808916,-0.9169121884344636,0.14092540789210306,-0.8178375963265636,0.0038734844018088743,5.034903138192091e-17,-0.004453259068945947,0.47756636926608664,-0.20033783778877823,0.4379042070548649,0.004453259068945545
190,1.9000000000000001,4.0164709989623704e-17,0.0029850861863150724,-0.926028430211134,0.14155229620567245,-0.8275807264168029,-0.002985086186315114,1.8264473591927863e-18,-0.0294532590689459,0.48429743317596163,-0.19192829373729403,0.4362257269132548,0.029453259068945525
191,1.9100000000000001,4.441154480758616e-17,0.010240104080843054,-0.9354342689239071,0.14225321220071285,-0.8376874811246195,-0.010240104080843096,9.260030252445914e-18,-0.05445325906894586,0.4918863195231086,-0.18423608354401833,0.43612240306712513,0.05445325906894553
192,1.92,3.401004136959252e-17,0.017833297842201112,-0.945061970949504,0.14302796207358492,-0.8480899330230875,-0.017833297842201154,1.3542856523006909e-17,-0.07945325906894579,0.500085283314193,-0.17745194202420989,0.4375372253384042,0.07945325906894553
193,1.93,4.302408645559326e-17,0.025705541858094094,-0.9548461073626849,0.14387517983268217,-0.8587212871953631,-0.025705541858094136,9.478534508219946e-18,-0.10445325906894572,0.5088161595665365,-0.17168849481803028,0.4405046543845663,0.10445325906894552
194,1.94,3.9324104692835724e-17,0.033798633149320134,-0.9647248931964939,0.14479242039274676,-0.8695173135892396,-0.03379863314932016,7.539665290679547e-18,-0.12945325906894564,0.5180232428229533,-0.16702747250883043,0.44505071533178286,0.12945325906894553
195,1.95,4.315820647390779e-17,0.04205653678781091,-0.9746410763499266,0.145776280352382,-0.8804173567023077,-0.04205653678781094,1.0056367587926163e-17,-0.13968572855473466,0.5276439871578492,-0.16353041262731527,0.4511743997851645,0.1396857285547346
196,1.96,4.3608501638287685e-17,0.050426237949561865,-0.9845424783928759,0.14682253751535745,-0.8913650159082294,-0.0504262379495619,6.551693559675344e-18,-0.14044489472169608,0.5375979161546037,-0.16121140729276917,0.45880932344737024,0.14044489472169605
197,1.97,4.136598766262914e-17,0.05885829858013383,-0.9943822675724451,0.1479263006317556,-0.9023085682041994,-0.05885829858013387,7.831982495874464e-18,-0.13657726775548085,0.5476819140810544,-0.15944020883673293,0.46712212291778377,0.13657726775548085
198,1.98,3.725100901555689e-17,0.06730708373056837,-1.0041187612266684,0.14908263769227725,-0.9132013989189445,-0.06730708373056843,-1.2617499089680452e-17,-0.13041069943719602,0.5577669313265378,-0.15783130108922727,0.4755982324157677,0.13041069943719602
199,1.99,6.263387726067088e-17,0.07573140045553652,-1.0137165090744071,0.1502846416643041,-0.9240011507387087,-0.07573140045553656,-1.1583834514259805e-17,-0.12312749112834974,0.5677968445670284,-0.1563100190885841,0.4841068636556094,0.12312749112834974
200,2.0,4.657881134146193e-17,0.08409373542370047,-1.0231442168862097,0.15152695350706502,-0.9346711703932704,-0.0840937354237005,1.4366870536696802e-17,-0.1153357103682278,0.5777337409834767,-0.15486480598029495,0.4925985469637708,0.11533571036822782
201,2.0100000000000002,3.841608869275568e-17,0.09236077411119661,-1.0323757397933173,0.1528035976167158,-0.9451793374100297,-0.09236077411119664,5.901918296757105e-18,-0.1073539487847522,0.5875463929300199,-0.15349486276708435,0.5010412556971047,0.1073539487847522
202,2.02,6.374220824637786e-17,0.10050318709840925,-1.0413895392398276,0.15410851098261003,-0.955498050222436,-0.10050318709840932,-5.636819282897766e-17,-0.09935417434954058,0.5972079926180643,-0.1522006646166988,0.5094086572347662,0.09935417434954054
203,2.0300000000000002,1.4447256521075924e-16,0.10849540433440916,-1.0501682871240776,0.15543572665185457,-0.9656040137759283,-0.10849540433440921,1.4249811365689133e-16,-0.09143327638949271,0.6066955556963808,-0.15098218939641816,0.5176777450927985,0.09143327638949264
204,2.04,-1.2974718078345137e-16,0.11631537423946729,-1.0586984913959343,0.15677947565151007,-0.975477967047444,-0.11631537423946733,-1.38342987377664e-16,-0.0836489661221125,0.6159896388212768,-0.14983868259157307,0.5258283214128538,0.08364896612211264
205,2.05,3.96458638434154e-17,0.12394341703419928,-1.0669706830280576,0.15813343621981757,-0.9851041192478767,-0.12394341703419931,7.020094459335292e-18,-0.0760387531465773,0.6250740510277463,-0.14876788427044663,0.5338419352981965,0.07603875314657736
206,2.06,3.9543820798436943e-17,0.1313644281949353,-1.0749772399607425,0.15949350984207833,-0.99447074980282,-0.13136442819493532,1.0996306647429042e-17,-0.0686266568954384,0.6339358269324836,-0.14776890061751236,0.541704727549996,0.06862665689543843
207,2.07,4.473250420237932e-17,0.1385652500512371,-1.0827141819670851,0.16085463621643215,-1.0035688181835218,-0.1385652500512371,9.145643723364266e-18,-0.06143029249393752,0.6425647422465534,-0.14683904979533013,0.5494037920418839,0.061430292493937534
208,2.08,3.360803537058903e-17,0.1455352575755488,-1.0901798201549555,0.16221237519008247,-1.0123921953450374,-0.14553525757554886,9.5251333109262e-18,-0.054462513697027266,0.65095320974842,-0.14597553597189494,0.5569287457203145,0.05446251369702728
209,2.09,4.8218046080060605e-17,0.15226608863663837,-1.0973745684452405,0.16356275174202362,-1.0209373201872627,-0.1522660886366384,8.799653452779894e-18,-0.04773279699964303,0.6590960398277207,-0.14517536419611832,0.5642714040238395,0.04773279699964303
210,2.1,3.7580655696957024e-17,0.15901203213912157,-1.104106054756092,0.16516519941730767,-1.0292712541733995,-0.1590120321391216,1.0548773798704635e-17,-0.04124805157499899,0.6669902200366781,-0.1444353847646137,0.5714256048012891,0.04124805157499897
211,2.11,4.336571015001081e-17,0.16668271293167136,-1.1098528498149465,0.16770457582969656,-1.0375574256446403,-0.16668271293167136,5.463219675030408e-18,-0.035013135348531205,0.6746347065828974,-0.14375235446446244,0.5783870610473598,0.035013135348531205
212,2.12,3.350419793959085e-17,0.17614861535929005,-1.1144829344934566,0.17132291225095087,-1.0458058467444051,-0.17614861535929008,1.6291590608164647e-17,-0.029031216940966206,0.6820302275282809,-0.1431229928822494,0.5851532204105303,0.029031216940966206
213,2.13,4.064809555093526e-17,0.1884904885759674,-1.1179807515846045,0.17601233210425893,-1.0539930836888634,-0.18849048857596745,1.2676308710256358e-18,-0.023304053168521605,0.6891790984419127,-0.14254403018953943,0.5917231286314482,0.023304053168521605
214,2.14,3.0611393885860844e-17,0.2053973330140858,-1.1203719283386215,0.1817221031025903,-1.06209403144121,-0.20539733301408583,8.144956907736411e-18,-0.01783221695516865,0.6960850511362483,-0.1420122464796233,0.5980972976158703,0.017832216955168637
215,2.15,7.677050594383083e-17,0.22996358492001248,-1.1217097630487105,0.1883774371448178,-1.0700872001935278,-0.22996358492001248,1.1607264788112656e-17,-0.012615293241402509,0.7027530758345019,-0.14152450345574208,0.6042775792902417,0.012615293241402509
216,2.16,-2.710589931699921e-18,0.2549635849200125,-1.1220781574125924,0.19587488424164212,-1.077953041654234,-0.25496358492001236,1.356753796305661e-17,-0.0076520519482295435,0.7091892768538212,-0.14107776938816985,0.6102670462419915,0.0076520519482295435
217,2.17,3.6134720869712675e-16,0.2799635849200125,-1.1207480948491666,0.2038409507537159,-1.0845890456028802,-0.2799635849200124,1.688501753301686e-17,-0.002940602871699921,0.7154007416725331,-0.14066913823927074,0.616069879911803,0.002940602871699921
218,2.18,4.5754056777252485e-16,0.3049635849200123,-1.1170680553550172,0.21161498298515247,-1.0886830383401656,-0.3049635849200123,4.097603684528534e-18,0.0015214646537814874,0.7213954230799554,-0.1402958438014631,0.6216912668814181,-0.0015214646537815013
219,2.19,-1.6281631762034312e-15,0.3299635849200123,-1.1127188125994225,0.21683519041460653,-1.0895540030140307,-0.3299635849200123,1.2503305564003502e-17,0.0057369554690651775,0.7271820339787648,-0.13995526962693206,0.6271373036056977,-0.005736955469065191
220,2.2,2.2256419493435897e-15,0.3049635849200123,-1.0988551303674443,0.23125468663349047,-1.0901098170009373,-0.3049635849200125,-2.9438167194299316e-18,0.009708954300105904,0.7327699543154519,-0.1396449554576723,0.6324149097731264,-0.009708954300105918
221,2.21,-2.530899003625892e-16,0.27996358492001233,-1.0867565770973835,0.2402675459969067,-1.0870241230942892,-0.2799635849200125,4.7485071100734016e-18,0.013440722314973452,0.7381691495486403,-0.1393626007939407,0.6375317503425832,-0.01344072231497348
222,2.22,1.5047153723877382e-16,0.2549635849200123,-1.0730136034431057,0.2485645436556957,-1.0815781470988004,-0.2549635849200125,7.164323888693297e-18,0.016935603500051355,0.7433901000209647,-0.13910606617077825,0.6424961661917421,-0.016935603500051383
223,2.23,4.122306136127706e-17,0.22996358492001231,-1.057381191729033,0.25668777808976995,-1.074068969818801,-0.2299635849200125,3.577575167458992e-18,0.02019693990186658,0.7484437405734329,-0.13887337264761135,0.6473171132210438,-0.02019693990186658
224,2.24,3.132117213123836e-17,0.20496358492001232,-1.0400425385007042,0.2646137763696742,-1.064656314870381,-0.20496358492001251,1.043543596678243e-17,0.023227994838268123,0.7533414097274341,-0.13866269995595515,0.6520041096833906,-0.023227994838268096
225,2.25,1.2209141483450923e-17,0.17996358492001235,-1.021219863251532,0.2722607007833543,-1.053480564034886,-0.17996358492001252,-2.858186623243564e-18,0.02603188323499031,0.7580948077574742,-0.13847238369561243,0.6565671914530866,-0.026031883234990283
226,2.2600000000000002,5.139335581055973e-17,0.15496358492001236,-1.0011235687611348,0.2795527204985834,-1.040676289259719,-0.15496358492001253,8.169738829137284e-18,0.02861150829280648,0.7627159629903854,-0.1383009119205646,0.6610168749109504,-0.02861150829280648
227,2.27,3.5382083431386786e-17,0.12996358492001236,-0.9799487770248209,0.2864230360950081,-1.0263718131198278,-0.12996358492001253,1.669527551370752e-17,0.030969503731112985,0.7672172057023207,-0.13814692141215323,0.6653641271144735,-0.030969503731112985
228,2.2800000000000002,4.3037491620275496e-17,0.1049635849200124,-0.957876712122471,0.2928112628894516,-1.0106879750119238,-0.10496358492001252,2.8447466759888294e-18,0.03310818087455206,0.7716111490579226,-0.1380091938991278,0.6696203429570509,-0.03310818087455206
229,2.29,3.793735095101761e-17,0.07996358492001243,-0.9350757835016675,0.29866184592257083,-0.9937376294242362,-0.07996358492001251,-1.2583298874054291e-17,0.03502947983494281,0.7759106766648546,-0.13788665245205023,0.6737973291169026,-0.03502947983494281
230,2.3000000000000003,3.528294406706954e-17,0.05496358492001244,-0.9117022746498701,0.3039235515572557,-0.9756258262071227,-0.05496358492001252,7.10779459637982e-18,0.03673492397725639,0.7801289365149248,-0.13777835825413842,0.6779072947690579,-0.03673492397725639
231,2.31,4.171868390495975e-17,0.033874335210914805,-0.8879009257087286,0.3085495777168906,-0.9564505034256157,-0.03387433521091485,1.0775546374159176e-17,0.03822557674324442,0.7842793413423453,-0.13768350793326223,0.6819628492756045,-0.03822557674324442
232,2.32,3.6592862321421264e-17,0.024795641485286027,-0.8638055799645353,0.3124979818068777,-0.9363035617714117,-0.02479564148528607,8.406144619101644e-18,0.039501999767314694,0.7883755756935439,-0.13760143163203165,0.6859770073255738,-0.039501999767314694
233,2.33,4.7187346951924205e-17,0.021341779931784433,-0.8395399702189091,0.315732250798345,-0.9152722210172519,-0.02134177993178446,9.474940756888996e-18,0.040564211139954204,0.7924316101296088,-0.13753159199554166,0.6899632021251505,-0.040564211139954204
234,2.34,4.8700709496262666e-17,0.020372542192934606,-0.8152186734365269,0.3182219032099841,-0.8934405766465097,-0.020372542192934634,-4.536784759497814e-18,0.041411642820073286,0.7964617227126506,-0.13747358426715606,0.693935306979808,-0.041411642820073286
235,2.35,4.239432137424815e-17,0.020352453079960017,-0.7909482384239342,0.31994304677356455,-0.8708912851974993,-0.020352453079960045,4.714502661029003e-18,0.042043096831309384,0.8004805268791887,-0.1374271376935542,0.6979076645727438,-0.04204309683130941
236,2.36,3.958385233313101e-17,0.02053438518346487,-0.7668284774680753,0.32087883646456217,-0.8477073139326357,-0.020534385183464926,1.9202012420118e-17,0.04245670132672322,0.8045030025398116,-0.13739211843295085,0.7018951209727624,-0.04245670132672322
237,2.37,3.94015369453537e-17,0.020553597955879008,-0.7429539021778179,0.3210197936515883,-0.8239736958294066,-0.02055359795587905,5.1732552377420544e-18,0.04264987015125929,0.8085445234742547,-0.13736853410520233,0.7059130575794561,-0.04264987015125929
238,2.38,4.564943250615372e-17,0.020225677258472116,-0.7194152735638158,0.3203639619337625,-0.7997792354975757,-0.020225677258472144,8.945998346541437e-18,0.042619273151152354,0.8126208690714672,-0.13735653998233455,0.7099774090538005,-0.042619273151152354
239,2.39,4.477272443214744e-17,0.019445289683665407,-0.696301222516234,0.3189168903978584,-0.7752181129140907,-0.019445289683665434,1.453734100197022e-18,0.0423608312121537,0.8167481984975861,-0.13735644652419643,0.7141046450217821,-0.0423608312121537
240,2.4,4.380543405960153e-17,0.018134159265633318,-0.6736998897196119,0.31669145068040516,-0.7503913404000158,-0.01813415926563333,-1.4057466234577314e-17,0.04186975286481803,0.8209429645339991,-0.13736872752970497,0.7183116920637054,-0.041869752864818005
241,2.41,4.0197117833850835e-17,0.016212191914914742,-0.6517005720909143,0.3137075053569848,-0.7254080774478999,-0.016212191914914756,8.815058571212087e-18,0.04114060043672016,0.8252218001507935,-0.13739402842218207,0.7226158285729745,-0.041140600436720104
242,2.42,2.929163133529754e-17,0.013578076319418625,-0.630395313117096,0.3099914593014722,-0.700386772418566,-0.013578076319418639,1.1381194848441122e-18,0.04016739672122929,0.8296013531908183,-0.1374331738331921,0.7270345270240113,-0.04016739672122924
243,2.43,4.21598571848854e-17,0.01009134862961207,-0.6098804475556793,0.30557573084042133,-0.6754561783961015,-0.010091348629612099,2.6158582288359144e-17,0.038943735979957816,0.8340981410184415,-0.13748717484752204,0.7315853158659613,-0.038943735979957816
244,2.44,3.3767648869513e-17,0.005549703635204378,-0.5902581892275488,0.3004981747184551,-0.650756363946003,-0.005549703635204406,2.6853412361388668e-17,0.03746279833014629,0.8387285910961256,-0.1375572396475887,0.7362858307437121,-0.03746279833014626
245,2.45,4.8759998837608356e-17,-0.000345853300914134,-0.5716384475052979,0.2948014768599717,-0.6264399243652696,0.00034585330091412014,6.433130854058106e-18,0.03571708543199134,0.8435095394533373,-0.13764479752525338,0.7411543369785902,-0.03571708543199134
246,2.46,5.384559814835046e-17,-0.008050550969397108,-0.5541411604964966,0.2885325330801477,-0.6026736935766457,0.00805055096939708,1.2476129517270635e-17,0.03369761040841515,0.8484595571956187,-0.13775155563776897,0.7462111128333873,-0.033697610408415124
247,2.47,3.5268804017536356e-17,-0.018285926906006472,-0.5378994733469301,0.28174185790290907,-0.5796413312498365,0.01828592690600643,1.57053790821385e-17,0.03139223682989728,0.8536014799345654,-0.137879618438134,0.751481098372698,-0.03139223682989728
248,2.48,7.098290621906235e-17,-0.032260887469931054,-0.5230639537413221,0.2744832409156631,-0.5575471946569848,0.03226088746993103,6.205517607730173e-18,0.028782964658180615,0.8589662846951615,-0.13803170490498806,0.7569979896001491,-0.028782964658180615
249,2.49,2.2156206951545877e-17,-0.052163872728448746,-0.5098075753534604,0.26681442826582036,-0.5366220036192799,0.052163872728448774,-1.0141866489855586e-18,0.02584234596197818,0.8645977994714481,-0.13821148501064695,0.7628092844820933,-0.025842345961978208
250,2.5,7.972666939782463e-19,-0.07716387272844871,-0.4983303430536,0.2588013894823634,-0.517131732535963,0.07716387272844877,1.1975754431864077e-17,0.022530044236296703,0.8705564435693997,-0.13842400184945503,0.768980445418856,-0.022530044236296703
251,2.5100000000000002,5.992272389639848e-17,-0.1021638727284487,-0.48886173943687894,0.25053563964042136,-0.49939737907730253,0.10216387272844865,8.563543915831024e-18,0.018791944543818995,0.8769182015466025,-0.1386760184148793,0.7755942199614814,-0.018791944543819022
252,2.52,3.183514555249316e-16,-0.1271638727284486,-0.48166377335738375,0.24221386972109438,-0.4838776430784768,0.12716387272844865,1.165513929042313e-17,0.01456610058245647,0.8837625936586849,-0.1389758942363405,0.782738487895029,-0.014566100582456498
253,2.5300000000000002,3.572054935718164e-15,-0.15216387272844809,-0.47710907857878226,0.23474095246086846,-0.47185003103965917,0.15216387272844864,1.4661817790596827e-17,0.009801664797218154,0.8911414620408681,-0.13933224259981947,0.7904737046406907,-0.009801664797218168
254,2.54,-1.0395590928483717e-14,-0.12716387272844812,-0.4741213769067808,0.2212705071734803,-0.45539188408026865,0.12716387272844865,6.934719945188006e-18,0.004484412010935662,0.8990443805909304,-0.13975157045355202,0.7987959510444838,-0.004484412010935662
255,2.5500000000000003,-1.8856266055029395e-16,-0.10216387272844815,-0.4747506975795136,0.21250507197994584,-0.44725576955945945,0.10216387272844865,1.2684105027335205e-17,-0.0013694187230527816,0.9074264366211341,-0.14023866233158488,0.8076650989527194,0.0013694187230527677
256,2.56,-2.804136709030559e-17,-0.07716387272844819,-0.4782681904800522,0.20382952891378203,-0.44209771939383335,0.07716387272844866,1.9293800605255374e-17,-0.0077242028447887245,0.916228513555983,-0.14079701458743232,0.8170255281434158,0.0077242028447887245
257,2.57,5.37653690645523e-17,-0.052163872728448246,-0.48448630688434335,0.19519030233739187,-0.4396766092217326,0.05216387272844866,1.2611301364413856e-17,-0.014532348304138673,0.9253849722588762,-0.14142887438114526,0.8268138466400194,0.014532348304138673
258,2.58,5.028366932194785e-17,-0.02716387272844828,-0.4919231077647349,0.18710801847541536,-0.4390311262401503,0.027163872728448668,5.595182841520183e-18,-0.021739353319455576,0.9348277977195788,-0.14213523091327096,0.8369630286328458,0.021739353319455576
259,2.59,3.6087939388550695e-17,-0.002163872728448313,-0.5000246076740115,0.17985780765950798,-0.439882415333519,0.0021638727284486736,1.2162943660209334e-17,-0.02928733418381646,0.9444893496106282,-0.1429158351019929,0.8474051847126218,0.02928733418381646
260,2.6,4.486662469994935e-17,0.02283612727155164,-0.5086570630130299,0.17358125613944575,-0.44223831915247436,-0.02283612727155132,6.724266255226953e-18,-0.037117517657938776,0.9543042918936432,-0.1437692590013252,0.8580735508949693,0.037117517657938776
261,2.61,4.580404754647337e-17,0.047836127271551586,-0.5177594018296655,0.16837432592213342,-0.4461337277517976,-0.04783612727155132,6.803598015136007e-19,-0.045172005859161896,0.9642109325788449,-0.14469299087135845,0.8689039234502025,0.045172005859161896
262,2.62,3.8849544319045025e-17,0.07283612727155153,-0.5272739945096393,0.16430859154640365,-0.4515825860560425,-0.07283612727155132,4.60549401587808e-18,-0.05339501463685592,0.9741521127110683,-0.14568355775080344,0.8798356704618704,0.05339501463685591
263,2.63,4.2414767473789073e-17,0.09783612727155144,-0.5371331021735603,0.16143643896831794,-0.4585695411418782,-0.09783612727155133,6.846109439373701e-18,-0.06173372253428954,0.9840757469004381,-0.14673666654725548,0.8908124134476956,0.06173372253428954
264,2.64,6.612502381832523e-17,0.10964642035342596,-0.5472090166610687,0.15952649390356577,-0.46673551056463713,-0.10964642035342605,-6.339224652753574e-17,-0.07013850454971496,0.9939348836687653,-0.1478477449049468,0.9017826285737107,0.07013850454971496
265,2.65,1.5738634531246521e-16,0.11132783263298981,-0.5573070622266566,0.1578906187838679,-0.4751976810105254,-0.11132783263298984,2.0186680711577072e-17,-0.07856462981855035,1.0036887106695014,-0.149010368880807,0.9126990795503089,0.07856462981855031
266,2.66,4.55583916805477e-17,0.107975902801159,-0.5673525883068652,0.15636601344337075,-0.4837186017502346,-0.10797590280115901,3.637782056287706e-17,-0.08697032842459176,1.0133009340624293,-0.15021925924760782,0.9235201933100341,0.08697032842459176
267,2.67,4.197225545037175e-17,0.10215497852784848,-0.5773038304793668,0.15492257852355362,-0.4922264090029187,-0.10215497852784847,2.891157782478176e-18,-0.09531813708500808,1.0227406334634077,-0.15146845802629472,0.9342090914896999,0.09531813708500808
268,2.68,6.032856478892377e-17,0.09516183860771274,-0.5871287959150894,0.15355575217191852,-0.5006845480870061,-0.09516183860771274,5.357571272678018e-18,-0.10357471919867274,1.031981803228505,-0.1527518199455412,0.9447336231740464,0.10357471919867273
269,2.69,5.841407128123027e-17,0.08765760449108201,-0.5968005257107737,0.15226520584060854,-0.5090657315513822,-0.08765760449108198,2.1568015635375424e-17,-0.11171067441209728,1.0410029926912268,-0.15406320077308966,0.955066193464313,0.11171067441209727
270,2.7,-4.9435238077390706e-17,0.0799838115745321,-0.6062960037441388,0.15105070886133698,-0.5173467126054709,-0.07998381157453202,3.355464160179779e-17,-0.11970032787704254,1.0497869462213005,-0.1553965726277965,0.9651835188490998,0.11970032787704246
271,2.71,3.8314217113800835e-17,0.07232106442391911,-0.6155956916636544,0.14991040353948348,-0.5255060952031356,-0.07232106442391906,1.1450417924040851e-17,-0.1275210053018518,1.0583208971378655,-0.15674510657442398,0.9750660037122905,0.12752100530185176
272,2.72,4.1671260347065157e-17,0.06476700897401827,-0.6246835738331323,0.14884416036622172,-0.5335277341993545,-0.06476700897401821,1.1590462867905095e-17,-0.13515402588885267,1.0665940148544424,-0.15810459617014516,0.9846986110245886,0.13515402588885267
273,2.73,4.1061462699352796e-17,0.05737715420176433,-0.6335465490273161,0.1478496113155946,-0.5413961603429107,-0.057377154201764285,5.371252829107141e-18,-0.14258336322965748,1.0745996489052958,-0.159469485555508,0.9940691344608061,0.14258336322965748
274,2.74,3.5502466908374767e-17,0.050184499544069255,-0.642174385754296,0.1469242364197313,-0.5490986221740228,-0.05018449954406922,7.42894110774357e-18,-0.1497957591716272,1.0823337212216204,-0.1608348724270262,1.0031685936486465,0.14979575917162719
275,2.75,3.8639510276975535e-17,0.04320966583509891,-0.6505594700588598,0.14606524103531726,-0.5566247110941744,-0.04320966583509887,8.656870095297101e-18,-0.15678046352273747,1.0897945435199405,-0.16219631399658818,1.0119908575165237,0.15678046352273747
276,2.7600000000000002,4.38172334175928e-17,0.036466083049982584,-0.6586965755145694,0.14526960213674622,-0.5639661776513178,-0.036466083049982556,9.48234480216707e-18,-0.16352898162892654,1.0969825419850183,-0.16354980167228172,1.020532343657295,0.16352898162892654
277,2.77,4.0051237952271513e-17,0.029962700676133824,-0.6665826441496928,0.14453413876373278,-0.5711167829134225,-0.029962700676133797,7.387675358581385e-18,-0.17005740794561242,1.1038783328834514,-0.16492103657075152,1.0287993694541993,0.17005740794561242
278,2.7800000000000002,4.320880964498033e-17,0.023705452874442756,-0.6742165776990002,0.143855578259812,-0.5780721559588122,-0.023705452874442742,6.519882196239613e-18,-0.17693305527521747,1.1099988623591672,-0.16695385491579462,1.0369527172749582,0.17693305527521747
279,2.79,3.466397267086602e-17,0.01769809406287387,-0.6815990402399638,0.1432306133475204,-0.5848296535874851,-0.01769809406287387,-2.8646502248779833e-18,-0.18491296424411707,1.1150418081358753,-0.17002323479758863,1.0450650429334634,0.18491296424411707
280,2.8000000000000003,4.382816808429714e-17,0.011942712530407837,-0.6887322732208087,0.14265594982564045,-0.5913882230464487,-0.01194271253040785,1.2825861222859934e-17,-0.1948272924766309,1.1189496151312932,-0.1741747850332508,1.053124400164543,0.1948272924766309
281,2.81,4.7762742592519146e-17,0.006440075866536041,-0.6956199235609165,0.1421283456415462,-0.59774826920246,-0.006440075866536041,1.6738733134738958e-17,-0.20785427243939703,1.121730834865759,-0.17937632567652229,1.0611071605422826,0.20785427243939703
282,2.82,4.131557022111047e-17,0.0011898852271805954,-0.7022668851799568,0.14164464227676288,-0.603911527456718,-0.0011898852271805815,9.011235473479483e-19,-0.22599666126020815,1.1234249401165757,-0.18556713284121573,1.0689920729577918,0.2259966612602081
283,2.83,2.496005470242619e-17,-0.003809022813158258,-0.7086791540394098,0.14120178939215322,-0.6098809434315604,0.003809022813158272,-2.0756323611954173e-18,-0.25099666126020814,1.1240973110285752,-0.19266427126058894,1.0767615822891632,0.25099666126020814
284,2.84,4.5103567931106304e-17,-0.008558507127319898,-0.7148636965611895,0.1407968636383249,-0.6156605601995166,0.008558507127319911,2.2437079576039643e-16,-0.27599666126020816,1.1236287303217454,-0.2004990409352715,1.0841277712570172,0.2759966612602081
285,2.85,3.88979651822013e-17,-0.013060975393845528,-0.7208283311176987,0.14042708247748525,-0.621255413595184,0.013060975393845542,5.909311453477489e-16,-0.30099666126020813,1.1208750014600648,-0.20853689215484794,1.089411893614913,0.30099666126020796
286,2.86,4.8473553810275016e-17,-0.017319254420181368,-0.7265816221586024,0.1400898137951604,-0.6266714359537651,0.017319254420181354,-3.7967772690699344e-17,-0.32599666126020815,1.1160534410825003,-0.21588697593362094,1.0919404170161198,0.325996661260208
287,2.87,3.835396890672398e-17,-0.021336474231120228,-0.7321327864462336,0.13978258200904092,-0.6319153684552758,0.021336474231120228,-2.1162330563007104e-16,-0.30099666126020813,1.1046630558630648,-0.22846888883500827,1.0931319446980734,0.30099666126020796
288,2.88,1.996722039182279e-17,-0.025115963878723696,-0.7374916108066937,0.1395030713108928,-0.6369946821175865,0.025115963878723724,-6.02105393512829e-16,-0.27599666126020816,1.0942719405999286,-0.2365728066340177,1.0908447472339493,0.27599666126020805
289,2.89,2.914201051442443e-17,-0.0286611575101898,-0.7426683807625142,0.13924912660843936,-0.6419175073709531,0.0286611575101898,7.157941602163835e-17,-0.25099666126020814,1.0816239780855748,-0.2446611121227279,1.0862850902083043,0.2509966612602081
290,2.9,3.463429970275124e-17,-0.0319755095307758,-0.7476738193891573,0.13901875266877506,-0.6466925720579311,0.0319755095307758,4.7418820401234876e-17,-0.22599666126020815,1.0668386752741918,-0.25279648404879806,1.0796351593229911,0.2259966612602081
291,2.91,6.636342895963082e-17,-0.03506241786653727,-0.7525190357271231,0.13881011190442838,-0.6513291476315515,0.03506241786653727,1.5740000348071992e-17,-0.20099666126020815,1.0502084780716254,-0.26081444404548393,1.0710229221171066,0.2009966612602081
292,2.92,5.77120681806019e-17,-0.037925154437595976,-0.7572154820807927,0.13862152118808402,-0.6558370032688798,0.037925154437596004,6.2871436914707325e-18,-0.17599666126020816,1.031986536487996,-0.2685963142908375,1.0605828507788335,0.17599666126020813
293,2.93,3.6054510522612304e-17,-0.04056680203030946,-0.7617749195432434,0.13845144803254172,-0.660226367575786,0.04056680203030946,4.532431842467921e-18,-0.15099666126020816,1.012394306712868,-0.27605644914174576,1.0484507558546146,0.15099666126020814
294,2.94,2.712599092788544e-17,-0.0429901968186763,-0.7662093911064974,0.13829850642862118,-0.6645078975351217,0.04299019681867633,3.750304431733847e-18,-0.12599666126020814,0.9916332511189597,-0.2831250277545748,1.0347582788735334,0.12599666126020814
295,2.95,4.8958695980862697e-17,-0.04519787583187121,-0.7705312017579057,0.13816145259541035,-0.668692654353316,0.04519787583187124,8.226903740112519e-18,-0.10099666126020816,0.9698899175260439,-0.2897402668065504,1.019630184332596,0.10099666126020815
296,2.96,4.140467555064955e-17,-0.047192028687522425,-0.7747529050401393,0.13803918086428368,-0.6727920859044239,0.04719202868752245,6.3011050318843004e-18,-0.07599666126020815,0.9473378538020584,-0.2958454472600228,1.0031833010620814,0.07599666126020817
297,2.97,6.551052997114905e-17,-0.04897445289557209,-0.7788872956836076,0.1379307198908558,-0.6768180155744665,0.04897445289557212,3.42997052709178e-18,-0.059699470148551564,0.9241384140158689,-0.30138798639405595,0.9855264004099253,0.05969947014855159
298,2.98,4.711761068993331e-17,-0.05054651197211668,-0.7829474081191005,0.13783522936806014,-0.6807826374871602,0.05054651197211674,1.093882544540068e-17,-0.053489044649166664,0.9004412787477679,-0.3063194001737296,0.9667606789214971,0.0534890446491667
299,2.99,4.329399724879615e-17,-0.05190909548440112,-0.7869465209382877,0.13775199740018806,-0.6846985183384766,0.051909095484401174,8.100183774358748e-18,-0.05187195599421423,0.8763849953425699,-0.31059567776077934,0.946980673103345,0.05187195599421426
300,3.0,5.975334016802937e-17,-0.053062580005864085,-0.7908981676329684,0.13768043869343327,-0.6885786063264034,0.05306258000586414,1.531150889366653e-17,-0.0521838987441449,0.8520976504370107,-0.3141778446343292,0.9262754950713386,0.05218389874414493
301,3.0100000000000002,3.675375379853464e-17,-0.054006789877261874,-0.794816154069829,0.1376200937240194,-0.6924362477938479,0.05400678987726193,1.2842729219014125e-17,-0.05314907107783881,0.8276977139993323,-0.3170325888800517,0.904730302879384,0.053149071077838846
302,3.02,2.7619723671855925e-17,-0.05474095681391772,-0.798714582886409,0.13757062905813744,-0.6962852119445464,0.054740956813917774,1.5644300484490976e-17,-0.054167449989253234,0.8032950641851296,-0.3191328674901289,0.8824279316752572,0.05416744998925327
303,3.0300000000000002,2.9358782369474256e-17,-0.05526367803323026,-0.802607883944849,0.1375318390105954,-0.7001397229554427,0.05526367803323029,1.016539536939916e-17,-0.05496300943420612,0.7789921876672966,-0.3204584320269933,0.8594506196942908,0.05496300943420616
304,3.04,4.6524017927095093e-17,-0.05557287403071953,-0.8065108477150008,0.13750364882346633,-0.704014496538464,0.05557287403071953,4.440859606051428e-18,-0.055410507767108146,0.7548855403505935,-0.3209962287621312,0.8358817691127256,0.05541050776710817
305,3.0500000000000003,4.335598155407404e-17,-0.05566574968856805,-0.8104386546877694,0.1374861194929894,-0.7079247741807584,0.05566574968856805,1.5857313295476506e-17,-0.05545023774366893,0.7310670444411055,-0.32074064229261057,0.8118076867337165,0.055450237743668966
306,3.06,4.641673365805202e-17,-0.05553876603644417,-0.8144068888994315,0.1374794542361678,-0.7118863431356011,0.05553876603644414,1.1052186446383819e-17,-0.055045707365864595,0.7076256883272914,-0.3196935655350749,0.7873192538623655,0.05504570736586463
307,3.0700000000000003,3.818084495980794e-17,-0.05518763674763652,-0.8184315136811026,0.13748400629861168,-0.7159155199797147,0.05518763674763652,1.1566315302661259e-17,-0.05416178948594245,0.6846491820973465,-0.3178642937474502,0.7625134758447962,0.05416178948594248
308,3.08,4.6063387741415186e-17,-0.054607366319933265,-0.8225287869036934,0.13750028738090603,-0.7200290742846014,0.05460736631993329,4.452889064180595e-18,-0.05275196440900251,0.6622256145353244,-0.3152692555108759,0.7374948700461963,0.052751964409002546
309,3.09,5.127229932599756e-17,-0.053792317887427915,-0.8267151487914973,0.13752897622599491,-0.7242441250174898,0.05379231788742794,5.159888142397528e-18,-0.050748589946531385,0.6404450958397244,-0.311931603914713,0.7123766997544343,0.05074858994653142
310,3.1,6.169468024567098e-17,-0.052736321698308,-0.8310070577024052,0.1375709265323516,-0.7285779842347586,0.052736321698308,1.8211280126891945e-17,-0.04805238980168584,0.6194013207892449,-0.30788070519776023,0.6872820259870038,0.04805238980168586
311,3.11,3.898553317150274e-17,-0.05143278790769476,-0.8354208457221094,0.13762717456971274,-0.733048020291823,0.05143278790769479,8.426475883326076e-18,-0.04451782408141907,0.5991930609679069,-0.3031515660605858,0.6623446270284936,0.04451782408141909
312,3.12,3.3311955862780905e-17,-0.0498747222635168,-0.8399727600078438,0.13769895021962875,-0.7376717102274717,0.04987472226351686,1.3927175244169733e-17,-0.039929944778922984,0.5799256739977149,-0.2977842351550334,0.6377099091527483,0.03992994477892302
313,3.13,5.271101108121812e-17,-0.04805446178404171,-0.8446794618076235,0.13778770132841622,-0.7424671631360389,0.048054461784041796,1.5673216088864786e-17,-0.03396508826275296,0.5617128160309345,-0.2918232023578772,0.6135360183888081,0.033965088262753004
314,3.14,9.978855461453481e-18,-0.04596286225821586,-0.8495593532721389,0.13789515057594637,-0.747454503848084,0.04596286225821594,2.4869241214949417e-18,-0.026119964814994345,0.5446786481993026,-0.2853168150470725,0.589995463246376,0.026119964814994415
315,3.15,5.053177539639169e-17,-0.04358763134699803,-0.854635106958516,0.13802341451922973,-0.7526585214777461,0.04358763134699806,8.213265531489506e-18,-0.01557449841386599,0.5289608717773301,-0.27831677850098135,0.567277650278315,0.015574498413866059
316,3.16,6.207267804512946e-17,-0.04091060493975551,-0.8599375427108501,0.13817521963021362,-0.7581127623410615,0.04091060493975557,1.7087003931356948e-17,-0.0009017252325697472,0.5147147998775746,-0.27087802792858773,0.5455928278061619,0.0009017252325697889
317,3.17,6.097733774367397e-17,-0.037904151459671576,-0.8655103373907426,0.13835423661755464,-0.7638645740082928,0.0379041514596716,2.4220899994621608e-17,0.020623446404010398,0.5021182466772426,-0.263060009596496,0.5251782562737417,-0.020623446404010412
318,3.18,2.4073507135796404e-17,-0.03452772367211629,-0.8714137660961941,0.1385654998351119,-0.7699792659313025,0.03452772367211629,-2.3312621879092117e-17,0.04562344640401039,0.4913763239487504,-0.2549330898104173,0.5063094137591704,-0.045623446404010365
319,3.19,3.388928341465067e-17,-0.030726976282082652,-0.8777236782764258,0.13881575223226916,-0.7765394305086928,0.030726976282082652,3.82881795574578e-16,0.07062344640401008,0.4827256204004452,-0.24660652473897493,0.48933214513941925,-0.07062344640401039
320,3.2,3.8506178142126275e-17,-0.02643975161430359,-0.8845194720102975,0.1391133242236774,-0.7836327962339751,0.02643975161430359,-2.0197301235535168e-15,0.09562344640400963,0.4764532873636017,-0.2383958688917308,0.4748491562553361,-0.09562344640401035
321,3.21,3.825964474616864e-17,-0.02161509630826315,-0.8918528850885369,0.13946680237194642,-0.7913196874604842,0.021615096308263165,-2.0028505048758977e-15,0.07062344640400964,0.471697902094829,-0.224454608210381,0.456152510305214,-0.07062344640401041
322,3.22,2.913572307633024e-17,-0.016238878638035553,-0.8997134062064457,0.13988268751677524,-0.7995960937232218,0.016238878638035553,-5.304592968671064e-16,0.04562344640400964,0.4708995494911835,-0.21723920373901973,0.448138753230205,-0.04562344640401039
323,3.23,3.332435024453142e-17,-0.010327585118563617,-0.9080560484011652,0.14036577663577454,-0.8084218250369388,0.010327585118563617,-2.7476315892901007e-16,0.020623446404009704,0.4727583471542093,-0.20900453797926455,0.4417628851334725,-0.020623446404010398
324,3.24,4.023575942188724e-17,-0.003917177974003441,-0.9168216263503207,0.1409195927869079,-0.8177412191372269,0.003917177974003441,-4.317664844824301e-17,-0.004376553595990235,0.4774815172939003,-0.20035520806963503,0.43783672536353313,0.004376553595989596
325,3.25,3.835776567332296e-17,0.002944369610301964,-0.92594443484579,0.14154642178204846,-0.8274908566278341,-0.002944369610301964,1.1893681389871753e-17,-0.02937655359599016,0.484217590906309,-0.19194434126706306,0.4361619321733712,0.02937655359598959
326,3.2600000000000002,4.0054399009097545e-17,0.010202165714378972,-0.93535639358985,0.14224730135884667,-0.8376036949486951,-0.010202165714378972,-8.120791417483529e-19,-0.054376553595990085,0.4918112310867758,-0.18425081284853395,0.4360620439353098,0.05437655359598959
327,3.27,3.7714796251417903e-17,0.01779795274867435,-0.944989796466687,0.14302203880552844,-0.8480118352722115,-0.017797952748674337,7.23641732480055e-18,-0.07937655359598997,0.5000147306587489,-0.1774654005937527,0.4374801312525043,0.0793765535959896
328,3.2800000000000002,4.854061890565808e-17,0.025672617807150175,-0.9547792403716829,0.1438692683880204,-0.8586485087597011,-0.025672617807150175,7.779485077377536e-18,-0.10437655359598987,0.5087499460848274,-0.17170074539539304,0.4404506914802204,0.1043765535959896
329,3.29,4.468833968286337e-17,0.033767969571118855,-0.9646629646447532,0.1447865445663551,-0.8694495092111061,-0.03376796957111884,1.6211811606195736e-17,-0.12937655359598974,0.517961186366887,-0.1670385839166043,0.44499977028348914,0.1293765535959896
330,3.3000000000000003,3.986131245434505e-17,0.04202798382789572,-0.9745837401223351,0.14577046290586104,-0.8803542030281952,-0.042027983827895715,6.333757494110917e-18,-0.13966068378219,0.5275859157161814,-0.1635404562239261,0.4511263719401071,0.13966068378218993
331,3.31,4.160049301019607e-17,0.05039965562125307,-0.9844894100611771,0.1468167997306714,-0.8913062097918476,-0.050399655621253064,7.187041567091148e-18,-0.1404446781837749,0.5375436624096156,-0.16122045571756305,0.4587641181271791,0.14044467818377487
332,3.3200000000000003,4.061966992426222e-17,0.058833556007812,-0.9943331632412945,0.14792066198778475,-0.9022538252290793,-0.058833556007811996,1.0157255454633953e-17,-0.1365886108946871,0.5476312706441578,-0.1594483425451939,0.46707961318934954,0.1365886108946871
333,3.33,3.736974463524165e-17,0.06728405804510448,-1.0040733360184193,0.14907711649997435,-0.9131504525183956,-0.06728405804510448,-2.1030643666748712e-17,-0.13042702540618875,0.5577196752133712,-0.15783860211377,0.4755582773271434,0.13042702540618878
334,3.34,2.6869718980237962e-17,0.07570997758992348,-1.013674497501996,0.1502792522311608,-0.923953749733156,-0.07570997758992346,1.447210788769535e-17,-0.12314556413570835,0.5677527606476193,-0.15631656301053598,0.48406932365815214,0.12314556413570836
335,3.35,2.696278490772871e-17,0.08407380814575095,-1.023105370528957,0.15152170882162175,-0.934627079350578,-0.08407380814575094,1.9402237586137253e-17,-0.11535396271704162,0.5776926265237182,-0.15487066368069924,0.4925632902044135,0.11535396271704165
336,3.36,3.9776530360810186e-17,0.0923422418126629,-1.032339826701361,0.1527985086763729,-0.9451383353777323,-0.0923422418126629,9.776385362401353e-18,-0.10737164361871757,0.587508057481931,-0.15350009977276458,0.5010081572546929,0.10737164361871758
337,3.37,5.371945911622148e-18,0.1004859554901858,-1.0413563431113682,0.15410358672463886,-0.955459929836008,-0.10048595549018585,1.7934099548112282e-17,-0.09937098722545884,0.5971722573371184,-0.15220534118374973,0.5093775985208651,0.09937098722545895
338,3.38,9.942613487446686e-17,0.10847938511043476,-1.0501376064602974,0.15543097403177086,-0.9655685804920657,-0.10847938511043478,5.1553970167729646e-17,-0.09144908624733283,0.6066622526133411,-0.1509863607535321,0.517648613366871,0.09144908624733278
339,3.39,-4.639747164072082e-17,0.11630048473852601,-1.0586701386727357,0.1567748997695927,-0.9754450384423285,-0.11630048473852603,2.5102547884059533e-18,-0.08366375094007518,0.6159586101633404,-0.14984239922279097,0.5258010093861336,0.083663750940075
340,3.4,4.3217580527907007e-17,0.12392958088086767,-1.066944483411242,0.1581290411251356,-0.98507352453638,-0.12392958088086768,8.736748158767793e-18,-0.07605253695841921,0.6250451486089627,-0.14877119288473362,0.5338163414936985,0.07605253695841913
341,3.41,5.00326226991127e-17,0.13135157289416793,-1.0749530317882199,0.1594892969413585,-0.9944423287295812,-0.13135157289416793,4.1898484967392135e-18,-0.0686394860254623,0.6339089115399698,-0.1477718426475213,0.5416807541874902,0.06863948602546228
342,3.42,3.9914987034038494e-17,0.13855330789422138,-1.0826918149889915,0.160850605857776,-1.003542420846768,-0.13855330789422138,1.6596379452639952e-17,-0.06144222156558028,0.6425396831733227,-0.14684166314533986,0.549381346318659,0.06144222156558028
343,3.43,4.267894674219194e-17,0.14552416531005952,-1.0901591549894443,0.162208526564264,-1.01236768155371,-0.14552416531005952,6.325663907003372e-18,-0.054473599419829426,0.6509298842982086,-0.14597785503821437,0.5569077393364217,0.05447359941982942
344,3.44,3.808258350860812e-17,0.15225578718071126,-1.097355475917305,0.16355908298671118,-1.0209145589040152,-0.15225578718071126,1.3067235706944526e-17,-0.04774309518422585,0.659074332862205,-0.14517742009029766,0.5642517529525022,0.04774309518422587
345,3.45,3.806662865860934e-17,0.15900243763578856,-1.10408842235507,0.16516170929188123,-1.0292501316469516,-0.15900243763578856,6.312908321484804e-18,-0.04125761575591382,0.6669700235527652,-0.14443720556783657,0.5714072291206,0.04125761575591384
346,3.46,3.310478178241742e-17,0.16667366838741565,-1.1098365892811701,0.16770126596520385,-1.0375378552463748,-0.16667366838741565,1.2029563985028285e-17,-0.035022016205301904,0.6746159193149462,-0.14375396547774966,0.5783698847926941,0.03502201620530193
347,3.47,3.576669222414391e-17,0.17613993174023015,-1.1144679633696706,0.17131978374446144,-1.0457877471141306,-0.17613993174023013,1.0958001913611927e-17,-0.029039462112854936,0.682012754571976,-0.14312441686469246,0.5851371714366649,0.029039462112854963
348,3.48,3.981893231993236e-17,0.18848195411202645,-1.1179669888566908,0.17600938483824857,-1.0539763736949415,-0.18848195411202642,1.0734081267823455e-17,-0.023311707261009604,0.6891628508975575,-0.1425452875826113,0.5917081384801697,0.02331170726100963
349,3.49,4.322047423859348e-17,0.20538869791020525,-1.1203592937539897,0.18171933590077727,-1.0620786296547682,-0.20538869791020525,4.198744488795429e-18,-0.017839321637363723,0.6960699457696765,-0.1420133556170261,0.5980833013867026,0.01783932163736375
350,3.5,4.306067736369177e-17,0.22995451824287616,-1.121698177013159,0.18837484831625206,-1.0700730253294115,-0.22995451824287616,7.353305297825367e-18,-0.012621887384129837,0.7027390347542887,-0.14152548075872462,0.6042645155130102,0.012621887384129865
351,3.5100000000000002,1.2646032596643542e-16,0.25495451824287607,-1.1220675404637932,0.19587247276500908,-1.0779400132287986,-0.2549545182428761,1.3496502136570556e-17,-0.007658171777852996,0.7091762272037815,-0.1410786295465224,0.6102548567503034,0.007658171777853023
352,3.52,-1.946536432995293e-17,0.2799545182428761,-1.1207383569183422,0.20383872581280083,-1.084577082731138,-0.27995451824287615,5.016100817668271e-18,-0.0029462821273139456,0.7153886153386831,-0.14066989437837674,0.6160585097170581,0.0029462821273139733
353,3.5300000000000002,-1.1546089492511677e-15,0.3049545182428761,-1.117059086263656,0.21161297423011993,-1.0886720604937754,-0.30495451824287584,1.3260932070499522e-17,0.0015161945658247605,0.7213841564113262,-0.1402965076359176,0.6216806640472448,-0.0015161945658247328
354,3.54,8.857074265362281e-17,0.32995451824287614,-1.1127104739649143,0.216833433554093,-1.0895439075190059,-0.3299545182428758,2.2881374269265035e-18,0.005732065326174804,0.7271715675215208,-0.13995585160133406,0.6271274191228513,-0.00573206532617479
355,3.5500000000000003,-1.7613718550771034e-17,0.3049545182428761,-1.0988477212983243,0.2312528502841854,-1.0901005715825083,-0.30495451824287584,1.7238944214123207e-17,0.00970441692132512,0.7327602325599162,-0.13964546487526974,0.6324056974351833,-0.009704416921325093
356,3.56,4.2997924259395933e-16,0.2799545182428761,-1.0867497734120102,0.24026587649133913,-1.0870156499033474,-0.27995451824287587,1.6700757176620192e-17,0.013436512426208497,0.738160120688801,-0.13936304593384075,0.6375231666226404,-0.013436512426208469
357,3.5700000000000003,1.3188687990033653e-16,0.25495451824287607,-1.0730073229047408,0.24856305904933962,-1.0815703819540812,-0.25495451824287585,6.459145434047504e-18,0.01693169760677607,0.7433817157261028,-0.1391064543944599,0.6424881701205627,-0.01693169760677604
358,3.58,-3.1433835572473893e-17,0.22995451824287616,-1.0573753872583973,0.25668646731050926,-1.0740618545689078,-0.22995451824287588,1.122938090792575e-17,0.020193316169185238,0.7484359557715347,-0.13887371049548192,0.6473096662670179,-0.020193316169185238
359,3.59,3.1082558797239197e-17,0.20495451824287614,-1.0400371694670243,0.26461262673747277,-1.0646497962044965,-0.20495451824287592,1.3156307264778907e-17,0.023224632978143922,0.7533341823999865,-0.13866299323469244,0.6519971756346812,-0.02322463297814395
360,3.6,3.6202552202820725e-17,0.17995451824287617,-1.0212148923910513,0.2722597005560409,-1.0534745929470948,-0.17995451824287595,2.805052867191717e-18,0.02602876440036711,0.7580880987453337,-0.13847263755699857,0.6565607363023331,-0.02602876440036711
361,3.61,3.3473623283905545e-17,0.15495451824287615,-1.0011189620933303,0.27955185857144127,-1.0406708206647697,-0.15495451824287595,1.7142999374474685e-17,0.028608614978348157,0.7627097358103266,-0.13830113093251228,0.6610108667428398,-0.028608614978348185
362,3.62,4.139344202504957e-17,0.12995451824287615,-0.9799445038038436,0.28642230172142036,-1.0263668055252613,-0.12995451824287596,-1.2947007977332359e-18,0.030966819680239233,0.7672114263738808,-0.13814710962257426,0.6653585359964551,-0.03096681968023926
363,3.63,3.93290464337306e-17,0.10495451824287615,-0.9578727446299534,0.29281064559372505,-1.0106833902236734,-0.104954518242876,2.8309563742958766e-17,0.03310569099247662,0.7716057859401505,-0.13800935489328048,0.6696151408334301,-0.033105690992476594
364,3.64,3.8805144025693496e-17,0.07995451824287614,-0.9350720967669527,0.298661335512696,-0.9937334322796487,-0.07995451824287603,3.152545349504624e-18,0.03502717010738979,0.7759057003026025,-0.13788678940393917,0.6737924897065404,-0.03502717010738968
365,3.65,4.885382002436959e-17,0.054954518242876144,-0.9116988461589851,0.3039231381738642,-0.975621984332848,-0.054954518242876074,2.4822383420418885e-17,0.036732781394562763,0.7801243194942283,-0.13777847397252352,0.677902793466751,-0.036732781394562736
366,3.66,4.1977079759515447e-17,0.03387024094325411,-0.8878977351298981,0.30854925188834115,-0.956446987018237,-0.033870240943254096,7.522751185608311e-18,0.038223589229532035,0.7842750581545356,-0.1376836049027822,0.6819586630573169,-0.03822358922953201
367,3.67,4.0751678124210464e-17,0.02479398277592232,-0.8638026089004508,0.31249773449796836,-0.9363003433984196,-0.02479398277592229,8.956826955554463e-18,0.03950015611445018,0.788371602607648,-0.13760151204991156,0.6859731146575583,-0.03950015611445021
368,3.68,4.535139771763418e-17,0.021341297935309256,-0.8395372019876791,0.31573207344816334,-0.9152692754358411,-0.021341297935309228,1.6969682146686374e-17,0.040562500945999336,0.7924279250726808,-0.13753165780431342,0.6899595828769924,-0.040562500945999336
369,3.69,4.0793956094227676e-17,0.02037261501492156,-0.8152160928797559,0.31822178775801924,-0.8934378806377743,-0.020372615014921533,-4.097251968981939e-19,0.041410056431960635,0.7964583051575903,-0.1374736371837898,0.6939319423413841,-0.041410056431960635
370,3.7,4.6511133382844446e-17,0.02035277579956414,-0.7909458317390278,0.3199429856747483,-0.8708888174137761,-0.020352775799564127,1.1988176861879524e-17,0.042041625291490026,0.8004773577396992,-0.13742717923536907,0.6979045369750714,-0.04204162529149
371,3.71,4.709179445067357e-17,0.020534810253785465,-0.7668262320615727,0.3208788226945877,-0.8477050547561595,-0.020534810253785438,1.3973852809650393e-17,0.04245533632350404,0.8045000640720811,-0.1373921499406371,0.7018922140127208,-0.042455336323503956
372,3.72,3.216844452511557e-17,0.020554055687338993,-0.7429518065366355,0.321019820704041,-0.8239716272406787,-0.020554055687338965,1.0337689073320616e-17,0.04264860397263176,0.8085417991850018,-0.13736855676327597,0.7059103559482778,-0.04264860397263173
373,3.73,3.5526665927263905e-17,0.02022613627320828,-0.7194133171417266,0.32036402381062656,-0.799777340952351,-0.020226136273208253,1.3917243462551255e-17,0.04261809864185703,0.8126183436319901,-0.13735655483732956,0.7099748984693206,-0.04261809864185703
374,3.74,3.9781087239331986e-17,0.01944573730867505,-0.6962993956332514,0.3189169815948413,-0.7752163772280887,-0.01944573730867502,1.548214397884955e-17,0.0423597417337874,0.8167458576634462,-0.13735645450087353,0.7141023121643193,-0.04235974173378737
375,3.75,3.9397796592726055e-17,0.018134591865524352,-0.673698183472408,0.3166915661683719,-0.7503897496407794,-0.01813459186552431,-9.817987582323352e-18,0.04186874225878984,0.8209407950699631,-0.13736872944555645,0.7183095245155164,-0.04186874225878981
376,3.7600000000000002,3.753504344834517e-17,0.0162126101780226,-0.6516989782728518,0.313707640560558,-0.7254066188334085,-0.01621261017802257,9.424539318206733e-18,0.04113966298985813,0.8252197897607633,-0.13739402500040765,0.7226138147611656,-0.04113966298985808
377,3.77,4.6576546638072816e-17,0.013578483016291568,-0.6303938241466521,0.3099916100756591,-0.7003854342223099,-0.01357848301629154,-2.978647367462442e-18,0.040166527133850216,0.8295994904523855,-0.1374331657143194,0.727032656166704,-0.04016652713385019
378,3.7800000000000002,3.8276608105506776e-17,0.010091747616745986,-0.6098790564124715,0.3055758934458842,-0.6754549498583535,-0.010091747616745972,-1.1116864655389115e-17,0.03894292933624027,0.834096415321807,-0.13748716259974503,0.7315835779215525,-0.038942929336240245
379,3.79,4.181289034074709e-17,0.005550099508437503,-0.590256889395172,0.300498345795691,-0.6507552351908621,-0.0055500995084374755,7.764878354528311e-18,0.03746205007059,0.8387269925871809,-0.13755722377574486,0.7362842163629266,-0.037462050070589975
380,3.8000000000000003,5.105974431616225e-17,-0.00034545517267865755,-0.5716372329204279,0.29480165340231157,-0.626438886322743,0.0003454551726786853,2.652661218342487e-18,0.035716391327778235,0.8435080589807643,-0.13764477847820322,0.7411528374589671,-0.03571639132777821
381,3.81,3.4105177374398855e-17,-0.008050144113963181,-0.5541400255035899,0.2885327124050102,-0.6026727379085997,0.008050144113963195,2.3477482191258354e-17,0.033696966537456685,0.848458186262005,-0.13775153381380412,0.7462097200758087,-0.03369696653745666
382,3.8200000000000003,4.452274933311334e-17,-0.018285503063088973,-0.5378984126578185,0.2817420376200436,-0.579640450277862,0.018285503063089,1.0088176230561546e-17,0.03139163955437918,0.8536002106515578,-0.1378795941880565,0.751479804839613,-0.031391639554379125
383,3.83,3.1215127574198513e-17,-0.03226043530758774,-0.5230629623989894,0.27448341888981453,-0.5575463812888066,0.03226043530758774,-2.5870383785249677e-18,0.028782410603467423,0.8589651097427203,-0.1380316785327219,0.7569967882754418,-0.028782410603467395
384,3.84,-1.4318469753761095e-17,-0.05216337532842871,-0.5098066486993008,0.26681460256790335,-0.5366212512672042,0.05216337532842871,1.0404639300989054e-17,0.025841831996801234,0.864596712061034,-0.13821145677188273,0.7628081688329167,-0.025841831996801207
385,3.85,3.9769114486821936e-17,-0.07716337532842871,-0.4983294766978129,0.2588015583125115,-0.517131035010324,0.07716337532842871,2.9229326116773824e-18,0.022529567454378008,0.8705554374105099,-0.13842397194998501,0.7689794093604951,-0.02252956745437798
386,3.86,-3.029372388499152e-17,-0.1021633753284287,-0.4888609292319127,0.2505358011647104,-0.49939673039662,0.1021633753284287,8.806015739545282e-18,0.018791502247240688,0.8769172708150964,-0.138675987011868,0.7755932578269635,-0.01879150224724066
387,3.87,-3.595468718530097e-16,-0.12716337532842867,-0.4816630153779303,0.2422140215634362,-0.4838770369413665,0.12716337532842867,1.8138538432850702e-17,0.014565690267298065,0.8837617329641471,-0.13897586144759366,0.7827375944117398,-0.014565690267298037
388,3.88,7.394208248433636e-15,-0.1521633753284287,-0.47710836934897316,0.23474108988331388,-0.4718494592322968,0.15216337532842802,7.0718667621139e-18,0.009801284142028646,0.8911406663886164,-0.13933220852736972,0.7904728749159857,-0.009801284142028618
389,3.89,1.2422998794563122e-14,-0.12716337532842864,-0.47412071323599847,0.221270657006453,-0.4553913702424466,0.1271633753284283,9.834765595482633e-18,0.004484058867371729,0.8990436453387051,-0.1397515352165951,0.7987951805553002,-0.0044840588673716875
390,3.9,1.5884185574449396e-15,-0.10216337532842865,-0.4747500760600697,0.21250521059731808,-0.447255286657382,0.10216337532842831,1.6224155241343846e-17,-0.0013697463408311045,0.9074257574458972,-0.14023862607651572,0.8076643835224124,0.001369746340831146
391,3.91,1.4630675510789684e-16,-0.07716337532842865,-0.4782676080699285,0.20382965502173278,-0.44209726309165864,0.07716337532842835,8.81794525011741e-18,-0.0077245067717680305,0.9162278864279908,-0.1407969774850485,0.817024863913042,0.007724506771768044
392,3.92,3.717924776514254e-17,-0.05216337532842866,-0.48448576100005625,0.1951904166603261,-0.4396761776603859,0.05216337532842838,1.0149543867600485e-17,-0.014532630236293045,0.9253843934194609,-0.14142883662024597,0.8268132300397055,0.01453263023629306
393,3.93,5.533465383865791e-17,-0.027163375328428663,-0.49192259639573976,0.1871081220073686,-0.4390307184031079,0.027163375328428413,1.0107711974129853e-17,-0.02173961482525212,0.9348272636615543,-0.14213519269346098,0.8369624563550189,0.02173961482525215
394,3.94,5.1165977861572755e-17,-0.0021633753284286683,-0.5000241290891775,0.17985790130160606,-0.43988203039078533,0.00216337532842846,8.159767352658198e-18,-0.02928757671505955,0.9444888570608868,-0.14291579662679033,0.8474046536876769,0.029287576715059563
395,3.95,4.242758758264878e-17,0.02283662467157134,-0.5086566156319715,0.17358134067157904,-0.44223795630354834,-0.022836624671571507,1.3863663033685133e-17,-0.03711774255979086,0.9543038377975329,-0.1437692204720663,0.8580730582696012,0.037117742559790876
396,3.96,3.817672529632688e-17,0.04783662467157134,-0.5177589841807421,0.16837440204387433,-0.4461333862246142,-0.04783662467157146,5.339016614143749e-18,-0.045172214379276585,0.9642105140861627,-0.1446929524821151,0.8689034665682782,0.0451722143792766
397,3.97,3.841046774129015e-17,0.07283662467157134,-0.5272736052050898,0.16430865990500598,-0.45158226511009536,-0.07283662467157141,1.1775634733433214e-17,-0.05339520793361055,0.9741517271633217,-0.14568351968438054,0.8798352468477026,0.05339520793361057
398,3.98,4.3770927888874283e-17,0.09783662467157135,-0.5371327398890752,0.16143650017352018,-0.4585692400625958,-0.09783662467157135,2.1170064064116618e-18,-0.06173390168417063,0.9840753918192294,-0.14673662897222084,0.890812020791452,0.06173390168417066
399,3.99,1.3221089098926182e-16,0.10964659261825102,-0.5472086799971702,0.15952654854884296,-0.46673522854601535,-0.10964659261825084,1.0450680136883049e-17,-0.07013867055981976,0.9939345567482941,-0.1478477079681234,0.901782264716418,0.0701386705598201
400,4.0,-1.2887814094233678e-17,0.11132784797477978,-0.557306749539504,0.15789066748903047,-0.47519741702853713,-0.11132784797477965,-6.366418972232073e-17,-0.07856478361427491,1.0036884097562337,-0.14901033272382114,0.9126987424800546,0.07856478361427513
401,4.01,2.862965486293747e-17,0.10797584492265165,-0.567352297980695,0.15636605678827797,-0.4837183547689725,-0.10797584492265158,3.7710531266500065e-17,-0.08697047087184934,1.0133006571563117,-0.1502192239883341,0.9235198811446437,0.08697047087184948
402,4.0200000000000005,4.297091371668306e-17,0.10215488890478747,-0.5773035609893046,0.1549226170424679,-0.4922261780317725,-0.10215488890478738,1.5990745731040908e-17,-0.09531826899244353,1.0227403787063318,-0.15146842376359226,0.9342088024699229,0.09531826899244361
403,4.03,7.735578457996725e-18,0.0951617376281075,-0.5871285458334842,0.15355578635430078,-0.5006843321877823,-0.09516173762810744,4.998978206911648e-18,-0.103574841320493,1.0319815688954153,-0.1527517867606677,0.9447333556560848,0.10357484132049308
404,4.04,4.400107045394628e-17,0.08765750202308854,-0.5968002937028852,0.15226523613337195,-0.5090655298362576,-0.08765750202308847,-2.150201931622922e-18,-0.11171078745122057,1.041002777182059,-0.15406316873069115,0.9550659459127444,0.11171078745122061
405,4.05,2.494508151674861e-17,0.07998371224878897,-0.6062957885622718,0.15105073567133787,-0.5173465242336106,-0.07998371224878896,-1.9622334227564384e-17,-0.11970043248835122,1.0497867480533154,-0.15539654177703455,0.9651832898303474,0.1197004324883513
406,4.0600000000000005,4.044141101903262e-17,0.07232097027786012,-0.6155954921407673,0.1499104272310069,-0.5255059193717719,-0.07232097027786008,8.030128962915684e-18,-0.12752110209069517,1.0583207149414031,-0.1567450769450539,0.9750657918864554,0.12752110209069523
407,4.07,4.227627290495511e-17,0.0647669207609182,-0.6246833888794657,0.1488441812773812,-0.5335275701568469,-0.06476692076091814,1.0222539313715603e-17,-0.13515411542334504,1.0665938473577414,-0.15810456778762394,0.9846984151453646,0.1351541154233451
408,4.08,3.682916882697082e-17,0.05737707205372151,-0.6335463776240334,0.147849629749632,-0.5413960073736681,-0.057377072053721445,6.96951160174276e-18,-0.14258344603839537,1.0745994949344793,-0.15946945843105598,0.9940689533655358,0.1425834460383954
409,4.09,4.231049849749469e-17,0.05018442329961547,-0.6421742269493232,0.14692425264961317,-0.5490984795989369,-0.05018442329961541,9.673349945092925e-18,-0.14979583574642938,1.0823335796930467,-0.1608348465610755,1.0031684262541218,0.1497958357464294
410,4.1,3.979182671147138e-17,0.0432095952019087,-0.6505593229628533,0.14606525530656234,-0.5566245782694152,-0.04320959520190864,1.2082009874055414e-17,-0.15678053432110017,1.0897944134338369,-0.16219628938051456,1.0119907028143527,0.15678053432110023
411,4.11,3.668938536243272e-17,0.036466017685212834,-0.6586964392970788,0.14526961466981458,-0.5639660539668951,-0.036466017685212765,9.198199424447542e-18,-0.1635290470762828,1.096982422419619,-0.1635497782897405,1.0205322007093554,0.16352904707628282
412,4.12,4.303856858234439e-17,0.029962640225619938,-0.6665825180356048,0.1445341497562228,-0.5711166677918249,-0.02996264022561987,4.382689877354659e-18,-0.17005746845746475,1.1038782229945534,-0.16492101439970386,1.0287992373942576,0.17005746845746478
413,4.13,3.4577931320229854e-17,0.02370539699138774,-0.6742164609651741,0.14385558788852004,-0.5780720488536928,-0.02370539699138767,1.312685158997485e-17,-0.17693311165848435,1.1099987614719575,-0.1669538339457174,1.0369525954176748,0.17693311165848438
414,4.14,3.976897987683153e-17,0.01769804241633771,-0.681598932212066,0.1432306217703646,-0.584829553982432,-0.017698042416337656,5.330535832124046e-18,-0.18491301759727694,1.1150417156670693,-0.17002321501891615,1.0450649306859863,0.18491301759727696
415,4.15,3.748506018634693e-17,0.011942664808739456,-0.6887321732703394,0.14265595718344992,-0.591388130453788,-0.0119426648087394,-4.084604523622296e-18,-0.19482734403093233,1.1189495305247847,-0.17417476642755114,1.0531242969523344,0.19482734403093235
416,4.16,2.918419534266564e-17,0.006440031778330579,-0.6956198311023708,0.1421283520597202,-0.5977481831620906,-0.00644003177833051,2.4144611895694186e-17,-0.20785432358023545,1.1217307575819335,-0.17937630821467787,1.06110706579661,0.20785432358023548
417,4.17,2.6579248409595535e-17,0.001189844501034501,-0.7022667996681601,0.14164464786680286,-0.6039114475349634,-0.0011898445010344316,-2.244189965506605e-18,-0.2259967136964263,1.123424869633081,-0.18556711648262036,1.0689919861157027,0.22599671369642635
418,4.18,4.529955289883352e-17,-0.0038090604294445385,-0.7086790749669812,0.14120179425306445,-0.6098808692200506,0.003809060429444608,1.15811369423048e-16,-0.2509967136964263,1.1240972468446175,-0.19266425595079506,1.0767615027954112,0.2509967136964263
419,4.19,2.871804843104061e-17,-0.008558541867776076,-0.7148636234561653,0.14079686785790557,-0.6156604913140682,0.008558541867776145,7.849158164628401e-17,-0.2759967136964263,1.1236286719536226,-0.2004990266072456,1.084127698560864,0.27599671369642637
420,4.2,4.036884192842719e-17,-0.013061007475444641,-0.720828263541237,0.14042708613349408,-0.6212553496747275,0.01306100747544471,1.1650604302128828e-16,-0.30099671369642633,1.120874948407221,-0.2085368787386762,1.0894118271458961,0.30099671369642633
421,4.21,4.42473939440689e-17,-0.01731928404396192,-0.7265815597028588,0.14008981695638945,-0.6266713766592473,0.01731928404396199,-1.2313320623318e-16,-0.3259967136964263,1.1160533929680634,-0.21588696316117517,1.0919403561292402,0.32599671369642635
422,4.22,3.644582506289351e-17,-0.021336501583271356,-0.7321327287323253,0.13978258473627447,-0.6319153134686011,0.021336501583271425,-3.405388764859899e-16,-0.30099671369642633,1.1046630110271858,-0.22846887875630018,1.0931318897834867,0.30099671369642633
423,4.23,3.719903321927831e-17,-0.025115989131613392,-0.7374915574827884,0.13950307365778924,-0.6369946311405754,0.025115989131613475,-1.0041434643390418e-16,-0.27599671369642653,1.0942718996284606,-0.23657279746309456,1.090844697091556,0.27599671369642637
424,4.24,5.967973561156379e-17,-0.028661180823342486,-0.7426683315020216,0.13924912862231242,-0.641917460124334,0.02866118082334257,-2.5043312254838896e-16,-0.2509967136964265,1.0816239406364412,-0.24466110378544148,1.0862850444218826,0.25099671369642634
425,4.25,5.382124062274724e-17,-0.031975531051801565,-0.747673773889031,0.13901875439130607,-0.6466925282803344,0.03197553105180165,-6.5927324899095576e-18,-0.2259967136964265,1.0668386409674548,-0.25279647657915183,1.0796351175466061,0.22599671369642635
426,4.26,2.666952485524984e-17,-0.035062437731977786,-0.7525189937062545,0.13881011337230043,-0.6513291070785541,0.0350624377319779,3.2753019153966685e-17,-0.2009967136964265,1.0502084465819772,-0.26081443743903565,1.0710228840210096,0.20099671369642635
427,4.2700000000000005,2.7445685167044127e-17,-0.0379251727737335,-0.7572154432785193,0.1386215224335553,-0.6558369657120742,0.03792517277373361,1.4532655481405697e-17,-0.1759967136964265,1.0319865075375505,-0.2685963085149715,1.060582816052521,0.17599671369642636
428,4.28,1.9879772334038537e-17,-0.04056681895391415,-0.7617748837179202,0.13845144908395224,-0.6602263328018707,0.04056681895391423,4.30996961720709e-18,-0.15099671369642648,1.0123942800603745,-0.27605644414935304,1.048450724209727,0.1509967136964264
429,4.29,5.1542447154954506e-17,-0.042990212437710784,-0.7662093580341792,0.13829850731085103,-0.6645078653450276,0.042990212437710895,1.3327965727794525e-17,-0.12599671369642648,0.9916332265525699,-0.2831250234915671,1.034758250044136,0.1259967136964264
430,4.3,1.504100314394426e-17,-0.04519789024613338,-0.7705311712311033,0.13816145333028163,-0.6686926245613818,0.045197890246133465,4.545919977843254e-18,-0.10099671369642649,0.9698898948583664,-0.2897402632158369,1.0196301580742049,0.10099671369642643
431,4.3100000000000005,4.739286927140397e-17,-0.04719204198925289,-0.774752876866665,0.13803918147092464,-0.6727920583375897,0.047192041989253,5.753818004736526e-18,-0.07599671369642648,0.9473378328664924,-0.2958454442837982,1.0031832771502898,0.07599671369642647
432,4.32,1.0598627070448341e-17,-0.048974465170021464,-0.7788872696854777,0.13793072038601928,-0.6768179900714961,0.04897446517002163,-2.7303772888721053e-18,-0.059699493417702,0.9241383946636831,-0.30138798397522903,0.9855263786389101,0.059699493417702004
433,4.33,3.092461343654442e-17,-0.05054652329805259,-0.7829473841315294,0.13783522976640994,-0.6807826138979371,0.05054652329805279,9.499180273795581e-18,-0.05348905373544432,0.9004412608457112,-0.30631939825687493,0.9667606591025844,0.053489053735444325
434,4.34,2.5128850868263587e-17,-0.05190910593460843,-0.7869464988087326,0.13775199771454905,-0.6846984965232799,0.05190910593460854,1.240736903224242e-17,-0.05187195830820954,0.8763849787708803,-0.3105956762927785,0.9469806550636597,0.051871958308209544
435,4.3500000000000005,2.59005087576764e-17,-0.05306258964758653,-0.7908981472202586,0.13768043893501736,-0.6885785861552782,0.05306258964758667,8.747017557372906e-19,-0.052183897929204665,0.8520976350877493,-0.3141778435647994,0.9262754786525469,0.05218389792920467
436,4.36,2.6790719732793934e-17,-0.054006798772618964,-0.7948161352433277,0.13762009390262187,-0.6924362291459487,0.0540067987726191,9.070748693985896e-18,-0.053149068907595014,0.8276976997749382,-0.3170325881616184,0.9047302879365566,0.05314906890759503
437,4.37,4.813460229575584e-17,-0.054740965020290966,-0.7987145655252529,0.13757062918230745,-0.6962851947075577,0.05474096502029108,5.718079932887188e-18,-0.05416744731257072,0.8032950509972113,-0.31913286707857946,0.8824279180757926,0.05416744731257075
438,4.38,6.727086836756344e-17,-0.055263685603620855,-0.8026078679372414,0.13753183908779276,-0.7001397070250355,0.055263685603620966,1.4372720930925316e-17,-0.05496300664500183,0.7789921754355983,-0.32045843188134226,0.8594506073169383,0.05496300664500185
439,4.39,7.048734609868659e-17,-0.055572881014083114,-0.8065108329575362,0.13750364886019784,-0.7040144818177345,0.0555728810140832,7.395630041311344e-18,-0.05541050503736375,0.7548855290020714,-0.3209962288446132,0.8358817578466868,0.05541050503736378
440,4.4,6.254939139644208e-17,-0.05566575613011068,-0.8104386410848302,0.13748611949492473,-0.707924760579759,0.055665756130110766,5.252675838786949e-18,-0.05545023513854421,0.7310670339091568,-0.3207406425686231,0.8118076764777817,0.05545023513854424
441,4.41,4.7906180941901815e-17,-0.05553877197791876,-0.8144068763626048,0.13747945420824614,-0.7118863305708536,0.0555387719779189,7.2103837890313e-18,-0.05504570490019342,0.7076256785510618,-0.3196935659730823,0.7873192445241464,0.055045704900193455
442,4.42,4.4459369340330305e-17,-0.055187642227591927,-0.8184315021286476,0.13748400624513446,-0.7159155083737807,0.05518764222759204,6.716684315980725e-18,-0.05416178715164488,0.6846491730211223,-0.31786429431885976,0.7625134673399834,0.0541617871516449
443,4.43,7.568425906884387e-17,-0.05460737137397559,-0.8225287762600547,0.13750028730561914,-0.7200290635656734,0.0546073713739757,1.3188761699919569e-17,-0.052751962188099015,0.662225606107982,-0.3152692561898959,0.7374948622978805,0.05275196218809903
444,4.44,4.29926878409404e-17,-0.05379232254842309,-0.8267151389868318,0.13752897613215886,-0.72424411511899,0.0537923225484232,1.0366112082043071e-18,-0.050748587817019394,0.6404450880142757,-0.3119316046781969,0.7123766926924708,0.050748587817019415
445,4.45,5.701608681116508e-17,-0.05273632599660344,-0.8310070486721745,0.13757092642280677,-0.7285779750949835,0.05273632599660355,1.5456138380040766e-17,-0.048052387739862756,0.6194013135224036,-0.30788070602505224,0.687282019547458,0.04805238773986278
446,4.46,4.165722258873194e-17,-0.05143279187130706,-0.8354208374066633,0.1376271744469394,-0.7330480118536058,0.051432791871307115,2.95118475311692e-18,-0.044517822062352774,0.5991930542197085,-0.3031515669333561,0.6623446211530655,0.04451782206235278
447,4.47,6.254083047604548e-17,-0.0498747259183098,-0.8399727523520798,0.13769895008578914,-0.7376717024378698,0.04987472591830988,1.2972304199622979e-17,-0.03992994277581363,0.5799256677311934,-0.29778423605712334,0.6377099037883176,0.03992994277581365
448,4.48,2.92040422784015e-17,-0.048054465153886894,-0.8446794547606206,0.13778770118539863,-0.7424671559460179,0.048054465153887005,2.540067045339007e-18,-0.03396508624537414,0.5617128102118168,-0.2918232032751479,0.6135360134869656,0.03396508624537417
449,4.49,5.884390008817973e-17,-0.045962865365146155,-0.8495593467868662,0.13789515042539569,-0.7474544972122579,0.04596286536514621,6.496535468308302e-19,-0.026119962746963044,0.5446786427957814,-0.28531681596726044,0.5899954587630396,0.026119962746963057
450,4.5,6.361046115684162e-17,-0.04358763421135148,-0.8546351009915273,0.13802341436256393,-0.7526585153540934,0.04358763421135156,1.6850968125285953e-17,-0.015574496247885913,0.5289608667598041,-0.2783167794135718,0.5672776461733746,0.015574496247885927
451,4.51,2.8647778665663066e-17,-0.040910607580309066,-0.8599375372220425,0.1381752194686331,-0.7581127566906765,0.04091060758030915,2.5000201584653704e-17,-0.0009017229015844119,0.5147147952184926,-0.2708780288247149,0.5455928240432057,0.0009017229015844258
452,4.5200000000000005,4.365685929189491e-17,-0.03790415389375887,-0.8655103323431107,0.1383542364520417,-0.7638645687951509,0.03790415389375898,5.0382382591126655e-18,0.020623449004989802,0.5021182423509646,-0.263060010468923,0.5251782528198858,-0.020623449004989802
453,4.53,2.02876010792458e-17,-0.03452772591574352,-0.8714137614556111,0.13856549966642506,-0.7699792611220366,0.03452772591574363,-1.1510814036239082e-17,0.04562344900498977,0.4913763199314768,-0.25493309065372627,0.5063094105852044,-0.0456234490049898
454,4.54,6.093871334229676e-17,-0.030726978350030715,-0.8777236740114499,0.1388157520609582,-0.7765394260724086,0.030726978350030826,-5.698857340040933e-16,0.07062344900498976,0.48272561667046177,-0.24660652555049734,0.4893321422209609,-0.0706234490049896
455,4.55,3.976813119407094e-17,-0.02643975352021899,-0.8845194680919598,0.13911332405012422,-0.7836327921420838,0.026439753520219128,-2.910900523458643e-15,0.09562344900498929,0.4764532839027861,-0.2383958696759635,0.47484915357875357,-0.09562344900498962
456,4.5600000000000005,4.491843489706414e-17,-0.021615098064737007,-0.8918528814901211,0.13946680219647078,-0.7913196836865892,0.021615098064737145,-9.539017697254092e-15,0.07062344900498929,0.47169789884173696,-0.22445460885368906,0.4561525076954225,-0.07062344900498962
457,4.57,2.673664945160769e-17,-0.016238880256664853,-0.8997134029032533,0.1398826873397715,-0.7995960902430226,0.016238880256664992,-3.3908305323170224e-16,0.0456234490049893,0.47089954647444643,-0.21723920434905886,0.4481387508235044,-0.0456234490049898
458,4.58,3.432748939040277e-17,-0.010327586610023198,-0.9080560453703274,0.14036577645775383,-0.8084218218280781,0.010327586610023337,3.121056659428815e-18,0.020623449004989303,0.47275834435316455,-0.2090045385553695,0.4417628829085323,-0.020623449004989802
459,4.59,3.174999211173861e-17,-0.003917179348114516,-0.9168216235706456,0.14091959260848042,-0.8177412161791238,0.003917179348114655,-3.815781323520477e-17,-0.00437655099501065,0.4774815146896475,-0.20035520860264866,0.43783672329229395,0.004376550995010206
460,4.6000000000000005,4.238159866135317e-17,0.002944368344498363,-0.9259444322976346,0.14154642160389586,-0.8274908539015278,-0.002944368344498252,-4.694730441361681e-18,-0.029376550995010603,0.4842175884843104,-0.19194434175383368,0.4361619302381441,0.029376550995010187
461,4.61,4.146253673184455e-17,0.010202164548553772,-0.9353563912550068,0.14224730118168616,-0.8376036924366921,-0.010202164548553633,-1.667230845507026e-18,-0.05437655099501055,0.491811228835645,-0.18425081329012738,0.43606204212577415,0.05437655099501019
462,4.62,4.356929336410923e-17,0.017797951675154036,-0.9449897943282658,0.14302203863008744,-0.8480118329583504,-0.017797951675153897,1.316114811288792e-18,-0.07937655099501048,0.5000147285685276,-0.17746540099251507,0.4374801295610431,0.07937655099501019
463,4.63,3.903947330024588e-17,0.02567261681885577,-0.9547792384140311,0.14386926821500856,-0.8586485066290392,-0.02567261681885563,1.1786253301392478e-17,-0.10437655099501039,0.5087499441464419,-0.17170074575406835,0.44045068990050984,0.1043765509950102
464,4.64,3.8428779039728434e-17,0.033767968661518,-0.9646629628533719,0.14478654439644256,-0.8694495072498127,-0.03376796866151788,1.0045663274792288e-17,-0.12937655099501028,0.5179611845719211,-0.16703858423804585,0.4449997688099656,0.1293765509950102
465,4.65,4.231728821510173e-17,0.04202798299094996,-0.9745837384837844,0.1457704627396651,-0.8803542012234487,-0.042027982990949835,7.470649730780886e-18,-0.13966068286635352,0.5275859140567231,-0.1635404565109836,0.45112637056770444,0.1396606828663535
466,4.66,4.004938405594815e-17,0.050399654851381565,-0.9844894085630226,0.14681679956874316,-0.8913062081317675,-0.05039965485138144,9.71600716483285e-18,-0.14044467807725466,0.5375436608780834,-0.16122045597304135,0.4587641168511225,0.14044467807725464
467,4.67,4.109769710768686e-17,0.05883355529985325,-0.9943331618720289,0.1479206618306047,-0.902253823702631,-0.058833555299853124,6.779662757464498e-18,-0.13658861116445126,0.5476312692320536,-0.15944834277203734,0.46707961200408965,0.13658861116445128
468,4.68,9.879622802831996e-17,0.06728405739426907,-1.0040733347673987,0.14907711634796794,-0.913150451115365,-0.0672840573942689,-2.3619635152549712e-17,-0.13042702583789736,0.5577196739120015,-0.15783860231489133,0.47555827622689284,0.13042702583789742
469,4.69,4.142656530940233e-17,0.07570997699184208,-1.0136744963594042,0.15027925208463977,-0.9239537484440432,-0.07570997699184194,1.8398473527400615e-17,-0.12314556462422722,0.5677527594487347,-0.1563165631885438,0.4840693226372763,0.12314556462422727
470,4.7,4.706255190141716e-17,0.08407380759626407,-1.0231053694857417,0.15152170868082326,-0.9346270781665651,-0.08407380759626393,2.2656311544695508e-17,-0.11535396321177334,0.5776926254196556,-0.15487066383804138,0.49256328925769344,0.11535396321177335
471,4.71,3.976135774646069e-17,0.09234224130799938,-1.0323398257491627,0.15279850854149146,-0.9451383342906516,-0.09234224130799926,1.3591067749251214e-17,-0.10737164409600321,0.5875080564655636,-0.15350009991165303,0.5010081563772153,0.10737164409600322
472,4.72,2.1059169471881486e-17,0.10048595502682567,-1.0413563422424845,0.1541035865958006,-0.9554599288382852,-0.10048595502682554,-5.693581894458957e-18,-0.09937098767516166,0.597172256401831,-0.15220534130619134,0.5093775977080219,0.09937098767516164
473,4.73,-9.511445298694747e-18,0.10847938468518123,-1.0501376056676444,0.15543097390902638,-0.9655685795766735,-0.10847938468518116,1.0672641411463216e-16,-0.0914490866657399,0.6066622517529946,-0.15098636086132944,0.5176486126143209,0.09144908666573986
474,4.74,-5.34039530988511e-17,0.11630048434828391,-1.0586701379497976,0.15677489965297087,-0.9754450376027726,-0.11630048434828381,-2.6658898184057544e-16,-0.08366375132687512,0.6159586093722257,-0.14984239931758003,0.5258010086898124,0.08366375132687529
475,4.75,4.245596766903228e-17,0.12392958052292387,-1.066944482752036,0.1581290410145938,-0.9850735237666313,-0.12392958052292376,1.0982021110310743e-17,-0.07605253731464154,0.6250451478817968,-0.148771192968011,0.5338163408498118,0.07605253731464162
476,4.76,4.4536317509473636e-17,0.131351572565942,-1.074953031187257,0.15948929683681234,-0.9944423280240655,-0.13135157256594188,3.968076409943725e-18,-0.06863948635282588,0.6339089108718358,-0.14777184272058685,0.5416807535924248,0.06863948635282593
477,4.7700000000000005,3.75634056929358e-17,0.1385533075933342,-1.082691814441227,0.16085060575911003,-1.003542420200334,-0.13855330759333406,3.749359677564066e-18,-0.06144222186603805,0.642539682559666,-0.1468416632093691,0.5493813457690364,0.061442221866038094
478,4.78,4.482424344031982e-17,0.14552416503431267,-1.0901591544902667,0.16220852647133344,-1.012367680961597,-0.14552416503431254,5.01315067469653e-18,-0.054473599695361676,0.6509298837348051,-0.14597785509426064,0.5569077388290622,0.05447359969536171
479,4.79,3.8343013199678557e-17,0.15225578692807462,-1.0973554754624795,0.16355908289934729,-1.0209145583618249,-0.1522557869280745,5.638522495563285e-18,-0.04774309543675513,0.6590743323451359,-0.14517742013929935,0.5642517524844322,0.04774309543675516
480,4.8,4.3973286640795686e-17,0.15900243740370867,-1.1040884219408946,0.16516170920993212,-1.0292501311508258,-0.15900243740370856,1.6378795244666284e-17,-0.041257615987257135,0.6669700230783963,-0.14443720561063123,0.571407228689027,0.04125761598725716
481,4.8100000000000005,4.329980406561997e-17,0.1666736681717052,-1.109836588904618,0.16770126588858691,-1.0375378547932048,-0.1666736681717051,4.579826566152709e-18,-0.035022016417160295,0.67461591887992,-0.1437539655150798,0.5783698843949963,0.03502201641716032
482,4.82,4.6201158723127094e-17,0.17613993153610014,-1.1144679630279422,0.17131978367307987,-1.045787746701021,-0.17613993153609997,1.409895028998256e-17,-0.02903946230680622,0.6820127541731767,-0.14312441689721844,0.5851371710703908,0.02903946230680625
483,4.83,3.854719622768995e-17,0.18848195391435135,-1.1179669885470966,0.17600938477197847,-1.053976373319075,-0.18848195391435124,1.0587204020626167e-17,-0.023311707438515683,0.689162850532104,-0.14254528761091756,0.5917081381430171,0.02331170743851571
484,4.84,3.681677746259268e-17,0.2053886977132109,-1.120359293473947,0.18171933583947208,-1.0620786293134163,-0.20538869771321072,1.5048369026792165e-17,-0.017839321799773947,0.6960699454349043,-0.14201335564163042,0.598083301076533,0.017839321799773974
485,4.8500000000000005,1.6030974504326167e-17,0.2299545180392183,-1.1216981767601775,0.18837484825975548,-1.0700730250199275,-0.22995451803921815,5.302169487578141e-18,-0.012621887532687101,0.7027390344477392,-0.1415254807800831,0.6042645152278197,0.012621887532687143
486,4.86,3.4234605267179824e-17,0.2549545180392183,-1.1220675402354603,0.1958724727131812,-1.0779400129486423,-0.2549545180392181,1.6806958399608313e-17,-0.007658171913701994,0.7091762269231775,-0.1410786295650387,0.6102548564882162,0.007658171913702022
487,4.87,4.592732230939127e-16,0.27995451803921806,-1.1207383567121143,0.20383872576572204,-1.0845770824778367,-0.2799545180392181,1.3464412633412755e-17,-0.0029462822515088916,0.715388615081925,-0.1406698943944057,0.6160585094763298,0.0029462822515089054
488,4.88,4.381085767090163e-15,0.304954518039218,-1.117059086076659,0.2116129741882885,-1.0886720602649416,-0.30495451803921814,1.0055788391818289e-17,0.0015161944523151977,0.7213841561764777,-0.1402965076497723,0.6216806638262482,-0.0015161944523151838
489,4.89,3.240203389467434e-15,0.32995451803921805,-1.1127104737937765,0.2168334335181218,-1.0895439073118969,-0.3299545180392181,1.2861482641663536e-17,0.005732065222459379,0.7271715673067912,-0.13995585161328983,0.6271274189200802,-0.005732065222459379
490,4.9,-7.240741165935984e-16,0.304954518039218,-1.0988477211487302,0.23125285024711906,-1.0901005713958487,-0.3049545180392182,1.2551821058091867e-17,0.009704416826583892,0.7327602323636572,-0.1396454648855695,0.6324056972492271,-0.009704416826583878
491,4.91,5.49083015550756e-16,0.2799545180392181,-1.086749773276897,0.240265876458159,-1.0870156497350554,-0.2799545180392181,1.3578614812419089e-17,0.013436512339689954,0.7381601205094955,-0.139363045942695,0.6375231664521883,-0.013436512339689927
492,4.92,1.492879917263133e-16,0.2549545180392181,-1.0730073227820798,0.24856305902032017,-1.0815703818024016,-0.2549545180392182,7.273100827884315e-18,0.016931697527788364,0.7433817155623476,-0.13910645440205605,0.6424881699644032,-0.016931697527788336
493,4.93,5.297803476362797e-19,0.22995451803921813,-1.057375387146938,0.2566864672853174,-1.0740618544322562,-0.22995451803921818,1.355890270038808e-17,0.020193316097093517,0.74843595562204,-0.1388737105019825,0.6473096661240212,-0.02019331609709349
494,4.94,4.135830800041732e-17,0.20495451803921816,-1.0400371693656867,0.2646126267157559,-1.0646497960814412,-0.20495451803921821,4.6911790599143166e-18,0.023224632912364485,0.7533341822635659,-0.13866299324024,0.6519971755038063,-0.023224632912364457
495,4.95,4.135449195766694e-17,0.17995451803921814,-1.0212148922988584,0.27225970053747395,-1.0534745928363318,-0.1799545180392182,9.866847011086162e-18,0.0260287643403653,0.7580880986208999,-0.13847263756171835,0.6565607361826173,-0.026028764340365274
496,4.96,3.863962521582785e-17,0.15495451803921817,-1.001118962009401,0.2795518585557236,-1.0406708205651267,-0.1549545180392182,3.757411703166616e-18,0.02860861492363384,0.7627097356968707,-0.13830113093651308,0.6610108666333843,-0.028608614923633813
497,4.97,3.3739404799957635e-17,0.1299545180392182,-0.9799445037273894,0.2864223017082691,-1.0263668054356618,-0.1299545180392182,6.847032116274816e-18,0.030966819630363684,0.7672114262704791,-0.138147109625952,0.665358535896432,-0.030966819630363657
498,4.98,2.5908008731239926e-17,0.10495451803921821,-0.9578727445602705,0.2928106455828715,-1.0106833901431405,-0.10495451803921818,9.878606925039041e-18,0.033105690947026034,0.7716057858459574,-0.13800935489611732,0.6696151407420756,-0.033105690947026006
499,4.99,3.582272283731353e-17,0.07995451803921824,-0.9350720967034157,0.29866133550388796,-0.9937334322073048,-0.07995451803921819,-7.409449051861737e-18,0.035027170065987434,0.7759057002168365,-0.13788678940630794,0.6737924896231404,-0.035027170065987434
500,5.0,4.9807237345229256e-17,0.054954518039218275,-0.9116988461010226,0.30392313816686534,-0.9756219842678902,-0.054954518039218185,2.1053844851280888e-17,0.036732781356859756,0.7801243194161717,-0.13777847397448773,0.677902793390659,-0.03673278135685973
501,5.01,4.565151559834388e-17,0.033870240848838704,-0.8878977350770086,0.30854925188293036,-0.9564469869599406,-0.03387024084883858,5.893672021786504e-18,0.03822358919520974,0.7842750580835275,-0.1376836049043969,0.6819586629879253,-0.03822358919520963
502,5.0200000000000005,4.29903073190133e-17,0.024793982735145423,-0.8638026088521801,0.31249773449394136,-0.9363003433461201,-0.024793982735145298,-5.1897482680823584e-18,0.03950015608321872,0.7883716025430917,-0.13760151205122517,0.6859731145943164,-0.03950015608321866
503,5.03,3.8239146169047056e-17,0.021341297920556737,-0.8395372019436148,0.31573207344533183,-0.9152692753889453,-0.021341297920556612,-5.979251073621844e-18,0.040562500917589506,0.7924279250140184,-0.13753165780536725,0.6899595828193852,-0.04056250091758948
504,5.04,5.2643277449792755e-17,0.020372615012534692,-0.8152160928395286,0.3182217877562118,-0.8934378805957421,-0.020372615012534553,4.398005347765962e-18,0.041410056406129825,0.7964583051043174,-0.13747363718462113,0.6939319422889354,-0.0414100564061298
505,5.05,3.681932228907871e-17,0.020352775802828182,-0.7909458317023069,0.3199429856738091,-0.8708888173761173,-0.020352775802828058,4.62288990397169e-18,0.042041625268014526,0.8004773576913432,-0.13742717923600856,0.6979045369273513,-0.04204162526801447
506,5.0600000000000005,4.827331686176852e-17,0.02053481025943564,-0.7668262320280529,0.32087882269437495,-0.8477050547224301,-0.020534810259435515,-1.0435743125052181e-17,0.04245533630217971,0.8045000640282157,-0.1373921499411127,0.701892213969328,-0.04245533630217965
507,5.07,3.384330457383537e-17,0.020554055693819198,-0.7429518065060502,0.3210198207044296,-0.8239716272104807,-0.020554055693819087,1.1452074944966921e-17,0.04264860395326947,0.8085417991452363,-0.1373685567636117,0.7059103559088462,-0.04264860395326944
508,5.08,3.9375252888287965e-17,0.020226136279802742,-0.7194133171138201,0.32036402381150364,-0.7997773409253255,-0.020226136279802617,1.8937655860499616e-17,0.04261809862428423,0.8126183435959692,-0.13735655483754627,0.7099748984335128,-0.0426180986242842
509,5.09,4.344307210206889e-17,0.019445737315078898,-0.6962993956077997,0.31891698159610604,-0.7752163772039053,-0.019445737315078773,1.2160000842324742e-17,0.04235974171784623,0.8167458576308358,-0.13735645450098855,0.7141023121318226,-0.04235974171784615
510,5.1000000000000005,4.2148457510027493e-17,0.018134591871630634,-0.6736981834492052,0.3166915661699373,-0.7503897496191434,-0.018134591871630523,3.070747542710582e-18,0.041868742244336565,0.8209407950404614,-0.13736872944558576,0.7183095244860467,-0.04186874224433648
511,5.11,4.727124240555851e-17,0.01621261018381795,-0.6516989782517096,0.31370764056234635,-0.7254066188140569,-0.016212610183817838,4.917019338207055e-18,0.0411396629767643,0.8252197897340928,-0.13739402500036635,0.7226138147344598,-0.041139662976764274
512,5.12,4.433064208520624e-17,0.013578483021805726,-0.6303938241274,0.30999161007760423,-0.7003854342050047,-0.013578483021805615,1.0255120636656427e-17,0.040166527121994616,0.8295994904283016,-0.13743316571421815,0.7270326561425207,-0.04016652712199459
513,5.13,2.8869535441797456e-17,0.010091747622028316,-0.6098790563949567,0.30557589344792835,-0.6754549498428815,-0.010091747622028191,-3.441533832753723e-18,0.03894292932551305,0.8340964153000751,-0.13748716259959404,0.7315835778996678,-0.03894292932551302
514,5.14,3.378961071860384e-17,0.0055500995135473186,-0.5902568893792416,0.300498345797784,-0.6507552351770243,-0.005550099513547194,8.881884783457936e-18,0.03746205006089026,0.8387269925675876,-0.13755722377555346,0.7362842163431416,-0.037462050060890234
515,5.15,4.696878340540867e-17,-0.00034545516767395257,-0.5716372329059541,0.2948016534044121,-0.6264388863103654,0.00034545516767407747,5.4223531378824365e-19,0.03571639131901208,0.843508058963118,-0.1376447784779785,0.741152837441097,-0.035716391319012025
516,5.16,3.62650573228104e-17,-0.008050144108988896,-0.5541400254904484,0.2885327124070832,-0.6026727378975294,0.008050144108989021,1.3570770877943492e-18,0.033696966529540295,0.8484581862461279,-0.13775153381355365,0.7462097200596793,-0.03369696652954021
517,5.17,2.468573394037954e-17,-0.01828550305805411,-0.5378984126458991,0.28174203762206107,-0.5796404502679571,0.018285503058054237,1.6647027169871488e-17,0.03139163954724011,0.8536002106372901,-0.1378795941877865,0.7514798048250717,-0.031391639547240086
518,5.18,6.235085727903351e-17,-0.03226043530237477,-0.5230629623881856,0.2744834188917512,-0.557546381279939,0.03226043530237491,8.031703891252774e-18,0.02878241059703157,0.8589651097299126,-0.13803167853243636,0.7569967882623501,-0.028782410597031488
519,5.19,4.3224815127358695e-17,-0.05216337532287055,-0.5098066486895166,0.2668146025697401,-0.5366212512592603,0.052163375322870714,1.1633676305692071e-17,0.02584183199100501,0.8645967120495516,-0.13821145677158608,0.7628081688211394,-0.025841831991004982
520,5.2,-9.059484109173722e-17,-0.07716337532287054,-0.4983294766889631,0.25880155831423324,-0.5171310350031937,0.07716337532287071,1.4997021399021622e-17,0.022529567449164983,0.8705554374002321,-0.13842397194968126,0.7689794093499152,-0.022529567449164956
521,5.21,1.2260803718860484e-16,-0.10216337532287048,-0.48886092922391555,0.2505358011663007,-0.4993967303902145,0.1021633753228707,1.9639368657025803e-17,0.018791502242555103,0.8769172708059091,-0.1386759870115598,0.7755932578174671,-0.018791502242555075
522,5.22,2.1443577768332966e-16,-0.12716337532287048,-0.4816630153707112,0.2422140215648848,-0.4838770369355969,0.1271633753228707,1.0916910767245071e-17,0.014565690263092207,0.883761732955951,-0.1389758614472828,0.7827375944032311,-0.01456569026309218
523,5.23,-5.776499983584228e-15,-0.15216337532287025,-0.47710836934247525,0.23474108988456355,-0.47184945922703525,0.1521633753228707,3.8836270099885974e-18,0.009801284138257982,0.8911406663813154,-0.13933220852705885,0.7904728749083723,-0.00980128413825794
524,5.24,6.497245242806188e-15,-0.12716337532287025,-0.47412071323014715,0.2212706570078239,-0.4553913702379666,0.12716337532287114,-1.6306405908823421e-18,0.004484058863994278,0.8990436453322143,-0.13975153521628558,0.7987951805484967,-0.00448405886399425
525,5.25,-5.339880497553413e-16,-0.10216337532287029,-0.47475007605479747,0.21250521059850247,-0.44725528665329994,0.1021633753228712,7.552967256938239e-18,-0.001369746343851147,0.9074257574401382,-0.14023862607620974,0.807664383516348,0.0013697463438511748
526,5.26,9.929407529300122e-17,-0.07716337532287032,-0.4782676080651963,0.20382965502275951,-0.44209726308795316,0.07716337532287118,5.4630020901817636e-18,-0.0077245067744627915,0.9162278864228962,-0.1407969774847483,0.8170248639076454,0.007724506774462819
527,5.2700000000000005,2.934268470036012e-17,-0.05216337532287038,-0.48448576099581786,0.19519041666121606,-0.43967617765703215,0.052163375322871186,-5.156362245211149e-19,-0.01453263023869436,0.9253843934149596,-0.1414288366199533,0.8268132300349165,0.014532630238694388
528,5.28,4.658129033273135e-17,-0.027163375322870442,-0.49192259639194547,0.18710812200813776,-0.43903071840008456,0.02716337532287119,7.860881838941533e-18,-0.021739614827387954,0.934827263657593,-0.14213519269317854,0.8369624563507698,0.021739614827387982
529,5.29,3.8260664497680427e-17,-0.002163375322870517,-0.5000241290857989,0.1798579013022682,-0.4398820303880675,0.002163375322871197,1.416877340804072e-17,-0.029287576716955047,0.9444888570574089,-0.14291579662651943,0.8474046536839253,0.02928757671695506
530,5.3,2.4654203866071562e-17,0.022836624677129408,-0.508656615628973,0.17358134067214614,-0.4422379563011183,-0.02283662467712881,9.026163038731952e-18,-0.03711774256146966,0.954303837794492,-0.14376922047180873,0.8580730582662972,0.037117742561469685
531,5.3100000000000005,3.9365475296522276e-17,0.04783662467712932,-0.5177589841780917,0.1683744020443575,-0.4461333862224506,-0.04783662467712881,-1.0365295070828362e-18,-0.045172214380758344,0.9642105140835088,-0.1446929524818722,0.8689034665653792,0.04517221438075836
532,5.32,4.430270746313106e-17,0.07283662467712922,-0.5272736052027628,0.16430865990541543,-0.4515822651081769,-0.07283662467712881,9.465302888353812e-18,-0.053395207934914826,0.9741517271610157,-0.14568351968415316,0.879835246845166,0.05339520793491485
533,5.33,4.34103431351083e-17,0.09783662467712909,-0.5371327398870395,0.1614365001738639,-0.4585692400609047,-0.09783662467712881,7.578743439170348e-18,-0.061733901685314584,0.9840753918172364,-0.1467366289720099,0.8908120207892458,0.06173390168531461
534,5.34,2.5154652994736764e-16,0.10964659262065773,-0.547208679995408,0.15952654854913828,-0.46673522854454097,-0.1096465926206574,-6.685668651554368e-17,-0.07013867056087159,0.993934556746571,-0.14784770796793334,0.9017822647145102,0.07013867056087206
535,5.3500000000000005,5.909213516462329e-17,0.11132784797559742,-0.5573067495379799,0.15789066748927028,-0.47519741702725105,-0.11132784797559733,4.6505715997729614e-17,-0.07856478361516975,1.0036884097547665,-0.14901033272364572,0.9126987424784132,0.07856478361517
536,5.36,4.8082000221096234e-17,0.10797584492274191,-0.567352297979384,0.15636605678847337,-0.48371835476785696,-0.10797584492274188,7.509188880706452e-18,-0.08697047087264542,1.0133006571550576,-0.15021922398817467,0.9235198811432332,0.08697047087264556
537,5.37,4.5510017557665426e-17,0.10215488890455998,-0.5773035609881926,0.1549226170426291,-0.49222617803082036,-0.10215488890455991,7.426080526075057e-18,-0.09531826899312308,1.0227403787052767,-0.15146842376344882,0.9342088024687256,0.09531826899312316
538,5.38,5.233563736448588e-17,0.09516173762776335,-0.5871285458325427,0.15355578635443712,-0.5006843321869794,-0.09516173762776325,7.426118772101745e-18,-0.10357484132104972,1.0319815688945377,-0.15275178676053003,0.9447333556550723,0.10357484132104976
539,5.39,1.2751987276767054e-17,0.08765750202267361,-0.5968002937021036,0.1522652361334874,-0.5090655298355897,-0.08765750202267351,2.6639333072444573e-17,-0.11171078745171815,1.0410027771813235,-0.15406316873057924,0.955065945911906,0.1117107874517182
540,5.4,4.1612801450751875e-18,0.0799837122483188,-0.6062957885616324,0.1510507356714209,-0.5173465242330493,-0.07998371224831868,5.648412678564169e-17,-0.11970043248876146,1.049786748052722,-0.15539654177693552,0.9651832898296546,0.1197004324887615
541,5.41,4.0193687718825024e-17,0.07232097027749271,-0.615595492140245,0.14991042723106995,-0.5255059193713136,-0.0723209702774926,9.27035255672724e-18,-0.12752110209103368,1.0583207149409235,-0.1567450769449753,0.9750657918859011,0.1275211020910337
542,5.42,4.028900203792594e-17,0.06476692076062773,-0.6246833888790536,0.14884418127742827,-0.533527570156481,-0.06476692076062762,1.0714322113204954e-17,-0.13515411542362057,1.0665938473573648,-0.15810456778756,0.9846984151449241,0.1351541154236206
543,5.43,4.262969108741782e-17,0.057377072053491,-0.6335463776237172,0.14784962974966664,-0.5413960073733839,-0.057377072053490887,8.757076535204657e-18,-0.14258344603861847,1.074599494934195,-0.15946945843100535,0.9940689533651983,0.1425834460386185
544,5.44,3.876333842652011e-17,0.050184423299435926,-0.6421742269490923,0.14692425264963715,-0.5490984795987273,-0.05018442329943581,6.331735920661429e-18,-0.1497958357466066,1.0823335796928406,-0.1608348465610373,1.0031684262538767,0.14979583574660665
545,5.45,4.367442374867874e-17,0.043209595201772526,-0.650559322962697,0.14606525530657788,-0.5566245782692731,-0.043209595201772415,4.489723910138407e-18,-0.1567805343212356,1.0897944134336983,-0.1621962893804879,1.0119907028141857,0.15678053432123562
546,5.46,3.7453402857897553e-17,0.03646601768511257,-0.6586964392969864,0.14526961466982302,-0.5639660539668099,-0.036466017685112456,6.312280139099955e-18,-0.16352904707638363,1.0969824224195373,-0.1635497782897245,1.0205322007092594,0.16352904707638366
547,5.47,3.725190119545942e-17,0.029962640225550646,-0.6665825180355692,0.14453414975622592,-0.5711166677917929,-0.029962640225550535,6.830929303251785e-18,-0.1700574684575308,1.103878222994525,-0.1649210143996972,1.0287992373942185,0.17005746845753084
548,5.48,3.1648471785564594e-17,0.023705396991346744,-0.6742164609651883,0.1438555878885187,-0.578072048853707,-0.023705396991346633,1.1143520248910226e-17,-0.17693311165852427,1.1099987614719717,-0.16695383394572005,1.036952595417689,0.17693311165852427
549,5.49,3.777613593408114e-17,0.017698042416319365,-0.6815989322121264,0.14323062177035972,-0.5848295539824853,-0.017698042416319254,1.2958429372487464e-17,-0.18491301759729403,1.1150417156671226,-0.17002321501892725,1.0450649306860467,0.18491301759729406
550,5.5,5.1836393063810566e-17,0.011942664808742828,-0.6887321732704318,0.14265595718344193,-0.5913881304538768,-0.011942664808742703,3.033416152624518e-18,-0.19482734403092808,1.1189495305248665,-0.1741747664275689,1.053124296952434,0.1948273440309281
551,5.51,5.568885294399611e-17,0.006440031778352895,-0.6956198311024951,0.1421283520597113,-0.5977481831622078,-0.006440031778352756,-1.219835465353663e-17,-0.20785432358020908,1.1217307575820366,-0.17937630821470185,1.0611070657967414,0.2078543235802091
552,5.5200000000000005,4.613845105533249e-17,0.001189844501071513,-0.7022667996683128,0.1416446478667922,-0.6039114475351055,-0.0011898445010713743,3.000885703757019e-17,-0.22599671369637503,1.1234248696332054,-0.18556711648265012,1.0689919861158554,0.22599671369637506
553,5.53,5.2518855320237034e-17,-0.0038090604293950225,-0.7086790749671589,0.1412017942530538,-0.6098808692202105,0.0038090604293951474,-1.2719862719224822e-17,-0.250996713696375,1.124097246844756,-0.19266425595082926,1.0767615027955888,0.250996713696375
554,5.54,4.4165414537041383e-17,-0.008558541867715735,-0.7148636234563571,0.14079686785789403,-0.6156604913142494,0.008558541867715846,1.2044136780373615e-17,-0.275996713696375,1.1236286719537754,-0.20049902660728158,1.084127698561056,0.275996713696375
555,5.55,3.629245229521349e-17,-0.013061007475374753,-0.720828263541443,0.14042708613348298,-0.6212553496749229,0.013061007475374878,6.265378665088024e-18,-0.3009967136963749,1.1208749484073843,-0.2085368787387144,1.089411827146095,0.300996713696375
556,5.5600000000000005,4.342384333430889e-17,-0.01731928404388515,-0.7265815597030755,0.1400898169563779,-0.6266713766594498,0.017319284043885275,-8.613300814967306e-17,-0.32599671369637484,1.116053392968234,-0.2158869631612187,1.0919403561294498,0.32599671369637495
557,5.57,4.418813567475611e-17,-0.021336501583187728,-0.7321327287325526,0.13978258473626382,-0.6319153134688142,0.021336501583187853,1.1814128315523903e-16,-0.3009967136963749,1.1046630110273634,-0.22846887875634014,1.0931318897837035,0.300996713696375
558,5.58,4.3781634193455404e-17,-0.025115989131525962,-0.7374915574830193,0.13950307365777903,-0.6369946311407957,0.025115989131526073,-6.571620980502469e-16,-0.2759967136963749,1.0942718996286418,-0.23657279746312965,1.0908446970917727,0.275996713696375
559,5.59,5.489891035264348e-17,-0.02866118082325328,-0.7426683315022561,0.13924912862230265,-0.6419174601245579,0.02866118082325339,5.508723311744378e-18,-0.2509967136963749,1.0816239406366224,-0.24466110378548012,1.0862850444221028,0.250996713696375
560,5.6000000000000005,3.934470926095755e-17,-0.03197553105170825,-0.7476737738892655,0.1390187543912963,-0.6466925282805618,0.031975531051708334,-1.0887979430223946e-17,-0.22599671369637495,1.066838640967636,-0.2527964765791909,1.0796351175468264,0.225996713696375
561,5.61,3.651924679786745e-17,-0.03506243773188161,-0.7525189937064961,0.13881011337229154,-0.651329107078785,0.035062437731881696,2.0697174657464207e-17,-0.20099671369637495,1.0502084465821548,-0.26081443743907295,1.0710228840212264,0.200996713696375
562,5.62,3.051658211901823e-17,-0.037925172773637245,-0.7572154432787573,0.13862152243354775,-0.6558369657123051,0.0379251727736373,6.3492265372673825e-18,-0.17599671369637496,1.0319865075377246,-0.2685963085150066,1.0605828160527342,0.175996713696375
563,5.63,4.2998526117441184e-17,-0.0405668189538185,-0.7617748837181583,0.13845144908394558,-0.6602263328020981,0.040566818953818556,2.192876620891698e-18,-0.15099671369637496,1.0123942800605485,-0.2760564441493859,1.0484507242099366,0.15099671369637502
564,5.64,3.233753602383862e-17,-0.04299021243761442,-0.7662093580344137,0.1382985073108448,-0.664507865345255,0.0429902124376145,1.2719726521388157e-17,-0.12599671369637494,0.991633226552744,-0.2831250234915973,1.0347582500443384,0.125996713696375
565,5.65,3.9498140625346904e-17,-0.04519789024603965,-0.7705311712313306,0.1381614533302763,-0.6686926245616056,0.04519789024603971,3.9262351667435354e-18,-0.10099671369637496,0.9698898948585405,-0.28974026321586355,1.0196301580744038,0.100996713696375
566,5.66,7.273740705391628e-17,-0.04719204198916033,-0.7747528768668889,0.13803918147091931,-0.67279205833781,0.04719204198916033,1.1889266048066415e-17,-0.07599671369637498,0.9473378328666594,-0.2958454442838213,1.0031832771504816,0.075996713696375
567,5.67,5.21579782356e-17,-0.04897446516992812,-0.778887269685698,0.13793072038601484,-0.6768179900717128,0.04897446516992818,1.0545124822270929e-17,-0.059699493417700054,0.9241383946638467,-0.30138798397524946,0.9855263786390984,0.059699493417700096
568,5.68,5.056221490086088e-17,-0.050546523297962276,-0.7829473841317426,0.13783522976640594,-0.6807826138981503,0.05054652329796236,1.5540814130168147e-17,-0.05348905373546511,0.9004412608458711,-0.30631939825689225,0.966760659102762,0.053489053735465135
569,5.69,5.820545861778539e-17,-0.05190910593452025,-0.7869464988089422,0.13775199771454638,-0.6846984965234895,0.05190910593452028,8.113836995682552e-18,-0.0518719583082398,0.8763849787710402,-0.3105956762927923,0.9469806550638302,0.051871958308239825
570,5.7,4.304279083922914e-17,-0.05306258964750141,-0.7908981472204647,0.13768043893501558,-0.6885785861554772,0.05306258964750141,9.5809067010901e-18,-0.052183897929238776,0.852097635087902,-0.31417784356481004,0.9262754786527103,0.05218389792923881
571,5.71,3.909252217468556e-17,-0.054006798772533504,-0.7948161352435231,0.13762009390261964,-0.6924362291461406,0.05400679877253353,1.3380414570593582e-17,-0.05314906890763006,0.8276976997750872,-0.3170325881616264,0.904730287936713,0.0531490689076301
572,5.72,4.6515771284679705e-17,-0.05474096502020731,-0.7987145655254447,0.13757062918230611,-0.6962851947077495,0.05474096502020734,9.807165122152718e-18,-0.05416744731260516,0.803295050997357,-0.31913286707858435,0.8824279180759418,0.054167447312605185
573,5.73,-3.4051865743945276e-17,-0.05526368560354078,-0.8026078679374297,0.13753183908779187,-0.7001397070252167,0.05526368560354081,1.0583017613166303e-17,-0.05496300664503443,0.7789921754357404,-0.32045843188134404,0.859450607317084,0.05496300664503446
574,5.74,5.149592354859583e-17,-0.05557288101400415,-0.8065108329577174,0.13750364886019695,-0.7040144818179122,0.055572881014004094,1.5371860376757603e-17,-0.05541050503739546,0.75488552900221,-0.3209962288446119,0.8358817578468218,0.05541050503739549
575,5.75,6.202931862740298e-17,-0.05566575613003588,-0.8104386410850078,0.13748611949492429,-0.7079247605799295,0.05566575613003591,1.2352551518133948e-17,-0.05545023513857452,0.7310670339092918,-0.32074064256861956,0.8118076764779132,0.05545023513857455
576,5.76,8.94891174441569e-17,-0.055538771977845125,-0.8144068763627718,0.1374794542082466,-0.711886330571017,0.05553877197784518,1.5339286638005377e-17,-0.0550457049002232,0.7076256785511968,-0.3196935659730765,0.7873192445242707,0.05504570490022322
577,5.7700000000000005,9.474101878076347e-17,-0.05518764222752154,-0.8184315021288074,0.13748400624513535,-0.7159155083739441,0.055187642227521566,1.5848631344728637e-17,-0.05416178715167443,0.6846491730212502,-0.3178642943188522,0.7625134673401006,0.05416178715167446
578,5.78,2.6237147867802395e-17,-0.054607371373907365,-0.822528776260211,0.13750028730561914,-0.7200290635658297,0.05460737137390742,1.0571619722142774e-17,-0.05275196218812814,0.6622256061081063,-0.3152692561898861,0.7374948622979907,0.052751962188128165
579,5.79,2.816274427994705e-17,-0.05379232254835925,-0.8267151389869812,0.1375289761321602,-0.7242441151191392,0.05379232254835928,6.917390755090064e-18,-0.05074858781704899,0.6404450880143929,-0.3119316046781858,0.7123766926925774,0.05074858781704903
580,5.8,6.579445841187531e-17,-0.05273632599654468,-0.8310070486723166,0.13757092642280855,-0.7285779750951256,0.05273632599654468,1.979985077551419e-17,-0.04805238773989253,0.6194013135225173,-0.30788070602503936,0.6872820195475575,0.04805238773989257
581,5.8100000000000005,3.167403883976947e-17,-0.05143279187124922,-0.8354208374068018,0.13762717444694117,-0.7330480118537408,0.05143279187124927,1.2714385251212768e-17,-0.04451782206238288,0.5991930542198186,-0.3031515669333419,0.6623446211531614,0.04451782206238294
582,5.82,5.606899973094749e-17,-0.04987472591825262,-0.8399727523522077,0.13769895008579092,-0.7376717024380013,0.049874725918252705,1.29807574947047e-17,-0.03992994277584475,0.5799256677312999,-0.29778423605710824,0.6377099037884064,0.03992994277584478
583,5.83,3.4673561843393195e-17,-0.048054465153830966,-0.8446794547607411,0.13778770118540085,-0.7424671559461458,0.04805446515383102,8.428726098656694e-18,-0.033965086245406756,0.5617128102119199,-0.2918232032751319,0.6135360134870509,0.033965086245406784
584,5.84,8.869917274808326e-18,-0.04596286536509231,-0.8495593467869799,0.1378951504253979,-0.7474544972123787,0.04596286536509234,5.732946197127247e-18,-0.026119962746997447,0.5446786427958773,-0.285316815967244,0.5899954587631213,0.026119962746997474
585,5.8500000000000005,3.7336957792803967e-17,-0.04358763421129955,-0.854635100991641,0.1380234143625675,-0.7526585153542107,0.043587634211299575,9.890687554459134e-19,-0.015574496247922023,0.5289608667599001,-0.2783167794135545,0.5672776461734528,0.015574496247922051
586,5.86,5.820665008356368e-17,-0.04091060758026058,-0.859937537222149,0.1381752194686362,-0.7581127566907866,0.04091060758026063,1.1762138713010635e-17,-0.0009017229016266975,0.514714795218585,-0.270878028824698,0.5455928240432768,0.0009017229016267253
587,5.87,4.9003445817575575e-17,-0.03790415389371324,-0.8655103323432104,0.1383542364520448,-0.7638645687952539,0.037904153893713266,1.591000988451638e-17,0.020623449004940314,0.5021182423510498,-0.2630600104689066,0.5251782528199533,-0.020623449004940342
588,5.88,4.8475842806818695e-17,-0.034527725915701274,-0.871413761455707,0.13856549966642906,-0.7699792611221361,0.0345277259157013,1.2834971602434048e-16,0.04562344900494031,0.4913763199315585,-0.2549330906537085,0.5063094105852648,-0.045623449004940336
589,5.89,3.204991347187183e-17,-0.030726978349991163,-0.8777236740115385,0.1388157520609613,-0.7765394260725009,0.030726978349991163,-2.169260505739666e-16,0.0706234490049403,0.4827256166705399,-0.2466065255504769,0.48933214222101773,-0.07062344900494011
590,5.9,6.372759259763569e-17,-0.026439753520181963,-0.8845194680920453,0.13911332405012733,-0.7836327921421726,0.026439753520181936,-3.700140102812192e-15,0.0956234490049403,0.47645328390286423,-0.2383958696759586,0.4748491535788246,-0.0956234490049401
591,5.91,2.4128768469988592e-17,-0.021615098064700314,-0.8918528814902028,0.13946680219647434,-0.7913196836866745,0.0216150980647003,-5.164414661113833e-15,0.0706234490049403,0.47169789884180446,-0.2244546088536482,0.4561525076954509,-0.07062344900494014
592,5.92,3.381916703358578e-17,-0.01623888025662905,-0.8997134029033315,0.1398826873397755,-0.7995960902431043,0.01623888025662905,9.99687716670147e-16,0.04562344900494031,0.47089954647451393,-0.21723920434904287,0.4481387508235577,-0.04562344900494017
593,5.93,4.338088322355089e-17,-0.010327586609989073,-0.9080560453703984,0.14036577645775783,-0.8084218218281563,0.010327586609989059,1.9821541115756535e-16,0.020623449004940314,0.47275834435323205,-0.20900453855535528,0.44176288290858556,-0.020623449004940148
594,5.94,3.7908774819184004e-17,-0.00391717934808293,-0.9168216235707166,0.14091959260848486,-0.8177412161791984,0.0039171793480829165,-5.186928887331131e-17,-0.0043765509950596665,0.4774815146897079,-0.20035520860263578,0.4378367232923437,0.004376550995059847
595,5.95,4.1330020446415185e-17,0.0029443683445294494,-0.9259444322976985,0.1415464216039003,-0.8274908539015988,-0.0029443683445294633,1.5631833895933854e-17,-0.029376550995059675,0.4842175884843708,-0.19194434175382125,0.4361619302381903,0.02937655099505984
596,5.96,3.329521246178359e-17,0.010202164548582748,-0.9353563912550636,0.1422473011816906,-0.837603692436756,-0.010202164548582762,2.901024851577244e-17,-0.05437655099505967,0.4918112288357054,-0.18425081329011628,0.43606204212582034,0.05437655099505982
597,5.97,4.6559755311860794e-17,0.01779795167518032,-0.9449897943283229,0.14302203863009233,-0.8480118329584108,-0.017797951675180335,7.649927035444669e-18,-0.07937655099505966,0.5000147285685844,-0.17746540099250485,0.4374801295610893,0.0793765509950598
598,5.98,3.8750770417107305e-17,0.025672616818882513,-0.9547792384140844,0.14386926821501345,-0.8586485066290961,-0.025672616818882527,1.7689488766722486e-17,-0.10437655099505967,0.5087499441464917,-0.17170074575405858,0.4404506899005525,0.10437655099505977
599,5.99,4.353778530021914e-17,0.03376796866154258,-0.9646629628534217,0.14478654439644745,-0.869449507249866,-0.03376796866154258,1.5222096457496792e-18,-0.12937655099505968,0.5179611845719708,-0.16703858423803697,0.44499976881000824,0.12937655099505974
600,6.0,4.066588893624219e-17,0.04202798299097236,-0.9745837384838342,0.14577046273966998,-0.8803542012235019,-0.04202798299097236,1.06946836342304e-17,-0.13966068286636718,0.5275859140567692,-0.1635404565109747,0.4511263705677435,0.1396606828663672
601,6.01,4.0442053655965097e-17,0.05039965485140311,-0.9844894085630688,0.1468167995687485,-0.8913062081318137,-0.05039965485140311,7.849661982801183e-18,-0.14044467807725122,0.5375436608781295,-0.16122045597303336,0.4587641168511616,0.14044467807725125
602,6.0200000000000005,4.104918898269003e-17,0.05883355529987403,-0.9943331618720715,0.14792066183060915,-0.9022538237026771,-0.05883355529987403,7.919192424774746e-18,-0.136588611164439,0.5476312692320963,-0.15944834277203024,0.4670796120041252,0.13658861116443902
603,6.03,1.829321505099613e-17,0.06728405739428878,-1.0040733347674342,0.14907711634798304,-0.9131504511154147,-0.06728405739428879,-2.0759950708428734e-17,-0.13042702583782378,0.5577196739120441,-0.15783860231488422,0.4755582762269248,0.1304270258378238
604,6.04,3.143576181807354e-17,0.07570997699184145,-1.0136744963594397,0.15027925208464998,-0.9239537484440858,-0.07570997699184145,8.489593110609257e-18,-0.12314556462419995,0.5677527594487773,-0.1563165631885407,0.4840693226373154,0.1231455646242
605,6.05,4.2693667108284045e-17,0.08407380759629056,-1.0231053694857772,0.15152170868082904,-0.9346270781666042,-0.08407380759629057,1.3895295743470232e-17,-0.11535396321173445,0.5776926254196911,-0.1548706638380396,0.49256328925772896,0.11535396321173448
606,6.0600000000000005,3.717118664809404e-17,0.09234224130802308,-1.0323398257491947,0.15279850854149635,-0.9451383342906872,-0.0923422413080231,7.246843122919195e-18,-0.10737164409597601,0.5875080564655991,-0.15350009991164948,0.5010081563772473,0.10737164409597603
607,6.07,4.3354865265129165e-18,0.10048595502685433,-1.0413563422425165,0.15410358659580192,-0.9554599288383172,-0.1004859550268543,1.2172497512709676e-17,-0.09937098767509749,0.597172256401863,-0.15220534130618557,0.5093775977080468,0.09937098767509751
608,6.08,-9.24105520392066e-18,0.10847938468516138,-1.0501376056676728,0.15543097390903038,-0.9655685795767055,-0.10847938468516144,9.526140445914576e-17,-0.09144908666567764,0.6066622517530266,-0.15098636086133432,0.5176486126143565,0.09144908666567761
609,6.09,2.142160421821752e-16,0.11630048434830623,-1.0586701379498402,0.1567748996529611,-0.9754450376027974,-0.11630048434830642,1.9050203935730656e-16,-0.08366375132686066,0.6159586093722612,-0.14984239931758803,0.5258010086898515,0.08366375132686049
610,6.1000000000000005,4.519446909102527e-17,0.12392958052294026,-1.0669444827520644,0.15812904101459468,-0.9850735237666597,-0.12392958052294036,8.576428157133125e-18,-0.07605253731462898,0.6250451478818287,-0.1487711929680101,0.5338163408498366,0.07605253731462891
611,6.11,4.62955344339798e-17,0.13135157256595542,-1.0749530311872784,0.1594892968368159,-0.9944423280240939,-0.13135157256595548,7.640854896954286e-18,-0.06863948635281483,0.6339089108718642,-0.14777184272058463,0.5416807535924497,0.06863948635281482
612,6.12,3.819927104607792e-17,0.13855330759334653,-1.0826918144412483,0.16085060575911403,-1.0035424202003589,-0.13855330759334655,5.830941755134253e-18,-0.061442221866026686,0.6425396825596909,-0.14684166320936687,0.5493813457690613,0.06144222186602669
613,6.13,3.506627088123403e-17,0.14552416503432486,-1.0901591544902844,0.162208526471337,-1.0123676809616218,-0.14552416503432486,5.516888340791552e-18,-0.05447359969535183,0.6509298837348264,-0.14597785509425842,0.5569077388290871,0.054473599695351836
614,6.140000000000001,4.993792570318209e-17,0.15225578692808456,-1.0973554754625008,0.16355908289935084,-1.0209145583618497,-0.15225578692808456,6.619160169258711e-18,-0.047743095436746354,0.6590743323451537,-0.14517742013929802,0.5642517524844499,0.04774309543674636
615,6.15,4.421483831564435e-17,0.15900243740371806,-1.104088421940916,0.16516170920993567,-1.0292501311508506,-0.15900243740371806,8.42107072848423e-18,-0.04125761598724855,0.666970023078414,-0.14443720561062945,0.5714072286890448,0.04125761598724857
616,6.16,4.38195276234148e-17,0.1666736681717147,-1.1098365889046358,0.16770126588859002,-1.0375378547932261,-0.1666736681717147,6.409242559279094e-18,-0.035022016417151136,0.6746159188799378,-0.14375396551507846,0.578369884395014,0.035022016417151136
617,6.17,4.268135973791387e-17,0.17613993153610952,-1.1144679630279564,0.17131978367308298,-1.0457877467010388,-0.17613993153610952,1.0204994643165436e-17,-0.029039462306797617,0.6820127541731945,-0.1431244168972171,0.5851371710704085,0.02903946230679763
618,6.18,4.179845992497133e-17,0.1884819539143609,-1.1179669885471109,0.17600938477198158,-1.0539763733190892,-0.1884819539143609,2.83964116416587e-17,-0.023311707438506746,0.6891628505321182,-0.14254528761091667,0.5917081381430349,0.02331170743850676
619,6.19,5.186277622117119e-17,0.20538869771321858,-1.1203592934739577,0.1817193358394743,-1.0620786293134306,-0.20538869771321858,4.126500840503876e-18,-0.017839321799765565,0.6960699454349185,-0.1420133556416291,0.5980833010765507,0.01783932179976558
620,6.2,3.4926958896401454e-17,0.22995451803922837,-1.1216981767601881,0.18837484825975725,-1.0700730250199417,-0.22995451803922837,9.946552590241544e-18,-0.012621887532678566,0.7027390344477534,-0.14152548078008176,0.6042645152278339,0.012621887532678594
621,6.21,1.8464528931711034e-17,0.25495451803922836,-1.122067540235471,0.19587247271318386,-1.0779400129486565,-0.2549545180392284,3.275543184436197e-18,-0.007658171913694722,0.7091762269231917,-0.1410786295650378,0.6102548564882269,0.00765817191369475
622,6.22,-1.9008230415692907e-16,0.27995451803922833,-1.120738356712125,0.20383872576572337,-1.0845770824778473,-0.2799545180392284,2.0114999190504325e-17,-0.002946282251501356,0.7153886150819392,-0.1406698943944048,0.6160585094763404,0.0029462822515013976
623,6.23,-1.1076528595461928e-15,0.30495451803922813,-1.1170590860766554,0.21161297418829828,-1.0886720602649522,-0.30495451803922835,3.869216012093721e-18,0.001516194452320721,0.7213841561764883,-0.14029650764977142,0.6216806638262589,-0.0015161944523206794
624,6.24,1.5923987388520053e-15,0.32995451803922815,-1.1127104737937765,0.216833433518132,-1.089543907311911,-0.3299545180392284,1.0924738649323548e-17,0.005732065222464056,0.7271715673068019,-0.13995585161328938,0.6271274189200908,-0.005732065222464
625,6.25,-2.1825628046143022e-15,0.30495451803922813,-1.0988477211487515,0.23125285024710973,-1.0901005713958558,-0.30495451803922835,1.18038841396277e-17,0.009704416826588541,0.7327602323636678,-0.13964546488556906,0.6324056972492342,-0.0097044168265885
626,6.26,2.1786464206479481e-16,0.2799545180392282,-1.086749773276904,0.24026587645816122,-1.0870156497350625,-0.2799545180392284,1.1409954586386181e-17,0.013436512339693618,0.7381601205095026,-0.13936304594269455,0.637523166452199,-0.013436512339693563
627,6.2700000000000005,9.237530254441227e-17,0.2549545180392282,-1.0730073227820869,0.2485630590203215,-1.0815703818024087,-0.2549545180392284,1.611370146737272e-17,0.01693169752779311,0.7433817155623547,-0.1391064544020556,0.6424881699644103,-0.016931697527793027
628,6.28,1.194392143611532e-16,0.2299545180392282,-1.0573753871469451,0.2566864672853183,-1.0740618544322669,-0.2299545180392284,3.591862535516303e-18,0.020193316097098096,0.7484359556220471,-0.13887371050198205,0.6473096661240283,-0.02019331609709804
629,6.29,4.889339675155744e-17,0.2049545180392282,-1.0400371693656938,0.2646126267157568,-1.0646497960814483,-0.2049545180392284,-9.445159521216892e-18,0.023224632912368648,0.753334182263573,-0.13866299324023956,0.6519971755038134,-0.02322463291236862
630,6.3,5.1151480884877685e-17,0.17995451803922824,-1.0212148922988655,0.27225970053747484,-1.053474592836339,-0.1799545180392284,9.699235600383994e-18,0.026028764340370186,0.758088098620907,-0.1384726375617179,0.6565607361826244,-0.02602876434037016
631,6.3100000000000005,3.548308871364177e-17,0.15495451803922827,-1.0011189620094045,0.2795518585557245,-1.0406708205651303,-0.1549545180392284,8.100013296836532e-18,0.028608614923637143,0.7627097356968778,-0.13830113093651308,0.6610108666333914,-0.028608614923637116
632,6.32,3.1219070933038165e-17,0.12995451803922828,-0.979944503727393,0.28642230170826954,-1.0263668054356654,-0.12995451803922842,1.0921184119634382e-17,0.03096681963036682,0.7672114262704862,-0.13814710962595156,0.6653585358964391,-0.030966819630366793
633,6.33,4.4786938016717346e-17,0.10495451803922831,-0.957872744560274,0.2928106455828724,-1.0106833901431476,-0.10495451803922841,-1.7070481025898384e-18,0.03310569094702903,0.7716057858459645,-0.13800935489611688,0.6696151407420792,-0.03310569094702903
634,6.34,4.113541301490307e-17,0.07995451803922833,-0.9350720967034195,0.29866133550388885,-0.9937334322073084,-0.0799545180392284,1.2282372667428495e-17,0.03502717006598868,0.77590570021684,-0.1378867894063075,0.6737924896231475,-0.035027170065988655
635,6.3500000000000005,4.322873389850183e-17,0.05495451803922838,-0.9116988461010261,0.30392313816686534,-0.9756219842678937,-0.054954518039228406,-1.0646905691883104e-17,0.036732781356863586,0.7801243194161752,-0.13777847397448773,0.6779027933906625,-0.03673278135686356
636,6.36,3.634714313680502e-17,0.03387024084884324,-0.8878977350770122,0.30854925188293125,-0.9564469869599441,-0.033870240848843255,1.1512217997952752e-17,0.038223589195213487,0.784275058083531,-0.13768360490439646,0.6819586629879288,-0.03822358919521343
637,6.37,3.388721274842198e-17,0.024793982735146547,-0.8638026088521836,0.31249773449394136,-0.9363003433461237,-0.024793982735146547,2.3375907419958198e-17,0.039500156083219884,0.7883716025430952,-0.13760151205122473,0.68597311459432,-0.0395001560832198
638,6.38,4.2410541337372036e-17,0.02134129792055689,-0.8395372019436184,0.31573207344533183,-0.9152692753889489,-0.02134129792055689,-7.992488727127844e-18,0.040562500917591005,0.7924279250140219,-0.13753165780536725,0.6899595828193887,-0.04056250091759095
639,6.390000000000001,4.3055376617004616e-17,0.020372615012534595,-0.8152160928395321,0.3182217877562118,-0.8934378805957457,-0.02037261501253458,4.3069826225610205e-18,0.0414100564061326,0.7964583051043174,-0.13747363718462113,0.693931942288939,-0.04141005640613252
640,6.4,4.4924251633009e-17,0.02035277580282782,-0.7909458317023069,0.3199429856738091,-0.8708888173761173,-0.020352775802827808,3.33632924318624e-18,0.04204162526801672,0.8004773576913468,-0.13742717923600856,0.6979045369273549,-0.042041625268016636
641,6.41,4.4020490411790356e-17,0.020534810259435488,-0.7668262320280564,0.32087882269437495,-0.8477050547224301,-0.020534810259435474,7.818313633549073e-18,0.04245533630218001,0.8045000640282193,-0.1373921499411127,0.7018922139693315,-0.0424553363021799
642,6.42,4.65854555972081e-17,0.020554055693818726,-0.7429518065060537,0.32101982070442914,-0.8239716272104807,-0.020554055693818712,1.8148294902860896e-17,0.0426486039532718,0.8085417991452398,-0.13736855676361126,0.7059103559088498,-0.042648603953271746
643,6.43,4.4992402682613267e-17,0.020226136279802076,-0.7194133171138236,0.3203640238115032,-0.7997773409253255,-0.020226136279802062,1.8970540879176325e-17,0.042618098624286976,0.8126183435959692,-0.13735655483754627,0.7099748984335164,-0.04261809862428695
644,6.44,3.5213530831839023e-17,0.019445737315078093,-0.6962993956078033,0.31891698159610604,-0.7752163772039053,-0.019445737315078065,2.2823980091115547e-17,0.04235974171785026,0.8167458576308358,-0.13735645450098855,0.7141023121318226,-0.04235974171785023
645,6.45,3.902811104158858e-17,0.018134591871630107,-0.6736981834492087,0.3166915661699373,-0.7503897496191434,-0.018134591871630093,6.015082087963523e-18,0.04186874224433951,0.8209407950404649,-0.1373687294455862,0.7183095244860467,-0.04186874224433951
646,6.46,4.5277893682077994e-17,0.01621261018381756,-0.6516989782517132,0.31370764056234635,-0.7254066188140569,-0.016212610183817547,7.305883370425195e-18,0.04113966297676469,0.8252197897340928,-0.1373940250003659,0.7226138147344598,-0.04113966297676469
647,6.47,4.711742875014114e-17,0.013578483021805102,-0.6303938241274035,0.30999161007760423,-0.7003854342050047,-0.013578483021805074,3.5305207046178676e-18,0.04016652712199642,0.8295994904283016,-0.1374331657142177,0.7270326561425207,-0.04016652712199639
648,6.48,4.6604777091428844e-17,0.010091747622027691,-0.6098790563949567,0.30557589344792835,-0.6754549498428815,-0.010091747622027664,1.2660953588869977e-17,0.03894292932551366,0.8340964153000751,-0.13748716259959404,0.7315835778996713,-0.03894292932551363
649,6.49,3.156793043283636e-17,0.0055500995135467635,-0.5902568893792416,0.300498345797784,-0.6507552351770243,-0.005550099513546736,3.66554962487293e-18,0.03746205006089062,0.8387269925675876,-0.13755722377555346,0.7362842163431451,-0.037462050060890595
650,6.5,3.191006313912391e-17,-0.00034545516767439666,-0.5716372329059541,0.29480165340441256,-0.6264388863103654,0.0003454551676744383,1.0975731232609401e-17,0.0357163913190118,0.843508058963118,-0.13764477847797807,0.741152837441097,-0.035716391319011775
651,6.51,3.739324614369903e-17,-0.008050144108989188,-0.5541400254904448,0.28853271240708367,-0.6026727378975294,0.008050144108989216,1.1929855488901112e-17,0.033696966529542044,0.8484581862461279,-0.13775153381355365,0.7462097200596793,-0.033696966529542044
652,6.5200000000000005,2.9148569587144864e-17,-0.018285503058054778,-0.5378984126458991,0.2817420376220606,-0.5796404502679571,0.01828550305805479,-2.4498151713780143e-18,0.031391639547239364,0.8536002106372865,-0.1378795941877865,0.7514798048250717,-0.031391639547239336
653,6.53,5.457021749428251e-17,-0.032260435302376184,-0.5230629623881856,0.27448341889175165,-0.557546381279939,0.032260435302376184,7.0525431247780065e-19,0.02878241059703246,0.8589651097299126,-0.13803167853243592,0.7569967882623465,-0.02878241059703246
654,6.54,1.4065642456751337e-17,-0.05216337532287185,-0.5098066486895166,0.26681460256974054,-0.5366212512592603,0.05216337532287188,1.585905580945572e-17,0.02584183199100637,0.8645967120495516,-0.13821145677158653,0.7628081688211359,-0.025841831991006342
655,6.55,9.67728014048726e-17,-0.07716337532287185,-0.4983294766889631,0.25880155831423324,-0.5171310350031937,0.07716337532287187,7.638182568575697e-18,0.022529567449165122,0.8705554374002321,-0.1384239719496808,0.7689794093499116,-0.022529567449165122
656,6.5600000000000005,1.0052057242581532e-16,-0.10216337532287184,-0.48886092922391555,0.2505358011663007,-0.4993967303902145,0.10216337532287187,1.5918266840854956e-17,0.018791502242556435,0.8769172708059091,-0.1386759870115598,0.7755932578174671,-0.01879150224255638
657,6.57,4.388715716063674e-16,-0.12716337532287184,-0.4816630153707112,0.2422140215648808,-0.4838770369355898,0.12716337532287175,1.6196320648804044e-18,0.014565690263092568,0.8837617329559474,-0.1389758614472828,0.7827375944032311,-0.014565690263092512
658,6.58,-1.2406006381409193e-14,-0.1521633753228714,-0.47710836934247525,0.23474108988457687,-0.47184945922704946,0.1521633753228717,1.212896916506279e-17,0.009801284138258592,0.8911406663813118,-0.13933220852705885,0.7904728749083723,-0.009801284138258565
659,6.59,1.3288565681359213e-14,-0.1271633753228714,-0.4741207132301436,0.2212706570078119,-0.4553913702379524,0.12716337532287184,9.915516676964866e-18,0.004484058863995527,0.8990436453322107,-0.13975153521628558,0.7987951805484967,-0.004484058863995513
660,6.6000000000000005,-1.6363488444376211e-16,-0.10216337532287137,-0.47475007605479747,0.21250521059849803,-0.4472552866532964,0.10216337532287184,1.0794893898088278e-17,-0.0013697463438486213,0.9074257574401382,-0.14023862607620974,0.807664383516348,0.001369746343848663
661,6.61,-1.7348340817263526e-17,-0.07716337532287143,-0.4782676080651963,0.20382965502275996,-0.44209726308795316,0.07716337532287185,1.1839176452132775e-17,-0.007724506774461723,0.9162278864228962,-0.1407969774847483,0.8170248639076418,0.007724506774461751
662,6.62,5.4829752184930326e-17,-0.052163375322871464,-0.4844857609958143,0.19519041666121562,-0.4396761776570286,0.052163375322871824,2.8601048467708856e-18,-0.014532630238693806,0.9253843934149596,-0.1414288366199533,0.8268132300349129,0.01453263023869382
663,6.63,3.031416937018502e-17,-0.027163375322871525,-0.49192259639194547,0.18710812200813776,-0.439030718400081,0.02716337532287183,8.474021781277601e-18,-0.021739614827387038,0.934827263657593,-0.14213519269317854,0.8369624563507698,0.021739614827387052
664,6.640000000000001,3.765690944732826e-17,-0.002163375322871544,-0.5000241290857989,0.1798579013022682,-0.43988203038806395,0.0021633753228718355,6.1129827795658905e-18,-0.02928757671695348,0.9444888570574089,-0.14291579662651943,0.8474046536839253,0.02928757671695348
665,6.65,4.200565500399751e-17,0.02283662467712841,-0.5086566156289695,0.17358134067214614,-0.4422379563011183,-0.02283662467712816,8.638150257335737e-18,-0.03711774256146899,0.954303837794492,-0.14376922047180873,0.8580730582662972,0.037117742561469005
666,6.66,3.5868458219831655e-17,0.04783662467712835,-0.5177589841780882,0.16837440204435794,-0.446133386222447,-0.04783662467712816,8.288804278044287e-18,-0.04517221438075787,0.9642105140835052,-0.1446929524818722,0.8689034665653756,0.045172214380757886
667,6.67,4.4463874263106174e-17,0.07283662467712829,-0.5272736052027592,0.16430865990541588,-0.4515822651081769,-0.07283662467712816,5.580952407496923e-18,-0.05339520793491361,0.9741517271610124,-0.14568351968415316,0.879835246845166,0.05339520793491364
668,6.68,3.96951910555228e-17,0.09783662467712821,-0.5371327398870395,0.16143650017386435,-0.45856924006090116,-0.09783662467712817,1.1698129149752702e-17,-0.061733901685313695,0.9840753918172328,-0.1467366289720099,0.8908120207892458,0.06173390168531372
669,6.69,2.5103152466397403e-16,0.10964659262057591,-0.5472086799954009,0.15952654854912585,-0.46673522854452676,-0.10964659262057606,8.649779506554934e-17,-0.07013867056088963,0.9939345567465675,-0.14784770796794755,0.9017822647145137,0.07013867056088965
670,6.7,1.2428432878244349e-16,0.11132784797555352,-0.5573067495379763,0.15789066748926273,-0.4751974170272404,-0.1113278479755536,-5.0845301582129113e-17,-0.07856478361517841,1.0036884097547594,-0.14901033272365372,0.9126987424784132,0.07856478361517844
671,6.71,2.9699659615788187e-17,0.1079758449227139,-0.5673522979793805,0.15636605678847515,-0.48371835476785696,-0.10797584492271395,-1.0737281454381386e-17,-0.08697047087263851,1.0133006571550576,-0.150219223988176,0.9235198811432297,0.08697047087263854
672,6.72,3.5040235236641286e-17,0.10215488890454645,-0.577303560988189,0.15492261704262822,-0.49222617803081326,-0.10215488890454649,2.203107587200221e-17,-0.0953182689931115,1.0227403787052731,-0.1514684237634497,0.9342088024687221,0.09531826899311151
673,6.73,3.189720057384706e-17,0.09516173762774291,-0.5871285458325392,0.15355578635443268,-0.5006843321869723,-0.09516173762774296,1.7434206630172798e-18,-0.10357484132105825,1.0319815688945342,-0.1527517867605349,0.9447333556550723,0.10357484132105826
674,6.74,3.561475627378262e-17,0.08765750202268752,-0.5968002937021036,0.15226523613348697,-0.5090655298355897,-0.08765750202268754,3.0869791514276348e-18,-0.11171078745172285,1.04100277718132,-0.15406316873058012,0.9550659459119024,0.11171078745172286
675,6.75,9.547032344905443e-17,0.07998371224832655,-0.6062957885616288,0.15105073567141558,-0.5173465242330386,-0.07998371224832669,1.2181085868537848e-17,-0.11970043248882925,1.0497867480527292,-0.15539654177691864,0.9651832898296475,0.11970043248882928
676,6.76,4.1038548120126805e-17,0.07232097027749618,-0.6155954921402415,0.14991042723106907,-0.5255059193713101,-0.07232097027749626,8.139810527501256e-18,-0.12752110209106676,1.058320714940927,-0.15674507694497175,0.9750657918858976,0.1275211020910668
677,6.7700000000000005,4.1619740158258405e-17,0.06476692076062911,-0.6246833888790536,0.1488441812774287,-0.5335275701564774,-0.06476692076062918,6.5893517685674374e-18,-0.13515411542363798,1.0665938473573648,-0.1581045677875591,0.9846984151449241,0.135154115423638
678,6.78,4.4032861870223885e-17,0.05737707205349217,-0.6335463776237137,0.14784962974966664,-0.5413960073733839,-0.057377072053492226,3.678698812650121e-18,-0.14258344603862727,1.074599494934195,-0.15946945843100535,0.9940689533651983,0.1425834460386273
679,6.79,3.6856940423889155e-17,0.05018442329943536,-0.6421742269490923,0.14692425264963715,-0.5490984795987308,-0.05018442329943541,9.942272342187607e-18,-0.14979583574661082,1.0823335796928406,-0.16083484656103775,1.0031684262538767,0.14979583574661084
680,6.8,4.282531671582899e-17,0.043209595201772824,-0.650559322962697,0.14606525530657788,-0.5566245782692731,-0.04320959520177288,1.5812986006863874e-17,-0.1567805343212384,1.0897944134336983,-0.1621962893804888,1.0119907028141857,0.15678053432123842
681,6.8100000000000005,4.6196018796036135e-17,0.0364660176851124,-0.6586964392969864,0.14526961466982302,-0.5639660539668099,-0.03646601768511244,1.7109671491373848e-17,-0.1635290470763828,1.0969824224195373,-0.1635497782897245,1.0205322007092594,0.16352904707638283
682,6.82,4.1911958419621095e-17,0.029962640225550105,-0.6665825180355692,0.14453414975622592,-0.5711166677917929,-0.029962640225550133,1.2992769723383212e-17,-0.17005746845753233,1.103878222994525,-0.16492101439969808,1.028799237394222,0.1700574684575324
683,6.83,5.264185850268405e-17,0.023705396991345162,-0.6742164609651918,0.14385558788851827,-0.578072048853707,-0.02370539699134519,1.55701614092764e-17,-0.1769331116585242,1.1099987614719717,-0.1669538339457205,1.0369525954176926,0.17693311165852427
684,6.84,3.6536027536358345e-17,0.017698042416319337,-0.6815989322121264,0.14323062177035928,-0.5848295539824888,-0.017698042416319365,2.465356979073021e-18,-0.18491301759729262,1.1150417156671226,-0.17002321501892725,1.0450649306860502,0.18491301759729267
685,6.8500000000000005,4.196301455836003e-17,0.011942664808742759,-0.6887321732704353,0.14265595718344237,-0.5913881304538768,-0.0119426648087428,4.40045831298187e-18,-0.19482734403092605,1.1189495305248665,-0.17417476642756935,1.0531242969524375,0.1948273440309261
686,6.86,3.492207631803119e-17,0.0064400317783512295,-0.6956198311024951,0.14212835205971175,-0.5977481831622078,-0.006440031778351271,4.395160496291655e-18,-0.20785432358020567,1.12173075758204,-0.1793763082147023,1.0611070657967414,0.2078543235802057
687,6.87,3.3360661469574416e-17,0.0011898445010705833,-0.7022667996683128,0.14164464786679265,-0.6039114475351055,-0.001189844501070625,1.114549455434253e-17,-0.2259967136963749,1.1234248696332054,-0.18556711648265056,1.068991986115859,0.22599671369637492
688,6.88,5.099245172535914e-17,-0.0038090604293962993,-0.7086790749671589,0.1412017942530538,-0.6098808692202105,0.0038090604293962715,1.961290087035657e-17,-0.2509967136963749,1.1240972468447596,-0.1926642559508297,1.0767615027955924,0.2509967136963749
689,6.890000000000001,3.4714664469135603e-17,-0.00855854186771493,-0.7148636234563571,0.14079686785789403,-0.6156604913142529,0.008558541867714917,-1.4855126472136423e-16,-0.2759967136963749,1.123628671953779,-0.20049902660728203,1.084127698561056,0.2759967136963749
690,6.9,5.336112138614325e-17,-0.013061007475374822,-0.720828263541443,0.14042708613348298,-0.6212553496749265,0.013061007475374808,2.6366310049537676e-17,-0.30099671369637493,1.1208749484073879,-0.2085368787387113,1.089411827146095,0.3009967136963748
691,6.91,5.177729321329665e-17,-0.017319284043886482,-0.726581559703079,0.14008981695637834,-0.6266713766594534,0.01731928404388644,-1.779211187629325e-16,-0.32599671369637484,1.116053392968234,-0.2158869631612187,1.0919403561294498,0.3259967136963748
692,6.92,3.834216276382809e-17,-0.02133650158318927,-0.7321327287325526,0.13978258473626426,-0.6319153134688142,0.021336501583189213,4.138837156606131e-16,-0.30099671369637493,1.104663011027367,-0.22846887875634014,1.0931318897837035,0.3009967136963748
693,6.93,3.009189707004668e-17,-0.02511598913152488,-0.7374915574830193,0.1395030736577786,-0.6369946311407957,0.025115989131524852,1.226650629838716e-15,-0.2759967136963749,1.0942718996286418,-0.23657279746313142,1.0908446970917727,0.2759967136963748
694,6.94,4.822648872149299e-17,-0.02866118082325228,-0.7426683315022596,0.13924912862230265,-0.6419174601245579,0.028661180823252225,2.0379971685385304e-17,-0.2509967136963749,1.0816239406366224,-0.24466110378548145,1.0862850444221028,0.2509967136963748
695,6.95,2.4415100301552298e-17,-0.03197553105170897,-0.747673773889269,0.13901875439129674,-0.6466925282805618,0.031975531051708916,2.1051362081108517e-17,-0.22599671369637492,1.066838640967636,-0.2527964765791909,1.0796351175468264,0.2259967136963748
696,6.96,5.533224626322867e-17,-0.035062437731882584,-0.7525189937064961,0.138810113372292,-0.651329107078785,0.0350624377318825,9.795571038312815e-18,-0.20099671369637492,1.0502084465821548,-0.26081443743907295,1.0710228840212264,0.20099671369637484
697,6.97,2.8384279188985605e-17,-0.03792517277363819,-0.7572154432787573,0.1386215224335482,-0.6558369657123087,0.03792517277363808,4.0841901438108164e-18,-0.17599671369637493,1.0319865075377281,-0.26859630851500704,1.0605828160527342,0.17599671369637485
698,6.98,4.81193238237808e-17,-0.04056681895381967,-0.7617748837181583,0.13845144908394513,-0.6602263328021016,0.04056681895381958,8.528419459802302e-18,-0.15099671369637493,1.0123942800605485,-0.27605644414938635,1.0484507242099366,0.15099671369637485
699,6.99,2.4076990584979762e-17,-0.042990212437616554,-0.7662093580344137,0.13829850731084437,-0.664507865345255,0.0429902124376165,2.465466710959083e-18,-0.12599671369637494,0.991633226552744,-0.2831250234915973,1.0347582500443384,0.12599671369637488
700,7.0,3.871988816012433e-17,-0.04519789024604076,-0.7705311712313306,0.1381614533302763,-0.6686926245616056,0.045197890246040706,6.209966246669392e-18,-0.10099671369637493,0.9698898948585405,-0.28974026321586355,1.0196301580744038,0.10099671369637489
701,7.01,4.963974280093014e-17,-0.04719204198916099,-0.7747528768668889,0.13803918147091976,-0.6727920583378064,0.04719204198916091,9.632874972431378e-18,-0.07599671369637492,0.9473378328666594,-0.2958454442838213,1.0031832771504816,0.07599671369637491
702,7.0200000000000005,6.702519939121072e-17,-0.04897446516992818,-0.778887269685698,0.1379307203860144,-0.6768179900717128,0.048974465169928066,5.7195191784985794e-18,-0.05969949341770011,0.9241383946638467,-0.30138798397524946,0.9855263786390984,0.05969949341770012
703,7.03,3.289757739540244e-17,-0.05054652329796236,-0.7829473841317426,0.13783522976640594,-0.6807826138981503,0.05054652329796222,1.2869623054353482e-17,-0.05348905373546502,0.9004412608458711,-0.30631939825689225,0.966760659102762,0.05348905373546504
704,7.04,6.315290171603333e-17,-0.051909105934518945,-0.7869464988089422,0.13775199771454638,-0.6846984965234895,0.05190910593451886,4.464197185306337e-18,-0.051871958308239596,0.8763849787710402,-0.3105956762927923,0.9469806550638302,0.05187195830823962
705,7.05,6.310871830353432e-17,-0.05306258964749974,-0.7908981472204647,0.13768043893501558,-0.6885785861554772,0.05306258964749966,9.271623030092987e-18,-0.05218389792923844,0.8520976350879054,-0.3141778435648096,0.9262754786527103,0.05218389792923847
706,7.0600000000000005,2.6216274933392692e-17,-0.05400679877253081,-0.7948161352435231,0.1376200939026192,-0.6924362291461406,0.05400679877253067,8.36679181203497e-18,-0.05314906890763007,0.8276976997750872,-0.31703258816162594,0.904730287936713,0.0531490689076301
707,7.07,4.1718202717176335e-17,-0.05474096502020481,-0.7987145655254447,0.13757062918230567,-0.6962851947077495,0.0547409650202047,1.3391662324034422e-17,-0.054167447312605164,0.803295050997357,-0.31913286707858435,0.8824279180759418,0.05416744731260519
708,7.08,5.333857192934648e-17,-0.055263685603540724,-0.8026078679374261,0.13753183908779232,-0.7001397070252167,0.05526368560354064,2.1794043230652207e-18,-0.05496300664503461,0.7789921754357404,-0.32045843188134404,0.859450607317084,0.05496300664503464
709,7.09,1.1085347663854223e-17,-0.05557288101400412,-0.8065108329577139,0.1375036488601974,-0.7040144818179122,0.05557288101400404,7.235164304616527e-18,-0.05541050503739578,0.75488552900221,-0.3209962288446119,0.8358817578468218,0.05541050503739581
710,7.1000000000000005,2.8439175093118423e-17,-0.0556657561300338,-0.8104386410850043,0.13748611949492473,-0.7079247605799259,0.05566575613003377,3.199924079299554e-18,-0.05545023513857473,0.7310670339092918,-0.32074064256861956,0.8118076764779096,0.05545023513857476
711,7.11,5.064591800890651e-17,-0.05553877197784568,-0.8144068763627682,0.13747945420824703,-0.711886330571017,0.0555387719778456,9.586395591656804e-18,-0.055045704900223515,0.7076256785511933,-0.3196935659730765,0.7873192445242707,0.05504570490022355
712,7.12,3.2364306999719733e-17,-0.055187642227522815,-0.8184315021288074,0.1374840062451358,-0.7159155083739406,0.05518764222752276,9.729489732479227e-18,-0.054161787151674565,0.6846491730212466,-0.3178642943188522,0.7625134673400971,0.0541617871516746
713,7.13,4.639552531279929e-17,-0.054607371373908115,-0.8225287762602073,0.13750028730561958,-0.7200290635658262,0.05460737137390806,2.1549530243249117e-17,-0.05275196218812835,0.6622256061081063,-0.3152692561898861,0.7374948622979871,0.05275196218812839
714,7.140000000000001,6.711175708402391e-17,-0.05379232254836003,-0.8267151389869777,0.13752897613215975,-0.7242441151191357,0.05379232254835992,1.885203244569376e-17,-0.05074858781704857,0.6404450880143929,-0.3119316046781858,0.7123766926925774,0.050748587817048586
715,7.15,3.877507669628271e-17,-0.05273632599654385,-0.8310070486723128,0.1375709264228081,-0.728577975095122,0.052736325996543765,9.72637461127274e-18,-0.048052387739892295,0.6194013135225173,-0.3078807060250389,0.687282019547554,0.04805238773989232
716,7.16,4.485795459605125e-17,-0.05143279187124952,-0.8354208374067983,0.13762717444694073,-0.7330480118537372,0.05143279187124944,1.3130542525009335e-17,-0.0445178220623837,0.5991930542198186,-0.30315156693334233,0.6623446211531578,0.04451782206238373
717,7.17,6.23792895783212e-17,-0.049874725918252344,-0.8399727523522077,0.13769895008579092,-0.7376717024379977,0.04987472591825226,3.749012800597856e-18,-0.039929942775844655,0.5799256677312964,-0.29778423605710824,0.6377099037884029,0.03992994277584468
718,7.18,3.848461543077265e-17,-0.048054465153831466,-0.8446794547607411,0.13778770118540085,-0.7424671559461422,0.04805446515383138,2.380926520254558e-19,-0.033965086245406506,0.5617128102119163,-0.29182320327513234,0.6135360134870473,0.03396508624540656
719,7.19,6.841679176423165e-17,-0.04596286536509342,-0.8495593467869761,0.13789515042539835,-0.7474544972123751,0.04596286536509331,1.2202253386477014e-17,-0.026119962746997294,0.5446786427958737,-0.28531681596724445,0.5899954587631178,0.02611996274699735
720,7.2,2.191279896698239e-17,-0.0435876342113011,-0.8546351009916374,0.1380234143625666,-0.7526585153542036,0.04358763421130099,9.296995313285974e-18,-0.015574496247922995,0.5289608667598965,-0.2783167794135549,0.5672776461734492,0.01557449624792305
721,7.21,3.302014772949846e-17,-0.04091060758025877,-0.8599375372221455,0.1381752194686362,-0.758112756690783,0.04091060758025869,9.719392559906565e-18,-0.0009017229016275163,0.5147147952185814,-0.270878028824698,0.5455928240432768,0.0009017229016275718
722,7.22,6.15206545436678e-17,-0.03790415389371296,-0.8655103323432068,0.1383542364520448,-0.7638645687952503,0.03790415389371285,2.5704026675574157e-17,0.020623449004942312,0.5021182423510463,-0.2630600104689066,0.5251782528199533,-0.02062344900494227
723,7.23,2.924907865221009e-17,-0.03452772591570022,-0.8714137614557035,0.13856549966642817,-0.7699792611221326,0.03452772591570011,-6.24639730575948e-19,0.04562344900494236,0.49137631993155495,-0.25493309065370895,0.5063094105852648,-0.045623449004942335
724,7.24,2.9213765094768693e-17,-0.03072697834999083,-0.8777236740115352,0.1388157520609613,-0.7765394260724974,0.030726978349990747,-8.351084633816477e-17,0.07062344900494233,0.4827256166705399,-0.24660652555047735,0.4893321422210142,-0.0706234490049423
725,7.25,4.8242980860635466e-17,-0.026439753520182102,-0.8845194680920417,0.13911332405012777,-0.7836327921421691,0.02643975352018199,1.0020083158444072e-16,0.09562344900494182,0.4764532839028607,-0.23839586967595372,0.4748491535788175,-0.0956234490049423
726,7.26,4.910542719366991e-17,-0.021615098064701424,-0.8918528814901993,0.13946680219647478,-0.7913196836866709,0.0216150980647013,-1.0702446071622028e-15,0.07062344900494186,0.471697898841808,-0.22445460885367796,0.4561525076954829,-0.0706234490049423
727,7.2700000000000005,4.5316445216100447e-17,-0.016238880256630575,-0.8997134029033279,0.1398826873397755,-0.7995960902431007,0.016238880256630464,1.625349968689618e-15,0.04562344900494186,0.4708995464745104,-0.21723920434903976,0.4481387508235506,-0.04562344900494242
728,7.28,3.6375227136613007e-17,-0.010327586609989503,-0.9080560453703946,0.14036577645775783,-0.8084218218281563,0.010327586609989392,-3.629938222234858e-16,0.020623449004941896,0.4727583443532285,-0.20900453855535528,0.441762882908582,-0.020623449004942396
729,7.29,3.550645515437636e-17,-0.003917179348083236,-0.9168216235707131,0.1409195926084844,-0.8177412161791984,0.003917179348083111,1.2402483454909727e-17,-0.004376550995058043,0.4774815146897079,-0.20035520860263534,0.4378367232923437,0.004376550995057599
730,7.3,3.33549104210103e-17,0.002944368344528478,-0.9259444322976947,0.14154642160389985,-0.8274908539015988,-0.002944368344528603,-3.49111705548248e-18,-0.029376550995057996,0.4842175884843708,-0.1919443417538217,0.4361619302381903,0.029376550995057593
731,7.3100000000000005,5.403369317079452e-17,0.010202164548582457,-0.9353563912550636,0.1422473011816906,-0.837603692436756,-0.010202164548582582,1.2332002721721367e-17,-0.054376550995057935,0.49181122883570183,-0.18425081329011628,0.43606204212582034,0.054376550995057595
732,7.32,4.615108849126151e-17,0.017797951675181445,-0.9449897943283193,0.14302203863009189,-0.8480118329584108,-0.017797951675181556,1.539953362759477e-17,-0.07937655099505787,0.5000147285685809,-0.17746540099250485,0.43748012956108573,0.0793765509950576
733,7.33,4.0876219891571316e-17,0.025672616818882443,-0.9547792384140806,0.143869268215013,-0.8586485066290961,-0.02567261681888254,1.1921969159706012e-17,-0.1043765509950578,0.5087499441464917,-0.17170074575405903,0.4404506899005525,0.10437655099505759
734,7.34,3.875450783733856e-17,0.033767968661542386,-0.9646629628534181,0.144786544396447,-0.8694495072498625,-0.03376796866154248,8.630042723882962e-18,-0.12937655099505768,0.5179611845719708,-0.1670385842380374,0.44499976881000824,0.1293765509950576
735,7.3500000000000005,4.1066940953700075e-17,0.04202798299097321,-0.9745837384838306,0.14577046273966954,-0.8803542012234984,-0.04202798299097331,9.00804338409401e-18,-0.1396606828663661,0.5275859140567692,-0.16354045651097515,0.4511263705677435,0.13966068286636607
736,7.36,4.13981289558364e-17,0.05039965485140407,-0.9844894085630652,0.14681679956874805,-0.8913062081318137,-0.050399654851404165,1.3042773364547282e-17,-0.14044467807725125,0.5375436608781295,-0.1612204559730338,0.4587641168511616,0.14044467807725125
737,7.37,3.96010704465347e-17,0.05883355529987425,-0.9943331618720715,0.14792066183060915,-0.9022538237026771,-0.05883355529987436,6.974189278891248e-18,-0.13658861116443874,0.5476312692320927,-0.15944834277203024,0.4670796120041252,0.13658861116443877
738,7.38,1.0300492462630665e-16,0.0672840573942908,-1.0040733347674342,0.14907711634796705,-0.913150451115404,-0.06728405739429093,4.6733792854145925e-17,-0.1304270258378238,0.5577196739120441,-0.15783860231487934,0.47555827622692126,0.1304270258378238
739,7.390000000000001,4.6244561864843865e-17,0.07570997699184198,-1.0136744963594433,0.1502792520846371,-0.9239537484440787,-0.07570997699184209,8.368781718172657e-18,-0.12314556462418237,0.5677527594487738,-0.1563165631885336,0.48406932263730473,0.1231455646241824
740,7.4,2.761727604815118e-17,0.08407380759628143,-1.0231053694857701,0.15152170868082593,-0.9346270781666006,-0.08407380759628152,9.385918874885345e-18,-0.11535396321172514,0.5776926254196876,-0.15487066383804005,0.49256328925772896,0.11535396321172518
741,7.41,3.669537450995679e-17,0.09234224130801778,-1.0323398257491911,0.15279850854149546,-0.9451383342906872,-0.09234224130801788,7.207908276925435e-18,-0.10737164409597187,0.5875080564655956,-0.15350009991164992,0.5010081563772473,0.10737164409597191
742,7.42,1.0047481286408061e-16,0.10048595502684118,-1.0413563422425165,0.15410358659580325,-0.9554599288383172,-0.10048595502684127,2.5274203672758647e-17,-0.09937098767511691,0.5971722564018594,-0.15220534130618735,0.5093775977080504,0.09937098767511701
743,7.43,-5.936372744080783e-17,0.10847938468513564,-1.0501376056676728,0.15543097390903393,-0.965568579576709,-0.10847938468513572,-9.396098237739858e-17,-0.09144908666572649,0.6066622517530195,-0.15098636086133566,0.5176486126143565,0.09144908666572657
744,7.44,-4.97428717669703e-17,0.1163004843482998,-1.0586701379498225,0.15677489965298064,-0.9754450376028045,-0.11630048434830006,1.0868664689000963e-16,-0.08366375132691609,0.6159586093722612,-0.14984239931758758,0.5258010086898515,0.08366375132691614
745,7.45,4.099224965710586e-17,0.12392958052293662,-1.0669444827520609,0.15812904101459868,-0.9850735237666597,-0.1239295805229368,1.1697379553649855e-17,-0.07605253731465637,0.6250451478818287,-0.1487711929680101,0.5338163408498402,0.07605253731465642
746,7.46,3.82887327362557e-17,0.1313515725659538,-1.0749530311872784,0.15948929683681634,-0.9944423280240939,-0.13135157256595395,8.797820367523985e-18,-0.06863948635282924,0.6339089108718642,-0.14777184272058463,0.5416807535924497,0.06863948635282927
747,7.47,4.1822698096681486e-17,0.13855330759334522,-1.0826918144412447,0.16085060575911403,-1.0035424202003589,-0.13855330759334533,7.845886793962151e-18,-0.061442221866034125,0.6425396825596909,-0.14684166320936687,0.5493813457690613,0.06144222186603417
748,7.48,4.1465470249191423e-17,0.14552416503432422,-1.0901591544902844,0.162208526471337,-1.0123676809616218,-0.14552416503432433,1.297191491019942e-17,-0.05447359969535483,0.6509298837348264,-0.14597785509425887,0.5569077388290871,0.05447359969535486
749,7.49,3.932669184301177e-17,0.1522557869280853,-1.0973554754625008,0.1635590828993504,-1.0209145583618497,-0.15225578692808542,1.2343012669075874e-17,-0.047743095436747554,0.6590743323451572,-0.14517742013929757,0.5642517524844499,0.04774309543674759
750,7.5,4.3948066701430923e-17,0.15900243740371905,-1.104088421940916,0.16516170920993523,-1.0292501311508506,-0.15900243740371917,1.1636442855459703e-17,-0.041257615987248836,0.6669700230784176,-0.14443720561062945,0.5714072286890448,0.04125761598724887
751,7.51,3.8559373034945445e-17,0.16667366817171406,-1.1098365889046358,0.16770126588859002,-1.0375378547932261,-0.16667366817171417,1.3954128575536502e-17,-0.035022016417151344,0.6746159188799378,-0.14375396551507846,0.578369884395014,0.03502201641715136
752,7.5200000000000005,4.5926207007956065e-17,0.17613993153610932,-1.1144679630279564,0.17131978367308298,-1.0457877467010388,-0.17613993153610943,1.1572610926477796e-18,-0.02903946230679791,0.6820127541731945,-0.1431244168972171,0.5851371710704085,0.029039462306797922
753,7.53,3.311958392533612e-17,0.18848195391436068,-1.1179669885471109,0.17600938477198158,-1.0539763733190892,-0.1884819539143608,1.2679124765346804e-17,-0.02331170743850708,0.6891628505321182,-0.14254528761091667,0.5917081381430349,0.023311707438507107
754,7.54,4.30902634509674e-17,0.20538869771321971,-1.1203592934739577,0.18171933583947475,-1.0620786293134306,-0.2053886977132198,1.094795640709107e-17,-0.01783932179976601,0.6960699454349221,-0.1420133556416291,0.5980833010765507,0.017839321799766036
755,7.55,3.883584852893184e-17,0.22995451803922273,-1.1216981767601881,0.1883748482597577,-1.0700730250199417,-0.22995451803922282,1.2435054728679625e-17,-0.012621887532680287,0.7027390344477534,-0.14152548078008176,0.6042645152278339,0.012621887532680315
756,7.5600000000000005,1.4130341223128397e-16,0.2549545180392227,-1.122067540235471,0.19587247271318342,-1.0779400129486565,-0.25495451803922276,1.047025810295409e-17,-0.007658171913695611,0.7091762269231917,-0.14107862956503736,0.6102548564882304,0.007658171913695638
757,7.57,-6.922165480152774e-17,0.27995451803922267,-1.120738356712125,0.20383872576572382,-1.0845770824778473,-0.27995451803922267,1.3590822029734502e-17,-0.002946282251501245,0.7153886150819392,-0.1406698943944048,0.616058509476344,0.0029462822515012865
758,7.58,-1.4863709248950172e-15,0.3049545180392224,-1.1170590860766518,0.21161297418830183,-1.0886720602649558,-0.3049545180392227,8.359189030360118e-18,0.001516194452321984,0.7213841561764919,-0.14029650764977186,0.6216806638262589,-0.0015161944523219562
759,7.59,-3.2606631118973105e-15,0.3299545180392224,-1.1127104737937765,0.21683343351812756,-1.089543907311911,-0.3299545180392227,9.781008892789505e-18,0.005732065222465041,0.7271715673068019,-0.13995585161328938,0.6271274189200908,-0.005732065222464999
760,7.6000000000000005,5.605058372826046e-17,0.30495451803922247,-1.0988477211487373,0.23125285024712217,-1.090100571395863,-0.3049545180392227,4.770017740294783e-18,0.00970441682658979,0.7327602323636678,-0.13964546488556906,0.6324056972492342,-0.009704416826589776
761,7.61,8.063551090349392e-17,0.27995451803922256,-1.086749773276904,0.24026587645816166,-1.087015649735066,-0.27995451803922267,1.2573779288037672e-17,0.01343651233969495,0.7381601205095026,-0.139363045942695,0.637523166452199,-0.013436512339694923
762,7.62,1.410668702398801e-16,0.25495451803922253,-1.0730073227820869,0.2485630590203215,-1.0815703818024087,-0.25495451803922276,4.1368355123304058e-19,0.016931697527791417,0.7433817155623547,-0.13910645440205516,0.6424881699644103,-0.01693169752779139
763,7.63,5.489945255790068e-17,0.2299545180392225,-1.0573753871469451,0.25668646728531874,-1.0740618544322633,-0.22995451803922273,1.1319878266734949e-17,0.020193316097098124,0.7484359556220471,-0.13887371050198205,0.6473096661240283,-0.020193316097098096
764,7.640000000000001,2.7251052503262735e-17,0.2049545180392225,-1.0400371693656902,0.2646126267157568,-1.0646497960814447,-0.20495451803922274,9.094701645850964e-18,0.02322463291236887,0.753334182263573,-0.13866299324023956,0.6519971755038134,-0.023224632912368842
765,7.65,3.8036005156616354e-17,0.17995451803922252,-1.0212148922988655,0.27225970053747484,-1.0534745928363354,-0.17995451803922274,-4.20240706162341e-18,0.026028764340369437,0.7580880986209034,-0.13847263756171835,0.6565607361826244,-0.02602876434036938
766,7.66,3.792127139393898e-17,0.15495451803922253,-1.0011189620094045,0.2795518585557245,-1.0406708205651303,-0.15495451803922275,1.1135541262289685e-17,0.02860861492363667,0.7627097356968778,-0.13830113093651308,0.6610108666333914,-0.028608614923636644
767,7.67,3.9322750886281346e-17,0.12995451803922253,-0.979944503727393,0.2864223017082691,-1.0263668054356654,-0.12995451803922276,1.3557545172608094e-17,0.03096681963036696,0.7672114262704862,-0.13814710962595156,0.6653585358964391,-0.030966819630366904
768,7.68,4.317824955022658e-17,0.10495451803922257,-0.957872744560274,0.29281064558287195,-1.010683390143144,-0.10495451803922275,8.451144480516603e-18,0.033105690947027866,0.7716057858459645,-0.13800935489611732,0.6696151407420792,-0.03310569094702781
769,7.69,4.6545062523002335e-17,0.07995451803922259,-0.9350720967034195,0.29866133550388885,-0.9937334322073084,-0.07995451803922274,1.464839257297054e-18,0.03502717006598763,0.77590570021684,-0.1378867894063075,0.673792489623144,-0.03502717006598757
770,7.7,3.7647669710143864e-17,0.054954518039222605,-0.9116988461010261,0.3039231381668658,-0.9756219842678937,-0.054954518039222744,8.926566179373905e-18,0.036732781356859256,0.7801243194161752,-0.13777847397448773,0.6779027933906625,-0.036732781356859256
771,7.71,4.316616202916952e-17,0.03387024084884031,-0.8878977350770122,0.3085492518829308,-0.9564469869599441,-0.03387024084884044,5.254240038164548e-18,0.03822358919521135,0.784275058083531,-0.1376836049043969,0.6819586629879288,-0.03822358919521138
772,7.72,4.683375642956656e-17,0.024793982735145742,-0.8638026088521836,0.31249773449394136,-0.9363003433461237,-0.024793982735145853,2.4946249829739277e-17,0.03950015608321883,0.7883716025430952,-0.13760151205122473,0.68597311459432,-0.03950015608321883
773,7.73,4.5794465987057854e-17,0.021341297920556584,-0.8395372019436184,0.31573207344533183,-0.9152692753889489,-0.02134129792055668,4.689785311170237e-18,0.040562500917589894,0.7924279250140219,-0.1375316578053677,0.6899595828193887,-0.04056250091758987
774,7.74,3.2258489550166496e-17,0.020372615012533957,-0.8152160928395321,0.3182217877562118,-0.8934378805957457,-0.020372615012534054,2.6190585945346078e-17,0.04141005640613199,0.7964583051043174,-0.13747363718462113,0.693931942288939,-0.04141005640613196
775,7.75,4.526121273864053e-17,0.020352775802827378,-0.7909458317023069,0.31994298567380863,-0.8708888173761173,-0.020352775802827475,4.076162346994262e-18,0.04204162526801705,0.8004773576913468,-0.137427179236009,0.6979045369273549,-0.04204162526801705
776,7.76,4.084586571914506e-17,0.020534810259434974,-0.7668262320280564,0.32087882269437495,-0.8477050547224301,-0.02053481025943507,-7.31763868402969e-18,0.04245533630218151,0.8045000640282193,-0.1373921499411127,0.7018922139693315,-0.04245533630218151
777,7.7700000000000005,3.663441698122925e-17,0.020554055693818227,-0.7429518065060537,0.3210198207044296,-0.8239716272104807,-0.020554055693818324,-8.042623181435022e-18,0.04264860395327036,0.8085417991452398,-0.13736855676361126,0.7059103559088498,-0.04264860395327033
778,7.78,4.666734172816716e-17,0.02022613627980173,-0.7194133171138236,0.32036402381150364,-0.7997773409253255,-0.020226136279801826,2.9198550997154402e-18,0.04261809862428578,0.8126183435959727,-0.13735655483754627,0.7099748984335164,-0.0426180986242857
779,7.79,4.735158725124768e-17,0.01944573731507794,-0.6962993956078033,0.31891698159610604,-0.7752163772039053,-0.019445737315078024,1.4915275168132197e-17,0.042359741717849425,0.8167458576308394,-0.13735645450098855,0.7141023121318262,-0.04235974171784937
780,7.8,4.509789894459174e-17,0.018134591871629774,-0.6736981834492087,0.31669156616993777,-0.750389749619147,-0.018134591871629857,6.804755141122435e-18,0.041868742244339285,0.8209407950404649,-0.1373687294455862,0.7183095244860502,-0.04186874224433926
781,7.8100000000000005,3.835228011150165e-17,0.016212610183817158,-0.6516989782517132,0.3137076405623459,-0.7254066188140604,-0.01621261018381724,1.0795301774300568e-17,0.04113966297676527,0.8252197897340966,-0.1373940250003659,0.7226138147344634,-0.041139662976765246
782,7.82,4.96707903003248e-17,0.013578483021804907,-0.6303938241274035,0.30999161007760423,-0.7003854342050082,-0.01357848302180499,5.358107812700701e-18,0.04016652712199664,0.8295994904283052,-0.13743316571421815,0.7270326561425242,-0.040166527121996615
783,7.83,3.0961285004638876e-17,0.01009174762202765,-0.6098790563949567,0.30557589344792835,-0.675454949842885,-0.010091747622027747,-1.922568437409708e-18,0.03894292932551327,0.8340964153000751,-0.13748716259959404,0.7315835778996713,-0.038942929325513215
784,7.84,5.4037867464406375e-17,0.005550099513547221,-0.5902568893792416,0.30049834579778356,-0.6507552351770278,-0.0055500995135473324,6.3828539270968905e-18,0.03746205006089112,0.8387269925675912,-0.13755722377555346,0.7362842163431451,-0.037462050060891094
785,7.8500000000000005,4.395992703778987e-17,-0.00034545516767384155,-0.5716372329059577,0.2948016534044121,-0.6264388863103689,0.0003454551676737444,1.7256028570605853e-17,0.03571639131901383,0.8435080589631215,-0.13764477847797896,0.7411528374411005,-0.0357163913190138
786,7.86,4.469227274851547e-17,-0.008050144108988841,-0.5541400254904484,0.2885327124070832,-0.602672737897533,0.008050144108988744,1.1216602875028834e-17,0.03369696652954357,0.8484581862461315,-0.1377515338135541,0.7462097200596829,-0.033696966529543515
787,7.87,2.494581701903289e-17,-0.01828550305805378,-0.5378984126458991,0.2817420376220606,-0.5796404502679606,0.01828550305805368,-2.880906566004866e-18,0.031391639547240446,0.8536002106372901,-0.1378795941877865,0.7514798048250753,-0.03139163954724042
788,7.88,5.5001337184535177e-17,-0.0322604353023746,-0.5230629623881856,0.2744834188917512,-0.557546381279939,0.03226043530237452,7.219768302757555e-18,0.028782410597032987,0.8589651097299126,-0.13803167853243636,0.7569967882623501,-0.02878241059703296
789,7.890000000000001,3.389213770111797e-17,-0.052163375322871935,-0.5098066486895202,0.26681460256973966,-0.5366212512592603,0.05216337532287185,1.8084656162279878e-17,0.02584183199100537,0.8645967120495551,-0.13821145677158608,0.7628081688211394,-0.02584183199100537
790,7.9,4.591967859744458e-17,-0.07716337532287193,-0.4983294766889631,0.2588015583142328,-0.5171310350031972,0.07716337532287182,1.2763934552854216e-17,0.022529567449165983,0.8705554374002357,-0.13842397194968126,0.7689794093499152,-0.022529567449165983
791,7.91,-7.220847198799725e-17,-0.10216337532287192,-0.48886092922391555,0.2505358011663007,-0.49939673039021804,0.10216337532287181,6.623542482789151e-19,0.018791502242557184,0.8769172708059091,-0.13867598701155937,0.7755932578174707,-0.018791502242557184
792,7.92,8.655970608663028e-17,-0.1271633753228717,-0.4816630153707112,0.2422140215648777,-0.4838770369355898,0.1271633753228718,1.1236630622135906e-17,0.014565690263092623,0.883761732955951,-0.13897586144728236,0.7827375944032311,-0.014565690263092623
793,7.930000000000001,9.948681819570775e-15,-0.1521633753228717,-0.4771083693424717,0.2347410898845813,-0.471849459227053,0.1521633753228718,6.882937015264771e-18,0.009801284138258676,0.8911406663813154,-0.13933220852705885,0.7904728749083723,-0.009801284138258662
794,7.94,1.1467989935917821e-15,-0.12716337532287209,-0.4741207132301436,0.2212706570078079,-0.4553913702379453,0.1271633753228718,1.8131256291724943e-17,0.004484058863996054,0.8990436453322143,-0.13975153521628558,0.7987951805484967,-0.004484058863996027
795,7.95,-2.3252940955382654e-16,-0.10216337532287209,-0.47475007605479747,0.21250521059850025,-0.4472552866532964,0.10216337532287181,1.403534990330593e-17,-0.0013697463438490237,0.9074257574401382,-0.14023862607620974,0.807664383516348,0.0013697463438490515
796,7.96,2.3812788834244406e-17,-0.0771633753228721,-0.4782676080651963,0.20382965502276085,-0.44209726308795316,0.07716337532287182,6.0331420728923995e-18,-0.007724506774461293,0.9162278864228962,-0.1407969774847483,0.8170248639076454,0.0077245067744613205
797,7.97,3.012876345842437e-17,-0.05216337532287213,-0.48448576099581786,0.19519041666121606,-0.43967617765703215,0.052163375322871824,1.6703604736266725e-17,-0.014532630238693375,0.9253843934149596,-0.1414288366199533,0.8268132300349165,0.014532630238693403
798,7.98,4.104477744107278e-17,-0.02716337532287208,-0.49192259639194547,0.18710812200813776,-0.439030718400081,0.027163375322871858,3.807588958148084e-18,-0.021739614827386247,0.934827263657593,-0.14213519269317854,0.8369624563507698,0.021739614827386275
799,7.99,5.287042639221499e-17,-0.002163375322872099,-0.5000241290857989,0.1798579013022682,-0.4398820303880675,0.002163375322871877,6.23407488933085e-18,-0.029287576716954034,0.9444888570574089,-0.14291579662651943,0.8474046536839253,0.02928757671695406
800,8.0,4.1090785132058175e-17,0.02283662467712791,-0.5086566156289695,0.17358134067214614,-0.4422379563011183,-0.022836624677128117,8.256927737702436e-18,-0.03711774256146946,0.9543038377944882,-0.1437692204718083,0.8580730582662937,0.03711774256146949
801,8.01,3.549138446277651e-17,0.04783662467712791,-0.5177589841780882,0.16837440204435794,-0.446133386222447,-0.0478366246771281,4.710346262717775e-18,-0.04517221438075722,0.9642105140835052,-0.1446929524818722,0.8689034665653756,0.04517221438075725
802,8.02,4.1796037220286274e-17,0.07283662467712791,-0.5272736052027592,0.16430865990541588,-0.4515822651081769,-0.07283662467712808,8.983248863074873e-18,-0.05339520793491377,0.9741517271610124,-0.14568351968415272,0.879835246845166,0.0533952079349138
803,8.03,4.1781589348054873e-17,0.09783662467712792,-0.5371327398870359,0.1614365001738648,-0.45856924006090116,-0.09783662467712805,5.712230576975458e-18,-0.06173390168531366,0.9840753918172328,-0.14673662897200945,0.8908120207892423,0.061733901685313695
804,8.040000000000001,7.932568235920072e-17,0.10964659262060471,-0.5472086799954009,0.15952654854913073,-0.4667352285445303,-0.10964659262060497,1.5952189697180204e-16,-0.07013867056089693,0.9939345567465782,-0.14784770796792535,0.9017822647145031,0.0701386705608968
805,8.05,-5.558807738423896e-17,0.11132784797559907,-0.5573067495379728,0.15789066748925873,-0.4751974170272333,-0.11132784797559919,-3.3147680341043926e-17,-0.07856478361520056,1.0036884097547665,-0.14901033272363906,0.9126987424784061,0.07856478361520045
806,8.06,5.223457036906561e-17,0.10797584492274201,-0.5673522979793805,0.15636605678847249,-0.4837183547678534,-0.10797584492274212,1.820486529770567e-17,-0.08697047087264378,1.0133006571550576,-0.15021922398817378,0.9235198811432297,0.08697047087264378
807,8.07,3.38472229539567e-17,0.1021548889045648,-0.5773035609881855,0.15492261704262822,-0.49222617803081326,-0.10215488890456488,8.303607165077924e-18,-0.09531826899311814,1.0227403787052731,-0.15146842376345104,0.9342088024687221,0.09531826899311814
808,8.08,4.2942930011227355e-17,0.09516173762776547,-0.5871285458325356,0.15355578635443268,-0.5006843321869687,-0.09516173762776556,-3.8224574740663436e-18,-0.10357484132104776,1.0319815688945342,-0.15275178676053003,0.9447333556550652,0.10357484132104777
809,8.09,2.4273874578330935e-17,0.08765750202269924,-0.5968002937021001,0.15226523613347542,-0.5090655298355755,-0.08765750202269933,4.2662816819435434e-17,-0.1117107874517164,1.0410027771813235,-0.1540631687305748,0.9550659459118989,0.11171078745171642
810,8.1,3.4040979381036367e-17,0.07998371224846762,-0.6062957885616217,0.15105073567139116,-0.5173465242330102,-0.07998371224846765,8.535585247781955e-17,-0.11970043248882598,1.0497867480527185,-0.1553965417769222,0.9651832898296475,0.119700432488826
811,8.11,4.279926717461658e-17,0.07232097027756676,-0.6155954921402379,0.14991042723106418,-0.525505919371303,-0.07232097027756682,8.940823573272604e-18,-0.12752110209106543,1.05832071494092,-0.1567450769449722,0.975065791885894,0.12752110209106546
812,8.120000000000001,4.281663574115878e-17,0.064766920760665,-0.6246833888790501,0.14884418127742738,-0.5335275701564774,-0.06476692076066506,6.862767288766301e-18,-0.13515411542363653,1.0665938473573613,-0.15810456778755866,0.9846984151449205,0.1351541154236366
813,8.13,3.62346116156182e-17,0.05737707205350957,-0.6335463776237137,0.14784962974966664,-0.5413960073733803,-0.057377072053509656,1.09346899716096e-17,-0.14258344603862608,1.0745994949341915,-0.1594694584310049,0.9940689533651947,0.1425834460386261
814,8.14,4.647957832847048e-17,0.050184423299444184,-0.6421742269490888,0.1469242526496376,-0.5490984795987273,-0.05018442329944427,8.46154147736837e-18,-0.14979583574661015,1.082333579692837,-0.1608348465610373,1.0031684262538731,0.14979583574661018
815,8.15,4.2281929015439015e-17,0.04320959520177672,-0.6505593229626935,0.14606525530657788,-0.5566245782692731,-0.0432095952017768,1.148797294050298e-17,-0.1567805343212385,1.0897944134336948,-0.1621962893804879,1.0119907028141821,0.15678053432123856
816,8.16,4.2056617252837064e-17,0.036466017685115135,-0.6586964392969828,0.14526961466982347,-0.5639660539668099,-0.03646601768511522,1.2144384330860859e-17,-0.16352904707638294,1.0969824224195373,-0.16354977828972406,1.0205322007092559,0.16352904707638294
817,8.17,3.986732492682298e-17,0.029962640225551868,-0.6665825180355657,0.14453414975622636,-0.5711166677917929,-0.02996264022555195,1.3195010835368758e-17,-0.17005746845753084,1.1038782229945214,-0.1649210143996972,1.0287992373942185,0.17005746845753086
818,8.18,3.380823587088639e-17,0.02370539699134655,-0.6742164609651883,0.1438555878885187,-0.5780720488537034,-0.023705396991346647,6.912768709573837e-18,-0.17693311165852382,1.1099987614719682,-0.16695383394571917,1.036952595417689,0.17693311165852382
819,8.19,4.23706930972042e-17,0.017698042416320142,-0.6815989322121229,0.14323062177035972,-0.5848295539824853,-0.01769804241632024,1.4812906624075143e-17,-0.18491301759729212,1.115041715667119,-0.1700232150189268,1.0450649306860467,0.18491301759729212
820,8.2,3.982110685931885e-17,0.0119426648087433,-0.6887321732704318,0.14265595718344237,-0.5913881304538733,-0.011942664808743397,7.173306522981795e-18,-0.19482734403092483,1.118949530524863,-0.17417476642756846,1.053124296952434,0.1948273440309249
821,8.21,3.682256103172022e-17,0.006440031778351674,-0.6956198311024916,0.14212835205971175,-0.5977481831622042,-0.006440031778351771,-4.3230729552562846e-18,-0.2078543235802088,1.1217307575820366,-0.1793763082147014,1.0611070657967379,0.20785432358020883
822,8.22,2.936341607886661e-17,0.001189844501070847,-0.7022667996683093,0.14164464786679265,-0.603911447535102,-0.001189844501070944,-5.336162796513233e-19,-0.2259967136963799,1.1234248696332019,-0.18556711648265012,1.0689919861158519,0.2259967136963799
823,8.23,6.078266440711353e-17,-0.0038090604293954805,-0.7086790749671553,0.14120179425305424,-0.6098808692202105,0.0038090604293953695,4.2691131255791283e-17,-0.2509967136963799,1.124097246844756,-0.19266425595082837,1.0767615027955852,0.2509967136963799
824,8.24,3.457346043691481e-17,-0.008558541867715222,-0.7148636234563571,0.14079686785789403,-0.6156604913142494,0.008558541867715125,2.824751860614749e-17,-0.2759967136963798,1.1236286719537718,-0.20049902660728203,1.0841276985610524,0.27599671369637985
825,8.25,2.5991540102963726e-17,-0.013061007475375724,-0.7208282635414395,0.14042708613348298,-0.6212553496749229,0.013061007475375627,1.0562868814191515e-15,-0.3009967136963797,1.1208749484073843,-0.20853687873870863,1.0894118271460915,0.30099671369637987
826,8.26,4.4608212220856516e-17,-0.017319284043886246,-0.7265815597030755,0.14008981695637834,-0.6266713766594498,0.01731928404388615,5.5098494491894023e-17,-0.3259967136963797,1.1160533929682304,-0.21588696316121736,1.0919403561294463,0.3259967136963799
827,8.27,5.0821392708848066e-17,-0.021336501583188755,-0.7321327287325491,0.13978258473626426,-0.6319153134688142,0.021336501583188658,3.6026674504630577e-16,-0.3009967136963797,1.1046630110273634,-0.2284688787563388,1.0931318897837,0.30099671369637987
828,8.28,4.164888627136965e-17,-0.025115989131525823,-0.7374915574830158,0.13950307365777903,-0.6369946311407957,0.025115989131525684,-5.702102485917328e-16,-0.27599671369637974,1.0942718996286382,-0.23657279746313054,1.0908446970917691,0.27599671369637985
829,8.290000000000001,4.596689047046876e-17,-0.028661180823253946,-0.7426683315022561,0.1392491286223031,-0.6419174601245579,0.028661180823253835,-1.4226082838309065e-16,-0.25099671369637977,1.0816239406366224,-0.24466110378547923,1.0862850444221028,0.2509967136963799
830,8.3,2.7605379125136407e-17,-0.03197553105170972,-0.7476737738892655,0.13901875439129718,-0.6466925282805618,0.03197553105170961,6.781776286475942e-17,-0.22599671369637975,1.066838640967636,-0.25279647657919,1.0796351175468264,0.22599671369637991
831,8.31,2.1267124767522862e-17,-0.035062437731882806,-0.7525189937064926,0.13881011337229243,-0.651329107078785,0.035062437731882695,9.511579769289609e-18,-0.20099671369637978,1.0502084465821548,-0.26081443743907295,1.0710228840212228,0.20099671369637992
832,8.32,4.9563063537543884e-17,-0.03792517277363905,-0.7572154432787573,0.13862152243354775,-0.6558369657123051,0.03792517277363891,8.537904045998084e-18,-0.1759967136963798,1.0319865075377246,-0.2685963085150066,1.0605828160527306,0.17599671369637993
833,8.33,2.0450740752701525e-17,-0.04056681895381917,-0.7617748837181547,0.13845144908394558,-0.6602263328020981,0.040566818953819,-2.609159643469591e-18,-0.1509967136963798,1.0123942800605485,-0.2760564441493859,1.048450724209933,0.15099671369637993
834,8.34,1.732716783240976e-17,-0.042990212437615916,-0.7662093580344137,0.13829850731084437,-0.664507865345255,0.04299021243761578,9.720262395104219e-18,-0.12599671369637983,0.991633226552744,-0.28312502349159685,1.0347582500443384,0.12599671369637994
835,8.35,1.5148007580183987e-17,-0.04519789024603993,-0.7705311712313306,0.1381614533302763,-0.6686926245616056,0.04519789024603979,1.2528315455262412e-17,-0.10099671369637986,0.9698898948585405,-0.28974026321586355,1.0196301580744038,0.10099671369637991
836,8.36,4.165187716896424e-17,-0.047192041989161215,-0.7747528768668889,0.13803918147091976,-0.6727920583378064,0.04719204198916105,2.1770834512365833e-18,-0.07599671369637989,0.9473378328666594,-0.2958454442838213,1.0031832771504816,0.07599671369637992
837,8.370000000000001,3.0034415831450136e-17,-0.048974465169928844,-0.778887269685698,0.1379307203860144,-0.6768179900717128,0.04897446516992865,1.151133555859398e-17,-0.05969949341770288,0.9241383946638467,-0.30138798397524946,0.9855263786390984,0.05969949341770289
838,8.38,4.665783723644418e-17,-0.05054652329795967,-0.7829473841317426,0.1378352297664064,-0.6807826138981503,0.05054652329795953,2.0558110373138533e-17,-0.05348905373546649,0.9004412608458675,-0.30631939825689225,0.966760659102762,0.05348905373546649
839,8.39,3.642656782263751e-17,-0.05190910593451864,-0.7869464988089422,0.13775199771454638,-0.6846984965234859,0.051909105934518446,9.466425735552556e-18,-0.05187195830824094,0.8763849787710366,-0.3105956762927923,0.9469806550638302,0.05187195830824093
840,8.4,3.597775004511836e-17,-0.053062589647501934,-0.7908981472204647,0.13768043893501558,-0.6885785861554772,0.053062589647501796,1.0976540832480244e-17,-0.05218389792923959,0.852097635087902,-0.3141778435648096,0.9262754786527103,0.052183897929239574
841,8.41,5.5045775233419947e-17,-0.054006798772532616,-0.7948161352435231,0.13762009390261964,-0.6924362291461406,0.05400679877253248,1.4259321420614918e-17,-0.05314906890763014,0.8276976997750872,-0.31703258816162594,0.904730287936713,0.05314906890763013
842,8.42,8.111874134019269e-18,-0.05474096502020692,-0.7987145655254447,0.13757062918230567,-0.6962851947077495,0.05474096502020681,1.1064492811960869e-17,-0.054167447312605324,0.803295050997357,-0.31913286707858435,0.8824279180759418,0.05416744731260532
843,8.43,2.8119853375131304e-17,-0.05526368560354261,-0.8026078679374261,0.13753183908779232,-0.7001397070252167,0.05526368560354247,1.21113732488425e-17,-0.0549630066450345,0.7789921754357368,-0.32045843188134404,0.8594506073170805,0.05496300664503449
844,8.44,5.255078692773653e-17,-0.05557288101400604,-0.8065108329577139,0.1375036488601974,-0.7040144818179122,0.055572881014005926,8.571045981126294e-18,-0.05541050503739562,0.7548855290022064,-0.3209962288446119,0.8358817578468218,0.05541050503739561
845,8.45,5.0026483845502547e-17,-0.05566575613003702,-0.8104386410850043,0.13748611949492429,-0.7079247605799259,0.05566575613003688,1.0151301480525312e-17,-0.055450235138575124,0.7310670339092883,-0.32074064256861956,0.8118076764779096,0.055450235138575124
846,8.46,8.305522677232343e-18,-0.05553877197784721,-0.8144068763627682,0.13747945420824748,-0.711886330571017,0.05553877197784704,1.6043415916235255e-17,-0.05504570490022318,0.7076256785511933,-0.3196935659730765,0.7873192445242707,0.055045704900223175
847,8.47,7.999696487784062e-17,-0.05518764222752362,-0.8184315021288039,0.13748400624513535,-0.7159155083739406,0.055187642227523426,1.0885306918515956e-17,-0.05416178715167446,0.6846491730212466,-0.3178642943188522,0.7625134673400971,0.054161787151674454
848,8.48,6.980339993263212e-17,-0.0546073713739082,-0.8225287762602073,0.13750028730561914,-0.7200290635658262,0.05460737137390806,1.1416328096316886e-17,-0.05275196218812846,0.6622256061081028,-0.3152692561898861,0.7374948622979871,0.05275196218812845
849,8.49,6.242224758482338e-17,-0.053792322548360305,-0.8267151389869777,0.1375289761321602,-0.7242441151191357,0.05379232254836011,1.0922630236147788e-17,-0.050748587817048524,0.6404450880143894,-0.31193160467818626,0.7123766926925774,0.050748587817048524
850,8.5,1.3662542279175592e-17,-0.052736325996543654,-0.8310070486723166,0.13757092642280855,-0.728577975095122,0.052736325996543515,2.641595533567065e-18,-0.0480523877398918,0.6194013135225173,-0.30788070602503936,0.687282019547554,0.0480523877398918
851,8.51,2.994873206901576e-17,-0.05143279187124919,-0.8354208374067983,0.13762717444694117,-0.7330480118537372,0.05143279187124902,1.182175709257774e-17,-0.04451782206238286,0.5991930542198186,-0.30315156693334233,0.6623446211531614,0.04451782206238285
852,8.52,2.558021993548531e-17,-0.0498747259182539,-0.8399727523522077,0.13769895008579092,-0.7376717024379977,0.04987472591825373,1.3351827331314743e-17,-0.039929942775844565,0.5799256677312999,-0.29778423605710824,0.6377099037884064,0.039929942775844565
853,8.53,2.305814484773127e-17,-0.048054465153834214,-0.8446794547607411,0.1377877011854013,-0.7424671559461422,0.04805446515383405,1.4210154300928978e-17,-0.033965086245406395,0.5617128102119199,-0.2918232032751319,0.6135360134870509,0.033965086245406395
854,8.540000000000001,3.420577031285118e-17,-0.04596286536509317,-0.8495593467869799,0.13789515042539835,-0.7474544972123787,0.04596286536509303,1.557299777531475e-17,-0.026119962746997766,0.5446786427958773,-0.285316815967244,0.5899954587631213,0.026119962746997766
855,8.55,1.9949915784207685e-17,-0.043587634211299686,-0.854635100991641,0.1380234143625666,-0.7526585153542071,0.04358763421129952,9.683051696222558e-18,-0.015574496247922662,0.5289608667598965,-0.2783167794135549,0.5672776461734528,0.015574496247922662
856,8.56,3.9977804534055866e-17,-0.040910607580258135,-0.859937537222149,0.1381752194686362,-0.758112756690783,0.04091060758025797,1.179319014914072e-17,-0.0009017229016279049,0.5147147952185814,-0.270878028824698,0.5455928240432768,0.0009017229016279049
857,8.57,4.72871483497264e-17,-0.037904153893710824,-0.8655103323432104,0.1383542364520448,-0.7638645687952539,0.037904153893710685,-3.339668139593662e-18,0.020623449004938732,0.5021182423510463,-0.2630600104689066,0.5251782528199533,-0.02062344900493876
858,8.58,3.895596334003321e-17,-0.03452772591569875,-0.871413761455707,0.13856549966642817,-0.7699792611221361,0.03452772591569861,-7.435621711821987e-17,0.045623449004938726,0.4913763199315585,-0.25493309065370895,0.5063094105852683,-0.04562344900493867
859,8.59,6.096973518420033e-17,-0.030726978349989692,-0.8777236740115385,0.13881575206096175,-0.7765394260725009,0.03072697834998958,9.069507989807343e-17,0.0706234490049385,0.4827256166705399,-0.2466065255504778,0.48933214222101773,-0.07062344900493864
860,8.6,3.8970629833922696e-17,-0.026439753520180465,-0.8845194680920453,0.13911332405012777,-0.7836327921421726,0.026439753520180354,2.1016335210164737e-16,0.09562344900493852,0.4764532839028678,-0.23839586967595283,0.47484915357882107,-0.09562344900493794
861,8.61,4.9485348772117876e-17,-0.021615098064700702,-0.8918528814902028,0.13946680219647478,-0.7913196836866745,0.021615098064700605,5.674616295975334e-15,0.0706234490049385,0.47169789884180446,-0.22445460885367485,0.45615250769548643,-0.07062344900493794
862,8.620000000000001,4.195828817116277e-17,-0.016238880256631102,-0.8997134029033315,0.1398826873397755,-0.7995960902431007,0.016238880256631005,-1.7911334166790397e-15,0.04562344900493859,0.4708995464745104,-0.2172392043490411,0.44813875082355414,-0.04562344900493795
863,8.63,4.082905679635391e-17,-0.01032758660999139,-0.9080560453703984,0.14036577645775783,-0.8084218218281563,0.010327586609991293,2.3050126059514336e-16,0.02062344900493862,0.4727583443532285,-0.20900453855535528,0.44176288290858556,-0.020623449004937983
864,8.64,5.173733577873985e-17,-0.003917179348084915,-0.9168216235707166,0.1409195926084844,-0.8177412161792019,0.003917179348084818,2.4141781006104037e-17,-0.0043765509950613735,0.4774815146897079,-0.20035520860263534,0.4378367232923437,0.004376550995061984
865,8.65,4.279613379588383e-17,0.00294436834452709,-0.9259444322976985,0.1415464216039003,-0.8274908539015988,-0.002944368344527201,-6.6543417692073696e-18,-0.029376550995061368,0.4842175884843708,-0.19194434175382125,0.4361619302381903,0.029376550995061923
866,8.66,4.6482033110567466e-17,0.010202164548582401,-0.9353563912550672,0.1422473011816906,-0.837603692436756,-0.010202164548582512,1.2922324573144205e-17,-0.05437655099506137,0.4918112288357054,-0.18425081329011583,0.43606204212582034,0.05437655099506185
867,8.67,4.392350267847228e-17,0.017797951675181223,-0.9449897943283229,0.14302203863009233,-0.8480118329584108,-0.017797951675181334,1.0648678912330591e-17,-0.07937655099506136,0.5000147285685844,-0.17746540099250485,0.4374801295610893,0.07937655099506175
868,8.68,4.536947178190365e-17,0.02567261681888293,-0.9547792384140844,0.14386926821501345,-0.8586485066290961,-0.025672616818883026,3.756559365166271e-18,-0.10437655099506138,0.5087499441464917,-0.17170074575405903,0.4404506899005525,0.10437655099506166
869,8.69,3.8404099248068133e-17,0.033767968661542885,-0.9646629628534217,0.144786544396447,-0.869449507249866,-0.033767968661542996,7.400049387916387e-18,-0.12937655099506137,0.5179611845719708,-0.16703858423803697,0.44499976881000824,0.1293765509950615
870,8.700000000000001,3.578599816010006e-17,0.04202798299097346,-0.9745837384838342,0.14577046273966954,-0.8803542012235019,-0.04202798299097358,7.973266520691402e-18,-0.1396606828663684,0.5275859140567692,-0.1635404565109747,0.4511263705677435,0.13966068286636846
871,8.71,4.50988921529828e-17,0.0503996548514036,-0.9844894085630688,0.14681679956874805,-0.8913062081318137,-0.05039965485140372,7.135690404227455e-18,-0.1404446780772528,0.5375436608781295,-0.16122045597303336,0.4587641168511616,0.14044467807725286
872,8.72,4.014222318399048e-17,0.0588335552998739,-0.9943331618720715,0.14792066183060915,-0.9022538237026771,-0.05883355529987402,8.36517890169214e-18,-0.13658861116444038,0.5476312692320927,-0.15944834277203024,0.4670796120041252,0.13658861116444038
873,8.73,4.9031481527654396e-17,0.06728405739431895,-1.0040733347674413,0.14907711634796306,-0.913150451115404,-0.06728405739431907,1.9889939768231926e-17,-0.13042702583788315,0.5577196739120477,-0.15783860231488378,0.4755582762269248,0.13042702583788313
874,8.74,4.37232505450479e-17,0.07570997699181872,-1.0136744963594362,0.1502792520846491,-0.9239537484440858,-0.07570997699181883,1.0446706438848916e-17,-0.12314556462421145,0.5677527594487773,-0.15631656318853715,0.4840693226373083,0.12314556462421143
875,8.75,2.8190270287594616e-17,0.08407380759625126,-1.0231053694857701,0.1515217086808317,-0.9346270781666006,-0.08407380759625135,1.8358713918835886e-17,-0.1153539632117215,0.5776926254196911,-0.15487066383803783,0.4925632892577254,0.11535396321172152
876,8.76,3.912225758329239e-17,0.092342241308003,-1.0323398257491911,0.15279850854149635,-0.9451383342906872,-0.09234224130800311,9.14131875983385e-18,-0.10737164409596649,0.5875080564655956,-0.15350009991164904,0.5010081563772437,0.1073716440959665
877,8.77,2.6123494513423675e-17,0.10048595502684363,-1.0413563422425165,0.15410358659580015,-0.9554599288383137,-0.10048595502684374,-3.8686394665175885e-17,-0.09937098767512526,0.5971722564018594,-0.15220534130618735,0.5093775977080468,0.09937098767512531
878,8.78,3.7966119053210707e-17,0.10847938468517766,-1.0501376056676728,0.1554309739090335,-0.9655685795767055,-0.10847938468517777,-4.6794116632880435e-17,-0.0914490866657123,0.6066622517530195,-0.1509863608613321,0.5176486126143529,0.0914490866657124
879,8.790000000000001,1.251442603433808e-16,0.11630048434825707,-1.0586701379498367,0.15677489965296154,-0.9754450376027974,-0.11630048434825771,-1.6504122579507665e-16,-0.08366375132688016,0.6159586093722612,-0.14984239931758758,0.5258010086898479,0.08366375132688036
880,8.8,3.484937768222194e-17,0.12392958052291483,-1.0669444827520609,0.15812904101459468,-0.9850735237666561,-0.12392958052291521,9.056924694262096e-18,-0.07605253731463954,0.6250451478818252,-0.14877119296800967,0.5338163408498366,0.07605253731463965
881,8.81,4.83900521051019e-17,0.1313515725659428,-1.0749530311872748,0.15948929683681545,-0.9944423280240904,-0.13135157256594304,1.0173664316312496e-17,-0.06863948635282027,0.6339089108718642,-0.14777184272058463,0.5416807535924462,0.06863948635282033
882,8.82,4.2991593092074197e-17,0.13855330759333956,-1.0826918144412447,0.16085060575911359,-1.0035424202003589,-0.13855330759333973,1.1296510377270645e-17,-0.06144222186602931,0.6425396825596909,-0.14684166320936687,0.5493813457690577,0.06144222186602934
883,8.83,3.9779653136643677e-17,0.14552416503432097,-1.0901591544902844,0.16220852647133654,-1.0123676809616218,-0.14552416503432114,4.1223439626128265e-18,-0.05447359969535282,0.6509298837348264,-0.14597785509425887,0.5569077388290835,0.05447359969535283
884,8.84,3.7319085938984636e-17,0.15225578692808417,-1.0973554754624972,0.1635590828993504,-1.0209145583618497,-0.15225578692808434,1.3799463774819772e-17,-0.047743095436745805,0.6590743323451537,-0.14517742013929802,0.5642517524844499,0.047743095436745805
885,8.85,4.0551293395486626e-17,0.15900243740371778,-1.1040884219409124,0.16516170920993523,-1.0292501311508506,-0.15900243740371794,1.1047975736980103e-17,-0.041257615987246754,0.666970023078414,-0.1444372056106299,0.5714072286890448,0.04125761598724674
886,8.86,4.7540421682750655e-17,0.1666736681717147,-1.1098365889046322,0.16770126588859002,-1.0375378547932261,-0.16667366817171483,1.2630072252947451e-17,-0.03502201641715098,0.6746159188799378,-0.14375396551507846,0.578369884395014,0.03502201641715097
887,8.870000000000001,3.4108579976188564e-17,0.17613993153610988,-1.1144679630279564,0.17131978367308298,-1.0457877467010388,-0.17613993153611,1.7346202613782006e-17,-0.02903946230679763,0.682012754173191,-0.1431244168972171,0.5851371710704085,0.029039462306797603
888,8.88,3.284042171757963e-17,0.18848195391436098,-1.1179669885471109,0.17600938477198158,-1.0539763733190892,-0.18848195391436112,1.5325021506278324e-17,-0.023311707438506288,0.6891628505321182,-0.14254528761091712,0.5917081381430349,0.02331170743850626
889,8.89,2.9554868564937144e-17,0.20538869771322138,-1.1203592934739577,0.18171933583947475,-1.0620786293134306,-0.2053886977132215,7.157674325452653e-18,-0.017839321799765953,0.6960699454349185,-0.1420133556416291,0.5980833010765507,0.01783932179976594
890,8.9,2.6591042591429486e-17,0.2299545180392302,-1.1216981767601881,0.1883748482597577,-1.0700730250199417,-0.22995451803923037,8.828951261475533e-18,-0.012621887532679829,0.7027390344477534,-0.14152548078008176,0.6042645152278339,0.012621887532679801
891,8.91,2.2723817796318447e-18,0.2549545180392302,-1.122067540235471,0.19587247271318386,-1.0779400129486565,-0.2549545180392304,4.7969456871368484e-18,-0.0076581719136953885,0.7091762269231917,-0.14107862956503736,0.6102548564882269,0.0076581719136953885
892,8.92,-1.8664746299655407e-16,0.27995451803923016,-1.120738356712125,0.2038387257657256,-1.084577082477851,-0.2799545180392302,2.7096646706669938e-18,-0.0029462822515018833,0.7153886150819392,-0.14066989439440525,0.6160585094763404,0.0029462822515018694
893,8.93,2.8640068512768403e-15,0.3049545180392299,-1.117059086076659,0.21161297418829828,-1.0886720602649558,-0.3049545180392302,3.763108023389797e-18,0.001516194452320943,0.7213841561764883,-0.14029650764977142,0.6216806638262589,-0.001516194452320943
894,8.94,1.7646727020523572e-15,0.32995451803922987,-1.1127104737937836,0.21683343351812623,-1.0895439073119075,-0.3299545180392302,2.1368904021171457e-18,0.0057320652224647495,0.7271715673068019,-0.13995585161328894,0.6271274189200908,-0.0057320652224647495
895,8.950000000000001,4.423272913250796e-15,0.3049545180392299,-1.0988477211487373,0.23125285024711906,-1.0901005713958594,-0.3049545180392302,1.2551524272385262e-17,0.009704416826588722,0.7327602323636678,-0.13964546488556862,0.6324056972492342,-0.009704416826588708
896,8.96,-1.566391326442999e-16,0.27995451803923,-1.0867497732769076,0.2402658764581599,-1.087015649735066,-0.2799545180392302,1.5599179971034793e-17,0.013436512339694645,0.7381601205095062,-0.139363045942695,0.637523166452199,-0.013436512339694673
897,8.97,1.5285778159036162e-16,0.25495451803922997,-1.0730073227820904,0.2485630590203206,-1.0815703818024123,-0.2549545180392302,2.1337416999509894e-17,0.016931697527791834,0.7433817155623582,-0.13910645440205516,0.6424881699644138,-0.016931697527791834
898,8.98,5.076441049260543e-17,0.22995451803922995,-1.0573753871469487,0.25668646728531874,-1.0740618544322669,-0.2299545180392302,1.4888311579921977e-17,0.020193316097097985,0.7484359556220471,-0.13887371050198205,0.6473096661240283,-0.020193316097097985
899,8.99,4.899967167197675e-18,0.20495451803922998,-1.0400371693656938,0.2646126267157568,-1.0646497960814483,-0.2049545180392302,5.764794046096907e-18,0.02322463291236898,0.7533341822635765,-0.13866299324023956,0.6519971755038134,-0.02322463291236898
900,9.0,4.220773154330624e-17,0.17995451803922996,-1.0212148922988655,0.2722597005374753,-1.053474592836339,-0.1799545180392302,-3.037482181328408e-18,0.02602876434037077,0.758088098620907,-0.1384726375617179,0.6565607361826244,-0.026028764340370797
901,9.01,4.269795295485099e-17,0.15495451803922997,-1.001118962009408,0.27955185855572495,-1.0406708205651338,-0.15495451803923022,-4.295953900222029e-18,0.02860861492363856,0.7627097356968778,-0.13830113093651264,0.6610108666333914,-0.028608614923638587
902,9.02,2.4476939693630203e-17,0.12995451803922997,-0.9799445037273965,0.28642230170826954,-1.026366805435669,-0.1299545180392302,1.0975798977445553e-17,0.0309668196303671,0.7672114262704862,-0.13814710962595156,0.6653585358964391,-0.0309668196303671
903,9.03,3.0086978667026046e-17,0.10495451803923,-0.9578727445602774,0.29281064558287284,-1.0106833901431476,-0.10495451803923021,1.111594925280476e-17,0.03310569094702934,0.7716057858459645,-0.13800935489611688,0.6696151407420827,-0.033105690947029365
904,9.040000000000001,3.426818083180136e-17,0.07995451803923002,-0.9350720967034231,0.29866133550388885,-0.9937334322073084,-0.0799545180392302,-9.198858126206313e-18,0.03502717006598688,0.7759057002168436,-0.1378867894063075,0.6737924896231475,-0.03502717006598688
905,9.05,4.0563244046484307e-17,0.054954518039230044,-0.9116988461010297,0.3039231381668662,-0.9756219842678973,-0.05495451803923021,2.1822831530130866e-18,0.036732781356859284,0.7801243194161788,-0.13777847397448773,0.6779027933906661,-0.03673278135685931
906,9.06,4.2061748891210656e-17,0.03387024084884421,-0.8878977350770122,0.30854925188293125,-0.9564469869599441,-0.033870240848844366,2.209583816385333e-17,0.038223589195211155,0.7842750580835346,-0.1376836049043969,0.6819586629879324,-0.038223589195211155
907,9.07,4.404863900913671e-17,0.02479398273514763,-0.8638026088521836,0.31249773449394136,-0.9363003433461237,-0.024793982735147796,1.3293621669695298e-17,0.03950015608321858,0.7883716025430988,-0.13760151205122517,0.6859731145943235,-0.03950015608321858
908,9.08,4.3811585449974077e-17,0.0213412979205575,-0.8395372019436184,0.3157320734453323,-0.9152692753889489,-0.021341297920557667,1.5185456043794303e-17,0.0405625009175902,0.7924279250140219,-0.1375316578053668,0.6899595828193923,-0.0405625009175902
909,9.09,3.799350561331156e-17,0.020372615012534706,-0.8152160928395321,0.3182217877562118,-0.8934378805957457,-0.02037261501253486,1.3469218812812346e-17,0.04141005640613174,0.7964583051043209,-0.1374736371846207,0.6939319422889425,-0.041410056406131796
910,9.1,3.827353885383005e-17,0.020352775802827586,-0.7909458317023105,0.3199429856738091,-0.8708888173761209,-0.020352775802827724,-1.199660821987368e-19,0.042041625268017635,0.8004773576913468,-0.137427179236009,0.6979045369273584,-0.04204162526801766
911,9.11,4.213066580144707e-17,0.02053481025943503,-0.7668262320280564,0.32087882269437495,-0.8477050547224336,-0.02053481025943517,-9.239806109823726e-18,0.04245533630218051,0.8045000640282228,-0.1373921499411127,0.7018922139693315,-0.042455336302180485
912,9.120000000000001,3.8370879269575554e-17,0.020554055693818477,-0.7429518065060537,0.3210198207044296,-0.8239716272104842,-0.020554055693818643,2.7425722848490795e-18,0.04264860395327119,0.8085417991452434,-0.13736855676361126,0.7059103559088533,-0.04264860395327119
913,9.13,5.0771383601664155e-17,0.020226136279802034,-0.7194133171138236,0.32036402381150364,-0.799777340925329,-0.0202261362798022,-5.380402861007041e-18,0.04261809862428603,0.8126183435959727,-0.13735655483754583,0.7099748984335199,-0.04261809862428606
914,9.14,4.0091523997848484e-17,0.019445737315077857,-0.6962993956078033,0.31891698159610604,-0.7752163772039089,-0.019445737315078024,1.2036488932834222e-17,0.042359741717847704,0.8167458576308394,-0.13735645450098855,0.7141023121318262,-0.042359741717847704
915,9.15,4.9493993620827835e-17,0.018134591871629843,-0.6736981834492123,0.3166915661699369,-0.750389749619147,-0.01813459187163001,-6.301062150284684e-18,0.041868742244339785,0.8209407950404649,-0.1373687294455862,0.7183095244860502,-0.041868742244339785
916,9.16,3.6444550738572626e-17,0.016212610183817006,-0.6516989782517167,0.3137076405623459,-0.7254066188140604,-0.016212610183817158,4.721499667240592e-19,0.041139662976763997,0.8252197897340966,-0.1373940250003659,0.7226138147344634,-0.041139662976763997
917,9.17,4.408958430097775e-17,0.01357848302180506,-0.6303938241274071,0.3099916100776038,-0.7003854342050082,-0.013578483021805213,1.0852275324736117e-17,0.040166527121994866,0.8295994904283052,-0.1374331657142177,0.7270326561425242,-0.04016652712199484
918,9.18,3.143577242883932e-17,0.010091747622027844,-0.6098790563949567,0.3055758934479279,-0.675454949842885,-0.01009174762202801,2.3291140896589738e-17,0.03894292932551402,0.8340964153000786,-0.13748716259959404,0.7315835778996713,-0.03894292932551399
919,9.19,4.471484494417015e-17,0.005550099513547235,-0.5902568893792451,0.30049834579778356,-0.6507552351770278,-0.005550099513547402,-8.767022864937993e-18,0.03746205006089168,0.8387269925675912,-0.13755722377555346,0.7362842163431451,-0.03746205006089168
920,9.200000000000001,5.486784072921852e-17,-0.0003454551676741885,-0.5716372329059577,0.2948016534044121,-0.6264388863103689,0.0003454551676739942,1.737280684542275e-17,0.03571639131901291,0.8435080589631215,-0.1376447784779785,0.7411528374411005,-0.03571639131901291
921,9.21,2.4970594559092605e-17,-0.00805014410898923,-0.5541400254904484,0.2885327124070832,-0.602672737897533,0.008050144108989063,-1.2553381421530923e-18,0.033696966529542294,0.8484581862461315,-0.13775153381355365,0.7462097200596829,-0.033696966529542294
922,9.22,4.3140927580703604e-17,-0.018285503058055,-0.5378984126459027,0.2817420376220606,-0.5796404502679606,0.018285503058054833,1.7299744636127993e-17,0.03139163954724,0.8536002106372901,-0.1378795941877865,0.7514798048250753,-0.03139163954724003
923,9.23,4.7940055876276294e-17,-0.032260435302375184,-0.5230629623881892,0.2744834188917512,-0.5575463812799426,0.03226043530237507,2.0070888875191953e-18,0.028782410597032487,0.8589651097299164,-0.13803167853243636,0.7569967882623501,-0.028782410597032515
924,9.24,4.4657477603719906e-17,-0.05216337532287457,-0.5098066486895202,0.26681460256973966,-0.5366212512592639,0.05216337532287443,8.939517801219817e-18,0.02584183199100626,0.8645967120495551,-0.13821145677158653,0.7628081688211394,-0.02584183199100626
925,9.25,1.2169794610000575e-16,-0.07716337532287457,-0.4983294766889631,0.25880155831423235,-0.5171310350031972,0.0771633753228744,8.223422405353733e-18,0.022529567449166482,0.8705554374002357,-0.13842397194968126,0.7689794093499187,-0.022529567449166482
926,9.26,-6.14199195210807e-17,-0.1021633753228744,-0.4888609292239191,0.2505358011663007,-0.49939673039021804,0.1021633753228744,7.851737433118593e-18,0.018791502242556463,0.8769172708059091,-0.1386759870115598,0.7755932578174707,-0.018791502242556463
927,9.27,2.358138739684102e-15,-0.12716337532287433,-0.4816630153707112,0.2422140215648826,-0.4838770369355969,0.1271633753228744,-1.2037787998613499e-18,0.014565690263091985,0.883761732955951,-0.1389758614472828,0.7827375944032311,-0.014565690263091985
928,9.28,-7.686388257171554e-15,-0.1521633753228743,-0.47710836934248235,0.23474108988457154,-0.4718494592270459,0.15216337532287347,1.5117604693878747e-17,0.009801284138258148,0.8911406663813154,-0.13933220852705885,0.7904728749083723,-0.009801284138258148
929,9.290000000000001,2.808197638273662e-15,-0.12716337532287433,-0.4741207132301507,0.22127065700779414,-0.45539137023793463,0.12716337532287345,2.81570818281048e-18,0.004484058863996096,0.8990436453322143,-0.13975153521628558,0.7987951805485003,-0.00448405886399611
930,9.3,-6.449554294885375e-17,-0.10216337532287431,-0.474750076054801,0.21250521059849536,-0.44725528665329284,0.1021633753228735,5.475082520904946e-18,-0.0013697463438494262,0.9074257574401382,-0.14023862607620974,0.807664383516348,0.00136974634384944
931,9.31,1.3000140235318617e-16,-0.07716337532287432,-0.4782676080651963,0.20382965502275951,-0.4420972630879567,0.07716337532287354,1.0476216618896218e-17,-0.0077245067744618895,0.9162278864228962,-0.1407969774847483,0.8170248639076454,0.007724506774461917
932,9.32,5.074983928570688e-17,-0.05216337532287432,-0.48448576099581786,0.19519041666121606,-0.43967617765703215,0.05216337532287357,1.6518125735531936e-18,-0.014532630238694,0.9253843934149596,-0.1414288366199533,0.8268132300349165,0.014532630238694014
933,9.33,4.28013323978137e-17,-0.0271633753228743,-0.49192259639194547,0.18710812200813776,-0.439030718400081,0.027163375322873634,3.0238529032182774e-18,-0.021739614827388412,0.934827263657593,-0.14213519269317854,0.8369624563507698,0.021739614827388412
934,9.34,3.194389810811146e-17,-0.0021633753228743197,-0.5000241290857989,0.1798579013022682,-0.43988203038806395,0.0021633753228736813,2.3297184891368386e-18,-0.02928757671695459,0.9444888570574089,-0.14291579662651943,0.8474046536839253,0.029287576716954603
935,9.35,3.146873058048813e-17,0.02283662467712569,-0.5086566156289695,0.17358134067214614,-0.4422379563011183,-0.022836624677126244,4.775346778616377e-18,-0.03711774256146966,0.954303837794492,-0.14376922047180873,0.8580730582662972,0.03711774256146967
936,9.36,3.3623436996779233e-17,0.04783662467712567,-0.5177589841780882,0.16837440204435794,-0.446133386222447,-0.04783662467712616,8.184133294201204e-18,-0.04517221438075769,0.9642105140835052,-0.1446929524818722,0.8689034665653792,0.045172214380757705
937,9.370000000000001,4.7943104313610355e-17,0.07283662467712568,-0.5272736052027592,0.16430865990541543,-0.4515822651081769,-0.07283662467712608,4.283072897953333e-18,-0.053395207934913085,0.9741517271610124,-0.14568351968415316,0.879835246845166,0.0533952079349131
938,9.38,4.729506777658204e-17,0.09783662467712567,-0.5371327398870395,0.16143650017386435,-0.45856924006090116,-0.09783662467712598,1.203743285365345e-17,-0.061733901685313446,0.9840753918172328,-0.1467366289720099,0.8908120207892458,0.06173390168531345
939,9.39,4.0701865431473873e-17,0.10964659262059917,-0.5472086799953974,0.1595265485491263,-0.46673522854452676,-0.10964659262059925,-1.3951259869493677e-16,-0.07013867056084057,0.9939345567465675,-0.14784770796793778,0.9017822647145102,0.07013867056084057
940,9.4,-3.0504455825459357e-18,0.11132784797559798,-0.5573067495379763,0.15789066748926273,-0.4751974170272404,-0.11132784797559811,-5.87203257502635e-17,-0.07856478361517222,1.003688409754763,-0.14901033272364395,0.9126987424784097,0.07856478361517222
941,9.41,2.8366401818651246e-17,0.10797584492273626,-0.5673522979793805,0.15636605678847426,-0.48371835476785696,-0.10797584492273639,1.8589483338058935e-17,-0.08697047087264598,1.0133006571550576,-0.1502192239881751,0.9235198811432332,0.08697047087264598
942,9.42,4.460697669954571e-17,0.10215488890455307,-0.577303560988189,0.1549226170426291,-0.4922261780308168,-0.10215488890455321,5.629582274114582e-18,-0.09531826899311072,1.0227403787052731,-0.15146842376345104,0.9342088024687256,0.09531826899311072
943,9.43,7.506723370013873e-17,0.09516173762773047,-0.5871285458325427,0.1535557863544318,-0.5006843321869723,-0.09516173762773064,-7.086589249801189e-18,-0.10357484132108617,1.0319815688945377,-0.15275178676053802,0.9447333556550759,0.10357484132108619
944,9.44,5.558569016090198e-17,0.087657502022681,-0.5968002937020965,0.1522652361334874,-0.5090655298355897,-0.08765750202268116,-7.151976101905353e-18,-0.11171078745168894,1.041002777181327,-0.15406316873057702,0.955065945911906,0.11171078745168893
945,9.450000000000001,3.96734364115329e-18,0.07998371224838974,-0.6062957885616252,0.1510507356714098,-0.5173465242330351,-0.07998371224838985,-1.5594893319255184e-17,-0.1197004324886807,1.0497867480527256,-0.1553965417769413,0.9651832898296582,0.11970043248868065
946,9.46,4.2090216322667514e-17,0.07232097027752783,-0.6155954921402415,0.1499104272310673,-0.5255059193713101,-0.07232097027752799,1.053790348858931e-17,-0.1275211020909928,1.058320714940927,-0.15674507694497664,0.9750657918859011,0.12752110209099277
947,9.47,4.2538002986247384e-17,0.0647669207606448,-0.6246833888790536,0.14884418127742782,-0.533527570156481,-0.06476692076064496,6.609594781333966e-18,-0.13515411542360167,1.0665938473573684,-0.15810456778756043,0.9846984151449276,0.13515411542360165
948,9.48,4.5376690238737174e-17,0.0573770720534998,-0.6335463776237172,0.1478496297496662,-0.5413960073733839,-0.057377072053499956,9.815854451763826e-18,-0.14258344603860917,1.0745994949341986,-0.1594694584310058,0.9940689533652018,0.14258344603860917
949,9.49,4.614107781011157e-17,0.05018442329944012,-0.6421742269490923,0.14692425264963715,-0.5490984795987308,-0.05018442329944028,3.2465271219525337e-18,-0.14979583574660085,1.0823335796928406,-0.16083484656103775,1.0031684262538767,0.14979583574660085
950,9.5,4.271801763797615e-17,0.04320959520177543,-0.650559322962697,0.14606525530657744,-0.5566245782692767,-0.04320959520177559,8.287220120981276e-18,-0.15678053432123296,1.0897944134336983,-0.16219628938048836,1.0119907028141892,0.15678053432123296
951,9.51,3.4633995000931543e-17,0.036466017685114066,-0.65869643929699,0.14526961466982302,-0.5639660539668134,-0.036466017685114205,1.291011211022041e-17,-0.16352904707638016,1.0969824224195408,-0.16354977828972495,1.020532200709263,0.16352904707638016
952,9.52,4.562085534592579e-17,0.029962640225552895,-0.6665825180355692,0.14453414975622592,-0.5711166677917965,-0.029962640225553033,5.773393181674897e-18,-0.17005746845752823,1.103878222994525,-0.16492101439969808,1.028799237394222,0.17005746845752825
953,9.53,4.1120595268712896e-17,0.023705396991346994,-0.6742164609651918,0.14385558788851827,-0.578072048853707,-0.023705396991347133,1.4751680420317206e-17,-0.17693311165852296,1.1099987614719717,-0.1669538339457205,1.0369525954176926,0.17693311165852296
954,9.540000000000001,3.698966363337075e-17,0.017698042416320475,-0.6815989322121264,0.14323062177035928,-0.5848295539824888,-0.017698042416320614,-4.274375119107909e-18,-0.18491301759729317,1.1150417156671226,-0.17002321501892725,1.0450649306860502,0.18491301759729317
955,9.55,3.09232096707069e-17,0.011942664808742995,-0.6887321732704353,0.14265595718344237,-0.5913881304538804,-0.011942664808743134,-7.045313426332187e-18,-0.19482734403092716,1.1189495305248665,-0.1741747664275698,1.0531242969524375,0.19482734403092716
956,9.56,5.4129472063065765e-17,0.006440031778350425,-0.6956198311024987,0.1421283520597113,-0.5977481831622113,-0.006440031778350563,1.1902298521881184e-17,-0.20785432358020645,1.12173075758204,-0.17937630821470274,1.061107065796745,0.20785432358020645
957,9.57,5.223347106456722e-17,0.0011898445010702086,-0.7022667996683164,0.1416446478667922,-0.6039114475351055,-0.0011898445010703473,1.501684918541589e-17,-0.22599671369637397,1.123424869633209,-0.18556711648265056,1.068991986115859,0.22599671369637397
958,9.58,3.6164655813390854e-17,-0.0038090604293956887,-0.7086790749671624,0.1412017942530538,-0.609880869220214,0.00380906042939555,7.200582101886915e-18,-0.250996713696374,1.1240972468447596,-0.1926642559508306,1.0767615027955924,0.250996713696374
959,9.59,4.4593587941156005e-17,-0.008558541867714223,-0.7148636234563607,0.14079686785789403,-0.6156604913142565,0.008558541867714084,-1.5055375331641776e-16,-0.2759967136963738,1.123628671953779,-0.2004990266072807,1.0841276985610595,0.27599671369637396
960,9.6,1.9989147481108265e-17,-0.013061007475374711,-0.7208282635414466,0.14042708613348254,-0.62125534967493,0.013061007475374586,1.0571227935076398e-15,-0.3009967136963734,1.1208749484073843,-0.2085368787387153,1.0894118271460986,0.30099671369637393
961,9.61,4.324486772840658e-17,-0.01731928404388583,-0.726581559703079,0.1400898169563779,-0.6266713766594569,0.017319284043885705,3.680545837811157e-17,-0.3259967136963734,1.1160533929682375,-0.21588696316121958,1.0919403561294534,0.32599671369637395
962,9.620000000000001,3.907781339070347e-17,-0.02133650158318795,-0.7321327287325562,0.13978258473626382,-0.6319153134688178,0.02133650158318781,2.2495454350295342e-17,-0.3009967136963734,1.104663011027367,-0.22846887875634103,1.093131889783707,0.30099671369637393
963,9.63,3.436842227754683e-17,-0.025115989131524435,-0.7374915574830229,0.13950307365777814,-0.6369946311407992,0.025115989131524324,-6.055528828186148e-16,-0.27599671369637346,1.0942718996286418,-0.23657279746313276,1.0908446970917762,0.2759967136963739
964,9.64,3.122895841660401e-17,-0.02866118082325242,-0.7426683315022596,0.1392491286223022,-0.6419174601245614,0.02866118082325228,-8.378715355644119e-18,-0.25099671369637344,1.081623940636626,-0.24466110378548145,1.0862850444221064,0.25099671369637394
965,9.65,4.9643904455463156e-17,-0.03197553105170706,-0.747673773889269,0.13901875439129674,-0.6466925282805653,0.031975531051706946,5.563359463877746e-17,-0.2259967136963735,1.0668386409676396,-0.25279647657919135,1.07963511754683,0.22599671369637395
966,9.66,5.351757122056111e-17,-0.03506243773188231,-0.7525189937064961,0.138810113372292,-0.6513291070787885,0.035062437731882196,1.0051456755449973e-17,-0.20099671369637354,1.0502084465821584,-0.2608144374390734,1.07102288402123,0.20099671369637395
967,9.67,3.078119469036623e-17,-0.03792517277363705,-0.7572154432787609,0.13862152243354775,-0.6558369657123087,0.03792517277363691,-1.837426618899084e-18,-0.1759967136963736,1.0319865075377281,-0.26859630851500704,1.0605828160527377,0.17599671369637396
968,9.68,4.457440833378204e-17,-0.04056681895382033,-0.7617748837181583,0.13845144908394513,-0.6602263328021016,0.040566818953820194,7.102737243582594e-18,-0.15099671369637363,1.012394280060552,-0.27605644414938635,1.0484507242099366,0.15099671369637396
969,9.69,4.587772437809034e-17,-0.042990212437614445,-0.7662093580344173,0.13829850731084437,-0.6645078653452585,0.042990212437614334,1.2851774145633025e-17,-0.12599671369637372,0.991633226552744,-0.28312502349159774,1.034758250044342,0.12599671369637394
970,9.700000000000001,4.7535543521192656e-17,-0.045197890246039985,-0.7705311712313342,0.1381614533302763,-0.6686926245616092,0.0451978902460399,4.5595255874839504e-18,-0.10099671369637378,0.9698898948585405,-0.28974026321586444,1.0196301580744074,0.10099671369637396
971,9.71,3.024076391609213e-17,-0.04719204198916202,-0.7747528768668924,0.13803918147091976,-0.67279205833781,0.04719204198916188,1.1832084316071258e-17,-0.07599671369637385,0.9473378328666594,-0.2958454442838222,1.0031832771504852,0.07599671369637397
972,9.72,1.8286281874354436e-17,-0.04897446516992934,-0.7788872696857015,0.13793072038601484,-0.6768179900717164,0.04897446516992923,6.839333482247642e-18,-0.05969949341769987,0.9241383946638467,-0.3013879839752499,0.9855263786390984,0.05969949341769995
973,9.73,3.690110924344222e-17,-0.05054652329796261,-0.7829473841317461,0.1378352297664064,-0.6807826138981503,0.0505465232979625,1.1422898524315934e-17,-0.05348905373546524,0.9004412608458711,-0.30631939825689225,0.966760659102762,0.05348905373546529
974,9.74,5.074538013155116e-17,-0.051909105934519445,-0.7869464988089422,0.13775199771454683,-0.6846984965234895,0.051909105934519306,6.337400221818018e-18,-0.05187195830823976,0.8763849787710402,-0.3105956762927923,0.9469806550638338,0.05187195830823979
975,9.75,2.587645765718584e-17,-0.05306258964750113,-0.7908981472204647,0.13768043893501603,-0.6885785861554807,0.05306258964750102,1.1941899281717401e-17,-0.052183897929238755,0.8520976350879054,-0.31417784356481004,0.9262754786527139,0.052183897929238776
976,9.76,2.289929937010143e-17,-0.05400679877253475,-0.7948161352435231,0.1376200939026201,-0.6924362291461441,0.05400679877253464,7.548351910230918e-18,-0.053149068907630506,0.8276976997750872,-0.3170325881616264,0.904730287936713,0.05314906890763052
977,9.77,5.2319320817842223e-17,-0.054740965020209836,-0.7987145655254447,0.13757062918230611,-0.6962851947077531,0.054740965020209725,1.2660005749057835e-17,-0.054167447312605393,0.803295050997357,-0.31913286707858435,0.8824279180759418,0.0541674473126054
978,9.78,6.048275238143622e-17,-0.05526368560354053,-0.8026078679374261,0.13753183908779187,-0.7001397070252202,0.05526368560354039,9.07682562463675e-18,-0.05496300664503507,0.7789921754357404,-0.32045843188134404,0.859450607317084,0.054963006645035076
979,9.790000000000001,6.225097531580666e-18,-0.055572881014004843,-0.8065108329577139,0.13750364886019695,-0.7040144818179122,0.05557288101400473,1.4219303758567413e-17,-0.05541050503739595,0.75488552900221,-0.3209962288446119,0.8358817578468218,0.05541050503739597
980,9.8,4.051960058259053e-17,-0.055665756130035465,-0.8104386410850043,0.13748611949492429,-0.7079247605799259,0.0556657561300353,8.784298987358984e-18,-0.05545023513857501,0.7310670339092918,-0.32074064256861956,0.8118076764779096,0.055450235138575034
981,9.81,1.4066321857844466e-18,-0.05553877197784715,-0.8144068763627718,0.13747945420824703,-0.711886330571017,0.055538771977846985,1.1981225739584537e-17,-0.055045704900223175,0.7076256785511933,-0.3196935659730765,0.7873192445242707,0.05504570490022319
982,9.82,7.934431692527582e-17,-0.055187642227522926,-0.8184315021288074,0.13748400624513535,-0.7159155083739406,0.05518764222752279,1.2656284949792919e-17,-0.054161787151674745,0.6846491730212466,-0.3178642943188522,0.7625134673400971,0.05416178715167476
983,9.83,2.16349592153676e-17,-0.05460737137390739,-0.8225287762602073,0.13750028730561958,-0.7200290635658262,0.05460737137390731,1.544727520921462e-17,-0.052751962188128505,0.6622256061081063,-0.3152692561898861,0.7374948622979907,0.05275196218812852
984,9.84,4.109865865310684e-17,-0.05379232254836072,-0.8267151389869777,0.13752897613215975,-0.7242441151191357,0.05379232254836061,1.0929399519322864e-17,-0.050748587817048565,0.6404450880143929,-0.3119316046781858,0.7123766926925774,0.05074858781704858
985,9.85,2.2428746075007656e-17,-0.05273632599654632,-0.8310070486723166,0.137570926422809,-0.7285779750951256,0.05273632599654618,4.3025211738752486e-18,-0.04805238773989218,0.6194013135225173,-0.30788070602503936,0.6872820195475575,0.04805238773989219
986,9.86,4.465518809236502e-17,-0.05143279187125102,-0.8354208374067983,0.13762717444694117,-0.7330480118537408,0.05143279187125091,1.4145165242049373e-17,-0.04451782206238303,0.5991930542198186,-0.30315156693334233,0.6623446211531614,0.04451782206238304
987,9.870000000000001,7.098315497100033e-17,-0.04987472591825454,-0.8399727523522077,0.13769895008579092,-0.7376717024380013,0.049874725918254426,1.9044022998089808e-17,-0.03992994277584497,0.5799256677312999,-0.29778423605710824,0.6377099037884064,0.03992994277584501
988,9.88,6.488467355812707e-17,-0.0480544651538323,-0.8446794547607411,0.1377877011854013,-0.7424671559461458,0.048054465153832215,3.3521528600583553e-18,-0.03396508624540638,0.5617128102119199,-0.2918232032751319,0.6135360134870509,0.03396508624540641
989,9.89,2.2629346014856395e-17,-0.04596286536509267,-0.8495593467869799,0.13789515042539835,-0.7474544972123787,0.04596286536509256,9.989457944609392e-18,-0.0261199627469971,0.5446786427958773,-0.285316815967244,0.5899954587631213,0.026119962746997114
990,9.9,6.77783243040243e-17,-0.0435876342112998,-0.854635100991641,0.13802341436256704,-0.7526585153542071,0.04358763421129966,4.182471700661986e-18,-0.015574496247921774,0.5289608667599001,-0.2783167794135545,0.5672776461734528,0.015574496247921801
991,9.91,3.726452019238396e-17,-0.040910607580259245,-0.859937537222149,0.1381752194686362,-0.758112756690783,0.040910607580259134,1.1791180718863034e-17,-0.0009017229016271,0.514714795218585,-0.2708780288246976,0.5455928240432768,0.0009017229016271416
992,9.92,4.6241965913968505e-17,-0.03790415389371296,-0.8655103323432104,0.1383542364520448,-0.7638645687952539,0.03790415389371285,1.3280456333734832e-17,0.020623449004943173,0.5021182423510498,-0.2630600104689066,0.5251782528199533,-0.02062344900494316
993,9.93,5.671484095488546e-17,-0.0345277259156998,-0.871413761455707,0.13856549966642862,-0.7699792611221361,0.034527725915699664,-3.676506843957269e-17,0.04562344900494317,0.4913763199315585,-0.2549330906537094,0.5063094105852683,-0.04562344900494311
994,9.94,6.320248212663851e-17,-0.030726978349991635,-0.8777236740115385,0.1388157520609613,-0.7765394260725009,0.030726978349991524,-7.522572427073785e-16,0.07062344900494319,0.4827256166705399,-0.24660652555047824,0.48933214222101773,-0.0706234490049428
995,9.950000000000001,4.2007896965725463e-17,-0.02643975352018088,-0.8845194680920417,0.13911332405012733,-0.7836327921421691,0.026439753520180742,-9.63123301813303e-16,0.09562344900494316,0.47645328390286423,-0.23839586967594795,0.4748491535788104,-0.09562344900494257
996,9.96,4.401055137552374e-17,-0.02161509806469976,-0.8918528814901993,0.13946680219647434,-0.7913196836866709,0.021615098064699606,6.120006679129409e-15,0.07062344900494319,0.47169789884181157,-0.2244546088536895,0.45615250769550064,-0.07062344900494258
997,9.97,3.4598228200164377e-17,-0.016238880256630575,-0.8997134029033279,0.13988268733977594,-0.7995960902431007,0.016238880256630436,-2.8109860590939257e-16,0.04562344900494317,0.47089954647451393,-0.21723920434904775,0.44813875082356125,-0.04562344900494267
998,9.98,3.8188240099388444e-17,-0.01032758660999035,-0.9080560453703984,0.14036577645775783,-0.8084218218281563,0.01032758660999021,1.6013663790901382e-16,0.020623449004943173,0.47275834435323205,-0.2090045385553566,0.44176288290858556,-0.02062344900494273
999,9.99,4.5647587506083797e-17,-0.003917179348083749,-0.9168216235707166,0.1409195926084844,-0.8177412161791984,0.003917179348083624,1.1852940322353586e-17,-0.0043765509950568215,0.4774815146897079,-0.20035520860263534,0.4378367232923437,0.004376550995057224
1000,10.0,3.638030039022969e-17,0.0029443683445277286,-0.9259444322976985,0.14154642160389985,-0.8274908539015988,-0.0029443683445278535,2.2635560670357155e-17,-0.029376550995056816,0.4842175884843708,-0.1919443417538217,0.4361619302381903,0.02937655099505719
1001,10.01,4.903192044574433e-17,0.010202164548581666,-0.9353563912550636,0.1422473011816906,-0.837603692436756,-0.010202164548581777,-2.4327310182914592e-18,-0.05437655099505682,0.4918112288357054,-0.18425081329011628,0.43606204212582034,0.054376550995057144
1002,10.02,3.87467946860357e-17,0.01779795167518096,-0.9449897943283193,0.14302203863009233,-0.8480118329584108,-0.01779795167518107,9.026903348477132e-18,-0.07937655099505682,0.5000147285685844,-0.17746540099250485,0.43748012956108573,0.0793765509950571
1003,10.03,3.9604883012855436e-17,0.02567261681888172,-0.9547792384140806,0.14386926821501345,-0.8586485066290961,-0.025672616818881833,8.396945778696648e-18,-0.10437655099505683,0.5087499441464917,-0.17170074575405903,0.4404506899005525,0.10437655099505704
1004,10.040000000000001,3.9147832961854296e-17,0.03376796866154162,-0.9646629628534181,0.144786544396447,-0.8694495072498625,-0.033767968661541733,1.1963237610617784e-17,-0.12937655099505682,0.5179611845719708,-0.16703858423803697,0.44499976881000824,0.12937655099505696
1005,10.05,4.193191556123191e-17,0.04202798299097274,-0.9745837384838306,0.14577046273966954,-0.8803542012234984,-0.04202798299097286,8.917084537034335e-18,-0.1396606828663655,0.5275859140567692,-0.16354045651097515,0.4511263705677435,0.13966068286636557
1006,10.06,3.911499716042358e-17,0.05039965485140333,-0.9844894085630652,0.14681679956874805,-0.8913062081318137,-0.05039965485140345,8.057171177782563e-18,-0.14044467807725114,0.5375436608781295,-0.1612204559730338,0.4587641168511616,0.1404446780772512
1007,10.07,4.2655714945272757e-17,0.05883355529987274,-0.9943331618720715,0.1479206618306087,-0.9022538237026771,-0.05883355529987286,8.94844221482926e-18,-0.1365886111644385,0.5476312692320927,-0.15944834277203024,0.4670796120041252,0.13658861116443852
1008,10.08,4.4878979481782135e-17,0.06728405739425933,-1.0040733347674342,0.14907711634797194,-0.9131504511154076,-0.06728405739425948,3.41065537272474e-17,-0.13042702583788138,0.5577196739120406,-0.15783860231487934,0.47555827622692126,0.13042702583788135
1009,10.09,3.886948243765712e-17,0.07570997699186485,-1.0136744963594397,0.15027925208464776,-0.9239537484440858,-0.07570997699186498,2.845802655660053e-17,-0.12314556462422957,0.5677527594487773,-0.15631656318853626,0.4840693226373083,0.12314556462422957
1010,10.1,4.802637785107316e-17,0.08407380759627539,-1.0231053694857701,0.15152170868083303,-0.9346270781666006,-0.0840738075962755,1.450114776582101e-17,-0.1153539632117665,0.5776926254196911,-0.1548706638380405,0.49256328925772896,0.1153539632117665
1011,10.11,3.907237615389357e-17,0.09234224130801438,-1.0323398257491911,0.15279850854149635,-0.9451383342906872,-0.09234224130801448,6.0209093004037335e-18,-0.10737164409599273,0.5875080564655956,-0.15350009991164992,0.5010081563772437,0.10737164409599274
1012,10.120000000000001,3.591550202674639e-17,0.10048595502684939,-1.0413563422425165,0.1541035865957997,-0.9554599288383137,-0.10048595502684946,2.8062346234027616e-17,-0.09937098767512963,0.5971722564018594,-0.15220534130618069,0.5093775977080397,0.09937098767512963
1013,10.13,8.265804899666828e-17,0.1084793846851966,-1.0501376056676834,0.15543097390902372,-0.965568579576702,-0.10847938468519665,2.1198316673469272e-17,-0.09144908666569367,0.6066622517530195,-0.15098636086133121,0.5176486126143529,0.09144908666569368
1014,10.14,-1.3757693035711553e-16,0.11630048434829507,-1.058670137949826,0.15677489965296865,-0.9754450376027974,-0.11630048434829496,-2.2107020128283328e-16,-0.08366375132687058,0.6159586093722577,-0.14984239931758758,0.5258010086898479,0.08366375132687076
1015,10.15,4.253508573262323e-17,0.12392958052293536,-1.0669444827520609,0.15812904101459602,-0.9850735237666561,-0.12392958052293537,1.816874503805449e-18,-0.0760525373146342,0.6250451478818252,-0.1487711929680101,0.5338163408498366,0.0760525373146343
1016,10.16,4.0970721148437434e-17,0.1313515725659529,-1.0749530311872748,0.15948929683681545,-0.9944423280240904,-0.13135157256595295,6.358467400976329e-18,-0.06863948635281766,0.6339089108718642,-0.14777184272058508,0.5416807535924462,0.06863948635281772
1017,10.17,3.888605360813108e-17,0.13855330759334475,-1.0826918144412447,0.16085060575911314,-1.0035424202003553,-0.13855330759334483,3.1630259885871584e-18,-0.06144222186602879,0.6425396825596909,-0.1468416632093673,0.5493813457690577,0.06144222186602883
1018,10.18,4.209623764139259e-17,0.1455241650343237,-1.090159154490281,0.16220852647133654,-1.0123676809616182,-0.14552416503432378,1.2222895305706873e-17,-0.05447359969535224,0.6509298837348229,-0.14597785509425887,0.5569077388290835,0.05447359969535227
1019,10.19,4.3340723789320474e-17,0.15225578692808547,-1.0973554754624972,0.16355908289934995,-1.0209145583618462,-0.1522557869280856,1.1960327917930832e-17,-0.04774309543674545,0.6590743323451537,-0.14517742013929757,0.5642517524844499,0.047743095436745486
1020,10.200000000000001,3.7205174152968995e-17,0.15900243740371883,-1.1040884219409124,0.16516170920993478,-1.029250131150847,-0.15900243740371894,1.2564277747779677e-17,-0.041257615987248565,0.666970023078414,-0.14443720561062945,0.5714072286890448,0.041257615987248586
1021,10.21,3.292598326883527e-17,0.16667366817171503,-1.1098365889046322,0.16770126588858958,-1.0375378547932226,-0.16667366817171514,9.22377599583618e-18,-0.035022016417150775,0.6746159188799342,-0.1437539655150789,0.578369884395014,0.0350220164171508
1022,10.22,4.480840610986214e-17,0.1761399315361096,-1.1144679630279528,0.17131978367308254,-1.0457877467010352,-0.1761399315361097,-6.359320988886737e-19,-0.02903946230679838,0.682012754173191,-0.14312441689721755,0.585137171070405,0.029039462306798422
1023,10.23,3.663207258339856e-17,0.188481953914361,-1.1179669885471073,0.17600938477198114,-1.0539763733190857,-0.18848195391436112,4.1639417885864585e-18,-0.0233117074385069,0.6891628505321147,-0.14254528761091667,0.5917081381430314,0.023311707438506926
1024,10.24,4.698793262666915e-17,0.2053886977132208,-1.1203592934739577,0.1817193358394743,-1.062078629313427,-0.2053886977132209,3.821085643041232e-19,-0.017839321799765495,0.6960699454349185,-0.1420133556416291,0.5980833010765472,0.017839321799765537
1025,10.25,3.5890249713053455e-17,0.22995451803922776,-1.1216981767601846,0.1883748482597577,-1.0700730250199382,-0.2299545180392278,1.2420114460836711e-17,-0.01262188753267969,0.7027390344477499,-0.14152548078008176,0.6042645152278303,0.012621887532679718
1026,10.26,1.6533226141135208e-16,0.25495451803922775,-1.122067540235471,0.19587247271318342,-1.077940012948653,-0.2549545180392278,1.2403377173837297e-17,-0.007658171913695666,0.7091762269231882,-0.1410786295650378,0.6102548564882269,0.007658171913695694
1027,10.27,-2.760820643874692e-16,0.2799545180392277,-1.1207383567121214,0.2038387257657247,-1.0845770824778473,-0.2799545180392277,1.1795471837625364e-17,-0.002946282251502841,0.7153886150819356,-0.14066989439440525,0.6160585094763404,0.0029462822515028547
1028,10.28,1.2445513573043588e-15,0.30495451803922724,-1.1170590860766554,0.21161297418829472,-1.0886720602649487,-0.30495451803922774,6.3030779104257285e-18,0.0015161944523200965,0.7213841561764883,-0.14029650764977186,0.6216806638262553,-0.0015161944523200827
1029,10.290000000000001,1.7157458254360865e-15,0.32995451803922726,-1.11271047379378,0.21683343351812623,-1.089543907311904,-0.3299545180392277,9.259613425019207e-18,0.005732065222463917,0.7271715673067983,-0.13995585161328938,0.6271274189200873,-0.005732065222463889
1030,10.3,-2.9995384863498326e-15,0.30495451803922724,-1.0988477211487444,0.23125285024711284,-1.0901005713958558,-0.30495451803922774,6.2955675519962955e-18,0.009704416826587667,0.7327602323636643,-0.13964546488556906,0.6324056972492342,-0.009704416826587625
1031,10.31,-2.252024930338574e-16,0.27995451803922733,-1.0867497732769005,0.2402658764581599,-1.0870156497350625,-0.2799545180392278,1.6145645044572067e-17,0.013436512339694118,0.7381601205095026,-0.139363045942695,0.6375231664521954,-0.013436512339694062
1032,10.32,1.0256712773988445e-18,0.2549545180392273,-1.0730073227820869,0.24856305902031972,-1.0815703818024052,-0.25495451803922775,5.293408652377364e-18,0.016931697527791917,0.7433817155623547,-0.13910645440205516,0.6424881699644103,-0.01693169752779189
1033,10.33,2.2199319745718152e-17,0.2299545180392273,-1.0573753871469451,0.25668646728531785,-1.0740618544322633,-0.22995451803922776,2.524424109138055e-18,0.020193316097098152,0.7484359556220471,-0.13887371050198205,0.6473096661240283,-0.02019331609709807
1034,10.34,8.751978115610123e-18,0.20495451803922735,-1.0400371693656902,0.26461262671575636,-1.0646497960814447,-0.20495451803922776,1.2757107168892731e-17,0.02322463291236812,0.753334182263573,-0.13866299324023956,0.6519971755038134,-0.023224632912368037
1035,10.35,2.6014507687954965e-17,0.17995451803922738,-1.021214892298862,0.2722597005374744,-1.0534745928363354,-0.17995451803922777,4.355849160650684e-18,0.026028764340369603,0.7580880986209034,-0.13847263756171835,0.6565607361826209,-0.02602876434036952
1036,10.36,4.6233289190438214e-17,0.1549545180392274,-1.0011189620094045,0.27955185855572406,-1.0406708205651267,-0.15495451803922777,1.548960930133314e-17,0.028608614923635867,0.7627097356968743,-0.13830113093651308,0.6610108666333878,-0.02860861492363581
1037,10.370000000000001,5.736127875142643e-17,0.12995451803922747,-0.979944503727393,0.28642230170826866,-1.0263668054356618,-0.12995451803922778,-4.694690328466645e-18,0.03096681963036449,0.7672114262704862,-0.13814710962595156,0.6653585358964356,-0.030966819630364434
1038,10.38,4.515210934173622e-17,0.1049545180392275,-0.957872744560274,0.29281064558287195,-1.010683390143144,-0.10495451803922778,1.2862730697854216e-17,0.033105690947027366,0.7716057858459645,-0.13800935489611732,0.6696151407420792,-0.033105690947027366
1039,10.39,4.6120420219263663e-17,0.07995451803922755,-0.9350720967034195,0.29866133550388885,-0.9937334322073084,-0.07995451803922778,4.0597064652765315e-18,0.03502717006598849,0.77590570021684,-0.1378867894063075,0.6737924896231475,-0.03502717006598852
1040,10.4,4.4396486025061966e-17,0.05495451803922759,-0.9116988461010261,0.30392313816686534,-0.9756219842678937,-0.054954518039227775,-5.299227745798481e-18,0.03673278135686106,0.7801243194161752,-0.13777847397448728,0.6779027933906625,-0.03673278135686106
1041,10.41,4.1042664414908977e-17,0.03387024084884235,-0.8878977350770122,0.30854925188293036,-0.9564469869599441,-0.03387024084884249,9.759619968609478e-18,0.03822358919521068,0.784275058083531,-0.1376836049043969,0.6819586629879288,-0.03822358919521068
1042,10.42,4.2296873858639e-17,0.02479398273514674,-0.8638026088521836,0.31249773449394136,-0.9363003433461237,-0.024793982735146852,2.1209401579110095e-17,0.03950015608321891,0.7883716025430952,-0.13760151205122517,0.68597311459432,-0.039500156083218885
1043,10.43,4.648088033112048e-17,0.021341297920557334,-0.8395372019436184,0.31573207344533183,-0.9152692753889489,-0.021341297920557417,1.8151565902233232e-17,0.04056250091759109,0.7924279250140219,-0.13753165780536725,0.6899595828193887,-0.04056250091759106
1044,10.44,4.286694526403214e-17,0.020372615012534595,-0.8152160928395321,0.31822178775621224,-0.8934378805957457,-0.02037261501253468,9.744513370453023e-18,0.04141005640613246,0.7964583051043174,-0.13747363718462113,0.693931942288939,-0.041410056406132434
1045,10.450000000000001,3.8731718775538806e-17,0.020352775802827294,-0.7909458317023069,0.31994298567380863,-0.8708888173761173,-0.020352775802827378,-1.0348143381759458e-17,0.04204162526801772,0.8004773576913468,-0.13742717923600856,0.6979045369273549,-0.042041625268017746
1046,10.46,3.446821643987475e-17,0.02053481025943485,-0.7668262320280564,0.3208788226943745,-0.8477050547224301,-0.020534810259434932,1.0653358593510356e-17,0.04245533630218182,0.8045000640282193,-0.13739214994111226,0.7018922139693315,-0.042455336302181845
1047,10.47,4.413043927337249e-17,0.020554055693818213,-0.7429518065060537,0.3210198207044296,-0.8239716272104807,-0.020554055693818282,-8.37164189037135e-18,0.04264860395327069,0.8085417991452398,-0.13736855676361126,0.7059103559088498,-0.04264860395327072
1048,10.48,4.172495418037225e-17,0.02022613627980177,-0.7194133171138236,0.32036402381150364,-0.7997773409253255,-0.02022613627980184,-1.1584421234085397e-18,0.04261809862428437,0.8126183435959727,-0.13735655483754583,0.7099748984335164,-0.04261809862428437
1049,10.49,4.3693932563764917e-17,0.01944573731507808,-0.6962993956078033,0.3189169815961065,-0.7752163772039053,-0.01944573731507815,1.3768064258536376e-17,0.04235974171784704,0.8167458576308394,-0.1373564545009881,0.7141023121318262,-0.04235974171784701
1050,10.5,5.2400915148380453e-17,0.018134591871629538,-0.6736981834492087,0.3166915661699373,-0.750389749619147,-0.018134591871629607,-2.1672036776735313e-17,0.041868742244337454,0.8209407950404649,-0.13736872944558576,0.7183095244860502,-0.0418687422443374
1051,10.51,4.395478498069166e-17,0.016212610183817172,-0.6516989782517132,0.3137076405623459,-0.7254066188140604,-0.01621261018381724,1.238480994428543e-17,0.04113966297676397,0.8252197897340966,-0.1373940250003659,0.7226138147344634,-0.04113966297676397
1052,10.52,4.5471695061251616e-17,0.01357848302180499,-0.6303938241274035,0.3099916100776038,-0.7003854342050082,-0.01357848302180506,3.177459451942656e-18,0.04016652712199492,0.8295994904283052,-0.1374331657142177,0.7270326561425242,-0.040166527121994894
1053,10.53,3.901440959575554e-17,0.010091747622028135,-0.6098790563949602,0.30557589344792746,-0.675454949842885,-0.010091747622028205,8.542323771533228e-18,0.03894292932551391,0.8340964153000786,-0.13748716259959404,0.7315835778996749,-0.03894292932551385
1054,10.540000000000001,5.433217899648372e-17,0.0055500995135469855,-0.5902568893792451,0.30049834579778356,-0.6507552351770278,-0.005550099513547055,1.2002195768946676e-17,0.03746205006089098,0.8387269925675948,-0.13755722377555346,0.7362842163431487,-0.03746205006089093
1055,10.55,3.126782671015796e-17,-0.0003454551676749795,-0.5716372329059612,0.29480165340441167,-0.6264388863103725,0.00034545516767491014,1.3441522117284797e-17,0.035716391319013246,0.8435080589631249,-0.13764477847797896,0.741152837441104,-0.03571639131901322
1056,10.56,4.9161647394326454e-17,-0.008050144108989743,-0.5541400254904519,0.2885327124070828,-0.602672737897533,0.00805014410898966,4.4083659038652686e-18,0.03369696652954329,0.848458186246135,-0.1377515338135541,0.7462097200596864,-0.03369696652954329
1057,10.57,4.7666930153095226e-17,-0.01828550305805468,-0.5378984126459027,0.2817420376220602,-0.5796404502679606,0.01828550305805461,1.2756847975349028e-17,0.0313916395472387,0.8536002106372934,-0.1378795941877865,0.7514798048250788,-0.03139163954723867
1058,10.58,6.93150987323094e-17,-0.032260435302375656,-0.5230629623881892,0.2744834188917503,-0.5575463812799426,0.03226043530237557,1.6149875154186684e-17,0.028782410597031932,0.8589651097299164,-0.13803167853243636,0.7569967882623536,-0.028782410597031904
1059,10.59,3.382460340836868e-17,-0.052163375322872546,-0.5098066486895237,0.26681460256973966,-0.5366212512592639,0.05216337532287249,1.0475544378663064e-18,0.025841831991004982,0.8645967120495587,-0.13821145677158653,0.762808168821143,-0.025841831991004954
1060,10.6,-3.696893461514285e-17,-0.07716337532287249,-0.49832947668896665,0.2588015583142319,-0.5171310350031972,0.07716337532287249,8.96247285707609e-18,0.02252956744916554,0.8705554374002392,-0.13842397194968126,0.7689794093499187,-0.022529567449165483
1061,10.61,7.420986380140957e-17,-0.10216337532287248,-0.4888609292239191,0.2505358011663007,-0.49939673039021804,0.10216337532287231,5.645027299433186e-18,0.01879150224255638,0.8769172708059126,-0.1386759870115598,0.7755932578174742,-0.01879150224255635
1062,10.620000000000001,-3.8824922339968293e-16,-0.12716337532287236,-0.48166301537071476,0.2422140215648746,-0.4838770369355898,0.1271633753228723,5.743820261907982e-18,0.014565690263092484,0.8837617329559545,-0.1389758614472828,0.7827375944032346,-0.014565690263092457
1063,10.63,7.428730140200097e-15,-0.15216337532287236,-0.47710836934246814,0.234741089884548,-0.47184945922702104,0.15216337532287236,7.458479412980181e-18,0.009801284138258065,0.891140666381319,-0.13933220852705885,0.7904728749083758,-0.009801284138258037
1064,10.64,2.628282832182146e-15,-0.12716337532287234,-0.4741207132301507,0.22127065700781146,-0.4553913702379595,0.12716337532287245,3.912372991206666e-18,0.004484058863995832,0.8990436453322178,-0.13975153521628558,0.7987951805485003,-0.0044840588639958046
1065,10.65,1.3302434892131943e-16,-0.1021633753228724,-0.474750076054801,0.21250521059849892,-0.44725528665329994,0.10216337532287245,1.1659726126612788e-17,-0.0013697463438491347,0.9074257574401418,-0.14023862607620974,0.8076643835163515,0.0013697463438491625
1066,10.66,4.2026744092892995e-17,-0.0771633753228724,-0.47826760806519986,0.20382965502275996,-0.4420972630879567,0.07716337532287246,1.3195208313978579e-17,-0.007724506774461765,0.9162278864228998,-0.1407969774847483,0.817024863907649,0.007724506774461792
1067,10.67,5.40950854612966e-17,-0.05216337532287241,-0.4844857609958214,0.19519041666121562,-0.4396761776570357,0.05216337532287246,7.259081956275882e-18,-0.014532630238694028,0.9253843934149631,-0.1414288366199533,0.82681323003492,0.014532630238694055
1068,10.68,4.329484743030372e-17,-0.027163375322872413,-0.491922596391949,0.18710812200813687,-0.43903071840008456,0.02716337532287247,3.965969945233188e-18,-0.02173961482738722,0.9348272636575966,-0.14213519269317854,0.8369624563507734,0.021739614827387246
1069,10.69,4.401881383651131e-17,-0.0021633753228724184,-0.5000241290858024,0.17985790130226775,-0.4398820303880675,0.002163375322872474,8.775653918155844e-18,-0.029287576716953367,0.9444888570574125,-0.14291579662651943,0.8474046536839288,0.029287576716953395
1070,10.700000000000001,4.6016486748276445e-17,0.022836624677127576,-0.508656615628973,0.1735813406721457,-0.4422379563011183,-0.022836624677127534,1.1914825961084327e-18,-0.03711774256146859,0.954303837794492,-0.14376922047180873,0.8580730582662972,0.03711774256146863
1071,10.71,3.9559940974124896e-17,0.04783662467712757,-0.5177589841780917,0.1683744020443575,-0.4461333862224506,-0.047836624677127536,8.793034259113288e-18,-0.04517221438075755,0.9642105140835088,-0.1446929524818722,0.8689034665653792,0.04517221438075758
1072,10.72,4.262510263099564e-17,0.07283662467712756,-0.5272736052027628,0.16430865990541543,-0.4515822651081769,-0.07283662467712754,6.092992098740423e-18,-0.05339520793491449,0.9741517271610157,-0.14568351968415316,0.8798352468451696,0.05339520793491452
1073,10.73,4.389116605409942e-17,0.09783662467712755,-0.5371327398870395,0.1614365001738639,-0.4585692400609047,-0.09783662467712755,9.605939302302728e-18,-0.06173390168531362,0.9840753918172364,-0.1467366289720099,0.8908120207892458,0.06173390168531365
1074,10.74,2.4770589070875458e-17,0.10964659262060147,-0.5472086799954045,0.1595265485491254,-0.46673522854452676,-0.10964659262060147,-6.27533577902322e-17,-0.070138670560844,0.993934556746571,-0.14784770796793867,0.9017822647145102,0.07013867056084447
1075,10.75,1.3679532639106275e-16,0.1113278479755849,-0.5573067495379799,0.1578906674892676,-0.4751974170272475,-0.11132784797558494,-1.6657837784463332e-17,-0.0785647836151723,1.0036884097547665,-0.14901033272364705,0.9126987424784132,0.07856478361517255
1076,10.76,4.5364865063911056e-17,0.10797584492272885,-0.567352297979384,0.15636605678847204,-0.48371835476785696,-0.10797584492272892,-2.0660671522673663e-17,-0.08697047087264669,1.0133006571550576,-0.15021922398817467,0.9235198811432332,0.08697047087264684
1077,10.77,4.3032155106852116e-17,0.1021548889045577,-0.577303560988189,0.154922617042626,-0.49222617803081326,-0.10215488890455775,7.329376040399875e-18,-0.09531826899311971,1.0227403787052731,-0.15146842376345016,0.9342088024687256,0.09531826899311982
1078,10.78,4.148098698135408e-17,0.09516173762774786,-0.5871285458325392,0.15355578635442957,-0.5006843321869687,-0.09516173762774789,3.546421163430623e-18,-0.10357484132110503,1.0319815688945377,-0.15275178676053314,0.9447333556550723,0.10357484132110509
1079,10.790000000000001,1.2775389172346631e-17,0.08765750202269011,-0.5968002937021001,0.15226523613348697,-0.5090655298355897,-0.08765750202269013,1.3964578862822968e-17,-0.11171078745169771,1.04100277718132,-0.15406316873058812,0.9550659459119095,0.11171078745169774
1080,10.8,7.924467284122832e-17,0.07998371224839451,-0.6062957885616288,0.15105073567141514,-0.5173465242330422,-0.07998371224839453,7.623165147779404e-18,-0.11970043248878548,1.0497867480527185,-0.1553965417769373,0.9651832898296582,0.11970043248878556
1081,10.81,4.0476278916036e-17,0.07232097027753068,-0.6155954921402415,0.14991042723106862,-0.5255059193713136,-0.07232097027753069,7.762480298879923e-18,-0.1275211020910448,1.0583207149409235,-0.15674507694497575,0.9750657918859011,0.12752110209104486
1082,10.82,4.295050330002219e-17,0.06476692076064644,-0.6246833888790536,0.14884418127742827,-0.533527570156481,-0.06476692076064644,6.550108597984629e-18,-0.1351541154236275,1.0665938473573648,-0.15810456778756,0.9846984151449241,0.13515411542362754
1083,10.83,4.504223124064329e-17,0.05737707205350136,-0.6335463776237172,0.1478496297496662,-0.5413960073733839,-0.05737707205350137,1.3750803012024708e-17,-0.14258344603862227,1.074599494934195,-0.1594694584310058,0.9940689533651983,0.14258344603862233
1084,10.84,4.2253664729511295e-17,0.050184423299440464,-0.6421742269490959,0.1469242526496367,-0.5490984795987308,-0.05018442329944048,5.8728065887399716e-18,-0.14979583574660726,1.0823335796928406,-0.16083484656103775,1.0031684262538767,0.14979583574660732
1085,10.85,3.7884268171922674e-17,0.04320959520177514,-0.6505593229627006,0.14606525530657788,-0.5566245782692767,-0.04320959520177515,1.218846831251044e-17,-0.15678053432123706,1.0897944134336983,-0.1621962893804888,1.0119907028141892,0.1567805343212371
1086,10.86,3.886279602051847e-17,0.036466017685113705,-0.65869643929699,0.14526961466982347,-0.5639660539668134,-0.036466017685113705,9.754503473153978e-18,-0.16352904707638174,1.0969824224195408,-0.16354977828972495,1.020532200709263,0.16352904707638177
1087,10.870000000000001,4.614127863758816e-17,0.02996264022555198,-0.6665825180355728,0.14453414975622636,-0.5711166677917965,-0.02996264022555198,1.327702409002205e-17,-0.17005746845753011,1.103878222994525,-0.16492101439969808,1.028799237394222,0.17005746845753011
1088,10.88,4.394843615154829e-17,0.023705396991345717,-0.6742164609651918,0.1438555878885187,-0.5780720488537106,-0.023705396991345717,2.260864765599245e-18,-0.17693311165852413,1.1099987614719717,-0.1669538339457205,1.0369525954176926,0.17693311165852413
1089,10.89,3.8513523340924e-17,0.01769804241631938,-0.68159893221213,0.14323062177035972,-0.5848295539824888,-0.017698042416319393,-5.155450571684549e-18,-0.18491301759729195,1.1150417156671226,-0.1700232150189277,1.0450649306860502,0.18491301759729195
1090,10.9,4.177238768300157e-17,0.011942664808742273,-0.6887321732704353,0.14265595718344282,-0.5913881304538804,-0.011942664808742287,5.710022557320245e-18,-0.1948273440309285,1.1189495305248665,-0.1741747664275698,1.0531242969524375,0.1948273440309285
1091,10.91,3.2008252480007314e-17,0.006440031778351729,-0.6956198311024987,0.1421283520597113,-0.5977481831622113,-0.006440031778351729,1.5336427162349992e-17,-0.20785432358020833,1.12173075758204,-0.17937630821470274,1.061107065796745,0.20785432358020836
1092,10.92,3.7848406653306313e-17,0.0011898445010699032,-0.7022667996683164,0.1416446478667922,-0.6039114475351091,-0.0011898445010698894,1.0005519056788546e-17,-0.22599671369637458,1.123424869633209,-0.18556711648265056,1.068991986115859,0.22599671369637458
1093,10.93,4.0175938536529036e-17,-0.003809060429396674,-0.7086790749671624,0.1412017942530538,-0.609880869220214,0.003809060429396674,-1.3941572149748626e-17,-0.25099671369637466,1.1240972468447596,-0.19266425595083014,1.0767615027955924,0.25099671369637455
1094,10.94,4.5113063925234096e-17,-0.008558541867715999,-0.7148636234563607,0.14079686785789403,-0.6156604913142565,0.008558541867715999,9.07723230810533e-17,-0.2759967136963746,1.123628671953779,-0.20049902660728158,1.0841276985610595,0.2759967136963745
1095,10.950000000000001,4.402957629199374e-17,-0.01306100747537492,-0.7208282635414466,0.14042708613348298,-0.62125534967493,0.013061007475374892,-4.48851778209067e-16,-0.3009967136963746,1.1208749484073914,-0.20853687873870996,1.0894118271460986,0.3009967136963744
1096,10.96,3.370821629460616e-17,-0.017319284043885677,-0.7265815597030826,0.1400898169563779,-0.6266713766594569,0.017319284043885677,-4.772747861031043e-18,-0.3259967136963746,1.1160533929682375,-0.21588696316121825,1.0919403561294534,0.3259967136963744
1097,10.97,3.1570445333273463e-17,-0.02133650158318852,-0.7321327287325562,0.13978258473626382,-0.6319153134688178,0.021336501583188505,-8.979562498122787e-17,-0.3009967136963746,1.104663011027367,-0.2284688787563406,1.093131889783707,0.3009967136963744
1098,10.98,3.2715471292407764e-17,-0.025115989131525823,-0.7374915574830229,0.1395030736577786,-0.6369946311407992,0.025115989131525823,1.2888179240744207e-16,-0.2759967136963746,1.0942718996286418,-0.23657279746313542,1.0908446970917762,0.27599671369637446
1099,10.99,3.948901371208813e-17,-0.02866118082325239,-0.7426683315022596,0.1392491286223022,-0.6419174601245614,0.02866118082325239,-8.952092731327125e-17,-0.25099671369637466,1.081623940636626,-0.2446611037854819,1.0862850444221064,0.25099671369637444
1100,11.0,3.9826874941747214e-17,-0.031975531051707334,-0.747673773889269,0.1390187543912963,-0.6466925282805653,0.031975531051707334,4.287490624188533e-18,-0.2259967136963746,1.0668386409676396,-0.25279647657919135,1.07963511754683,0.22599671369637445
1101,11.01,4.632505016543061e-17,-0.035062437731881085,-0.7525189937064997,0.13881011337229154,-0.6513291070787885,0.035062437731881085,-8.383922184649731e-18,-0.20099671369637462,1.0502084465821584,-0.2608144374390734,1.07102288402123,0.20099671369637445
1102,11.02,3.2723258320451195e-17,-0.037925172773637744,-0.7572154432787609,0.13862152243354775,-0.6558369657123087,0.037925172773637744,1.6125235478135692e-17,-0.17599671369637462,1.0319865075377281,-0.26859630851500704,1.0605828160527377,0.17599671369637448
1103,11.03,3.8343120398341e-17,-0.04056681895381864,-0.7617748837181618,0.13845144908394558,-0.6602263328021052,0.04056681895381864,7.947524379369316e-18,-0.15099671369637463,1.012394280060552,-0.27605644414938635,1.0484507242099366,0.1509967136963745
1104,11.040000000000001,4.383142275960731e-17,-0.042990212437614445,-0.7662093580344173,0.1382985073108448,-0.6645078653452585,0.042990212437614445,1.5465246183957453e-17,-0.1259967136963746,0.9916332265527475,-0.28312502349159774,1.034758250044342,0.1259967136963745
1105,11.05,4.3106946800205997e-17,-0.04519789024604104,-0.7705311712313342,0.13816145333027585,-0.6686926245616092,0.04519789024604104,1.358180548471064e-17,-0.10099671369637463,0.969889894858544,-0.28974026321586444,1.0196301580744074,0.10099671369637454
1106,11.06,3.3000360641718887e-17,-0.047192041989161465,-0.7747528768668924,0.13803918147091931,-0.6727920583378135,0.04719204198916144,1.1191413469768831e-17,-0.07599671369637463,0.947337832866663,-0.2958454442838222,1.0031832771504852,0.07599671369637458
1107,11.07,5.537919701873357e-17,-0.0489744651699299,-0.7788872696857015,0.1379307203860144,-0.6768179900717164,0.0489744651699299,9.011156658272113e-18,-0.05969949341770002,0.9241383946638503,-0.3013879839752499,0.985526378639102,0.059699493417699985
1108,11.08,4.2094108697649955e-17,-0.050546523297961665,-0.7829473841317461,0.1378352297664055,-0.6807826138981539,0.050546523297961665,1.1178022200571945e-17,-0.05348905373546529,0.9004412608458746,-0.30631939825689225,0.9667606591027655,0.05348905373546528
1109,11.09,3.3064664900966525e-17,-0.05190910593451892,-0.7869464988089457,0.13775199771454594,-0.684698496523493,0.05190910593451892,1.175913121545704e-17,-0.0518719583082397,0.8763849787710435,-0.3105956762927923,0.9469806550638338,0.05187195830823971
1110,11.1,5.2881575553616946e-17,-0.0530625896475011,-0.7908981472204683,0.13768043893501558,-0.6885785861554807,0.053062589647501046,5.076004171891396e-18,-0.05218389792923849,0.8520976350879054,-0.31417784356481004,0.9262754786527139,0.05218389792923849
1111,11.11,5.1442181108893583e-17,-0.054006798772534115,-0.7948161352435267,0.13762009390261964,-0.6924362291461441,0.05400679877253409,1.3759516625450202e-17,-0.05314906890763025,0.827697699775091,-0.31703258816162594,0.9047302879367165,0.053149068907630256
1112,11.120000000000001,1.7588668354390976e-17,-0.05474096502020759,-0.7987145655254483,0.13757062918230611,-0.6962851947077531,0.054740965020207616,3.0560575975147837e-18,-0.05416744731260498,0.8032950509973605,-0.31913286707858435,0.8824279180759418,0.054167447312604984
1113,11.13,4.650034168614541e-17,-0.05526368560354028,-0.8026078679374297,0.13753183908779187,-0.7001397070252202,0.05526368560354025,1.5242414393373595e-17,-0.05496300664503459,0.7789921754357404,-0.32045843188134404,0.859450607317084,0.05496300664503459
1114,11.14,2.6110073180807786e-17,-0.05557288101400304,-0.8065108329577174,0.13750364886019695,-0.7040144818179122,0.05557288101400304,3.518335528849008e-18,-0.05541050503739574,0.75488552900221,-0.3209962288446119,0.8358817578468254,0.05541050503739574
1115,11.15,8.083660356634683e-17,-0.05566575613003366,-0.8104386410850078,0.13748611949492473,-0.7079247605799295,0.05566575613003366,4.652589321154488e-18,-0.0554502351385746,0.7310670339092918,-0.32074064256861956,0.8118076764779132,0.0554502351385746
1116,11.16,3.376096483775852e-17,-0.05553877197784396,-0.8144068763627718,0.1374794542082466,-0.711886330571017,0.05553877197784396,1.0375496125419936e-17,-0.05504570490022281,0.7076256785511968,-0.3196935659730765,0.7873192445242707,0.0550457049002228
1117,11.17,8.403269621906344e-17,-0.055187640863283954,-0.8184315072664684,0.13748400627160529,-0.7159155135380728,0.055187640863283954,2.6947432121298194e-18,-0.05416178775052771,0.6846491770657909,-0.31786429404438155,0.7625134711101729,0.0541617877505277
1118,11.18,4.43752749249665e-17,-0.0546073601456564,-0.8225288169694885,0.1375002876128374,-0.7200291045823284,0.0546073601456564,8.003031558850067e-18,-0.05275196728994757,0.6622256384016306,-0.31526925344845325,0.7374948918500848,0.05275196728994758
1119,11.19,6.837566756980552e-18,-0.053792283348213815,-0.8267152733775741,0.1375289774713645,-0.7242442508489382,0.05379228334821379,1.2739740167341688e-17,-0.05074860640665448,0.6404451954543343,-0.3119315938152202,0.7123767892695532,0.05074860640665449
1120,11.200000000000001,3.24586537923975e-17,-0.052736231682385476,-0.8310073560862189,0.13757093025333644,-0.7285782863395567,0.052736231682385476,9.16184660966466e-18,-0.04805243489167985,0.6194015612659111,-0.307880677103194,0.6872822383691015,0.04805243489167986
1121,11.21,4.345560969090232e-17,-0.051432607949771114,-0.8354214117744344,0.13762718308831057,-0.7330485948627454,0.051432607949771086,2.9917346616890713e-18,-0.04451792011994705,0.5991935209361091,-0.30315150546019043,0.6623450263962964,0.04451792011994704
1122,11.22,4.339890082825195e-17,-0.04987441243528237,-0.8399736968207857,0.1376989668274745,-0.7376726636482593,0.049874412435282345,7.872922814670831e-18,-0.03993012336541266,0.579926441711554,-0.2977841231184032,0.6377105648299568,0.03993012336541267
1123,11.23,3.5869674900860474e-17,-0.0480539784158987,-0.8446808776060638,0.1377877303700893,-0.7424686079761513,0.0480539784158987,2.1463050272016201e-19,-0.033965393869023086,0.561713986382011,-0.2918230159635523,0.6135370023455606,0.033965393869023086
1124,11.24,4.26938550546862e-17,-0.045962159363876376,-0.8495613583834479,0.1378951975195114,-0.7474565559029585,0.045962159363876376,1.778356405917117e-17,-0.026120461202466916,0.5446803204980287,-0.2853165280198643,0.5899968485178895,0.026120461202466916
1125,11.25,5.415918254721866e-17,-0.043586661733813814,-0.854637811612677,0.13802348602829018,-0.7526612976409637,0.043586661733813786,8.407553969500664e-18,-0.01557528039980427,0.528963148162526,-0.27831636198540866,0.5672795101479351,0.015575280399804256
1126,11.26,4.572007610484659e-17,-0.04090932103298339,-0.8599410554766901,0.13817532365547713,-0.7581163791321628,0.04090932103298339,1.3269386876599148e-17,-0.0009029415247085448,0.5147177842346312,-0.270877451323147,0.5455952355577742,0.000902941524708531
1127,11.27,4.742000246810071e-17,-0.037902505883327,-0.8655147640861581,0.13835438253114962,-0.7638691466173078,0.037902505883327026,4.272423713189976e-18,0.020621544779083234,0.5021220439509807,-0.26305924132304803,0.5251812852740279,-0.020621544779083234
1128,11.28,4.0522773691978686e-17,-0.03452566963045897,-0.8714192090369374,0.1385656986319611,-0.7699849076689005,0.03452566963045897,-1.3258301191878437e-16,0.0456215447790832,0.49138103968031743,-0.2549320976665489,0.5063131373468663,-0.0456215447790832
1129,11.290000000000001,3.724267355686288e-17,-0.03072446778350471,-0.8777302357553803,0.13881601680768452,-0.7765462525630666,0.03072446778350471,5.635095172273926e-16,0.0706215447790832,0.48273135996810723,-0.2466052744218451,0.48933663438995145,-0.07062154477908322
1130,11.3,3.6569322143472965e-17,-0.02643674357905229,-0.884527237940426,0.13911366968570882,-0.7836409076261304,0.02643674357905229,1.5169962734203012e-15,0.09562154477908319,0.4764601519857702,-0.23839431283991053,0.4748544648256803,-0.09562154477908272
1131,11.31,4.892156543765462e-17,-0.02161154460585349,-0.891861948818833,0.13946724623887985,-0.791329195057711,0.02161154460585349,-1.6479189943230733e-15,0.0706215447790832,0.4717061065273792,-0.22445299123927376,0.45615909776665964,-0.07062154477908278
1132,11.32,4.6554749783892006e-17,-0.01623474009597156,-0.8997238525728452,0.13988324962464838,-0.7996071021974962,0.016234740095971575,4.036237028174259e-15,0.04562154477908323,0.4709090963671453,-0.21723726751146233,0.4481463638786152,-0.045621544779082784
1133,11.33,4.048540736522747e-17,-0.010322817501388123,-0.9080679578784022,0.1403664790056759,-0.8084344368840752,0.010322817501388123,-2.8731301409196724e-16,0.020621544779083262,0.4727693611467042,-0.20900226681078016,0.4417716279574839,-0.02062154477908279
1134,11.34,4.271316898515975e-17,-0.003911739937716832,-0.9168350752658448,0.14092045949121934,-0.8177555347570666,0.003911739937716832,-5.244311629376931e-17,-0.004378455220916733,0.47749412715357764,-0.20035262469880888,0.4378467518523883,0.004378455220917163
1135,11.35,5.026731466277893e-17,0.0029505185806666806,-0.9259594956538503,0.14154747878785712,-0.8275069744417087,-0.0029505185806666945,1.874092158663773e-17,-0.029378455220916727,0.484231917665917,-0.19194146241264154,0.43617338007855855,0.029378455220917116
1136,11.36,3.855504293296919e-17,0.010209065379116825,-0.9353731351950191,0.14224857635283084,-0.8376217115478517,-0.010209065379116838,-4.1703509142603674e-18,-0.05437845522091673,0.4918273852964258,-0.1842476464596473,0.43607503175607,0.05437845522091707
1137,11.370000000000001,3.8565098017660817e-17,0.01780564219664213,-0.945008284585403,0.14302356100925684,-0.8480318455946558,-0.01780564219664213,6.7384467401783175e-18,-0.07937845522091673,0.5000328157541435,-0.17746195432824685,0.43749477008238946,0.07937845522091701
1138,11.38,4.145328208421676e-17,0.025681135545854217,-0.9547995379211979,0.14387106837206576,-0.8586706062932605,-0.025681135545854217,4.9390049875472824e-18,-0.10437845522091674,0.5087700580375848,-0.17169702898275807,0.44046708702034243,0.10437845522091693
1139,11.39,4.402658425560929e-17,0.033777353622143014,-0.9646851321494917,0.14478865407006813,-0.8694737862195594,-0.03377735362214303,3.817914870377099e-18,-0.12937845522091673,0.51798341245759,-0.16703460977886897,0.4450180222364586,0.12937845522091684
1140,11.4,4.0422384780229e-17,0.04203827182633122,-0.9746078361283504,0.14577291466792464,-0.8803807507962751,-0.04203827182633123,8.857635015680655e-18,-0.1396560018858439,0.5276103331817988,-0.1635362395068768,0.45114657268867253,0.13965600188584396
1141,11.41,4.19823767427399e-17,0.050410884917771966,-0.9845154915499005,0.14681962733393938,-0.8913351188838354,-0.05041088491777197,7.8594196552242e-18,-0.1404362519383005,0.5375703383252609,-0.1612160138430091,0.45878635216826913,0.14043625193830053
1142,11.42,4.106184535818966e-17,0.058845763771921654,-0.9943612860344554,0.1479238997205049,-0.9022851857549568,-0.05884576377192166,9.431117004275273e-18,-0.13657780465609987,0.5476602867251482,-0.15944369021169946,0.467103976936849,0.13657780465609987
1143,11.43,8.728911756797056e-17,0.06729728165558453,-1.0041035554592534,0.14908079866660773,-0.9131843541258617,-0.06729728165558456,5.539462485869947e-17,-0.1304145025584709,0.5577511251396504,-0.15783375169885983,0.475584876838512,0.1304145025584709
1144,11.44,4.144868460988605e-17,0.07572425381282638,-1.0137068679263637,0.15028341480924345,-0.9239902827356068,-0.0757242538128264,2.6466357371510254e-17,-0.12313163829416801,0.5677867412213377,-0.15631152814609062,0.4840982693674305,0.12313163829416801
1145,11.450000000000001,2.7229957670891177e-17,0.08408917414249503,-1.0231399464249131,0.15152638770586357,-0.9346663341307759,-0.08408917414249503,1.037925061573055e-17,-0.1153387719109886,0.5777292355561673,-0.1548654578901313,0.4925946934462977,0.1153387719109886
1146,11.46,4.3106133668196793e-17,0.09235873511453346,-1.0323766628334434,0.15280373998493613,-0.9451804028183779,-0.09235873511453348,1.1761590153288807e-17,-0.10735523791219555,0.5875473936107031,-0.15349473678943337,0.5010421304001347,0.10735523791219553
1147,11.47,2.0856469094640106e-17,0.10050361402141056,-1.0413954947500281,0.15410940681496677,-0.9555049015649977,-0.10050361402141057,2.8560804375316634e-17,-0.09935337249195073,0.5972144200577009,-0.15219983492800193,0.5094142549857046,0.09935337249195075
1148,11.48,-6.039705258224514e-17,0.10849824722982833,-1.0501791295983844,0.15543741946682277,-0.9656165490652113,-0.10849824722982834,-6.596153668409064e-17,-0.09143024602673555,0.6067073423390258,-0.15098072525443007,0.517688067593459,0.0914302460267356
1149,11.49,-3.1316257293600724e-16,0.11632058928360892,-1.0587140902032077,0.15678200728085578,-0.9754960974840698,-0.11632058928360875,-3.882216948058382e-17,-0.08364365734447483,0.6160067282730114,-0.1498366485413719,0.5258433768143838,0.0836436573444747
1150,11.5,4.2220381406974104e-17,0.1239509654876294,-1.0669909221136367,0.15813684641651815,-0.9851277685301567,-0.12395096548762934,1.2466793613268237e-17,-0.07603115782639903,0.6250963974552423,-0.14876533985085028,0.5338617373060948,0.07603115782639897
1151,11.51,4.0483097864227585e-17,0.1313742774116742,-1.075002016312859,0.15949783757564628,-0.9944998538885037,-0.13137427741167418,8.70686056479847e-18,-0.06861678424532665,0.6339633945248454,-0.14776590180268745,0.5417292963275364,0.0686167842453266
1152,11.52,4.31952185966564e-17,0.1385773725363451,-1.0827434054817937,0.16085991898492502,-1.0036033244667215,-0.1385773725363451,7.834590245208373e-18,-0.06141815829214181,0.6425975046247859,-0.14683564840662566,0.5494331530314134,0.061418158292141777
1153,11.53,4.2943714924961564e-17,0.14554963073793195,-1.090213412796282,0.16221864928878438,-1.0124320620850693,-0.14554963073793195,6.604117741162566e-18,-0.05444813467630159,0.6509911494100368,-0.14597178007663703,0.5569629294866707,0.05444813467630157
1154,11.540000000000001,3.984219587488266e-17,0.1522826945245564,-1.09741246345681,0.16357005241697975,-1.020982515873791,-0.1522826945245564,8.79293831783651e-18,-0.047716188182553215,0.6591391475766893,-0.14517129839788068,0.5643104459745678,0.04771618818255321
1155,11.55,4.1427714725055135e-17,0.1590309255281962,-1.1041481780450804,0.16517355716534843,-1.0293217352104318,-0.1590309255281962,7.59557442503535e-18,-0.041229225087515545,0.6670384943929274,-0.14443105047068283,0.571469544863612,0.041229225087515524
1156,11.56,4.5682004712956264e-17,0.16670420289852766,-1.1098990820041275,0.16771400754846522,-1.0376130895525908,-0.16670420289852766,1.4648407401496435e-17,-0.03499209997898879,0.6746881531636727,-0.14374779014591088,0.5784359433095836,0.03499209997898878
1157,11.57,4.142622816851944e-17,0.17617327381667236,-1.1145331390140756,0.17133342578064303,-1.045866564794719,-0.17617327381667236,6.771221275992855e-18,-0.029007978079080704,0.6820888583935424,-0.143118234328386,0.585207092721928,0.02900797807908069
1158,11.58,5.204316358675192e-17,0.18851922602422297,-1.1180347852758539,0.17602392712068415,-1.0540587123965406,-0.188519226024223,7.581763729315076e-18,-0.02327861294291453,0.6892429313965539,-0.14253911075611125,0.5917820421526634,0.023278612942914514
1159,11.59,3.751565361230799e-17,0.2054315876491583,-1.1204296476639337,0.18173477025449947,-1.0621644179184326,-0.2054315876491583,4.936031352198273e-18,-0.017804574479739432,0.6961541089819124,-0.14200719732997868,0.598161306311892,0.01780457447973942
1160,11.6,7.338420104228529e-17,0.23000573495185256,-1.1217710312961957,0.18839115506046122,-1.0701621863566555,-0.23000573495185256,6.321932674202792e-18,-0.012585444926885611,0.7028273855640538,-0.1415193537943643,0.6043467393584172,0.012585444926885597
1161,11.61,-9.688221725014892e-17,0.2550057349518525,-1.1221428571653798,0.1958896109580609,-1.0780324681234401,-0.2550057349518526,2.8734091805050252e-18,-0.007619991858360861,0.7092688687813978,-0.14107254668625446,0.6103414154676492,0.007619991858360833
1162,11.620000000000001,-3.362393904448377e-17,0.28000573495185244,-1.1208162190743147,0.20385655008752634,-1.0846727691618387,-0.28000573495185255,1.567679842385961e-17,-0.002906323115023368,0.7154856484919822,-0.1406638684522067,0.6161495169441884,0.0029063231150233543
1163,11.63,8.830032768454298e-16,0.305005734951852,-1.1171398431954644,0.21163109937078206,-1.0887709425662468,-0.30500573495185257,1.0028330356934777e-17,0.0015579734994710381,0.7214856788441689,-0.14029055157824877,0.6217762304224173,-0.001557973499471052
1164,11.64,-4.689785076479624e-15,0.330005734951852,-1.1127949450381047,0.21685128355236805,-1.0896462285904758,-0.3300057349518526,2.003286336769703e-17,0.0057757038995715215,0.727277672991968,-0.1399499785116466,0.6272276515036146,-0.005775703899571535
1165,11.65,2.2157000535689622e-15,0.3050057349518522,-1.0989320457531457,0.23127381501368183,-1.0902058607668306,-0.30500573495185257,1.0346508631107517e-17,0.009749953393170724,0.7328710099301478,-0.1396396880831744,0.6325106980133248,-0.009749953393170738
1166,11.66,-3.662743107299349e-16,0.2800057349518522,-1.0868367984790668,0.24028721144966492,-1.0871240099287338,-0.28000573495185255,1.5186811765867048e-17,0.01348398320129826,0.7382756528581719,-0.13935737906796775,0.6376330319261405,-0.013483983201298302
1167,11.67,3.081924310604487e-18,0.2550057349518522,-1.07309747230119,0.24858432299405442,-1.0816817952952473,-0.2550057349518526,2.4803349133379712e-17,0.016981136793514595,0.7435020784381347,-0.13910091145455994,0.6426029898926955,-0.01698113679351461
1168,11.68,5.5051710728469304e-17,0.23000573495185223,-1.057468775877937,0.2567075050951263,-1.0741762809730642,-0.2300057349518526,7.697278381517553e-18,0.02024475508487586,0.7485612162848386,-0.1388683059269994,0.6474295222118385,-0.0202447550848759
1169,11.69,3.907018047151962e-17,0.20500573495185226,-1.0401338980913843,0.26463328471814995,-1.0647671828095338,-0.20500573495185256,7.842939699433354e-18,0.023278099597727475,0.7534643980123806,-0.13865774200491698,0.652122140017299,-0.023278099597727517
1170,11.700000000000001,5.820590647870176e-17,0.1800057349518523,-1.0213150734700713,0.2722798020408167,-1.0535948755108901,-0.18000573495185257,8.909804799465658e-18,0.026084282743871923,0.7582233151595129,-0.13846755523169751,0.6566908703912104,-0.02608428274387195
1171,11.71,3.4611659415001516e-17,0.15500573495185233,-1.0012227130619467,0.279571210274162,-1.040793923336108,-0.15500573495185258,3.085702621090663e-17,0.028666204431857828,0.7628499853285869,-0.138296233751663,0.6611462190802491,-0.028666204431857856
1172,11.72,1.876135767985599e-17,0.13000573495185236,-0.9800519400185524,0.28644070037638125,-1.0264926403949357,-0.13000573495185258,2.7254863321898115e-18,0.03102649424469084,0.7673567259084574,-0.13814241457350163,0.6654991404819603,-0.03102649424469084
1173,11.73,4.2359279742477806e-17,0.10500573495185239,-0.9579839743598245,0.29282788253277847,-1.0108118568926028,-0.10500573495185257,1.1517477757071525e-17,0.03316745845404659,0.7717561348246927,-0.13800487977908082,0.6697610146037767,-0.03316745845404656
1174,11.74,4.0371820914833655e-17,0.08000573495185245,-0.935187217399709,0.2986772000622119,-0.9938644174619191,-0.08000573495185256,1.1423579354759745e-17,0.03509103112267467,0.7760610778892679,-0.13788255290459184,0.6739436307938624,-0.03509103112267464
1175,11.75,4.601706301737681e-17,0.0550057349518525,-0.9118179409123258,0.30393742054407025,-0.9757553614563981,-0.05500573495185257,6.3735539159987126e-18,0.03679872848310692,0.7802846825198354,-0.13777449569550904,0.6780591782153436,-0.036798728483106946
1176,11.76,3.835510193803163e-17,0.03387905595020964,-0.8880208698614541,0.3085617459127753,-0.9565826157742285,-0.03387905595020968,1.4484615177925554e-17,0.0382916056655673,0.7844403378579702,-0.13767990541936526,0.6821202432773332,-0.03829160566556733
1177,11.77,4.526134555801797e-17,0.024781914180313544,-0.8639298287849339,0.3125082404081111,-0.9364380691930427,-0.024781914180313558,8.981025194717903e-18,0.039570214709008844,0.78854170157969,-0.1375981129124707,0.6861398144921593,-0.039570214709008844
1178,11.78,4.4362584015720004e-17,0.02131894681894478,-0.839668527920847,0.3157404007855781,-0.915408928706428,-0.02131894681894478,2.0312710647783026e-17,0.040634562709744165,0.7926027138180426,-0.1375285815391819,0.6901312953572236,-0.04063456270974419
1179,11.790000000000001,4.138282496356469e-17,0.020345140106725418,-0.8153515175191802,0.3182277584859291,-0.8935792760051071,-0.02034514010672543,3.273435444170425e-18,0.041484069108224886,0.7966376183478988,-0.13747090725295374,0.6941085256008512,-0.041484069108224914
1180,11.8,4.013765398427276e-17,0.02032262387426073,-0.7910853151237386,0.3199464375288953,-0.8710317526526317,-0.020322623874260745,-1.3610180659063907e-17,0.04211752174806235,0.8006609901348628,-0.1374248199588869,0.6980858100937488,-0.04211752174806238
1181,11.81,4.156894274333398e-17,0.020503075706508833,-0.766969696775985,0.3208796127983421,-0.8478493095743267,-0.020503075706508847,1.136301030284814e-17,0.04253303279062984,0.8046877660864605,-0.13739018636963218,0.7020779524560914,-0.042533032790629866
1182,11.82,4.1531925823043165e-17,0.020521155345219227,-0.7430991324021622,0.32101782945986523,-0.8241169618620261,-0.020521155345219227,2.34809607315385e-17,0.042727998113479215,0.8087332720739805,-0.13736701449048339,0.7061002865644652,-0.042727998113479215
1183,11.83,4.603589988490478e-17,0.020192141962201912,-0.7195643354333728,0.3203591590664724,-0.7999234944998448,-0.020192141962201912,1.4973997548678432e-17,0.042699067440249094,0.8128132342740325,-0.13735545972823326,0.7101686940022645,-0.04269906744024912
1184,11.84,3.718326277573718e-17,0.019410538175497205,-0.6964538868600957,0.3189091828228664,-0.7753630696829616,-0.01941053817549722,9.173310522291584e-18,0.04244213639537581,0.8169437580480167,-0.13735583236567106,0.714299590413686,-0.04244213639537581
1185,11.85,4.025612096977671e-17,0.018097974331217834,-0.6738558867283376,0.3166808075781976,-0.7505366943065339,-0.018097974331217834,-8.250938862600541e-18,0.04195237389087625,0.8211412563446717,-0.13736860580468113,0.7185098621493515,-0.04195237389087625
1186,11.86,4.1800017631868854e-17,0.016174291084174106,-0.6518595865872615,0.313693934371445,-0.7255535209587065,-0.01617429108417409,1.1062501572153803e-17,0.041224294781147586,0.8254223180300367,-0.13739442470246044,0.722816742732499,-0.04122429478114756
1187,11.870000000000001,4.7603554620149176e-17,0.013538116234776465,-0.630556972433337,0.3099750105521536,-0.7005319829854897,-0.013538116234776465,1.4072576130517924e-17,0.04025187249634285,0.8298035332592743,-0.13743411226931912,0.7272376455285943,-0.04025187249634282
1188,11.88,4.861080888638808e-17,0.010048914426537159,-0.6100443086176074,0.30555650149047164,-0.6756008101080773,-0.010048914426537159,2.8095482817421484e-19,0.03902865202981706,0.8343013474078597,-0.13748867722390934,0.7317900246317719,-0.03902865202981706
1189,11.89,3.730251575734557e-17,0.005504285644841261,-0.5904237259456596,0.3004763138810663,-0.6509000398267282,-0.005504285644841261,2.3821819928870905e-17,0.03754776444776847,0.8389321023730442,-0.13755932415816885,0.7364914265312144,-0.03754776444776847
1190,11.9,3.1614789056108684e-17,-0.0003948982002486834,-0.5718050384203625,0.2947771906636786,-0.626582229084041,0.0003948982002486834,-1.7335733856488906e-18,0.03580166191368481,0.8437125357371694,-0.13764747730450877,0.741360013041676,-0.03580166191368478
1191,11.91,5.1935100812670385e-17,-0.00810406174467572,-0.5543080764092397,0.2885060897716524,-0.6028141661808895,0.00810406174467572,7.36972971551389e-18,0.03378130667027637,0.8486611076860423,-0.1377548371153995,0.7464159448014391,-0.033781306670276345
1192,11.92,2.2859212643696003e-17,-0.018345042715365065,-0.5380658646195907,0.28171359295318343,-0.5797794575727742,0.01834504271536505,1.339995314712813e-17,0.03147450904076454,0.8538005305415705,-0.13788349960731783,0.7516840301488847,-0.03147450904076454
1193,11.93,4.637450106013514e-17,-0.032327233197687405,-0.5232288369238925,0.27445356225093065,-0.5576823991748241,0.032327233197687405,-2.0800031981490263e-18,0.028863212430376095,0.8591616454968481,-0.13803617356169362,0.7571978190585447,-0.028863212430376095
1194,11.94,5.3832021896079187e-17,-0.05223991626286231,-0.5099698186887746,0.26678382214039165,-0.5367536408291662,0.05223991626286237,8.184824357384229e-18,0.025919908150174198,0.864788131804585,-0.13821651687142034,0.7630046486760071,-0.025919908150174198
1195,11.950000000000001,8.667884004848363e-17,-0.07723991626286231,-0.49848865016818167,0.2587704288664009,-0.5172590790345821,0.07723991626286233,-3.0633624997987226e-18,0.022604193855916305,0.8707402467276256,-0.13842955812232927,0.7691698048499567,-0.022604193855916305
1196,11.96,1.4124831719832732e-16,-0.1022399162628623,-0.48901462992088185,0.2505050026086658,-0.4995196325295459,0.10223991626286222,2.6842667481229618e-18,0.01886188275613812,0.8770937993658069,-0.13868204186759414,0.7757758412334019,-0.01886188275613812
1197,11.97,-6.638438424466034e-16,-0.12723991626286205,-0.4818095562072787,0.2421844029406418,-0.4839939591479179,0.12723991626286224,9.231108044853755e-18,0.01463094963974959,0.8839281217065577,-0.13898230220799468,0.7829104239145521,-0.01463094963974959
1198,11.98,-7.066932630803959e-15,-0.152239916262862,-0.4772457609240536,0.2347139013216789,-0.47195966224573516,0.152239916262862,1.0803144178953002e-17,0.009860459860296003,0.8912948565588802,-0.13933891513572105,0.7906337716946026,-0.009860459860296017
1199,11.99,-9.34301599901349e-15,-0.12723991626286202,-0.47424694848668125,0.2212426098911663,-0.45548955837785376,0.1272399162628624,7.700492821436775e-18,0.004536092058853219,0.8991833692903989,-0.13975833457191345,0.7989417038623094,-0.004536092058853247
1200,12.0,-2.771121858635959e-16,-0.10223991626286202,-0.47486251721706296,0.21248051511994837,-0.44734303233701445,0.10223991626286244,1.3493494242524035e-17,-0.0013260201974351071,0.9075485279807519,-0.1402452796047703,0.80779380758552,0.0013260201974350933
1201,12.01,-2.0625436046164984e-17,-0.077239916262862,-0.4783634111106504,0.20380917173866753,-0.44217258284931793,0.07723991626286247,1.0625327337421872e-17,-0.007690367295621919,0.9163309847453941,-0.14080317089883565,0.8171341556442271,0.007690367295621919
1202,12.02,3.6109979146627344e-17,-0.05223991626286206,-0.48456166425828784,0.195174700382455,-0.4397363646407455,0.05223991626286248,9.316587381855699e-18,-0.014509481856783787,0.9254648560666406,-0.14143417041590578,0.8268990264825447,0.014509481856783774
1203,12.030000000000001,2.6896562009953424e-17,-0.027239916262862096,-0.4919748713893429,0.18709766536870032,-0.43907253675804503,0.027239916262862485,7.875147708255744e-18,-0.0217289968588375,0.9348818684060635,-0.1421391729748499,0.8370210413809125,0.021728996858837474
1204,12.040000000000001,4.260163201940562e-17,-0.0022399162628621294,-0.5000486243678789,0.17985319642465047,-0.4399018207925294,0.0022399162628624902,7.732972976897237e-18,-0.029291173907679616,0.9445141074929043,-0.14291782607605408,0.8474319335689571,0.029291173907679602
1205,12.05,4.371386977596692e-17,0.02276008373713781,-0.5086487742931222,0.17358287761842484,-0.4422316519115497,-0.022760083737137504,1.9803179434471598e-17,-0.037137396198536676,0.9542959464401203,-0.14376858933972214,0.8580645357798438,0.037137396198536676
1206,12.06,3.8673953835197543e-17,0.04776008373713778,-0.5177138535851472,0.16838265327037683,-0.4460965068555267,-0.047760083737137506,4.243790742794366e-18,-0.04520993407996304,0.9641653837857699,-0.14468882948279005,0.8688542132685604,0.04520993407996304
1207,12.07,4.0768180028871264e-17,0.07276008373713773,-0.5271858514921891,0.1643240660578319,-0.451509917550021,-0.07276008373713751,7.789195886662324e-18,-0.05345318421326518,0.9740649305365966,-0.1456749426898304,0.8797398732264283,0.05345318421326518
1208,12.08,3.8726341614643665e-17,0.09776008373713768,-0.536996669058195,0.1614594582511205,-0.4584561273093164,-0.09776008373713752,6.793526683209346e-18,-0.061814519428885197,0.9839421485408631,-0.14672249539604076,0.8906646439369026,0.06181451942888519
1209,12.09,8.005803374778452e-17,0.10954277299996182,-0.5470181895542449,0.1595574091596249,-0.466575598713868,-0.1095427729999617,5.746534027710263e-18,-0.07024452858327221,0.9937497111559715,-0.14782676005948547,0.9015764712154577,0.0702445285832722
1210,12.1,-3.1597234352079945e-17,0.11119495556482292,-0.5570551089343435,0.15792977855956558,-0.47498488749391177,-0.11119495556482273,1.1090802512574343e-16,-0.07869869522685867,1.0034463950751098,-0.14898116128678895,0.9124275563618993,0.07869869522685875
1211,12.11,3.2688856946387515e-17,0.10781133204215779,-0.567032140738733,0.15641374428798882,-0.48344588502672314,-0.10781133204215766,1.747033997101659e-17,-0.08713549335366248,1.0129954723254437,-0.1501802445374284,0.9231757168628731,0.08713549335366257
1212,12.120000000000001,3.574899617054786e-17,0.10195569161015548,-0.5769068529846894,0.15497918431454283,-0.49188603729923264,-0.10195569161015537,1.1694032027396649e-18,-0.09551772108774446,1.0223655536408218,-0.15141786725203776,0.9337834208928597,0.09551772108774452
1213,12.13,2.6942758929918886e-17,0.0949243837217712,-0.5866465392125281,0.15362151314449035,-0.5002680523570198,-0.09492438372177109,3.63335559375574e-18,-0.10381232262716558,1.0315301278328066,-0.1526876874200186,0.9442178152528249,0.10381232262716561
1214,12.14,2.6893826841029778e-17,0.08737815358095885,-0.5962234748511729,0.152340377645254,-0.5085638524964309,-0.08737815358095875,2.9743831360550244e-17,-0.11199019959351907,1.0404671990181429,-0.15398335058265256,0.9544505496007978,0.11199019959351908
1215,12.15,3.26077299468556e-17,0.07965817451192769,-0.6056138215433552,0.15113552169303157,-0.5167493432363854,-0.07965817451192755,3.2289073881180164e-17,-0.12002600207526218,1.0491589233165657,-0.15529860405012264,0.964457527366688,0.12002600207526228
1216,12.16,4.220373594327719e-17,0.07194470534997872,-0.6147971543317797,0.1500050365893163,-0.5248021909210947,-0.07194470534997861,9.69468118312704e-18,-0.127897382943602,1.0575919141194463,-0.1566263535688922,0.9742182676883409,0.12789738294360206
1217,12.17,3.9847700909795794e-17,0.06433499007662744,-0.623756513165966,0.14894880082021456,-0.5327053139861788,-0.06433499007662734,6.0711227269638865e-18,-0.1355860540701489,1.0657546345758222,-0.15796217040000393,0.9837168049758254,0.13558605407014893
1218,12.18,4.0272030690675207e-17,0.05688413170068103,-0.6324777754229071,0.1479644085357591,-0.5404421839586653,-0.05688413170068094,1.0037554080977891e-17,-0.14307639037269199,1.0736397007527119,-0.15930021296407715,0.9929399137167905,0.143076390372692
1219,12.19,3.9455769335711234e-17,0.04962469437494404,-0.6409496129256783,0.14704930897175228,-0.5479989218974288,-0.04962469437494395,7.479491477167159e-18,-0.1503555666617283,1.0812422379982722,-0.1606352814284634,1.0018775194267362,0.15035556666172833
1220,12.200000000000001,4.5230520767883105e-17,0.04257683125417658,-0.6491632331001159,0.14620067737521147,-0.5553639104753265,-0.042576831254176495,5.534455260023148e-18,-0.15741329926414843,1.0885596977635759,-0.16196261583231364,1.0105223135958863,0.15741329926414843
1221,12.21,4.572839942930847e-17,0.035753469388693504,-0.6571121426196253,0.1454154599419658,-0.5625276025615924,-0.03575346938869342,6.149096114263935e-18,-0.1642415958704605,1.0955915784812378,-0.16327786785341092,1.018869446334649,0.1642415958704605
1222,12.22,4.7210668208849595e-17,0.029163017276655545,-0.664791921722718,0.14469044387485008,-0.5694823655975632,-0.029163017276655476,8.33393162661478e-18,-0.17085741162205972,1.1023175728975945,-0.16460638654393256,1.0269239594415265,0.17085741162205972
1223,12.23,4.60822230496151e-17,0.022810827132588696,-0.67220000846734,0.1440223233927257,-0.5762223318600639,-0.022810827132588612,1.5253027274645167e-17,-0.1778368944838033,1.1082554531147482,-0.16659192797123945,1.0348473810859862,0.1778368944838033
1224,12.24,5.014733093739819e-17,0.01670002744613848,-0.6793354939375905,0.1434077565720805,-0.5827432505096701,-0.016700027446138382,4.451343454261823e-18,-0.18594947168265716,1.1131035531353932,-0.1696093578197725,1.0427129109551683,0.18594947168265716
1225,12.25,3.6195717849312776e-17,0.010832033403026159,-0.6861989293825995,0.1428434127703465,-0.5890423421529447,-0.010832033403026048,-1.0410789912799277e-18,-0.19604038770392873,1.1168043098095355,-0.17370403327373485,1.0505083430832702,0.19604038770392873
1226,12.26,3.926755679244124e-17,0.005206888928208961,-0.6927921459417209,0.14232601137261514,-0.5951181573143365,-0.005206888928208878,-2.6879115791445526e-18,-0.20931073555882773,1.119366115373574,-0.17884342382504415,1.058209539198619,0.20931073555882773
1227,12.27,4.012417270094715e-17,-0.00017648264827642424,-0.6991180872847497,0.14185235279264685,-0.6009704400773948,0.0001764826482765075,-1.1661480640658796e-17,-0.22780295057432004,1.1208282542355876,-0.18496629153801936,1.0657945457736073,0.22780295057432004
1228,12.280000000000001,2.3514723853351014e-17,-0.0053200805715307165,-0.7051806552210113,0.14141934266726885,-0.6065999978882792,0.0053200805715308,-5.111245567767777e-17,-0.25280295057432,1.1212559988298354,-0.19198883236010877,1.07324483118994,0.25280295057432
1229,12.290000000000001,3.503611048970667e-17,-0.010226661610654594,-0.7109845681101606,0.14102401014136323,-0.6120085782515239,0.010226661610654678,2.2945947966169116e-18,-0.27780295057432003,1.1206391898890695,-0.19976697271050636,1.0804061625995776,0.27780295057432003
1230,12.3,5.2090063094678055e-17,-0.014899597769547995,-0.7165352317346293,0.14066352107985136,-0.6171987528144789,0.014899597769548079,7.720943548063018e-16,-0.30280295057431983,1.1184949315272954,-0.2079249017638244,1.0864198332911148,0.30280295057432005
1231,12.31,4.319949224123239e-17,-0.019342751251934395,-0.7218386221625518,0.1403351869736108,-0.6221738091361622,0.019342751251934465,7.07678968555426e-17,-0.32780295057431985,1.1152566800474242,-0.2156069346256998,1.090863614673123,0.3278029505743201
1232,12.32,4.204122437160045e-17,-0.02356036350217046,-0.7269011800343971,0.14003647023317634,-0.6269376502675761,0.023560363502170542,-1.3155863203574428e-16,-0.30280295057431983,1.106257244622637,-0.22893261263346576,1.0951898572561032,0.30280295057432005
1233,12.33,4.7299550834695166e-17,-0.02755695630053359,-0.731729715640527,0.1397649864906031,-0.6314947021311332,0.027556956300533675,4.3763270287615726e-17,-0.2778029505743198,1.099288514804745,-0.2378450877179833,1.0971336025227256,0.27780295057432014
1234,12.34,2.577499065743608e-17,-0.031337243472832094,-0.7363313241157751,0.13951850445827374,-0.6358498285740501,0.031337243472832205,1.7005849216570217e-17,-0.2528029505743199,1.090938314039204,-0.24691606748636208,1.097854381525566,0.2528029505743201
1235,12.35,4.003345742642549e-17,-0.03490605207518707,-0.7407133100561413,0.13929494382525764,-0.6400082538813989,0.034906052075187155,-5.711092984729594e-17,-0.2278029505743199,1.0812740340783948,-0.256180684887526,1.0974547189659216,0.22780295057432015
1236,12.36,3.1246599131900055e-17,-0.03826825208190518,-0.7448831208580354,0.13909237160811216,-0.6439754924661485,0.03826825208190529,-2.2197589541584927e-18,-0.2028029505743199,1.0705492412807383,-0.26542801669233473,1.0959772579730729,0.20280295057432016
1237,12.370000000000001,4.814441265549578e-17,-0.04142869370868349,-0.7488482880885928,0.13890899731433504,-0.6477572854029297,0.041428693708683545,2.1191674731180805e-17,-0.17780295057431994,1.058979887357542,-0.27448977021026055,1.093469657567803,0.17780295057432016
1238,12.38,3.505813885004841e-17,-0.044392151578954375,-0.7526163762136991,0.13874316722336044,-0.6513595434370614,0.04439215157895443,1.4885361915412435e-17,-0.15280295057431997,1.046750963768802,-0.28322964328250066,1.0899806070513034,0.15280295057432017
1239,12.39,7.300702957594584e-17,-0.04716327500208306,-0.7561949380358303,0.1385933580420492,-0.6547882960778799,0.04716327500208317,3.398100087893169e-18,-0.12780295057432003,1.0340280713439123,-0.2915271199063839,1.0855551912502979,0.12780295057432017
1240,12.4,7.29395244588564e-18,-0.049746543682345074,-0.7595914762244976,0.13845817014908868,-0.658049646373589,0.049746543682345185,1.1636533405685448e-17,-0.10280295057432007,1.0209622498449287,-0.29927074503306994,1.0802329948780003,0.10280295057432015
1241,12.41,2.2288376941269626e-17,-0.052146228213968526,-0.7628134103565759,0.13833632060525158,-0.6611497309618293,0.052146228213968665,8.024671835380576e-18,-0.0778029505743201,1.0076915392374106,-0.3063562378371444,1.0740477770745553,0.07780295057432016
1242,12.42,1.7850657427070144e-17,-0.054366354733775435,-0.765868048920031,0.1382266360740051,-0.6640946849940383,0.054366354733775574,5.3072426860471104e-18,-0.05907321239532912,0.9943413767380963,-0.3126865949371803,1.0670279716752742,0.05907321239532914
1243,12.43,7.54878871075576e-17,-0.05641067309230652,-0.7687625657721436,0.13812804576908067,-0.6668906115412248,0.056410673092306685,7.160856785812848e-18,-0.05161887452649071,0.9810246682699929,-0.3181729903024154,1.0591976585724094,0.05161887452649071
1244,12.44,1.3883117946710973e-17,-0.058282627865892,-0.7715039805806906,0.1380395745219568,-0.669543555102647,0.05828262786589217,1.0858257229706929e-17,-0.04933314934438797,0.9678418406295614,-0.32273597996705095,1.0505778205966128,0.049333149344387955
1245,12.450000000000001,7.041117275197209e-17,-0.05998533148009225,-0.7740991428134382,0.13796033604220848,-0.6720594788556453,0.05998533148009236,6.613474605260993e-18,-0.04924501044550757,0.954880984056559,-0.32630678563747406,1.0411877696940313,0.04924501044550755
1246,12.46,6.742807818873544e-17,-0.061521538692595856,-0.7765547188770877,0.13788952642635321,-0.6744442453034423,0.06152153869259594,9.238797741157587e-18,-0.04992431650638493,0.9422181244279183,-0.3288285342859899,1.0310466587139058,0.049924316506384916
1247,12.47,5.141442111464128e-17,-0.06289362177599833,-0.7788771820414989,0.13782641795484418,-0.6767035999963418,0.06289362177599839,1.0361824523043408e-17,-0.05069199859023536,0.9299176394311718,-0.3302573750351204,1.0201750144662942,0.05069199859023535
1248,12.48,-5.158115525318883e-18,-0.06410354608258181,-0.7810728048182806,0.1377703532003941,-0.6788431580186738,0.06410354608258192,1.5223932294792194e-17,-0.05122967456503286,0.9180328245353638,-0.3305634174935582,1.0085962420289232,0.05122967456503284
1249,12.49,3.530384176734844e-17,-0.06515284643199157,-0.7831476534955552,0.1377207394517722,-0.6808683929473296,0.06515284643199165,5.566705507205822e-18,-0.05138698055199567,0.9066066115150885,-0.3297314507793555,0.9963380622944462,0.051386980551995656
1250,12.5,2.8864326703665253e-17,-0.06604260608160778,-0.7851075845621988,0.13767704343426124,-0.6827846279964596,0.06604260608160795,5.261018960188857e-18,-0.051086332043302,0.8956724404814668,-0.32776141479583043,0.9834338552772954,0.051086332043301985
1251,12.51,1.0646314231337221e-17,-0.06677344190477738,-0.7869582427859686,0.13763878628175397,-0.6845970290677221,0.06677344190477749,1.580934097771142e-17,-0.05027521152994906,0.8852552841239404,-0.3246686067709944,0.9699238908949375,0.05027521152994904
1252,12.52,4.6748002251396166e-17,-0.06734550142745599,-0.7887050607389529,0.13760553869167513,-0.6863105994306244,0.06734550142745613,3.78701655317971e-19,-0.04890102999842026,0.875372819468848,-0.32048361725290386,0.9558564367217541,0.04890102999842025
1253,12.530000000000001,2.383585226632751e-17,-0.06775847849997813,-0.7903532595883408,0.1375769161854633,-0.6879301757738054,0.06775847849997829,1.487077098344197e-17,-0.04689584739302188,0.8660367376296466,-0.31525200083022453,0.9412887384598725,0.04689584739302188
1254,12.540000000000001,-1.085371524486392e-17,-0.06801165258037073,-0.791907850986001,0.13755257442756286,-0.6894604254135621,0.0680116525803709,1.5114705699432383e-17,-0.044164044811742645,0.8572541756254682,-0.3090336979129066,0.9262878735383757,0.04416404481174263
1255,12.55,2.3310699334418185e-17,-0.06810394877515083,-0.7933736398892971,0.13753220465672433,-0.690905844546021,0.06810394877515094,1.3854208979212263e-17,-0.04056844719183968,0.8490292462389181,-0.3019022353153199,0.9109314815542411,0.04056844719183966
1256,12.56,1.9656477501749128e-17,-0.06803399817693506,-0.7947552281208782,0.13751552948780177,-0.69227075760868,0.06803399817693515,1.1930908630368369e-17,-0.03591070140832904,0.8413646317801887,-0.29394374621689334,0.8953083779970838,0.03591070140832903
1257,12.57,4.4418804646351914e-17,-0.06780014775029702,-0.7960570184221832,0.13750229966333116,-0.69355931808551,0.06780014775029714,9.105666402843433e-18,-0.029900117352634023,0.8342631948324105,-0.2852558671253599,0.8795190619577737,0.02990011735263401
1258,12.58,1.994670725632248e-17,-0.06740032709520805,-0.7972832186819839,0.13749229272849128,-0.6947755114104779,0.06740032709520818,1.353463798111877e-17,-0.022100715705864138,0.8277295418741925,-0.275946597671339,0.8636761395455337,0.022100715705864138
1259,12.59,6.146546920249653e-17,-0.06683163597283268,-0.7984378459581701,0.13748531491835225,-0.6959231608765193,0.06683163597283281,1.3593157834437693e-17,-0.011835727395657039,0.8217714496644933,-0.266133266282894,0.8479047159473878,0.011835727395657025
1260,12.6,2.8252573924445664e-17,-0.06608949741576733,-0.7995247299253282,0.13748120746502634,-0.6970059373903523,0.06608949741576747,1.3771925102032722e-18,0.0019967878968690372,0.8164010167664709,-0.2559418807734063,0.8323428975398754,-0.0019967878968690234
1261,12.61,1.46655163250677e-17,-0.06516627461940952,-0.8005475155859411,0.1374798575416173,-0.6980273731275601,0.06516627461940974,3.3772456495399547e-18,0.021311872387155914,0.8116352934483163,-0.24550751228362666,0.8171428057319416,-0.021311872387155928
1262,12.620000000000001,5.0719406839101255e-17,-0.06404944715239874,-0.8015096656263739,0.1374812115056333,-0.6989908771320095,0.06404944715239891,-7.021980551981262e-18,0.04631187238715592,0.8074958266617546,-0.23497751917758392,0.8024733458393398,-0.046311872387155895
1263,12.63,8.362196004145006e-17,-0.06271986642578142,-0.8024144638179368,0.13748528342214306,-0.6998997472400794,0.06271986642578156,-1.3047920282372036e-16,0.07131187238715583,0.804005395661446,-0.22452377988830918,0.7885291755497561,-0.07131187238715592
1264,12.64,2.44861638824233e-17,-0.061151319733519505,-0.8032650223655234,0.13749214509096197,-0.7007571674564814,0.06115131973351967,-2.593571736180451e-16,0.0963118723871558,0.8011745887439982,-0.21439137980564615,0.7755659685496474,-0.09631187238715588
1265,12.65,6.907787098015365e-17,-0.059313585097055255,-0.8040642977700837,0.13750187656258384,-0.7015661743326667,0.059313585097055366,-1.3533170115505138e-16,0.12131187238715582,0.7989309480262686,-0.20516260381123363,0.7640935518375023,-0.12131187238715588
1266,12.66,-1.880385526844599e-18,-0.05718209610908767,-0.8048151206772555,0.13751445267569873,-0.7023295733529564,0.05718209610908781,-1.7374395478160222e-15,0.0963118723871558,0.7998160524246646,-0.18762581812901813,0.747441870553677,-0.09631187238715588
1267,12.67,4.810675139519643e-17,-0.05475093044713264,-0.8055202268317895,0.13752962794945633,-0.7030498547812427,0.054750930447132695,-1.8398075402844994e-15,0.071311872387156,0.7989477622517117,-0.18038643335613014,0.7393341956078365,-0.07131187238715589
1268,12.68,4.8416744245320574e-17,-0.052029611058999586,-0.8061822411042289,0.13754704314788058,-0.7037292842521068,0.052029611058999614,1.3125477555451968e-15,0.04631187238715598,0.7992320427087886,-0.17291635526124483,0.7321483979700303,-0.04631187238715595
1269,12.69,4.703834506413237e-17,-0.04903740864536901,-0.8068036669401099,0.13756630246871115,-0.704369969408821,0.04903740864536907,-1.7076495412143726e-16,0.021311872387155983,0.8006783570611208,-0.16547155536796432,0.7261499124290807,-0.021311872387155956
1270,12.700000000000001,3.7156429006480496e-17,-0.04579952722084074,-0.8073868850790983,0.13758700491224574,-0.7049738899913414,0.04579952722084085,2.0188633766208023e-17,-0.003688127612843997,0.8026943111825889,-0.158560882381254,0.7212551935638429,0.003688127612844011
1271,12.71,5.616933536125449e-17,-0.04234450840396464,-0.807934154941088,0.13760876194421645,-0.7055429168853045,0.042344508403964726,2.919091940874787e-17,-0.028688127612844005,0.8046141895475155,-0.15245806607820278,0.717072255625721,0.02868812761284402
1272,12.72,3.2695501211692634e-17,-0.03870242933754145,-0.8084476171471248,0.1376312090128008,-0.7060788261599256,0.03870242933754156,2.844597715702678e-17,-0.05368812761284401,0.806292077495237,-0.14731576371574218,0.7136078412109774,0.053688127612844014
1273,12.73,4.3811541142035816e-17,-0.034903639825405536,-0.8089292967581915,0.13765401303928437,-0.7065833097974781,0.034903639825405675,7.10900789723526e-18,-0.07868812761284401,0.8076928146940051,-0.14323225842215825,0.7109250731161629,0.07868812761284402
1274,12.74,4.557780878619626e-17,-0.03097787907004987,-0.8093811070426621,0.13767687685421726,-0.7070579838968789,0.030977879070050035,2.101553657055906e-18,-0.103688127612844,0.8088064797170677,-0.1402757320289939,0.7090822117460625,0.10368812761284402
1275,12.75,5.0288926936381016e-17,-0.02695366679406644,-0.8098048536356696,0.1376995412606049,-0.7075043948962736,0.026953666794066578,6.056519542211177e-18,-0.128688127612844,0.8096295962676737,-0.13849266529027926,0.7081222615579512,0.128688127612844
1276,12.76,3.824267410401025e-17,-0.022857896221598215,-0.8102022389739371,0.13772178528316215,-0.7079240242570974,0.022857896221598353,-3.680510801414837e-19,-0.153688127612844,0.8101671875003379,-0.13788041008909702,0.7080475975894323,0.153688127612844
1277,12.77,3.9969822271403635e-17,-0.018715577055519336,-0.8105748669046068,0.13774342507385662,-0.7083182919784625,0.01871557705551946,6.301206023397638e-18,-0.178688127612844,0.810567856609887,-0.13777515003504315,0.7083430066449288,0.17868812761284403
1278,12.780000000000001,4.1874108413257025e-17,-0.01454969030145252,-0.8109242473811565,0.13776431186503724,-0.708688559246196,0.014549690301452659,9.863361915948845e-18,-0.19453596558010033,0.8109228453222111,-0.13777065685727463,0.7086935021794871,0.19453596558010036
1279,12.790000000000001,2.9384205843894113e-17,-0.010381126306424043,-0.811251801173751,0.1377843292895783,-0.7090361304633261,0.010381126306424168,9.707970272726653e-18,-0.2003742639457326,0.8112515207619612,-0.13778559828802595,0.7090371190499858,0.2003742639457326
1280,12.8,4.465242918361172e-17,-0.006228684229052123,-0.8115588645347894,0.13780339032318623,-0.709362254857973,0.006228684229052248,1.6735049546590022e-17,-0.20122525304868927,0.8115588084524293,-0.13780364412287593,0.7093624525753035,0.2012252530486893
1281,12.81,3.9811995910724987e-17,-0.0021091162287250192,-0.8118466937726981,0.13782143404791658,-0.7096681278206147,0.002109116228725144,-3.621115898519517e-18,-0.19960740063853255,0.8118466825562268,-0.13782148480785505,0.7096681673640801,0.19960740063853255
1282,12.82,4.3265291246264394e-17,0.001962796505422748,-0.8121164696979025,0.1378384223880179,-0.7099548920859191,-0.001962796505422623,1.1925702114077672e-17,-0.1967863456994668,0.812116467454609,-0.1378384325400056,0.709954899994615,0.1967863456994668
1283,12.83,3.209160939395749e-17,0.005974145823414004,-0.8123693019143988,0.1378543369291615,-0.7102236388435563,-0.005974145823413865,1.4893016650644883e-17,-0.19340042527901605,0.8123693014657373,-0.13785433895955912,0.7102236404252955,0.19340042527901605
1284,12.84,3.490500998212687e-17,0.009913784437690726,-0.8126062329383404,0.13786917589926306,-0.710475408837604,-0.009913784437690587,9.130645150955333e-18,-0.18977350111350927,0.8126062328486096,-0.13786917630534312,0.7104754091539518,0.18977350111350927
1285,12.85,5.0321269701494186e-17,0.013772205375614785,-0.8128282421317446,0.1378829513626597,-0.7107111934944057,-0.01377220537561466,1.2191180165360731e-17,-0.18607143739997156,0.8128282421137999,-0.13788295144387563,0.7107111935576724,0.18607143739997156
1286,12.86,4.2376423754399885e-17,0.017541417538011556,-0.8130362494447186,0.13789568665858953,-0.7109319361033086,-0.017541417538011403,1.1462669720037116e-17,-0.18238040384976723,0.8130362494411304,-0.1378956866748321,0.7109319361159634,0.18238040384976723
1287,12.870000000000001,3.9615018832086524e-17,0.021214820740425078,-0.813231118964116,0.13790741409884844,-0.7111385330629587,-0.02121482074042494,4.6192358719109525e-18,-0.17874608995344968,0.8132311189633984,-0.1379074141020965,0.7111385330654953,0.1787460899534497
1288,12.88,4.252175805915997e-17,0.02478708274717417,-0.8134136622696754,0.1379181729273996,-0.7113318351970732,-0.024787082747174033,1.460534092251357e-17,-0.17519337259974796,0.8134136622695297,-0.1379181729280493,0.7113318351975777,0.175193372599748
1289,12.89,4.350029823376325e-17,0.028254020125787344,-0.8135846416014739,0.13792800753590717,-0.7115126491373807,-0.02825402012578722,5.72118525851818e-18,-0.17173620754765842,0.8135846416014455,-0.13792800753603685,0.7115126491374801,0.17173620754765842
1290,12.9,4.23356592939747e-17,0.03161248421296385,-0.8137447728441894,0.13793696592297133,-0.711681738767163,-0.031612484212963754,1.432803124642492e-17,-0.1683826296237444,0.8137447728441859,-0.1379369659229971,0.7116817387671808,0.1683826296237444
1291,12.91,4.516809543688771e-17,0.03486025306286086,-0.8138947283351438,0.13794509838078606,-0.711839826715932,-0.03486025306286075,7.51984544979143e-18,-0.1651373038554785,0.8138947283351438,-0.1379450983807914,0.7118398267159356,0.1651373038554785
1292,12.92,3.990975333107089e-17,0.03799592992091685,-0.8140351395039086,0.13795245639047338,-0.7119875958943793,-0.037995929920916736,8.358586954860048e-18,-0.16200284853823965,0.8140351395039086,-0.1379524563904747,0.7119875958943829,0.16200284853823965
1293,12.93,4.113176641189461e-17,0.041018848512838234,-0.8141665993517694,0.13795909170617915,-0.7121256910579503,-0.04101884851283812,1.0264454965220483e-17,-0.15898054071672504,0.8141665993517694,-0.13795909170617915,0.7121256910579503,0.15898054071672504
1294,12.94,4.203647144702221e-17,0.04392898524409452,-0.814289664779655,0.13796505560774464,-0.7122547203874006,-0.043928985244094415,6.556246373035665e-18,-0.15607070937067202,0.814289664779655,-0.13796505560774464,0.7122547203874006,0.15607070937067202
1295,12.950000000000001,4.244777572621251e-17,0.04672687825827662,-0.8144048587730143,0.13797039830220126,-0.7123752570752138,-0.04672687825827652,1.404532771478193e-17,-0.1532729690490935,0.8144048587730143,-0.13797039830220126,0.7123752570752138,0.1532729690490935
1296,12.96,3.831144774945331e-17,0.049413553193516646,-0.8145126724522004,0.13797516845522717,-0.7124878409074262,-0.049413553193516535,9.033568257443232e-18,-0.15058637046015474,0.8145126724522004,-0.13797516845522717,0.7124878409074262,0.15058637046015474
1297,12.97,4.1334655121285834e-17,0.051990455397105804,-0.8146135669964824,0.13797941283490778,-0.7125929798313897,-0.05199045539710569,7.097031617060047e-18,-0.14800950642971514,0.8146135669964824,-0.13797941283490778,0.7125929798313897,0.14800950642971514
1298,12.98,4.2541775759288233e-17,0.05445938830320626,-0.8147079754496299,0.13798317605154875,-0.7126911515011805,-0.05445938830320615,8.626847183704203e-18,-0.1455405926101908,0.8147079754496299,-0.13798317605154875,0.7126911515011805,0.1455405926101908
1299,12.99,3.883779418323571e-17,0.05682245764218016,-0.8147963044145438,0.13798650037876714,-0.7127828047933078,-0.05682245764218005,9.871046275587668e-18,-0.1431775328145045,0.8147963044145402,-0.13798650037876758,0.7127828047933078,0.1431775328145045
1300,13.0,3.90608936831887e-17,0.059082021128417185,-0.8148789356440435,0.13798942564260142,-0.7128683612866431,-0.059082021128417074,9.511533723296665e-18,-0.14091797409991122,0.8148789356440435,-0.13798942564260097,0.7128683612866431,0.14091797409991122
1301,13.01,4.280934040614866e-17,0.06124064326331802,-0.8149562275345562,0.13799198916685562,-0.712948216701411,-0.06124064326331791,1.0573349179139842e-17,-0.1387593543508315,0.8149562275345562,-0.13799198916685518,0.712948216701411,0.1387593543508315
1302,13.02,4.15501442610282e-17,0.06330105488866443,-0.815028516528881,0.13799422576432374,-0.713022742293203,-0.06330105488866432,8.884346114875512e-18,-0.13669894391839588,0.815028516528881,-0.13799422576432374,0.713022742293203,0.13669894391839588
1303,13.030000000000001,4.173055503427792e-17,0.0652661171307859,-0.8150961184339894,0.13799616776485035,-0.7130922861988345,-0.06526611713078578,9.127903586740016e-18,-0.13473388227273053,0.8150961184339894,-0.1379961677648499,0.7130922861988345,0.1347338822727305
1304,13.040000000000001,4.09019439996141e-17,0.06713878938603755,-0.8151593296592533,0.13799784507241875,-0.7131571747316712,-0.06713878938603744,7.039000897374498e-18,-0.1328612103157068,0.8151593296592533,-0.13799784507241875,0.7131571747316712,0.1328612103157068
1305,13.05,8.044125673191365e-17,0.06892186139583406,-0.8152182651447478,0.13799999473434543,-0.7132182598790933,-0.068921861395834,1.049901200871001e-17,-0.13107813845502614,0.8152182651447443,-0.1379999947343632,0.7132182598791075,0.13107813845502625
1306,13.06,8.935126970878609e-17,0.07061881646279733,-0.8152734973031716,0.13800128849252824,-0.7132747857956985,-0.07061881646279719,4.4640981085919525e-17,-0.129381183462649,0.8152734973031716,-0.1380012884925207,0.7132747857956914,0.12938118346264904
1307,13.07,-1.1221841093949559e-17,0.07223265872761288,-0.8153251507572011,0.138002272610816,-0.7133274233680154,-0.07223265872761273,4.819160344125756e-17,-0.12776734123506317,0.8153251507572047,-0.13800227261080356,0.7133274233680083,0.12776734123506314
1308,13.08,3.0228945185273967e-17,0.07376644463097048,-0.8153734313961155,0.13800307210349472,-0.7133765034996116,-0.07376644463097035,-2.929990002842089e-17,-0.12623355535032285,0.8153734313961191,-0.13800307210349205,0.713376503499608,0.12623355535032282
1309,13.09,5.720395429179889e-17,0.07522324212458587,-0.8154185501443837,0.1380037262960384,-0.7134222764404234,-0.07522324212458571,2.419352910342962e-17,-0.1247767578660186,0.8154185501443837,-0.1380037262960424,0.7134222764404234,0.12477675786601859
1310,13.1,3.890996251599308e-17,0.07660610433871294,-0.8154607083904476,0.13800425603166755,-0.7134649644221134,-0.07660610433871282,1.580516735101974e-17,-0.12339389565657499,0.8154607083904476,-0.13800425603165956,0.7134649644221063,0.12339389565657499
1311,13.11,5.752671672989291e-17,0.07791805138990843,-0.8155000957076705,0.13800467720674015,-0.7135047729144097,-0.07791805138990832,5.9358647553789136e-18,-0.12208194860769711,0.8155000957076705,-0.1380046772067468,0.7135047729144168,0.12208194860769708
1312,13.120000000000001,4.523208111494539e-17,0.07916205707533804,-0.8155368899963459,0.13800500357001655,-0.7135418935663593,-0.07916205707533791,2.5182765496106215e-17,-0.12083794292349719,0.8155368899963459,-0.13800500357000545,0.7135418935663522,0.12083794292349717
1313,13.13,2.7345676003334124e-17,0.08034103873961251,-0.8155712580747912,0.1380052473716612,-0.7135765054464485,-0.0803410387396124,2.2074770804887682e-17,-0.11965896125981318,0.8155712580747912,-0.13800524737166253,0.713576505446452,0.11965896125981318
1314,13.14,4.6052844524850905e-17,0.08145784937486404,-0.8156033563270643,0.13800541957918855,-0.7136087759062533,-0.08145784937486392,2.8454413721095975e-17,-0.11854215062481366,0.8156033563270678,-0.13800541957919255,0.7136087759062568,0.11854215062481366
1315,13.15,5.415630920849e-17,0.08251527141415099,-0.815633331331033,0.1380055300022459,-0.7136388613332811,-0.08251527141415088,-3.986584938948757e-18,-0.11748472858569228,0.8156333313310365,-0.1380055300022468,0.7136388613332811,0.11748472858569228
1316,13.16,3.6506447073489396e-17,0.0835160118788533,-0.8156613204530326,0.1380055873953313,-0.7136669078483684,-0.08351601187885317,-3.0346271738012814e-18,-0.11648398812109083,0.8156613204530326,-0.1380055873953251,0.7136669078483613,0.11648398812109084
1317,13.17,5.513459483451815e-17,0.08446269865254272,-0.8156874524083665,0.1380055995512658,-0.7136930519596354,-0.08446269865254259,1.062395177901951e-17,-0.11553730134739734,0.8156874524083665,-0.13800559955126446,0.7136930519596318,0.11553730134739736
1318,13.18,2.853311868660819e-17,0.08535787771158194,-0.8157118477888804,0.13800557338838948,-0.7137174211772694,-0.0853578777115818,5.630845532043207e-18,-0.11464212228839055,0.8157118477888804,-0.1380055733883837,0.7137174211772659,0.11464212228839055
1319,13.19,4.4003418786811153e-17,0.08620401117925892,-0.8157346195595362,0.13800551503169622,-0.7137401345912315,-0.08620401117925881,3.272835158728043e-18,-0.11379598882072932,0.8157346195595397,-0.13800551503169,0.713740134591228,0.11379598882072933
1320,13.200000000000001,4.1968647614367764e-17,0.0870034760918695,-0.8157558735256255,0.13800542988840026,-0.7137613034140222,-0.08700347609186941,1.1880959242789702e-17,-0.11299652390811063,0.8157558735256291,-0.13800542988839892,0.7137613034140222,0.11299652390811063
1321,13.21,3.8851263940726296e-17,0.08775856378145294,-0.8157757087723932,0.1380053227177528,-0.7137810314901407,-0.08775856378145283,3.0354622560557113e-17,-0.1122414362184945,0.8157757087723932,-0.138005322717755,0.7137810314901443,0.11224143621849449
1322,13.22,4.4450516036179103e-17,0.08847147979173718,-0.8157942180786338,0.13800519769553132,-0.7137994157741665,-0.08847147979173706,2.65421948431031e-18,-0.1115285202081836,0.8157942180786338,-0.13800519769552688,0.7137994157741594,0.1115285202081836
1323,13.23,3.254334699321194e-17,0.08914434425297484,-0.8158114883057453,0.13800505847331268,-0.7138165467790585,-0.08914434425297471,7.291976378487891e-18,-0.11085565574695973,0.8158114883057453,-0.13800505847331623,0.713816546779062,0.1108556557469597
1324,13.24,3.133175320838344e-17,0.08977919265022793,-0.8158276007636412,0.13800490823283662,-0.7138325089964801,-0.08977919265022781,5.055978729716832e-18,-0.11022080734973744,0.8158276007636412,-0.1380049082328375,0.7138325089964801,0.11022080734973741
1325,13.25,4.803241049216878e-17,0.09037797692689768,-0.8158426315548662,0.1380047497356448,-0.7138473812905075,-0.09037797692689754,1.3172607127952961e-17,-0.10962202307308085,0.8158426315548662,-0.1380047497356488,0.7138473812905146,0.1096220230730808
1326,13.26,5.262873564751272e-17,0.09094256687089802,-0.8158566518981597,0.13800458536839788,-0.7138612372665576,-0.0909425668708979,1.1863449167866042e-17,-0.10905743312906618,0.8158566518981597,-0.13800458536840055,0.7138612372665576,0.10905743312906618
1327,13.27,3.845541403300377e-17,0.09147475173743766,-0.8158697284326567,0.13800441718401324,-0.7138741456166691,-0.09147475173743753,1.1671697034806037e-17,-0.10852524826255859,0.8158697284326567,-0.13800441718401235,0.7138741456166691,0.10852524826255859
1328,13.280000000000001,3.885625439953394e-17,0.0919762420671443,-0.815881923503814,0.13800424693900715,-0.7138861704428243,-0.09197624206714418,5.530215838218819e-18,-0.10802375793285679,0.815881923503814,-0.13800424693901026,0.7138861704428243,0.1080237579328568
1329,13.290000000000001,3.7514152623941816e-17,0.0924486716630984,-0.8158932954321304,0.13800407612731924,-0.7138973715594488,-0.09244867166309831,2.39462767992278e-17,-0.1075513283368782,0.8158932954321304,-0.1380040761273228,0.7138973715594523,0.1075513283368782
1330,13.3,3.902492505381597e-17,0.09289359969450155,-0.8159038987656447,0.1380039060107926,-0.7139078047764413,-0.09289359969450144,5.708845889393052e-18,-0.10710640030547226,0.8159038987656483,-0.13800390601079482,0.7139078047764413,0.10710640030547226
1331,13.31,3.565004953022099e-17,0.09331251289822245,-0.8159137845171937,0.13800373764666107,-0.7139175221638587,-0.09331251289822234,5.897625387559921e-18,-0.10668748710176468,0.8159137845171937,-0.1380037376466624,0.7139175221638587,0.10668748710176466
1332,13.32,4.208647979463069e-17,0.09370682785357089,-0.8159230003872092,0.13800357191229307,-0.7139265722995041,-0.09370682785357079,1.2653479457752173e-17,-0.10629317214641545,0.8159230003872092,-0.13800357191229484,0.7139265722995076,0.10629317214641545
1333,13.33,3.887592871566962e-17,0.09407789330800867,-0.8159315909730235,0.13800340952733425,-0.7139350005003542,-0.09407789330800856,8.210138780879111e-18,-0.10592210669197824,0.8159315909730235,-0.1380034095273298,0.7139350005003542,0.10592210669197825
1334,13.34,4.84380617138182e-17,0.09442699253458821,-0.8159395979653513,0.13800325107356237,-0.7139428490389128,-0.0944269925345881,1.543104375092905e-17,-0.10557300746539688,0.8159395979653513,-0.13800325107356282,0.7139428490389164,0.10557300746539687
1335,13.35,5.244164579825475e-17,0.09475534570467625,-0.8159470603328006,0.13800309701265523,-0.7139501573454559,-0.09475534570467613,1.0197860674176909e-17,-0.10524465429530788,0.8159470603328006,-0.13800309701265479,0.7139501573454559,0.10524465429530788
1336,13.36,4.25745783777448e-17,0.09506411226114551,-0.8159540144950174,0.1380029477019714,-0.7139569621969861,-0.09506411226114539,-4.903061581736007e-18,-0.10493588773882664,0.8159540144950174,-0.13800294770196964,0.7139569621969861,0.10493588773882666
1337,13.370000000000001,3.2089403240482227e-17,0.09535439327981887,-0.8159604944852045,0.138002803408647,-0.7139632978938528,-0.09535439327981876,4.502475961140704e-18,-0.10464560672016313,0.8159604944852045,-0.13800280340864435,0.7139632978938493,0.10464560672016313
1338,13.38,3.379624388651855e-17,0.09562723380827003,-0.8159665321026078,0.13800266432210473,-0.7139691964247148,-0.09562723380826992,1.0538238431704988e-17,-0.10437276619169691,0.8159665321026078,-0.13800266432210206,0.7139691964247112,0.1043727661916969
1339,13.39,4.487090666842397e-17,0.0958836251730864,-0.8159721570555628,0.13800253056512146,-0.7139746876206856,-0.0958836251730863,8.083282485187227e-18,-0.104116374826878,0.8159721570555628,-0.13800253056512413,0.7139746876206856,0.104116374826878
1340,13.4,3.301565635781992e-17,0.09612450724779971,-0.8159773970956731,0.13800240220364535,-0.713979799299318,-0.09612450724779958,6.291464657240705e-18,-0.10387549275217166,0.8159773970956731,-0.13800240220364757,0.7139797992993215,0.10387549275217166
1341,13.41,3.8735086964672215e-17,0.09635077067512934,-0.8159822781436478,0.13800227925542397,-0.7139845573990704,-0.09635077067512922,7.005919489697162e-18,-0.10364922932484595,0.8159822781436478,-0.13800227925542263,0.7139845573990704,0.10364922932484595
1342,13.42,4.4714242507403605e-17,0.09656325903829462,-0.8159868244072764,0.13800216169762847,-0.7139889861049027,-0.09656325903829449,1.0216929779914301e-17,-0.10343674096167088,0.8159868244072764,-0.13800216169762847,0.7139889861049027,0.10343674096167088
1343,13.43,4.045280304250774e-17,0.09676277097707559,-0.8159910584920357,0.13800204947354333,-0.7139931079655795,-0.09676277097707547,3.709288319990193e-18,-0.10323722902289625,0.8159910584920357,-0.13800204947354333,0.7139931079655795,0.10323722902289625
1344,13.44,4.005428063269323e-17,0.09695006224527421,-0.8159950015047716,0.13800194249842435,-0.7139969440031932,-0.0969500622452741,6.177101298992111e-18,-0.10304993775469688,0.8159950015047716,-0.1380019424984239,0.7139969440031932,0.10304993775469688
1345,13.450000000000001,4.0308035177549656e-17,0.09712584770694496,-0.8159986731508414,0.13800184066461096,-0.7140005138154506,-0.09712584770694485,1.1165048511857273e-17,-0.10287415229302564,0.8159986731508414,-0.1380018406646114,0.7140005138154506,0.10287415229302564
1346,13.46,4.4043859511829765e-17,0.09729080326940476,-0.8160020918251557,0.13800174384599562,-0.7140038356711513,-0.09729080326940465,8.26144895737948e-18,-0.102709196730572,0.8160020918251557,-0.13800174384599562,0.7140038356711513,0.102709196730572
1347,13.47,4.165168774318658e-17,0.0974455677518215,-0.8160052746974574,0.13800165190188418,-0.7140069265993403,-0.0974455677518214,4.688874722130673e-18,-0.10255443224815738,0.8160052746974574,-0.13800165190188507,0.7140069265993403,0.1025544322481574
1348,13.48,4.204214228889339e-17,0.09759074468845298,-0.8160082377922083,0.13800156468036395,-0.7140098024725687,-0.09759074468845286,8.261908323414753e-18,-0.10240925531151462,0.8160082377922083,-0.1380015646803635,0.7140098024725687,0.10240925531151461
1349,13.49,4.0006376775483e-17,0.09772690406621229,-0.8160109960633949,0.13800148202117912,-0.7140124780845745,-0.09772690406621218,8.715257336634706e-18,-0.10227309593376024,0.8160109960633949,-0.13800148202117868,0.7140124780845745,0.10227309593376024
