frame,time,RL0,RL1,RL2,RL3,RL4,RL5,LL0,LL1,LL2,LL3,LL4,LL5
0,0.0,0.0,0.100000000000,-0.816,0.138,-0.714,-0.100000000000,0.0,-0.100000000000,0.816,-0.138,0.714,0.100000000000
1,0.01,4.128131350278095e-17,0.100044061963,-0.8159972741095852,0.1379999498877439,-0.7139972239973296,-0.100044061963,8.887171491704484e-18,-0.099955938037,0.8159972741095852,-0.1379999498877439,0.7139972239973331,0.099955938037
2,0.02,4.320545015905163e-17,0.100136938702,-0.8159939749633739,0.13799989707998306,-0.7139938720433583,-0.100136938702,9.74635128902831e-18,-0.099863061298,0.8159939749633739,-0.13799989707998306,0.7139938720433583,0.099863061298
3,0.03,4.0810465888326343e-17,0.100249771699,-0.8159905224899627,0.1379998462830635,-0.7139903687730267,-0.100249771699,8.608298360824986e-18,-0.099750228301,0.8159905224899627,-0.1379998462830635,0.7139903687730267,0.099750228301
4,0.04,4.089167154642031e-17,0.100379372383,-0.8159869976158954,0.13799979156528608,-0.7139867891811824,-0.100379372383,9.205443927859566e-18,-0.099620627617,0.8159869976158954,-0.13799979156528608,0.7139867891811824,0.099620627617
5,0.05,4.14579323195072e-17,0.100524615094,-0.8159834120564621,0.13799973139235366,-0.7139831434488157,-0.100524615094,7.836447981442504e-18,-0.099475384906,0.8159834120564621,-0.13799973139235366,0.7139831434488157,0.099475384906
6,0.06,4.357301042531972e-17,0.100685448840,-0.8159797638983807,0.13799966507054606,-0.7139794289689241,-0.100685448840,1.0679745035377003e-17,-0.099314551160,0.8159797638983807,-0.13799966507054606,0.7139794289689241,0.099314551160
7,0.07,3.9412662637886006e-17,0.100862405992,-0.815976048806765,0.13799959203133627,-0.7139756408381017,-0.100862405992,8.779331289924184e-18,-0.099137594008,0.815976048806765,-0.13799959203133627,0.7139756408381017,0.099137594008
8,0.08,3.829393485282855e-17,0.101056359546,-0.8159722623443219,0.13799951168384272,-0.713971774028161,-0.101056359546,1.0193654425612418e-17,-0.098943640454,0.8159722623443219,-0.13799951168384272,0.713971774028161,0.098943640454
9,0.09,4.016670199236271e-17,0.101268404785,-0.815968400504084,0.13799942338032267,-0.713967823884404,-0.101268404785,1.1134564747125918e-17,-0.098731595215,0.815968400504084,-0.13799942338032312,0.713967823884404,0.098731595215
10,0.1,3.640525944763751e-17,0.101499803299,-0.8159644598792407,0.1379993264036582,-0.7139637862828976,-0.101499803299,6.718407898115696e-18,-0.098500196701,0.8159644598792407,-0.13799932640365864,0.7139637862828976,0.098500196701
11,0.11,4.1907403959931194e-17,0.101751958366,-0.815960437757295,0.1379992199585135,-0.7139596577158058,-0.101751958366,1.0311671727888751e-17,-0.098248041634,0.815960437757295,-0.1379992199585135,0.7139596577158058,0.098248041634
12,0.12,4.2610253496205754e-17,0.102026406227,-0.8159563321981561,0.13799910316241182,-0.7139554353605688,-0.102026406227,7.441427815192862e-18,-0.097973593773,0.8159563321981561,-0.13799910316241137,0.7139554353605688,0.097973593773
13,0.13,3.8756009630138045e-17,0.102324815537,-0.815952142109926,0.1379989750358398,-0.7139511171457662,-0.102324815537,6.0411382051660145e-18,-0.097675184463,0.815952142109926,-0.13799897503584024,0.7139511171457662,0.097675184463
14,0.14,4.7194369251220635e-17,0.102648991160,-0.8159478673266182,0.13799883449108308,-0.7139467018177021,-0.102648991160,1.1599700988302551e-17,-0.097351008840,0.8159478673266182,-0.13799883449108352,0.7139467018177021,0.097351008840
15,0.15,4.484726229688205e-17,0.103000880414,-0.8159435086900376,0.1379986803195542,-0.7139421890095909,-0.103000880414,2.7087880284692107e-18,-0.096999119586,0.8159435086900376,-0.1379986803195542,0.7139421890095909,0.096999119586
16,0.16,3.957685043246878e-17,0.103382580830,-0.8159390681373867,0.13799851117741346,-0.7139375793147997,-0.103382580830,7.898650620940903e-18,-0.096617419170,0.8159390681373867,-0.1379985111774148,0.7139375793147997,0.096617419170
17,0.17,3.8341730008058153e-17,0.103796348998,-0.8159345487960411,0.13799832556923664,-0.7139328743652746,-0.103796348998,1.0504809161976277e-17,-0.096203651001,0.8159345487960411,-0.13799832556923752,0.7139328743652782,0.096203651001
18,0.18,4.7919750290832154e-17,0.104244610286,-0.8159299550867029,0.1379981218294405,-0.7139280769161451,-0.104244610286,9.83209437060582e-18,-0.095755389714,0.8159299550867029,-0.13799812182944093,0.7139280769161451,0.095755389714
19,0.19,4.585988734183964e-17,0.104729969347,-0.8159252928361741,0.13799789810116814,-0.7139231909373414,-0.104729969347,8.362660111425528e-18,-0.095270030653,0.8159252928361741,-0.1379978981011668,0.7139231909373414,0.095270030653
20,0.2,4.850585126703812e-17,0.105255221419,-0.8159205694008601,0.13799765231227756,-0.7139182217131412,-0.105255221419,-6.416991818968566e-18,-0.094744778581,0.8159205694008601,-0.137997652312278,0.7139182217131412,0.094744778581
21,0.21,3.8547549344738084e-17,0.105823364386,-0.8159157938021951,0.13799738214801593,-0.713913175950212,-0.105823364386,-3.2742303924215196e-18,-0.094176635614,0.8159157938021951,-0.13799738214801638,0.713913175950212,0.094176635614
22,0.22,3.227092854344214e-17,0.106437611645,-0.8159109768750678,0.13799708501996444,-0.7139080618950309,-0.106437611645,-4.354162413308786e-18,-0.093562388355,0.8159109768750678,-0.13799708501996355,0.7139080618950309,0.093562388355
23,0.23,3.7805671501820414e-17,0.107101405778,-0.8159061314304888,0.13799675803069855,-0.7139028894611861,-0.107101405778,-1.218059720705178e-17,-0.092898594222,0.8159061314304888,-0.13799675803069766,0.7139028894611861,0.092898594222
24,0.24,4.981663240346399e-17,0.107818433051,-0.8159012724336893,0.1379963979336184,-0.7138976703673037,-0.107818433051,2.084408248229708e-17,-0.092181566949,0.8159012724336893,-0.13799639793361707,0.7138976703673037,0.092181566949
25,0.25,4.5178682018843614e-17,0.108592638755,-0.815896417198915,0.13799600108727328,-0.713892418286187,-0.108592638755,2.961928360866193e-17,-0.091407361244,0.815896417198915,-0.13799600108727683,0.713892418286187,0.091407361244
26,0.26,3.290752357802607e-17,0.109428243453,-0.8158915856023273,0.13799556340343966,-0.7138871490057688,-0.109428243453,3.2325726731854303e-18,-0.090571756547,0.8158915856023273,-0.1379955634034401,0.7138871490057688,0.090571756547
27,0.27,5.9917976427785e-17,0.110329760212,-0.8158868003144245,0.13799508028795915,-0.7138818806023841,-0.110329760212,1.2385560812836443e-17,-0.089670239788,0.815886800314421,-0.13799508028796004,0.7138818806023841,0.089670239788
28,0.28,1.3037025095846388e-17,0.111302013081,-0.8158820870535602,0.13799454657333643,-0.7138766336269007,-0.111302013081,1.5601697314359982e-17,-0.088697986919,0.8158820870535638,-0.1379945465733342,0.7138766336268971,0.088697986919
29,0.29,5.5230622862317557e-17,0.112350157153,-0.8158774748623482,0.13799395644162493,-0.7138714313039727,-0.112350157153,-2.3009400571002798e-17,-0.087649842847,0.8158774748623482,-0.13799395644162626,0.7138714313039727,0.087649842847
30,0.3,3.7320721871188065e-17,0.113479700802,-0.8158729964087367,0.1379933033359243,-0.7138662997446601,-0.113479700802,7.493222120482906e-18,-0.086520299198,0.8158729964087367,-0.13799330333593096,0.7138662997446636,0.086520299198
31,0.31,4.1029736765942275e-17,0.114696530759,-0.8158686883139278,0.13799257985846103,-0.7138612681723919,-0.114696530759,5.3099166347474844e-17,-0.085303469241,0.8158686883139278,-0.13799257985846236,0.7138612681723919,0.085303469241
32,0.32,4.540674189766404e-17,0.116006940598,-0.8158645915093042,0.13799177765299986,-0.7138563691623054,-0.116006940598,-4.7593331470864855e-17,-0.083993059402,0.8158645915093042,-0.1379917776530003,0.7138563691623054,0.083993059402
33,0.33,5.71962011386552e-17,0.117417662620,-0.8158607516246416,0.13799088726962572,-0.7138516388942668,-0.117417662620,-3.977918225289579e-17,-0.082582337380,0.8158607516246416,-0.1379908872696235,0.7138516388942668,0.082582337380
34,0.34,1.6037838927160125e-17,0.118935901655,-0.8158572194098649,0.1379898980107287,-0.7138471174205931,-0.118935901655,2.6474049555889226e-17,-0.081064098345,0.8158572194098649,-0.13798989801072603,0.7138471174205896,0.081064098345
35,0.35000000000000003,2.726611206199681e-17,0.120569366851,-0.815854051192127,0.13798879775935158,-0.7138428489514808,-0.120569366851,-6.802505323146855e-18,-0.079430633149,0.815854051192127,-0.13798879775934847,0.7138428489514772,0.079430633149
36,0.36,9.512537579325006e-17,0.122326293877,-0.8158513093694043,0.13798757279467255,-0.7138388821640773,-0.122326293877,6.282423699565593e-17,-0.077673706123,0.8158513093694043,-0.137987572794677,0.7138388821640809,0.077673706123
37,0.37,3.767315095143078e-17,0.124215440404,-0.8158490577994587,0.1379862076113324,-0.7138352654107876,-0.124215440404,5.239693953505795e-17,-0.075784559596,0.8158490577994552,-0.1379862076113466,0.7138352654107982,0.075784559596
38,0.38,3.526359933052012e-17,0.126246034255,-0.8158473473085702,0.13798468476531422,-0.7138320320738827,-0.126246034255,-9.602025690358276e-18,-0.073753965745,0.8158473473085702,-0.137984684765308,0.7138320320738791,0.073753965745
39,0.39,-8.19189520201992e-18,0.128427709210,-0.8158462340373279,0.1379829847005315,-0.7138292187378616,-0.128427709210,3.085048138492145e-17,-0.071572290790,0.8158462340373315,-0.13798298470052395,0.7138292187378545,0.071572290790
40,0.4,1.7476807797597962e-16,0.130770400419,-0.8158457889032685,0.1379810856089031,-0.7138268745121699,-0.130770400419,7.459444086003826e-17,-0.069229599581,0.8158457889032685,-0.1379810856088982,0.7138268745121663,0.069229599581
41,0.41000000000000003,3.6761637011895303e-17,0.133284232004,-0.8158460984987111,0.13797896328592218,-0.7138250617846338,-0.133284232004,8.516061445663147e-17,-0.066715767996,0.8158460984987147,-0.13797896328590664,0.7138250617846231,0.066715767996
42,0.42,9.540634267107642e-18,0.135979499670,-0.8158472645957647,0.1379765908532652,-0.7138238554490299,-0.135979499670,1.4125466763424736e-16,-0.064020500330,0.8158472645957718,-0.1379765908532461,0.7138238554490157,0.064020500330
43,0.43,1.1561431822127404e-16,0.138866930334,-0.81584940377999,0.1379739380952173,-0.7138233418752065,-0.138866930334,-2.8025419225603644e-17,-0.061133069666,0.8158494037799865,-0.13797393809521774,0.7138233418752065,0.061133069666
44,0.44,1.6170585244345758e-16,0.141958483375,-0.8158526475504583,0.13797096998463954,-0.713823617535096,-0.141958483375,4.7414179090121314e-17,-0.058041516625,0.8158526475504583,-0.1379709699846302,0.7138236175350889,0.058041516625
45,0.45,1.2921387142691175e-16,0.145268993348,-0.8158571430249789,0.13796764381969162,-0.7138247868446697,-0.145268993348,1.837923272964558e-16,-0.054731006652,0.8158571430249789,-0.13796764381969517,0.7138247868446732,0.054731006652
46,0.46,-8.56037508978278e-17,0.148818848060,-0.8158630543496638,0.13796390440267958,-0.7138269587523438,-0.148818848060,-4.2295262915662823e-17,-0.051181151940,0.8158630543496602,-0.13796390440268536,0.7138269587523474,0.051181151940
47,0.47000000000000003,-4.5946692253298017e-17,0.152637510547,-0.8158705648105463,0.13795967713284585,-0.7138302419433926,-0.152637510547,1.6508550962633242e-16,-0.047362489453,0.8158705648105463,-0.13795967713284718,0.7138302419433926,0.047362489453
48,0.48,4.416561932649144e-17,0.156765247099,-0.8158800628708437,0.13795406847259495,-0.7138341313434373,-0.156765247099,3.536700657512095e-18,-0.043234752901,0.8158800628708437,-0.1379540684725954,0.7138341313434373,0.043234752901
49,0.49,4.382385612836695e-17,0.161259223863,-0.8158914770034055,0.1379482392337149,-0.7138397162371191,-0.161259223863,1.0764377882677043e-17,-0.038740776137,0.8158914770034055,-0.13794823923371446,0.7138397162371191,0.038740776137
50,0.5,4.5883658729464447e-17,0.166181454847,-0.8159051582029849,0.13794160217464946,-0.7138467603776326,-0.166181454847,1.0233234166072487e-17,-0.033818545153,0.8159051582029849,-0.13794160217464946,0.7138467603776326,0.033818545153
51,0.51,4.0351580659163647e-17,0.171582554989,-0.815921396523657,0.13793391280320322,-0.7138553093268576,-0.171582554989,5.450571063494882e-18,-0.028417445010,0.815921396523657,-0.13793391280320322,0.7138553093268576,0.028417445010
52,0.52,3.9638956748316474e-17,0.177476591959,-0.8159404734078041,0.13792504966480845,-0.7138655230726108,-0.177476591959,6.288380136881044e-18,-0.022523408041,0.8159404734078041,-0.137925049664808,0.7138655230726108,0.022523408041
53,0.53,4.257474201953828e-17,0.183847372883,-0.8159626795839802,0.13791494346620603,-0.7138776230501889,-0.183847372883,3.4565412995920046e-18,-0.016152627117,0.8159626795839802,-0.1379149434662056,0.7138776230501853,0.016152627117
54,0.54,4.193856954316193e-17,0.190659576033,-0.8159883224747172,0.13790355206632798,-0.7138918745410456,-0.190659576033,1.1199239263497152e-17,-0.009340423967,0.8159883224747136,-0.13790355206632798,0.7138918745410421,0.009340423967
55,0.55,3.8074707485062843e-17,0.197866229941,-0.8160177291231366,0.1378908554545034,-0.7139085845776427,-0.197866229941,1.254514974186859e-17,-0.002133770058,0.8160177291231366,-0.13789085545450297,0.7139085845776392,0.002133770058
56,0.56,3.902833436548271e-17,0.205413819104,-0.8160512483659029,0.13787685461133858,-0.7139281029772433,-0.205413819104,-1.958761074259404e-18,0.005413819104,0.8160512483659065,-0.13787685461133858,0.7139281029772433,-0.005413819104
57,0.5700000000000001,4.355000269827448e-17,0.213245835614,-0.8160892530659335,0.13786157075360272,-0.7139508238195353,-0.213245835614,1.156343667461393e-17,0.013245835614,0.8160892530659335,-0.13786157075360272,0.7139508238195353,-0.013245835614
58,0.58,4.837924553274996e-17,0.221305268210,-0.8161321425770051,0.1378450442452338,-0.7139771868222353,-0.221305268210,9.075830193807473e-18,0.021305268211,0.8161321425770051,-0.13784504424523336,0.7139771868222353,-0.021305268211
59,0.59,3.5232650117463655e-17,0.229536338473,-0.816180345469797,0.1378273330777683,-0.7140076785475684,-0.229536338473,1.5552964931808926e-17,0.029536338473,0.816180345469797,-0.1378273330777683,0.7140076785475684,-0.029536338473
60,0.6,3.908915995613121e-17,0.237885689755,-0.8162343225137302,0.13780851098167768,-0.7140428334954065,-0.237885689755,1.0615588114301709e-17,0.037885689755,0.8162343225137302,-0.13780851098167768,0.7140428334954065,-0.037885689755
61,0.61,3.199519001873072e-17,0.246303171757,-0.8162945698994309,0.13778866527489664,-0.7140832351743298,-0.246303171757,8.311905633267024e-18,0.046303171757,0.8162945698994309,-0.13778866527489664,0.7140832351743298,-0.046303171757
62,0.62,5.153371800288166e-17,0.254742323895,-0.8163616226861353,0.13776789456310568,-0.7141295172492419,-0.254742323895,6.840317208947645e-18,0.054742323895,0.8163616226861353,-0.13776789456310568,0.7141295172492419,-0.054742323895
63,0.63,3.674891207691817e-17,0.263160634030,-0.8164360584607283,0.1377463063988157,-0.714182364859544,-0.263160634030,6.552952074687737e-18,0.063160634030,0.8164360584607283,-0.1377463063988157,0.714182364859544,-0.063160634030
64,0.64,4.5603614828336305e-17,0.271519630477,-0.8165185011998634,0.13772401499127407,-0.7142425161911397,-0.271519630477,1.2459296308677853e-17,0.071519630477,0.8165185011998634,-0.13772401499127407,0.7142425161911397,-0.071519630477
65,0.65,3.5090396201145964e-17,0.279784851633,-0.8166096253316023,0.1377011390410955,-0.7143107643726956,-0.279784851633,4.97646589238288e-18,0.079784851633,0.8166096253316023,-0.1377011390410955,0.7143107643726956,-0.079784851633
66,0.66,4.4853592159292625e-17,0.287925727393,-0.8167101599983556,0.13767779975498018,-0.7143879597533327,-0.287925727393,8.57733607545949e-18,0.087925727393,0.8167101599983556,-0.13767779975498018,0.7143879597533327,-0.087925727393
67,0.67,3.6337358715583574e-17,0.295915398704,-0.8168208935279299,0.13765411907868563,-0.7144750126066142,-0.295915398704,4.543041640243071e-18,0.095915398705,0.8168208935279299,-0.13765411907868608,0.7144750126066142,-0.095915398705
68,0.68,4.003965036242885e-17,0.303730495597,-0.8169426781238985,0.1376302181713479,-0.7145728962952425,-0.303730495597,1.0363695620683289e-17,0.103730495597,0.8169426781238985,-0.1376302181713479,0.7145728962952425,-0.103730495597
69,0.6900000000000001,4.294148256262963e-17,0.311350889249,-0.8170764347905265,0.1376062161317516,-0.714682650922279,-0.311350889249,4.820707735769958e-18,0.111350889249,0.8170764347905265,-0.13760621613175117,0.714682650922279,-0.111350889249
70,0.7000000000000001,3.76067675127369e-17,0.318759429967,-0.817223158510875,0.13758222897731953,-0.7148053874881959,-0.318759429967,8.146452979322306e-18,0.118759429967,0.817223158510875,-0.13758222897731998,0.7148053874881959,-0.118759429967
71,0.71,3.3851332278294246e-17,0.325941680002,-0.8173839236994357,0.1375583688691836,-0.7149422925686202,-0.325941680002,2.799704475602736e-18,0.125941680002,0.8173839236994357,-0.1375583688691836,0.7149422925686202,-0.125941680002
72,0.72,3.6799229352816657e-17,0.332885647808,-0.817559889953171,0.13753474357154272,-0.7150946335247119,-0.332885647808,4.679837248097301e-18,0.132885647808,0.817559889953171,-0.13753474357154272,0.7150946335247119,-0.132885647808
73,0.73,3.46762261127519e-17,0.339581528541,-0.8177523081266723,0.13751145613027715,-0.7152637642569508,-0.339581528541,9.742546103066912e-18,0.139581528541,0.8177523081266723,-0.13751145613027715,0.7152637642569508,-0.139581528541
74,0.74,3.365891553178409e-17,0.346021454170,-0.8179625267589198,0.13748860475407698,-0.7154511315129972,-0.346021454170,1.1765557812630091e-17,0.146021454170,0.8179625267589198,-0.13748860475407654,0.7154511315129972,-0.146021454170
75,0.75,3.4674639928694254e-17,0.353130616653,-0.8181282345225444,0.13773842004854642,-0.7158666545710886,-0.353130616653,1.620569048992826e-17,0.152199255437,0.8181919988804235,-0.13746628288098794,0.7156582817614114,-0.152199255437
76,0.76,4.2948504788861093e-17,0.358505421476,-0.8180820104823293,0.13897549578099888,-0.7170575062633282,-0.358505421476,1.694611985110161e-17,0.158110237078,0.818442289230867,-0.13744457941387156,0.7158868686447426,-0.158110237078
77,0.77,5.700598074675511e-17,0.366881432195,-0.8177841432501839,0.14135396982844972,-0.7191381130786332,-0.366881432195,1.6423083209622776e-17,0.163750967016,0.8187150819184384,-0.13742357910966707,0.7161386610281055,-0.163750967016
78,0.78,4.602026141528338e-17,0.379596503211,-0.8172284601086705,0.1448705528195423,-0.7220990129282128,-0.379596503211,1.9502746628775207e-17,0.169119079754,0.8190121885530718,-0.13740336310933643,0.7164155516624091,-0.169119079754
79,0.79,3.417975004473723e-17,0.398721590031,-0.8164175997912767,0.1494735949502758,-0.7258911947415512,-0.398721590031,1.1987142241465551e-17,0.174213093827,0.8193355568870412,-0.13738400959776842,0.7167195664848065,-0.174213093827
80,0.8,-3.894632921940423e-17,0.423721590031,-0.8153602832861441,0.15508010512974935,-0.7304403884158908,-0.423721590031,9.008013968516897e-18,0.179032242862,0.819687279997333,-0.13736559458562836,0.7170528745829627,-0.179032242862
81,0.81,-1.4616637695661291e-16,0.448721590031,-0.8140757574437397,0.16156486413535387,-0.7356406215790918,-0.448721590031,3.748791349142961e-18,0.183576319641,0.8200696060457499,-0.13734819280811428,0.7174177988538637,-0.183576319641
82,0.8200000000000001,-5.414924924469278e-16,0.473721590031,-0.8120944940172566,0.1687055870983133,-0.7408000811155708,-0.473721590031,2.2384586728062817e-18,0.187845532390,0.8204849486539533,-0.13733187873868424,0.7178168273926366,-0.187845532390
83,0.8300000000000001,6.17050385186877e-15,0.498721590031,-0.8089708487979311,0.17592529822514946,-0.7448961470230748,-0.498721590031,3.4993196929815054e-18,0.191840372444,0.8209358979324196,-0.13731672771908443,0.7182526256515032,-0.191840372444
84,0.84,2.398674951011707e-15,0.523721590031,-0.8052848020802205,0.1807697841682937,-0.7460545862485133,-0.523721590031,1.4476826695278597e-17,0.195561492392,0.8214252322033929,-0.1373028172104186,0.71872804941381,-0.195561492392
85,0.85,2.2472626972495833e-15,0.498721590031,-0.7968074754243207,0.1990822391227095,-0.755889714547036,-0.498721590031,1.6395047359192775e-17,0.199009593758,0.8219559304589811,-0.13729022817348746,0.7192461586324668,-0.199009593758
86,0.86,4.757421570641797e-16,0.473721590031,-0.7893279784958313,0.20969145873924433,-0.7590194372350765,-0.473721590031,6.7897764069601215e-18,0.202185323307,0.8225311855945857,-0.13727904659029833,0.7198102321848849,-0.202185323307
87,0.87,-1.9256339061087604e-17,0.448721590031,-0.7809862818999501,0.2197532556329006,-0.7607395375328507,-0.448721590031,6.676965234586793e-18,0.205089177057,0.8231544184551726,-0.13726936514244648,0.7204237835976186,-0.205089177057
88,0.88,4.167674777796314e-17,0.423721590031,-0.7716502613741066,0.23007246570148354,-0.7617227270755946,-0.423721590031,-6.61122668492458e-18,0.207721411122,0.8238292927257166,-0.13726128506604118,0.7210905777917573,-0.207721411122
89,0.89,4.21916733090657e-17,0.398721590031,-0.7614290950194703,0.24056763074076903,-0.7619967257602389,-0.398721590031,-1.0827484113593983e-17,0.210081958539,0.8245597306881695,-0.13725491820703317,0.7218146488952022,-0.210081958539
90,0.9,5.65195465858498e-17,0.373721590031,-0.7504555935077103,0.25106779564840986,-0.7615233891561188,-0.373721590031,1.94054824610461e-17,0.212170351323,0.8253499298572083,-0.13725038930526268,0.7226003191624719,-0.212170351323
91,0.91,3.7784544344974046e-17,0.348721590031,-0.7388575825007965,0.2614128166400663,-0.7602703991408659,-0.348721590031,1.5852247863795844e-17,0.213985646980,0.8262043805017046,-0.1372478385403949,0.7234522190420996,-0.213985646980
92,0.92,3.234841929444528e-17,0.323721590031,-0.7267555037848058,0.2714578487660898,-0.7582133525508978,-0.323721590031,2.3102005533322165e-17,0.215526358806,0.8271278840689728,-0.13724742437842485,0.7243753084473972,-0.215526358806
93,0.93,2.9574538409282866e-17,0.298721590031,-0.7142625388766933,0.281069632067776,-0.7553321709444716,-0.298721590031,1.432187818506006e-17,0.216790389237,0.8281255725711044,-0.1372493267639846,0.7253748993350881,-0.216790389237
94,0.9400000000000001,3.8246495214845893e-17,0.273721590031,-0.70148453004055,0.2901246174220412,-0.751609147462593,-0.273721590031,3.0718750009932757e-18,0.217774965474,0.8292029290866775,-0.13725375071196855,0.726456679798646,-0.217774965474
95,0.9500000000000001,3.371167507482346e-17,0.248721590031,-0.6885197230810408,0.2985087432877892,-0.7470284663688296,-0.248721590031,-1.937466538509779e-18,0.218476576392,0.8303658096919203,-0.13726093036274778,0.7276267400546685,-0.218476576392
96,0.96,5.233612182534908e-17,0.223721590031,-0.6754585215668182,0.30611804648996854,-0.7415765680567872,-0.223721590031,1.1267267828928923e-17,0.218890909499,0.8316204673563884,-0.13727113357927634,0.7288916009356661,-0.218890909499
97,0.97,4.0468150070708544e-17,0.198721590031,-0.6623833555458499,0.3128596182133526,-0.7352429737592003,-0.198721590031,-5.632157791473145e-18,0.219012786338,0.8329735785637428,-0.13728466718166488,0.7302582457454085,-0.219012786338
98,0.98,4.61537375991176e-17,0.173721590031,-0.6493687097750548,0.31865264850096253,-0.7280213582760182,-0.173721590031,-8.80417054259542e-18,0.218836094561,0.8344322735083488,-0.13730188293362178,0.7317341564419713,-0.218836094561
99,0.99,3.6219333775745015e-17,0.156258863573,-0.6364813304044513,0.3234294179885514,-0.7199107483930063,-0.156258863573,3.366554437852473e-17,0.218353715102,0.8360041704155073,-0.1373231844101147,0.7333273548256236,-0.218353715102
100,1.0,2.8930337231372003e-17,0.148256711414,-0.6237806181414288,0.327136151389552,-0.7109167695309799,-0.148256711414,7.921323541383832e-18,0.217557444134,0.8376974134573746,-0.1373490348755967,0.7350464483329744,-0.217557444134
101,1.01,4.859604438929595e-17,0.144663957620,-0.6113192101607946,0.32973367687972444,-0.7010528870405159,-0.144663957620,-1.6106495231205216e-17,0.216437912295,0.8395207114523348,-0.13737996626906368,0.7369006777213953,-0.216437912295
102,1.02,4.783911870529275e-17,0.142971187541,-0.5991437476495146,0.3311978544384294,-0.6903416020879454,-0.142971187541,6.851748437093942e-18,0.214984508747,0.8414833707523864,-0.1374165893021312,0.738899960054519,-0.214984508747
103,1.03,4.5074752140760527e-17,0.141926999605,-0.5872958190084613,0.3315197510817335,-0.6788155700901952,-0.141926999605,9.630125481847751e-18,0.213185324801,0.8435953106948492,-0.1374596045084392,0.7410549152032906,-0.213185324801
104,1.04,3.920233277274639e-17,0.140896304460,-0.575813056500004,0.3307055550867989,-0.6665186115868038,-0.140896304460,6.184040397238473e-18,0.211027145241,0.8458670400418394,-0.1375098137069558,0.7433768537487935,-0.211027145241
105,1.05,3.743478102494691e-17,0.139538300431,-0.5647303570769547,0.3287762344566404,-0.6535065915335969,-0.139538300431,-1.6876927619707844e-17,0.208495521228,0.8483095719501083,-0.13756813104691645,0.745877702997022,-0.208495521228
106,1.06,3.630031635709557e-17,0.137642686325,-0.5540812340631202,0.32576695046645565,-0.639848184529574,-0.137642686325,-2.042558567127749e-17,0.205574901142,0.8509343105187429,-0.13763559404877068,0.7485699045675118,-0.205574901142
107,1.07,3.3476795870737063e-17,0.135042757312,-0.5438992523440557,0.3217262550327763,-0.6256255073768293,-0.135042757312,1.0734008827279498e-17,0.202248841480,0.8537528845680004,-0.1377133735244792,0.7514662580924791,-0.202248841480
108,1.08,4.243192130673254e-17,0.131563498724,-0.5342195672011779,0.31671510006356807,-0.6109346672647411,-0.131563498724,1.1267206493144452e-17,0.198500225916,0.8567770002888554,-0.13780278393850154,0.7545797842273543,-0.198500225916
109,1.09,2.6342344005690253e-17,0.126981447444,-0.525080657163394,0.31080568253569674,-0.5958863396990934,-0.126981447444,7.171714049929786e-18,0.194311291294,0.8600184781276329,-0.13790529985777555,0.7579237779854089,-0.194311291294
110,1.1,4.110584822824163e-17,0.120980247291,-0.5165264298480717,0.3040801422466509,-0.5806065720947244,-0.120980247291,6.939068738965429e-18,0.189663097143,0.8634897449163016,-0.13802259068901945,0.7615123356053224,-0.189663097143
111,1.11,5.253537174152829e-17,0.113084691276,-0.5086089757356308,0.2966291315417112,-0.5652381072773429,-0.113084691276,9.097035706739505e-18,0.184533905248,0.8672051501996921,-0.1381565950906879,0.7653617452903787,-0.184533905248
112,1.12,6.252909402201208e-17,0.102544352363,-0.501392282689694,0.28855032606645514,-0.5499426087561523,-0.102544352363,1.7173549183476472e-17,0.178895859103,0.8711834806563389,-0.13830966552133683,0.7694931461776746,-0.178895859103
113,1.1300000000000001,4.0855406457904736e-17,0.088103110906,-0.49495708932697824,0.27994713797888526,-0.5349042273058635,-0.088103110906,1.583116171961685e-17,0.172709558167,0.8754518173371196,-0.13848481511484734,0.773936632451965,-0.172709558167
114,1.1400000000000001,3.903192936284672e-17,0.067488496279,-0.4894065966815947,0.27092848588191976,-0.520335082563514,-0.067488496279,4.750419316695514e-18,0.165916890026,0.8800502237110958,-0.13868607944647693,0.77873630315757,-0.165916890026
115,1.1500000000000001,1.0854712887579303e-17,0.042488496279,-0.484871899197839,0.26161234917321485,-0.506484248371057,-0.042488496279,-5.229444747310388e-18,0.158434143505,0.8850354700624664,-0.1389189425866061,0.7839544126490714,-0.158434143505
116,1.16,1.2737670253179249e-17,0.017488496279,-0.4815153046811541,0.25214315251416475,-0.49365845719531753,-0.017488496279,9.70928186527721e-18,0.150150210752,0.8904800109502534,-0.1391906407880127,0.7896706517382639,-0.150150210752
117,1.17,-1.3501653465001488e-15,-0.007511503721,-0.4795343899629724,0.24277504563360452,-0.48230943559657424,0.007511503721,1.2402841073067197e-17,0.140938444002,0.8964599999614197,-0.13950991832534065,0.7959699182867594,-0.140938444002
118,1.18,1.6091150550533605e-14,-0.032511503721,-0.47923929708045165,0.2344913001968042,-0.4737305972772581,0.032511503721,7.953587432749786e-18,0.130694456527,0.903024187807561,-0.13988546088968168,0.8029096486972427,-0.130694456527
119,1.19,-2.1237427281360175e-15,-0.007511503721,-0.4794551885192365,0.2200203235115944,-0.45947551203083625,0.007511503721,1.687829306908887e-17,0.119387125538,0.9101594468252269,-0.14032337179539234,0.8104828186206183,-0.119387125538
120,1.2,-4.772976159692029e-16,0.017488496279,-0.4822421822446624,0.21083366017054683,-0.45307584241521104,-0.017488496279,2.8065223475659916e-18,0.107046331309,0.9178184269213868,-0.14082787646655837,0.8186463033879483,-0.107046331309
121,1.21,1.7159090424232585e-16,0.042488496279,-0.48678429670181445,0.20200808502203726,-0.44879238172385305,-0.042488496279,4.169363911753481e-18,0.093740851434,0.9259397509787678,-0.1414019448699665,0.8273416958487352,-0.093740851434
122,1.22,4.025735353765232e-17,0.067488496279,-0.4929633171009452,0.1934395704777777,-0.44640288757872204,-0.067488496279,5.783165806045909e-18,0.079563551436,0.9344556605148898,-0.14204738788685856,0.8365030484017466,-0.079563551436
123,1.23,4.161789131132058e-17,0.092488496279,-0.5000374826025303,0.18548740581303857,-0.44552488841556714,-0.092488496279,8.135470415684902e-18,0.064621279255,0.9432961405123886,-0.14276486566627666,0.8460610061786631,-0.064621279255
124,1.24,4.109189959235149e-17,0.117488496279,-0.5077233539874096,0.17837112191149063,-0.4460944758989007,-0.117488496279,-2.1084120232032625e-18,0.049027808921,0.9523916531746409,-0.1435539081023528,0.8559455612769944,-0.049027808921
125,1.25,4.02780836559371e-17,0.142488496279,-0.5159404260691015,0.17222247116166456,-0.44816289723076386,-0.142488496279,1.0042483858760088e-17,0.032898848369,0.9616750537359354,-0.1444129668451858,0.8660880205811217,-0.032898848369
126,1.26,4.3467550761006366e-17,0.167488496279,-0.5246376134537744,0.16713604006904348,-0.4517736535228152,-0.167488496279,7.574984723264052e-18,0.016348498414,0.9710829188755749,-0.14533949867278662,0.8764224175483633,-0.016348498414
127,1.27,4.960360128879355e-17,0.192488496279,-0.5337588452172258,0.1631834291213795,-0.4569422743386027,-0.192488496279,1.2896319604508302e-17,-0.000513237122,0.980556426591236,-0.14633007441847223,0.8868865010097067,0.000513237122
128,1.28,3.763604829471665e-17,0.217488496279,-0.5432364741995929,0.16041720139931848,-0.46365367559891046,-0.217488496279,7.290410232409532e-18,-0.017582162959,0.990041889680911,-0.14738050597075747,0.897422395651668,0.017582162959
129,1.29,-4.722783590760095e-17,0.234042367289,-0.5529448655127719,0.15860590502690697,-0.47155077053967664,-0.234042367289,1.0775038009035493e-17,-0.034760151507,0.9994907532000791,-0.14848647096894185,0.9079772241690178,0.034760151507
130,1.3,9.037008332241924e-17,0.238014149809,-0.562694334024962,0.157060607853985,-0.47975494187894574,-0.238014149809,1.3580921727343217e-16,-0.051959451751,1.008860839052578,-0.14964151785319324,0.9185023569057633,0.051959451751
131,1.31,6.422383601248718e-18,0.235730829713,-0.5724106077385517,0.15561885629621364,-0.48802946403476843,-0.235730829713,3.678448786483606e-17,-0.069097524585,1.018114351762617,-0.15084067832488934,0.928955030087502,0.069097524585
132,1.32,4.357355189849441e-17,0.230372215894,-0.5820511782377987,0.15425102092070253,-0.4963021991585008,-0.230372215894,9.910051332413991e-18,-0.086100468544,1.0272189656342379,-0.15207824012086235,0.9392972057551012,0.086100468544
133,1.33,3.4628359493056456e-17,0.223542569334,-0.5915831365863166,0.15295302772440655,-0.5045361643107227,-0.223542569334,3.4773050538368073e-17,-0.102902619824,1.0361473280150912,-0.15334829419297924,0.9494956222080737,0.102902619824
134,1.34,2.8137319760550604e-17,0.216056516800,-0.600978619099526,0.15172502942622323,-0.5127036485257519,-0.216056516800,-1.0239215946347581e-17,-0.119446153974,1.044876692206949,-0.1546449292559312,0.9595216214628812,0.119446153974
135,1.35,2.921633817637534e-17,0.208332122167,-0.6102137473388157,0.1505672623790143,-0.5207810097178274,-0.208332122167,5.3461399865377637e-17,-0.135680657779,1.0533885565388852,-0.1559623444747712,0.9693509010136565,0.135680657779
136,1.36,4.0202329540247955e-17,0.200587960911,-0.6192681771851812,0.14947840908218135,-0.5287465862673613,-0.200587960911,8.478713663765696e-18,-0.151561837562,1.0616689038743496,-0.15729402000556558,0.9789629238799136,0.151561837562
137,1.37,4.178077668279489e-17,0.192940582239,-0.6281250949211891,0.14845861754986223,-0.5365837124710509,-0.192940582239,1.0208073578592752e-17,-0.167053023540,1.069705849571002,-0.1586358031083691,0.9883416526793716,0.167053023540
138,1.3800000000000001,4.184358630005422e-17,0.185454709531,-0.6367706651906043,0.14750597230478057,-0.5442766374953876,-0.185454709531,1.2352615262211686e-17,-0.182122983273,1.0774916223467566,-0.15998237502887724,0.9974739973756335,0.182122983273
139,1.3900000000000001,3.9743770873692343e-17,0.178167766491,-0.6451939514036066,0.1466183469199579,-0.5518122983235627,-0.178167766491,1.2537364221580861e-17,-0.196745976512,1.0850210965493199,-0.1613290188658395,1.006350115415157,0.196745976512
140,1.4000000000000001,4.1140693375268384e-17,0.171102411480,-0.653386664991822,0.1457933096780667,-0.5591799746698896,-0.171102411480,9.918365978864878e-18,-0.210901240114,1.0922915921722387,-0.16267145390238424,1.0149630460746206,0.210901240114
141,1.41,4.191283728417822e-17,0.164272926676,-0.661342934210052,0.14502817552687486,-0.5663711097369286,-0.164272926676,4.641390235522912e-19,-0.224572486511,1.0993025957381493,-0.1640058159346115,1.0233084116727593,0.224572486511
142,1.42,4.229175139779608e-17,0.157688528912,-0.6690590836533633,0.14432007789569046,-0.5733791615490538,-0.157688528912,1.5598360233832766e-17,-0.237791793725,1.106033734210901,-0.1653579176908454,1.0313916519017472,0.237791793725
143,1.43,3.4685055494671556e-17,0.151355134838,-0.6765334242916136,0.14366603564772362,-0.5801994599393381,-0.151355134838,3.0720499842445454e-18,-0.251677918825,1.111999082647256,-0.16737136820138698,1.0393704508486412,0.251677918825
144,1.44,2.6088256503299017e-17,0.145276346306,-0.6837660550997394,0.1430630108980494,-0.586829065997788,-0.145276346306,6.864424584008643e-18,-0.267732459705,1.1168948763749613,-0.17042112356765504,1.0473159999426163,0.267732459705
145,1.45,4.6515472413399686e-17,0.139454038674,-0.6907586772443973,0.14250795758077495,-0.5932666348251749,-0.139454038674,-3.4178129991740105e-18,-0.287609136233,1.1206633480328891,-0.17455297054449048,1.0552163185773769,0.287609136233
146,1.46,4.1572842099055026e-17,0.133888743373,-0.6975144214574921,0.1419978615046139,-0.5995122829621073,-0.133888743373,1.2505783724550979e-17,-0.313656678882,1.1233130341941733,-0.17973495182793686,1.0630479860221105,0.313656678882
147,1.47,4.5906250454184774e-17,0.128579920533,-0.7040376889115773,0.14152977280352952,-0.6055674617151054,-0.128579920533,-1.7150499863695413e-17,-0.349865620920,1.1248833660219306,-0.1859065917727888,1.0707899577947206,0.349865620920
148,1.48,3.914324703726237e-17,0.123526169796,-0.7103340056489006,0.14110083169839804,-0.6114348373472978,-0.123526169796,-2.0824405197601208e-17,-0.399865620920,1.1254395823396885,-0.1929852620139504,1.0784248443536388,0.399865620920
149,1.49,4.3857237175055963e-17,0.118725403711,-0.7164098904052639,0.14070828844910122,-0.6171181788543634,-0.118725403711,-5.263810096108223e-17,-0.449865620920,1.1248624074312952,-0.2008025527131917,1.0856649601444854,0.449865620920
150,1.5,4.1416401738918884e-17,0.114174996273,-0.7222727355066186,0.14034951832164266,-0.6226222538282555,-0.114174996273,9.119095475283343e-16,-0.499865620920,1.122008309940349,-0.20882399877337898,1.0908323087137266,0.499865620920
151,1.51,3.8034943850326494e-17,0.109871913316,-0.7279307003930643,0.14002203233125565,-0.6279527327243186,-0.109871913316,-9.666375771714579e-17,-0.549865620920,1.1170922616195869,-0.21616304099605765,1.093255302615643,0.549865620920
152,1.52,2.5112019406214995e-17,0.105812828546,-0.7333926172359401,0.13972348445498695,-0.6331161016909248,-0.105812828546,1.3165366494161148e-16,-0.499865620920,1.1056411677363487,-0.2286893607645749,1.0943305285009235,0.499865620920
153,1.53,4.431122023839249e-17,0.101994227551,-0.7386679080523574,0.1394516759391854,-0.6381195839915406,-0.101994227551,1.200382183353348e-15,-0.449865620920,1.0951752093407245,-0.23677556983402115,1.091950779174746,0.449865620920
154,1.54,3.700840623639519e-17,0.098412501398,-0.7437665126830463,0.13920455726096537,-0.6429710699440121,-0.098412501398,8.441583332697024e-18,-0.399865620920,1.082458369479249,-0.24484734370697192,1.087305713186223,0.399865620920
155,1.55,4.521148578555778e-17,0.095064031073,-0.7486988269773757,0.13898022823979084,-0.6476790552171692,-0.095064031073,-2.5125310725119793e-17,-0.349865620920,1.0676111738753677,-0.2529650566482814,1.0805762305236517,0.349865620920
156,1.56,3.4788625031894215e-17,0.091945263771,-0.7534756505203762,0.13877693673673452,-0.6522525872571108,-0.091945263771,1.266953813779005e-17,-0.299865620920,1.0509250686051255,-0.26096508447117694,1.0718901530763045,0.299865620920
157,1.57,3.2701465571793755e-17,0.089052781976,-0.7581081432365383,0.13859307632552664,-0.6567012195620641,-0.089052781976,5.434055595972821e-18,-0.249865620920,1.032652329917764,-0.26872939024655695,1.0613817201643212,0.249865620920
158,1.58,5.357214352770927e-17,0.086383366127,-0.7626077902137826,0.13842718327131698,-0.6610349734851027,-0.086383366127,6.7989037010200526e-18,-0.199865620920,1.0130137489074835,-0.2761726786497559,1.0491864275572393,0.199865620920
159,1.59,6.485659473387063e-17,0.083934051651,-0.7669863741112098,0.13827793311030379,-0.6652643072215141,-0.083934051651,6.588180296372189e-18,-0.149865620920,0.9922102594736028,-0.2832253187675985,1.0354355782412032,0.149865620920
160,1.6,4.3560150526323297e-17,0.081702181052,-0.771255954555394,0.1381441370858082,-0.6694000916412022,-0.081702181052,1.2317211224499164e-17,-0.099865620920,0.9704279715507457,-0.2898256312405475,1.0202536027912903,0.099865620920
161,1.61,3.5047712791549546e-17,0.079685451748,-0.7754288540066209,0.13802473866410614,-0.6734535926707266,-0.079685451748,8.53938595252632e-18,-0.049865620920,0.9478400612405312,-0.2959169504148492,1.0037570116553787,0.049865620920
162,1.62,4.1930668399416064e-17,0.077881960351,-0.7795176497072208,0.13791881032648912,-0.6774364600337086,-0.077881960351,6.900662960006342e-18,-0.018476691176,0.9246075627260356,-0.30144671403922196,0.9860542767652567,0.018476691176
163,1.6300000000000001,5.162835483793204e-17,0.076290244152,-0.7835351715230036,0.1378255508134264,-0.68136072233643,-0.076290244152,1.384168315354837e-17,-0.006640621741,0.9008798790634539,-0.3063664355623882,0.9672463146258443,0.006640621741
164,1.6400000000000001,4.792803885296817e-17,0.074909320692,-0.7874945057479837,0.13774428298353147,-0.6852387887315152,-0.074909320692,1.1346884220308662e-17,-0.003684493375,0.8767953153619644,-0.3106320849648535,0.9474274003268177,0.003684493375
165,1.6500000000000001,3.27233078336194e-17,0.073738726436,-0.7914090052054955,0.13767445244591558,-0.689083457651408,-0.073738726436,1.1225252976822473e-17,-0.004435815343,0.8524817457371664,-0.31420465632040495,0.9266864020575709,0.004435815343
166,1.6600000000000001,3.31419861665341e-17,0.072778555661,-0.7952923061041918,0.13761562712995146,-0.6929079332341401,-0.072778555661,9.38787885999968e-18,-0.006420439765,0.8280574528401071,-0.3170507974148734,0.9051082502549774,0.006420439765
167,1.67,2.571521120814918e-17,0.072029500511,-0.7991583518361917,0.1375674979695073,-0.6967258498056963,-0.072029500511,1.3379102034621859e-17,-0.008476609958,0.8036321490271813,-0.3191434186389369,0.8827755676661169,0.008476609958
168,1.68,5.553526524796322e-17,0.071492892553,-0.8030214228548519,0.13752988089104934,-0.7005513037458981,-0.071492892553,1.2101782808357015e-17,-0.010071095684,0.7793081736703488,-0.3204622207094229,0.8597703943797739,0.010071095684
169,1.69,5.269384554470981e-17,0.071170744698,-0.8068961695048112,0.13750272028893262,-0.7043988897937452,-0.071170744698,8.395945255712555e-18,-0.010962585020,0.7551818513962419,-0.3209940964506993,0.8361759478469408,0.010962585020
170,1.7,3.976774526112764e-17,0.071065789803,-0.81079764090594,0.13748609411764934,-0.7082837350235898,-0.071065789803,8.215570049199304e-18,-0.011036071388,0.7313449871231451,-0.3207333757181471,0.8120783628412922,0.011036071388
171,1.71,2.2207434166885663e-17,0.071181508642,-0.8147412979725789,0.13748022059357912,-0.712221518566158,-0.071181508642,1.3029615603020468e-17,-0.010220644567,0.7078864642653474,-0.3196818964205318,0.7875683606858792,0.010220644567
172,1.72,2.1596031610438358e-17,0.071522133148,-0.8187429886832592,0.13748546620794955,-0.7162284548912061,-0.071522133148,8.520297299261163e-18,-0.008446995408,0.684893898854214,-0.317848899334933,0.7627427981891457,0.008446995408
173,1.73,1.2566699900492275e-17,0.072092607993,-0.8228188628716967,0.1375023543298003,-0.7203212172014957,-0.072092607993,7.272336136742615e-18,-0.005622498486,0.6624552953532233,-0.31525075968275884,0.7377060550359835,0.005622498486
174,1.74,7.94521045693882e-17,0.072898522543,-0.8269852596098534,0.13753157395255589,-0.7245168335624057,-0.072898522543,3.545575791463492e-18,-0.001612048935,0.6406606883550278,-0.3119105787473103,0.7125712671023385,0.001612048935
175,1.75,2.409527341958975e-18,0.073946002166,-0.8312585425814351,0.13757398774789842,-0.7288325303293326,-0.073946002166,6.114003806405116e-18,0.003782810993,0.6196037048413042,-0.30785767280769794,0.6874613776489986,-0.003782810993
176,1.76,6.416925134037501e-17,0.075241595235,-0.8356549552889706,0.13763063981689705,-0.7332855951058668,-0.075241595235,1.4958504757445016e-17,0.010853070208,0.5993830555815772,-0.30312700063120845,0.6625100562127861,-0.010853070208
177,1.77,7.045992382164413e-17,0.076792257260,-0.8401906620225478,0.1377027668796892,-0.7378934289022339,-0.076792257260,3.0870085391391693e-18,0.020028485114,0.580104043593953,-0.2977585650536613,0.6378626086476173,-0.020028485114
178,1.78,4.272990831152877e-17,0.078605615037,-0.8448822465053328,0.13779182281215852,-0.7426740693174891,-0.078605615037,2.440990224450196e-18,0.031956144600,0.5618802759045362,-0.2917968122654405,0.6136770881699767,-0.031956144600
179,1.79,7.718876409810657e-18,0.080690779005,-0.8497480383207378,0.1378995357503846,-0.7476475740711215,-0.080690779005,1.2749428759019998e-17,0.047642220749,0.5448358692914691,-0.2852900480015129,0.5901259172929847,-0.047642220749
180,1.8,4.297163275393609e-17,0.083060010013,-0.8548106420104532,0.1380280274243103,-0.7528386694347637,-0.083060010013,3.968724102626915e-18,0.068726164144,0.529108484745252,-0.2782899376587028,0.5673984224039557,-0.068726164144
181,1.81,2.6900119280510025e-17,0.085731442845,-0.8601008135297948,0.13818002951030295,-0.7582808430401022,-0.085731442845,-8.152790962165003e-18,0.098060651533,0.5148533983756681,-0.2708513775522131,0.5457047759278821,-0.098060651533
182,1.82,2.336290806056645e-17,0.088732681803,-0.8656621695597878,0.13835921821002917,-0.7640213877698137,-0.088732681803,1.380793469235026e-17,0.141093481862,0.5022483894757289,-0.26303377390460947,0.5252821633803406,-0.141093481862
183,1.83,4.8976808427997275e-17,0.092104248758,-0.8715549283816958,0.13857063370692668,-0.7701255620886243,-0.092104248758,-1.269862253153022e-16,0.191093481862,0.49149853452244685,-0.25490744541938615,0.5064059799418366,-0.191093481862
184,1.84,6.092665389632344e-17,0.095900465379,-0.8778548858456158,0.13882102473538283,-0.7766759105809995,-0.095900465379,3.4836307202122675e-16,0.241093481862,0.48284037838150795,-0.24658157014983673,0.489421948531342,-0.241093481862
185,1.85,4.627593109363801e-17,0.100183467197,-0.8846413898858297,0.1391187263881527,-0.7837601162739829,-0.100183467197,-5.136150082864679e-16,0.291093481862,0.4765609794266342,-0.23837148473917813,0.4749324641658119,-0.291093481862
186,1.86,3.256977881840242e-17,0.105004186591,-0.8919661324481406,0.13947232686627864,-0.7914384593144148,-0.105004186591,-4.589897441582101e-16,0.241093481862,0.4718002872288639,-0.2244343475896461,0.4562346348185051,-0.241093481862
187,1.87,3.133683848547266e-17,0.110376735229,-0.8998185615283215,0.13988832428975917,-0.7997068858180767,-0.110376735229,-3.285161318614834e-15,0.191093481862,0.4709955889301344,-0.21721976792934206,0.44821535685947245,-0.191093481862
188,1.8800000000000001,4.2776018637044194e-17,0.116284607644,-0.9081536532915716,0.1403715115378038,-0.8085251648293776,-0.116284607644,5.904672248106521e-17,0.141093481862,0.47284855602128417,-0.20898597581424527,0.44183453183552635,-0.141093481862
189,1.8900000000000001,4.458796977685538e-17,0.122691823925,-0.9169121884344636,0.14092540789210306,-0.8178375963265636,-0.122691823925,5.034903138192091e-17,0.091093481862,0.47756636926608664,-0.20033783778877823,0.4379042070548649,-0.091093481862
190,1.9000000000000001,4.0164709989623704e-17,0.129550394513,-0.926028430211134,0.14155229620567245,-0.8275807264168029,-0.129550394513,1.8264473591927863e-18,0.041093481862,0.48429743317596163,-0.19192829373729403,0.4362257269132548,-0.041093481862
191,1.9100000000000001,4.441154480758616e-17,0.136805412407,-0.9354342689239071,0.14225321220071285,-0.8376874811246195,-0.136805412407,9.260030252445914e-18,-0.008906518138,0.4918863195231086,-0.18423608354401833,0.43612240306712513,0.008906518138
192,1.92,3.401004136959252e-17,0.144398606169,-0.945061970949504,0.14302796207358492,-0.8480899330230875,-0.144398606169,1.3542856523006909e-17,-0.058906518138,0.500085283314193,-0.17745194202420989,0.4375372253384042,0.058906518138
193,1.93,4.302408645559326e-17,0.152270850185,-0.9548461073626849,0.14387517983268217,-0.8587212871953631,-0.152270850185,9.478534508219946e-18,-0.108906518138,0.5088161595665365,-0.17168849481803028,0.4405046543845663,0.108906518138
194,1.94,3.9324104692835724e-17,0.160363941476,-0.9647248931964939,0.14479242039274676,-0.8695173135892396,-0.160363941476,7.539665290679547e-18,-0.158906518138,0.5180232428229533,-0.16702747250883043,0.44505071533178286,0.158906518138
195,1.95,4.315820647390779e-17,0.168621845114,-0.9746410763499266,0.145776280352382,-0.8804173567023077,-0.168621845114,1.0056367587926163e-17,-0.179371457109,0.5276439871578492,-0.16353041262731527,0.4511743997851645,0.179371457109
196,1.96,4.3608501638287685e-17,0.176991546276,-0.9845424783928759,0.14682253751535745,-0.8913650159082294,-0.176991546276,6.551693559675344e-18,-0.180889789443,0.5375979161546037,-0.16121140729276917,0.45880932344737024,0.180889789443
197,1.97,4.136598766262914e-17,0.185423606907,-0.9943822675724451,0.1479263006317556,-0.9023085682041994,-0.185423606907,7.831982495874464e-18,-0.173154535511,0.5476819140810544,-0.15944020883673293,0.46712212291778377,0.173154535511
198,1.98,3.725100901555689e-17,0.193872392057,-1.0041187612266684,0.14908263769227725,-0.9132013989189445,-0.193872392057,-1.2617499089680452e-17,-0.160821398874,0.5577669313265378,-0.15783130108922727,0.4755982324157677,0.160821398874
199,1.99,6.263387726067088e-17,0.202296708782,-1.0137165090744071,0.1502846416643041,-0.9240011507387087,-0.202296708782,-1.1583834514259805e-17,-0.146254982257,0.5677968445670284,-0.1563100190885841,0.4841068636556094,0.146254982257
200,2.0,4.657881134146193e-17,0.210659043750,-1.0231442168862097,0.15152695350706502,-0.9346711703932704,-0.210659043750,1.4366870536696802e-17,-0.130671420736,0.5777337409834767,-0.15486480598029495,0.4925985469637708,0.130671420736
201,2.0100000000000002,3.841608869275568e-17,0.218926082438,-1.0323757397933173,0.1528035976167158,-0.9451793374100297,-0.218926082438,5.901918296757105e-18,-0.114707897570,0.5875463929300199,-0.15349486276708435,0.5010412556971047,0.114707897570
202,2.02,6.374220824637786e-17,0.227068495425,-1.0413895392398276,0.15410851098261003,-0.955498050222436,-0.227068495425,-5.636819282897766e-17,-0.098708348699,0.5972079926180643,-0.1522006646166988,0.5094086572347662,0.098708348699
203,2.0300000000000002,1.4447256521075924e-16,0.235060712661,-1.0501682871240776,0.15543572665185457,-0.9656040137759283,-0.235060712661,1.4249811365689133e-16,-0.082866552779,0.6066955556963808,-0.15098218939641816,0.5176777450927985,0.082866552779
204,2.04,-1.2974718078345137e-16,0.242880682566,-1.0586984913959343,0.15677947565151007,-0.975477967047444,-0.242880682566,-1.38342987377664e-16,-0.067297932244,0.6159896388212768,-0.14983868259157307,0.5258283214128538,0.067297932244
205,2.05,3.96458638434154e-17,0.250508725361,-1.0669706830280576,0.15813343621981757,-0.9851041192478767,-0.250508725361,7.020094459335292e-18,-0.052077506293,0.6250740510277463,-0.14876788427044663,0.5338419352981965,0.052077506293
206,2.06,3.9543820798436943e-17,0.257929736522,-1.0749772399607425,0.15949350984207833,-0.99447074980282,-0.257929736522,1.0996306647429042e-17,-0.037253313791,0.6339358269324836,-0.14776890061751236,0.541704727549996,0.037253313791
207,2.07,4.473250420237932e-17,0.265130558378,-1.0827141819670851,0.16085463621643215,-1.0035688181835218,-0.265130558378,9.145643723364266e-18,-0.022860584988,0.6425647422465534,-0.14683904979533013,0.5494037920418839,0.022860584988
208,2.08,3.360803537058903e-17,0.272100565902,-1.0901798201549555,0.16221237519008247,-1.0123921953450374,-0.272100565902,9.5251333109262e-18,-0.008925027394,0.65095320974842,-0.14597553597189494,0.5569287457203145,0.008925027394
209,2.09,4.8218046080060605e-17,0.278831396963,-1.0973745684452405,0.16356275174202362,-1.0209373201872627,-0.278831396963,8.799653452779894e-18,0.004534406001,0.6590960398277207,-0.14517536419611832,0.5642714040238395,-0.004534406001
210,2.1,3.7580655696957024e-17,0.285577340466,-1.104106054756092,0.16516519941730767,-1.0292712541733995,-0.285577340466,1.0548773798704635e-17,0.017503896850,0.6669902200366781,-0.1444353847646137,0.5714256048012891,-0.017503896850
211,2.11,4.336571015001081e-17,0.293248021258,-1.1098528498149465,0.16770457582969656,-1.0375574256446403,-0.293248021258,5.463219675030408e-18,0.029973729303,0.6746347065828974,-0.14375235446446244,0.5783870610473598,-0.029973729303
212,2.12,3.350419793959085e-17,0.302713923686,-1.1144829344934566,0.17132291225095087,-1.0458058467444051,-0.302713923686,1.6291590608164647e-17,0.041937566118,0.6820302275282809,-0.1431229928822494,0.5851532204105303,-0.041937566118
213,2.13,4.064809555093526e-17,0.315055796903,-1.1179807515846045,0.17601233210425893,-1.0539930836888634,-0.315055796903,1.2676308710256358e-18,0.053391893663,0.6891790984419127,-0.14254403018953943,0.5917231286314482,-0.053391893663
214,2.14,3.0611393885860844e-17,0.331962641341,-1.1203719283386215,0.1817221031025903,-1.06209403144121,-0.331962641341,8.144956907736411e-18,0.064335566090,0.6960850511362483,-0.1420122464796233,0.5980972976158703,-0.064335566090
215,2.15,7.677050594383083e-17,0.356528893247,-1.1217097630487105,0.1883774371448178,-1.0700872001935278,-0.356528893247,1.1607264788112656e-17,0.074769413517,0.7027530758345019,-0.14152450345574208,0.6042775792902417,-0.074769413517
216,2.16,-2.710589931699921e-18,0.381528893247,-1.1220781574125924,0.19587488424164212,-1.077953041654234,-0.381528893247,1.356753796305661e-17,0.084695896104,0.7091892768538212,-0.14107776938816985,0.6102670462419915,-0.084695896104
217,2.17,3.6134720869712675e-16,0.406528893247,-1.1207480948491666,0.2038409507537159,-1.0845890456028802,-0.406528893247,1.688501753301686e-17,0.094118794257,0.7154007416725331,-0.14066913823927074,0.616069879911803,-0.094118794257
218,2.18,4.5754056777252485e-16,0.431528893247,-1.1170680553550172,0.21161498298515247,-1.0886830383401656,-0.431528893247,4.097603684528534e-18,0.103042929308,0.7213954230799554,-0.1402958438014631,0.6216912668814181,-0.103042929308
219,2.19,-1.6281631762034312e-15,0.456528893247,-1.1127188125994225,0.21683519041460653,-1.0895540030140307,-0.456528893247,1.2503305564003502e-17,0.111473910938,0.7271820339787648,-0.13995526962693206,0.6271373036056977,-0.111473910938
220,2.2,2.2256419493435897e-15,0.431528893247,-1.0988551303674443,0.23125468663349047,-1.0901098170009373,-0.431528893247,-2.9438167194299316e-18,0.119417908600,0.7327699543154519,-0.1396449554576723,0.6324149097731264,-0.119417908600
221,2.21,-2.530899003625892e-16,0.406528893247,-1.0867565770973835,0.2402675459969067,-1.0870241230942892,-0.406528893247,4.7485071100734016e-18,0.126881444630,0.7381691495486403,-0.1393626007939407,0.6375317503425832,-0.126881444630
222,2.22,1.5047153723877382e-16,0.381528893247,-1.0730136034431057,0.2485645436556957,-1.0815781470988004,-0.381528893247,7.164323888693297e-18,0.133871207000,0.7433901000209647,-0.13910606617077825,0.6424961661917421,-0.133871207000
223,2.23,4.122306136127706e-17,0.356528893247,-1.057381191729033,0.25668777808976995,-1.074068969818801,-0.356528893247,3.577575167458992e-18,0.140393879804,0.7484437405734329,-0.13887337264761135,0.6473171132210438,-0.140393879804
224,2.24,3.132117213123836e-17,0.331528893247,-1.0400425385007042,0.2646137763696742,-1.064656314870381,-0.331528893247,1.043543596678243e-17,0.146455989677,0.7533414097274341,-0.13866269995595515,0.6520041096833906,-0.146455989677
225,2.25,1.2209141483450923e-17,0.306528893247,-1.021219863251532,0.2722607007833543,-1.053480564034886,-0.306528893247,-2.858186623243564e-18,0.152063766470,0.7580948077574742,-0.13847238369561243,0.6565671914530866,-0.152063766470
226,2.2600000000000002,5.139335581055973e-17,0.281528893247,-1.0011235687611348,0.2795527204985834,-1.040676289259719,-0.281528893247,8.169738829137284e-18,0.157223016586,0.7627159629903854,-0.1383009119205646,0.6610168749109504,-0.157223016586
227,2.27,3.5382083431386786e-17,0.256528893247,-0.9799487770248209,0.2864230360950081,-1.0263718131198278,-0.256528893247,1.669527551370752e-17,0.161939007462,0.7672172057023207,-0.13814692141215323,0.6653641271144735,-0.161939007462
228,2.2800000000000002,4.3037491620275496e-17,0.231528893247,-0.957876712122471,0.2928112628894516,-1.0106879750119238,-0.231528893247,2.8447466759888294e-18,0.166216361749,0.7716111490579226,-0.1380091938991278,0.6696203429570509,-0.166216361749
229,2.29,3.793735095101761e-17,0.206528893247,-0.9350757835016675,0.29866184592257083,-0.9937376294242362,-0.206528893247,-1.2583298874054291e-17,0.170058959670,0.7759106766648546,-0.13788665245205023,0.6737973291169026,-0.170058959670
230,2.3000000000000003,3.528294406706954e-17,0.181528893247,-0.9117022746498701,0.3039235515572557,-0.9756258262071227,-0.181528893247,7.10779459637982e-18,0.173469847955,0.7801289365149248,-0.13777835825413842,0.6779072947690579,-0.173469847955
231,2.31,4.171868390495975e-17,0.160439643538,-0.8879009257087286,0.3085495777168906,-0.9564505034256157,-0.160439643538,1.0775546374159176e-17,0.176451153486,0.7842793413423453,-0.13768350793326223,0.6819628492756045,-0.176451153486
232,2.32,3.6592862321421264e-17,0.151360949812,-0.8638055799645353,0.3124979818068777,-0.9363035617714117,-0.151360949812,8.406144619101644e-18,0.179003999535,0.7883755756935439,-0.13760143163203165,0.6859770073255738,-0.179003999535
233,2.33,4.7187346951924205e-17,0.147907088258,-0.8395399702189091,0.315732250798345,-0.9152722210172519,-0.147907088258,9.474940756888996e-18,0.181128422280,0.7924316101296088,-0.13753159199554166,0.6899632021251505,-0.181128422280
234,2.34,4.8700709496262666e-17,0.146937850520,-0.8152186734365269,0.3182219032099841,-0.8934405766465097,-0.146937850520,-4.536784759497814e-18,0.182823285640,0.7964617227126506,-0.13747358426715606,0.693935306979808,-0.182823285640
235,2.35,4.239432137424815e-17,0.146917761407,-0.7909482384239342,0.31994304677356455,-0.8708912851974993,-0.146917761407,4.714502661029003e-18,0.184086193663,0.8004805268791887,-0.1374271376935542,0.6979076645727438,-0.184086193663
236,2.36,3.958385233313101e-17,0.147099693510,-0.7668284774680753,0.32087883646456217,-0.8477073139326357,-0.147099693510,1.9202012420118e-17,0.184913402653,0.8045030025398116,-0.13739211843295085,0.7018951209727624,-0.184913402653
237,2.37,3.94015369453537e-17,0.147118906283,-0.7429539021778179,0.3210197936515883,-0.8239736958294066,-0.147118906283,5.1732552377420544e-18,0.185299740303,0.8085445234742547,-0.13736853410520233,0.7059130575794561,-0.185299740303
238,2.38,4.564943250615372e-17,0.146790985585,-0.7194152735638158,0.3203639619337625,-0.7997792354975757,-0.146790985585,8.945998346541437e-18,0.185238546302,0.8126208690714672,-0.13735653998233455,0.7099774090538005,-0.185238546302
239,2.39,4.477272443214744e-17,0.146010598010,-0.696301222516234,0.3189168903978584,-0.7752181129140907,-0.146010598010,1.453734100197022e-18,0.184721662424,0.8167481984975861,-0.13735644652419643,0.7141046450217821,-0.184721662424
240,2.4,4.380543405960153e-17,0.144699467592,-0.6736998897196119,0.31669145068040516,-0.7503913404000158,-0.144699467592,-1.4057466234577314e-17,0.183739505730,0.8209429645339991,-0.13736872752970497,0.7183116920637054,-0.183739505730
241,2.41,4.0197117833850835e-17,0.142777500242,-0.6517005720909143,0.3137075053569848,-0.7254080774478999,-0.142777500242,8.815058571212087e-18,0.182281200873,0.8252218001507935,-0.13739402842218207,0.7226158285729745,-0.182281200873
242,2.42,2.929163133529754e-17,0.140143384646,-0.630395313117096,0.3099914593014722,-0.700386772418566,-0.140143384646,1.1381194848441122e-18,0.180334793442,0.8296013531908183,-0.1374331738331921,0.7270345270240113,-0.180334793442
243,2.43,4.21598571848854e-17,0.136656656956,-0.6098804475556793,0.30557573084042133,-0.6754561783961015,-0.136656656956,2.6158582288359144e-17,0.177887471960,0.8340981410184415,-0.13748717484752204,0.7315853158659613,-0.177887471960
244,2.44,3.3767648869513e-17,0.132115011962,-0.5902581892275488,0.3004981747184551,-0.650756363946003,-0.132115011962,2.6853412361388668e-17,0.174925596660,0.8387285910961256,-0.1375572396475887,0.7362858307437121,-0.174925596660
245,2.45,4.8759998837608356e-17,0.126219455026,-0.5716384475052979,0.2948014768599717,-0.6264399243652696,-0.126219455026,6.433130854058106e-18,0.171434170864,0.8435095394533373,-0.13764479752525338,0.7411543369785902,-0.171434170864
246,2.46,5.384559814835046e-17,0.118514757357,-0.5541411604964966,0.2885325330801477,-0.6026736935766457,-0.118514757357,1.2476129517270635e-17,0.167395220817,0.8484595571956187,-0.13775155563776897,0.7462111128333873,-0.167395220817
247,2.47,3.5268804017536356e-17,0.108279381421,-0.5378994733469301,0.28174185790290907,-0.5796413312498365,-0.108279381421,1.57053790821385e-17,0.162784473660,0.8536014799345654,-0.137879618438134,0.751481098372698,-0.162784473660
248,2.48,7.098290621906235e-17,0.094304420857,-0.5230639537413221,0.2744832409156631,-0.5575471946569848,-0.094304420857,6.205517607730173e-18,0.157565929316,0.8589662846951615,-0.13803170490498806,0.7569979896001491,-0.157565929316
249,2.49,2.2156206951545877e-17,0.074401435598,-0.5098075753534604,0.26681442826582036,-0.5366220036192799,-0.074401435598,-1.0141866489855586e-18,0.151684691924,0.8645977994714481,-0.13821148501064695,0.7628092844820933,-0.151684691924
250,2.5,7.972666939782463e-19,0.049401435598,-0.4983303430536,0.2588013894823634,-0.517131732535963,-0.049401435598,1.1975754431864077e-17,0.145060088473,0.8705564435693997,-0.13842400184945503,0.768980445418856,-0.145060088473
251,2.5100000000000002,5.992272389639848e-17,0.024401435598,-0.48886173943687894,0.25053563964042136,-0.49939737907730253,-0.024401435598,8.563543915831024e-18,0.137583889088,0.8769182015466025,-0.1386760184148793,0.7755942199614814,-0.137583889088
252,2.52,3.183514555249316e-16,-0.000598564402,-0.48166377335738375,0.24221386972109438,-0.4838776430784768,0.000598564402,1.165513929042313e-17,0.129132201165,0.8837625936586849,-0.1389758942363405,0.782738487895029,-0.129132201165
253,2.5300000000000002,3.572054935718164e-15,-0.025598564402,-0.47710907857878226,0.23474095246086846,-0.47185003103965917,0.025598564402,1.4661817790596827e-17,0.119603329594,0.8911414620408681,-0.13933224259981947,0.7904737046406907,-0.119603329594
254,2.54,-1.0395590928483717e-14,-0.000598564402,-0.4741213769067808,0.2212705071734803,-0.45539188408026865,0.000598564402,6.934719945188006e-18,0.108968824022,0.8990443805909304,-0.13975157045355202,0.7987959510444838,-0.108968824022
255,2.5500000000000003,-1.8856266055029395e-16,0.024401435598,-0.4747506975795136,0.21250507197994584,-0.44725576955945945,-0.024401435598,1.2684105027335205e-17,0.097261162554,0.9074264366211341,-0.14023866233158488,0.8076650989527194,-0.097261162554
256,2.56,-2.804136709030559e-17,0.049401435598,-0.4782681904800522,0.20382952891378203,-0.44209771939383335,-0.049401435598,1.9293800605255374e-17,0.084551594310,0.916228513555983,-0.14079701458743232,0.8170255281434158,-0.084551594310
257,2.57,5.37653690645523e-17,0.074401435598,-0.48448630688434335,0.19519030233739187,-0.4396766092217326,-0.074401435598,1.2611301364413856e-17,0.070935303392,0.9253849722588762,-0.14142887438114526,0.8268138466400194,-0.070935303392
258,2.58,5.028366932194785e-17,0.099401435598,-0.4919231077647349,0.18710801847541536,-0.4390311262401503,-0.099401435598,5.595182841520183e-18,0.056521293361,0.9348277977195788,-0.14213523091327096,0.8369630286328458,-0.056521293361
259,2.59,3.6087939388550695e-17,0.124401435598,-0.5000246076740115,0.17985780765950798,-0.439882415333519,-0.124401435598,1.2162943660209334e-17,0.041425331632,0.9444893496106282,-0.1429158351019929,0.8474051847126218,-0.041425331632
260,2.6,4.486662469994935e-17,0.149401435598,-0.5086570630130299,0.17358125613944575,-0.44223831915247436,-0.149401435598,6.724266255226953e-18,0.025764964684,0.9543042918936432,-0.1437692590013252,0.8580735508949693,-0.025764964684
261,2.61,4.580404754647337e-17,0.174401435598,-0.5177594018296655,0.16837432592213342,-0.4461337277517976,-0.174401435598,6.803598015136007e-19,0.009655988282,0.9642109325788449,-0.14469299087135845,0.8689039234502025,-0.009655988282
262,2.62,3.8849544319045025e-17,0.199401435598,-0.5272739945096393,0.16430859154640365,-0.4515825860560425,-0.199401435598,4.60549401587808e-18,-0.006790029274,0.9741521127110683,-0.14568355775080344,0.8798356704618704,0.006790029274
263,2.63,4.2414767473789073e-17,0.224401435598,-0.5371331021735603,0.16143643896831794,-0.4585695411418782,-0.224401435598,6.846109439373701e-18,-0.023467445069,0.9840757469004381,-0.14673666654725548,0.8908124134476956,0.023467445069
264,2.64,6.612502381832523e-17,0.236211728680,-0.5472090166610687,0.15952649390356577,-0.46673551056463713,-0.236211728680,-6.339224652753574e-17,-0.040277009099,0.9939348836687653,-0.1478477449049468,0.9017826285737107,0.040277009099
265,2.65,1.5738634531246521e-16,0.237893140960,-0.5573070622266566,0.1578906187838679,-0.4751976810105254,-0.237893140960,2.0186680711577072e-17,-0.057129259637,1.0036887106695014,-0.149010368880807,0.9126990795503089,0.057129259637
266,2.66,4.55583916805477e-17,0.234541211128,-0.5673525883068652,0.15636601344337075,-0.4837186017502346,-0.234541211128,3.637782056287706e-17,-0.073940656849,1.0133009340624293,-0.15021925924760782,0.9235201933100341,0.073940656849
267,2.67,4.197225545037175e-17,0.228720286854,-0.5773038304793668,0.15492257852355362,-0.4922264090029187,-0.228720286854,2.891157782478176e-18,-0.090636274170,1.0227406334634077,-0.15146845802629472,0.9342090914896999,0.090636274170
268,2.68,6.032856478892377e-17,0.221727146934,-0.5871287959150894,0.15355575217191852,-0.5006845480870061,-0.221727146934,5.357571272678018e-18,-0.107149438397,1.031981803228505,-0.1527518199455412,0.9447336231740464,0.107149438397
269,2.69,5.841407128123027e-17,0.214222912818,-0.5968005257107737,0.15226520584060854,-0.5090657315513822,-0.214222912818,2.1568015635375424e-17,-0.123421348824,1.0410029926912268,-0.15406320077308966,0.955066193464313,0.123421348824
270,2.7,-4.9435238077390706e-17,0.206549119901,-0.6062960037441388,0.15105070886133698,-0.5173467126054709,-0.206549119901,3.355464160179779e-17,-0.139400655754,1.0497869462213005,-0.1553965726277965,0.9651835188490998,0.139400655754
271,2.71,3.8314217113800835e-17,0.198886372751,-0.6155956916636544,0.14991040353948348,-0.5255060952031356,-0.198886372751,1.1450417924040851e-17,-0.155042010604,1.0583208971378655,-0.15674510657442398,0.9750660037122905,0.155042010604
272,2.72,4.1671260347065157e-17,0.191332317301,-0.6246835738331323,0.14884416036622172,-0.5335277341993545,-0.191332317301,1.1590462867905095e-17,-0.170308051778,1.0665940148544424,-0.15810459617014516,0.9846986110245886,0.170308051778
273,2.73,4.1061462699352796e-17,0.183942462528,-0.6335465490273161,0.1478496113155946,-0.5413961603429107,-0.183942462528,5.371252829107141e-18,-0.185166726459,1.0745996489052958,-0.159469485555508,0.9940691344608061,0.185166726459
274,2.74,3.5502466908374767e-17,0.176749807871,-0.642174385754296,0.1469242364197313,-0.5490986221740228,-0.176749807871,7.42894110774357e-18,-0.199591518343,1.0823337212216204,-0.1608348724270262,1.0031685936486465,0.199591518343
275,2.75,3.8639510276975535e-17,0.169774974162,-0.6505594700588598,0.14606524103531726,-0.5566247110941744,-0.169774974162,8.656870095297101e-18,-0.213560927045,1.0897945435199405,-0.16219631399658818,1.0119908575165237,0.213560927045
276,2.7600000000000002,4.38172334175928e-17,0.163031391377,-0.6586965755145694,0.14526960213674622,-0.5639661776513178,-0.163031391377,9.48234480216707e-18,-0.227057963258,1.0969825419850183,-0.16354980167228172,1.020532343657295,0.227057963258
277,2.77,4.0051237952271513e-17,0.156528009003,-0.6665826441496928,0.14453413876373278,-0.5711167829134225,-0.156528009003,7.387675358581385e-18,-0.240114815891,1.1038783328834514,-0.16492103657075152,1.0287993694541993,0.240114815891
278,2.7800000000000002,4.320880964498033e-17,0.150270761201,-0.6742165776990002,0.143855578259812,-0.5780721559588122,-0.150270761201,6.519882196239613e-18,-0.253866110550,1.1099988623591672,-0.16695385491579462,1.0369527172749582,0.253866110550
279,2.79,3.466397267086602e-17,0.144263402390,-0.6815990402399638,0.1432306133475204,-0.5848296535874851,-0.144263402390,-2.8646502248779833e-18,-0.269825928488,1.1150418081358753,-0.17002323479758863,1.0450650429334634,0.269825928488
280,2.8000000000000003,4.382816808429714e-17,0.138508020857,-0.6887322732208087,0.14265594982564045,-0.5913882230464487,-0.138508020857,1.2825861222859934e-17,-0.289654584953,1.1189496151312932,-0.1741747850332508,1.053124400164543,0.289654584953
281,2.81,4.7762742592519146e-17,0.133005384193,-0.6956199235609165,0.1421283456415462,-0.59774826920246,-0.133005384193,1.6738733134738958e-17,-0.315708544879,1.121730834865759,-0.17937632567652229,1.0611071605422826,0.315708544879
282,2.82,4.131557022111047e-17,0.127755193554,-0.7022668851799568,0.14164464227676288,-0.603911527456718,-0.127755193554,9.011235473479483e-19,-0.351993322520,1.1234249401165757,-0.18556713284121573,1.0689920729577918,0.351993322520
283,2.83,2.496005470242619e-17,0.122756285513,-0.7086791540394098,0.14120178939215322,-0.6098809434315604,-0.122756285513,-2.0756323611954173e-18,-0.401993322520,1.1240973110285752,-0.19266427126058894,1.0767615822891632,0.401993322520
284,2.84,4.5103567931106304e-17,0.118006801199,-0.7148636965611895,0.1407968636383249,-0.6156605601995166,-0.118006801199,2.2437079576039643e-16,-0.451993322520,1.1236287303217454,-0.2004990409352715,1.0841277712570172,0.451993322520
285,2.85,3.88979651822013e-17,0.113504332933,-0.7208283311176987,0.14042708247748525,-0.621255413595184,-0.113504332933,5.909311453477489e-16,-0.501993322520,1.1208750014600648,-0.20853689215484794,1.089411893614913,0.501993322520
286,2.86,4.8473553810275016e-17,0.109246053906,-0.7265816221586024,0.1400898137951604,-0.6266714359537651,-0.109246053906,-3.7967772690699344e-17,-0.551993322520,1.1160534410825003,-0.21588697593362094,1.0919404170161198,0.551993322520
287,2.87,3.835396890672398e-17,0.105228834096,-0.7321327864462336,0.13978258200904092,-0.6319153684552758,-0.105228834096,-2.1162330563007104e-16,-0.501993322520,1.1046630558630648,-0.22846888883500827,1.0931319446980734,0.501993322520
288,2.88,1.996722039182279e-17,0.101449344448,-0.7374916108066937,0.1395030713108928,-0.6369946821175865,-0.101449344448,-6.02105393512829e-16,-0.451993322520,1.0942719405999286,-0.2365728066340177,1.0908447472339493,0.451993322520
289,2.89,2.914201051442443e-17,0.097904150816,-0.7426683807625142,0.13924912660843936,-0.6419175073709531,-0.097904150816,7.157941602163835e-17,-0.401993322520,1.0816239780855748,-0.2446611121227279,1.0862850902083043,0.401993322520
290,2.9,3.463429970275124e-17,0.094589798796,-0.7476738193891573,0.13901875266877506,-0.6466925720579311,-0.094589798796,4.7418820401234876e-17,-0.351993322520,1.0668386752741918,-0.25279648404879806,1.0796351593229911,0.351993322520
291,2.91,6.636342895963082e-17,0.091502890460,-0.7525190357271231,0.13881011190442838,-0.6513291476315515,-0.091502890460,1.5740000348071992e-17,-0.301993322520,1.0502084780716254,-0.26081444404548393,1.0710229221171066,0.301993322520
292,2.92,5.77120681806019e-17,0.088640153889,-0.7572154820807927,0.13862152118808402,-0.6558370032688798,-0.088640153889,6.2871436914707325e-18,-0.251993322520,1.031986536487996,-0.2685963142908375,1.0605828507788335,0.251993322520
293,2.93,3.6054510522612304e-17,0.085998506296,-0.7617749195432434,0.13845144803254172,-0.660226367575786,-0.085998506296,4.532431842467921e-18,-0.201993322520,1.012394306712868,-0.27605644914174576,1.0484507558546146,0.201993322520
294,2.94,2.712599092788544e-17,0.083575111508,-0.7662093911064974,0.13829850642862118,-0.6645078975351217,-0.083575111508,3.750304431733847e-18,-0.151993322520,0.9916332511189597,-0.2831250277545748,1.0347582788735334,0.151993322520
295,2.95,4.8958695980862697e-17,0.081367432495,-0.7705312017579057,0.13816145259541035,-0.668692654353316,-0.081367432495,8.226903740112519e-18,-0.101993322520,0.9698899175260439,-0.2897402668065504,1.019630184332596,0.101993322520
296,2.96,4.140467555064955e-17,0.079373279639,-0.7747529050401393,0.13803918086428368,-0.6727920859044239,-0.079373279639,6.3011050318843004e-18,-0.051993322520,0.9473378538020584,-0.2958454472600228,1.0031833010620814,0.051993322520
297,2.97,6.551052997114905e-17,0.077590855431,-0.7788872956836076,0.1379307198908558,-0.6768180155744665,-0.077590855431,3.42997052709178e-18,-0.019398940297,0.9241384140158689,-0.30138798639405595,0.9855264004099253,0.019398940297
298,2.98,4.711761068993331e-17,0.076018796355,-0.7829474081191005,0.13783522936806014,-0.6807826374871602,-0.076018796355,1.093882544540068e-17,-0.006978089298,0.9004412787477679,-0.3063194001737296,0.9667606789214971,0.006978089298
299,2.99,4.329399724879615e-17,0.074656212842,-0.7869465209382877,0.13775199740018806,-0.6846985183384766,-0.074656212842,8.100183774358748e-18,-0.003743911988,0.8763849953425699,-0.31059567776077934,0.946980673103345,0.003743911988
300,3.0,5.975334016802937e-17,0.073502728321,-0.7908981676329684,0.13768043869343327,-0.6885786063264034,-0.073502728321,1.531150889366653e-17,-0.004367797488,0.8520976504370107,-0.3141778446343292,0.9262754950713386,0.004367797488
301,3.0100000000000002,3.675375379853464e-17,0.072558518449,-0.794816154069829,0.1376200937240194,-0.6924362477938479,-0.072558518449,1.2842729219014125e-17,-0.006298142156,0.8276977139993323,-0.3170325888800517,0.904730302879384,0.006298142156
302,3.02,2.7619723671855925e-17,0.071824351513,-0.798714582886409,0.13757062905813744,-0.6962852119445464,-0.071824351513,1.5644300484490976e-17,-0.008334899979,0.8032950641851296,-0.3191328674901289,0.8824279316752572,0.008334899979
303,3.0300000000000002,2.9358782369474256e-17,0.071301630293,-0.802607883944849,0.1375318390105954,-0.7001397229554427,-0.071301630293,1.016539536939916e-17,-0.009926018868,0.7789921876672966,-0.3204584320269933,0.8594506196942908,0.009926018868
304,3.04,4.6524017927095093e-17,0.070992434296,-0.8065108477150008,0.13750364882346633,-0.704014496538464,-0.070992434296,4.440859606051428e-18,-0.010821015534,0.7548855403505935,-0.3209962287621312,0.8358817691127256,0.010821015534
305,3.0500000000000003,4.335598155407404e-17,0.070899558638,-0.8104386546877694,0.1374861194929894,-0.7079247741807584,-0.070899558638,1.5857313295476506e-17,-0.010900475487,0.7310670444411055,-0.32074064229261057,0.8118076867337165,0.010900475487
306,3.06,4.641673365805202e-17,0.071026542290,-0.8144068888994315,0.1374794542361678,-0.7118863431356011,-0.071026542290,1.1052186446383819e-17,-0.010091414732,0.7076256883272914,-0.3196935655350749,0.7873192538623655,0.010091414732
307,3.0700000000000003,3.818084495980794e-17,0.071377671579,-0.8184315136811026,0.13748400629861168,-0.7159155199797147,-0.071377671579,1.1566315302661259e-17,-0.008323578972,0.6846491820973465,-0.3178642937474502,0.7625134758447962,0.008323578972
308,3.08,4.6063387741415186e-17,0.071957942007,-0.8225287869036934,0.13750028738090603,-0.7200290742846014,-0.071957942007,4.452889064180595e-18,-0.005503928818,0.6622256145353244,-0.3152692555108759,0.7374948700461963,0.005503928818
309,3.09,5.127229932599756e-17,0.072772990439,-0.8267151487914973,0.13752897622599491,-0.7242441250174898,-0.072772990439,5.159888142397528e-18,-0.001497179893,0.6404450958397244,-0.311931603914713,0.7123766997544343,0.001497179893
310,3.1,6.169468024567098e-17,0.073828986628,-0.8310070577024052,0.1375709265323516,-0.7285779842347586,-0.073828986628,1.8211280126891945e-17,0.003895220397,0.6194013207892449,-0.30788070519776023,0.6872820259870038,-0.003895220397
311,3.11,3.898553317150274e-17,0.075132520419,-0.8354208457221094,0.13762717456971274,-0.733048020291823,-0.075132520419,8.426475883326076e-18,0.010964351837,0.5991930609679069,-0.3031515660605858,0.6623446270284936,-0.010964351837
312,3.12,3.3311955862780905e-17,0.076690586063,-0.8399727600078438,0.13769895021962875,-0.7376717102274717,-0.076690586063,1.3927175244169733e-17,0.020140110442,0.5799256739977149,-0.2977842351550334,0.6377099091527483,-0.020140110442
313,3.13,5.271101108121812e-17,0.078510846543,-0.8446794618076235,0.13778770132841622,-0.7424671631360389,-0.078510846543,1.5673216088864786e-17,0.032069823474,0.5617128160309345,-0.2918232023578772,0.6135360183888081,-0.032069823474
314,3.14,9.978855461453481e-18,0.080602446068,-0.8495593532721389,0.13789515057594637,-0.747454503848084,-0.080602446068,2.4869241214949417e-18,0.047760070370,0.5446786481993026,-0.2853168150470725,0.589995463246376,-0.047760070370
315,3.15,5.053177539639169e-17,0.082977676980,-0.854635106958516,0.13802341451922973,-0.7526585214777461,-0.082977676980,8.213265531489506e-18,0.068851003172,0.5289608717773301,-0.27831677850098135,0.567277650278315,-0.068851003172
316,3.16,6.207267804512946e-17,0.085654703387,-0.8599375427108501,0.13817521963021362,-0.7581127623410615,-0.085654703387,1.7087003931356948e-17,0.098196549535,0.5147147998775746,-0.27087802792858773,0.5455928278061619,-0.098196549535
317,3.17,6.097733774367397e-17,0.088661156867,-0.8655103373907426,0.13835423661755464,-0.7638645740082928,-0.088661156867,2.4220899994621608e-17,0.141246892808,0.5021182466772426,-0.263060009596496,0.5251782562737417,-0.141246892808
318,3.18,2.4073507135796404e-17,0.092037584655,-0.8714137660961941,0.1385654998351119,-0.7699792659313025,-0.092037584655,-2.3312621879092117e-17,0.191246892808,0.4913763239487504,-0.2549330898104173,0.5063094137591704,-0.191246892808
319,3.19,3.388928341465067e-17,0.095838332045,-0.8777236782764258,0.13881575223226916,-0.7765394305086928,-0.095838332045,3.82881795574578e-16,0.241246892808,0.4827256204004452,-0.24660652473897493,0.48933214513941925,-0.241246892808
320,3.2,3.8506178142126275e-17,0.100125556712,-0.8845194720102975,0.1391133242236774,-0.7836327962339751,-0.100125556712,-2.0197301235535168e-15,0.291246892808,0.4764532873636017,-0.2383958688917308,0.4748491562553361,-0.291246892808
321,3.21,3.825964474616864e-17,0.104950212018,-0.8918528850885369,0.13946680237194642,-0.7913196874604842,-0.104950212018,-2.0028505048758977e-15,0.241246892808,0.471697902094829,-0.224454608210381,0.456152510305214,-0.241246892808
322,3.22,2.913572307633024e-17,0.110326429689,-0.8997134062064457,0.13988268751677524,-0.7995960937232218,-0.110326429689,-5.304592968671064e-16,0.191246892808,0.4708995494911835,-0.21723920373901973,0.448138753230205,-0.191246892808
323,3.23,3.332435024453142e-17,0.116237723208,-0.9080560484011652,0.14036577663577454,-0.8084218250369388,-0.116237723208,-2.7476315892901007e-16,0.141246892808,0.4727583471542093,-0.20900453797926455,0.4417628851334725,-0.141246892808
324,3.24,4.023575942188724e-17,0.122648130353,-0.9168216263503207,0.1409195927869079,-0.8177412191372269,-0.122648130353,-4.317664844824301e-17,0.091246892808,0.4774815172939003,-0.20035520806963503,0.43783672536353313,-0.091246892808
325,3.25,3.835776567332296e-17,0.129509677937,-0.92594443484579,0.14154642178204846,-0.8274908566278341,-0.129509677937,1.1893681389871753e-17,0.041246892808,0.484217590906309,-0.19194434126706306,0.4361619321733712,-0.041246892808
326,3.2600000000000002,4.0054399009097545e-17,0.136767474041,-0.93535639358985,0.14224730135884667,-0.8376036949486951,-0.136767474041,-8.120791417483529e-19,-0.008753107192,0.4918112310867758,-0.18425081284853395,0.4360620439353098,0.008753107192
327,3.27,3.7714796251417903e-17,0.144363261075,-0.944989796466687,0.14302203880552844,-0.8480118352722115,-0.144363261075,7.23641732480055e-18,-0.058753107192,0.5000147306587489,-0.1774654005937527,0.4374801312525043,0.058753107192
328,3.2800000000000002,4.854061890565808e-17,0.152237926134,-0.9547792403716829,0.1438692683880204,-0.8586485087597011,-0.152237926134,7.779485077377536e-18,-0.108753107192,0.5087499460848274,-0.17170074539539304,0.4404506914802204,0.108753107192
329,3.29,4.468833968286337e-17,0.160333277898,-0.9646629646447532,0.1447865445663551,-0.8694495092111061,-0.160333277898,1.6211811606195736e-17,-0.158753107192,0.517961186366887,-0.1670385839166043,0.44499977028348914,0.158753107192
330,3.3000000000000003,3.986131245434505e-17,0.168593292155,-0.9745837401223351,0.14577046290586104,-0.8803542030281952,-0.168593292155,6.333757494110917e-18,-0.179321367564,0.5275859157161814,-0.1635404562239261,0.4511263719401071,0.179321367564
331,3.31,4.160049301019607e-17,0.176964963948,-0.9844894100611771,0.1468167997306714,-0.8913062097918476,-0.176964963948,7.187041567091148e-18,-0.180889356368,0.5375436624096156,-0.16122045571756305,0.4587641181271791,0.180889356368
332,3.3200000000000003,4.061966992426222e-17,0.185398864334,-0.9943331632412945,0.14792066198778475,-0.9022538252290793,-0.185398864334,1.0157255454633953e-17,-0.173177221789,0.5476312706441578,-0.1594483425451939,0.46707961318934954,0.173177221789
333,3.33,3.736974463524165e-17,0.193849366372,-1.0040733360184193,0.14907711649997435,-0.9131504525183956,-0.193849366372,-2.1030643666748712e-17,-0.160854050812,0.5577196752133712,-0.15783860211377,0.4755582773271434,0.160854050812
334,3.34,2.6869718980237962e-17,0.202275285917,-1.013674497501996,0.1502792522311608,-0.923953749733156,-0.202275285917,1.447210788769535e-17,-0.146291128271,0.5677527606476193,-0.15631656301053598,0.48406932365815214,0.146291128271
335,3.35,2.696278490772871e-17,0.210639116472,-1.023105370528957,0.15152170882162175,-0.934627079350578,-0.210639116472,1.9402237586137253e-17,-0.130707925434,0.5776926265237182,-0.15487066368069924,0.4925632902044135,0.130707925434
336,3.36,3.9776530360810186e-17,0.218907550139,-1.032339826701361,0.1527985086763729,-0.9451383353777323,-0.218907550139,9.776385362401353e-18,-0.114743287237,0.587508057481931,-0.15350009977276458,0.5010081572546929,0.114743287237
337,3.37,5.371945911622148e-18,0.227051263817,-1.0413563431113682,0.15410358672463886,-0.955459929836008,-0.227051263817,1.7934099548112282e-17,-0.098741974451,0.5971722573371184,-0.15220534118374973,0.5093775985208651,0.098741974451
338,3.38,9.942613487446686e-17,0.235044693437,-1.0501376064602974,0.15543097403177086,-0.9655685804920657,-0.235044693437,5.1553970167729646e-17,-0.082898172495,0.6066622526133411,-0.1509863607535321,0.517648613366871,0.082898172495
339,3.39,-4.639747164072082e-17,0.242865793065,-1.0586701386727357,0.1567748997695927,-0.9754450384423285,-0.242865793065,2.5102547884059533e-18,-0.067327501880,0.6159586101633404,-0.14984239922279097,0.5258010093861336,0.067327501880
340,3.4,4.3217580527907007e-17,0.250494889208,-1.066944483411242,0.1581290411251356,-0.98507352453638,-0.250494889208,8.736748158767793e-18,-0.052105073917,0.6250451486089627,-0.14877119288473362,0.5338163414936985,0.052105073917
341,3.41,5.00326226991127e-17,0.257916881221,-1.0749530317882199,0.1594892969413585,-0.9944423287295812,-0.257916881221,4.1898484967392135e-18,-0.037278972051,0.6339089115399698,-0.1477718426475213,0.5416807541874902,0.037278972051
342,3.42,3.9914987034038494e-17,0.265118616221,-1.0826918149889915,0.160850605857776,-1.003542420846768,-0.265118616221,1.6596379452639952e-17,-0.022884443131,0.6425396831733227,-0.14684166314533986,0.549381346318659,0.022884443131
343,3.43,4.267894674219194e-17,0.272089473637,-1.0901591549894443,0.162208526564264,-1.01236768155371,-0.272089473637,6.325663907003372e-18,-0.008947198840,0.6509298842982086,-0.14597785503821437,0.5569077393364217,0.008947198840
344,3.44,3.808258350860812e-17,0.278821095507,-1.097355475917305,0.16355908298671118,-1.0209145589040152,-0.278821095507,1.3067235706944526e-17,0.004513809632,0.659074332862205,-0.14517742009029766,0.5642517529525022,-0.004513809632
345,3.45,3.806662865860934e-17,0.285567745962,-1.10408842235507,0.16516170929188123,-1.0292501316469516,-0.285567745962,6.312908321484804e-18,0.017484768488,0.6669700235527652,-0.14443720556783657,0.5714072291206,-0.017484768488
346,3.46,3.310478178241742e-17,0.293238976714,-1.1098365892811701,0.16770126596520385,-1.0375378552463748,-0.293238976714,1.2029563985028285e-17,0.029955967589,0.6746159193149462,-0.14375396547774966,0.5783698847926941,-0.029955967589
347,3.47,3.576669222414391e-17,0.302705240067,-1.1144679633696706,0.17131978374446144,-1.0457877471141306,-0.302705240067,1.0958001913611927e-17,0.041921075774,0.682012754571976,-0.14312441686469246,0.5851371714366649,-0.041921075774
348,3.48,3.981893231993236e-17,0.315047262439,-1.1179669888566908,0.17600938483824857,-1.0539763736949415,-0.315047262439,1.0734081267823455e-17,0.053376585478,0.6891628508975575,-0.1425452875826113,0.5917081384801697,-0.053376585478
349,3.49,4.322047423859348e-17,0.331954006237,-1.1203592937539897,0.18171933590077727,-1.0620786296547682,-0.331954006237,4.198744488795429e-18,0.064321356725,0.6960699457696765,-0.1420133556170261,0.5980833013867026,-0.064321356725
350,3.5,4.306067736369177e-17,0.356519826570,-1.121698177013159,0.18837484831625206,-1.0700730253294115,-0.356519826570,7.353305297825367e-18,0.074756225232,0.7027390347542887,-0.14152548075872462,0.6042645155130102,-0.074756225232
351,3.5100000000000002,1.2646032596643542e-16,0.381519826570,-1.1220675404637932,0.19587247276500908,-1.0779400132287986,-0.381519826570,1.3496502136570556e-17,0.084683656444,0.7091762272037815,-0.1410786295465224,0.6102548567503034,-0.084683656444
352,3.52,-1.946536432995293e-17,0.406519826570,-1.1207383569183422,0.20383872581280083,-1.084577082731138,-0.406519826570,5.016100817668271e-18,0.094107435745,0.7153886153386831,-0.14066989437837674,0.6160585097170581,-0.094107435745
353,3.5300000000000002,-1.1546089492511677e-15,0.431519826570,-1.117059086263656,0.21161297423011993,-1.0886720604937754,-0.431519826570,1.3260932070499522e-17,0.103032389132,0.7213841564113262,-0.1402965076359176,0.6216806640472448,-0.103032389132
354,3.54,8.857074265362281e-17,0.456519826570,-1.1127104739649143,0.216833433554093,-1.0895439075190059,-0.456519826570,2.2881374269265035e-18,0.111464130652,0.7271715675215208,-0.13995585160133406,0.6271274191228513,-0.111464130652
355,3.5500000000000003,-1.7613718550771034e-17,0.431519826570,-1.0988477212983243,0.2312528502841854,-1.0901005715825083,-0.431519826570,1.7238944214123207e-17,0.119408833843,0.7327602325599162,-0.13964546487526974,0.6324056974351833,-0.119408833843
356,3.56,4.2997924259395933e-16,0.406519826570,-1.0867497734120102,0.24026587649133913,-1.0870156499033474,-0.406519826570,1.6700757176620192e-17,0.126873024852,0.738160120688801,-0.13936304593384075,0.6375231666226404,-0.126873024852
357,3.5700000000000003,1.3188687990033653e-16,0.381519826570,-1.0730073229047408,0.24856305904933962,-1.0815703819540812,-0.381519826570,6.459145434047504e-18,0.133863395214,0.7433817157261028,-0.1391064543944599,0.6424881701205627,-0.133863395214
358,3.58,-3.1433835572473893e-17,0.356519826570,-1.0573753872583973,0.25668646731050926,-1.0740618545689078,-0.356519826570,1.122938090792575e-17,0.140386632338,0.7484359557715347,-0.13887371049548192,0.6473096662670179,-0.140386632338
359,3.59,3.1082558797239197e-17,0.331519826570,-1.0400371694670243,0.26461262673747277,-1.0646497962044965,-0.331519826570,1.3156307264778907e-17,0.146449265956,0.7533341823999865,-0.13866299323469244,0.6519971756346812,-0.146449265956
360,3.6,3.6202552202820725e-17,0.306519826570,-1.0212148923910513,0.2722597005560409,-1.0534745929470948,-0.306519826570,2.805052867191717e-18,0.152057528801,0.7580880987453337,-0.13847263755699857,0.6565607363023331,-0.152057528801
361,3.61,3.3473623283905545e-17,0.281519826570,-1.0011189620933303,0.27955185857144127,-1.0406708206647697,-0.281519826570,1.7142999374474685e-17,0.157217229957,0.7627097358103266,-0.13830113093251228,0.6610108667428398,-0.157217229957
362,3.62,4.139344202504957e-17,0.256519826570,-0.9799445038038436,0.28642230172142036,-1.0263668055252613,-0.256519826570,-1.2947007977332359e-18,0.161933639360,0.7672114263738808,-0.13814710962257426,0.6653585359964551,-0.161933639360
363,3.63,3.93290464337306e-17,0.231519826570,-0.9578727446299534,0.29281064559372505,-1.0106833902236734,-0.231519826570,2.8309563742958766e-17,0.166211381985,0.7716057859401505,-0.13800935489328048,0.6696151408334301,-0.166211381985
364,3.64,3.8805144025693496e-17,0.206519826570,-0.9350720967669527,0.298661335512696,-0.9937334322796487,-0.206519826570,3.152545349504624e-18,0.170054340215,0.7759057003026025,-0.13788678940393917,0.6737924897065404,-0.170054340215
365,3.65,4.885382002436959e-17,0.181519826570,-0.9116988461589851,0.3039231381738642,-0.975621984332848,-0.181519826570,2.4822383420418885e-17,0.173465562789,0.7801243194942283,-0.13777847397252352,0.677902793466751,-0.173465562789
366,3.66,4.1977079759515447e-17,0.160435549270,-0.8878977351298981,0.30854925188834115,-0.956446987018237,-0.160435549270,7.522751185608311e-18,0.176447178459,0.7842750581545356,-0.1376836049027822,0.6819586630573169,-0.176447178459
367,3.67,4.0751678124210464e-17,0.151359291103,-0.8638026089004508,0.31249773449796836,-0.9363003433984196,-0.151359291103,8.956826955554463e-18,0.179000312229,0.788371602607648,-0.13760151204991156,0.6859731146575583,-0.179000312229
368,3.68,4.535139771763418e-17,0.147906606262,-0.8395372019876791,0.31573207344816334,-0.9152692754358411,-0.147906606262,1.6969682146686374e-17,0.181125001892,0.7924279250726808,-0.13753165780431342,0.6899595828769924,-0.181125001892
369,3.69,4.0793956094227676e-17,0.146937923342,-0.8152160928797559,0.31822178775801924,-0.8934378806377743,-0.146937923342,-4.097251968981939e-19,0.182820112864,0.7964583051575903,-0.1374736371837898,0.6939319423413841,-0.182820112864
370,3.7,4.6511133382844446e-17,0.146918084126,-0.7909458317390278,0.3199429856747483,-0.8708888174137761,-0.146918084126,1.1988176861879524e-17,0.184083250583,0.8004773577396992,-0.13742717923536907,0.6979045369750714,-0.184083250583
371,3.71,4.709179445067357e-17,0.147100118580,-0.7668262320615727,0.3208788226945877,-0.8477050547561595,-0.147100118580,1.3973852809650393e-17,0.184910672647,0.8045000640720811,-0.1373921499406371,0.7018922140127208,-0.184910672647
372,3.72,3.216844452511557e-17,0.147119364014,-0.7429518065366355,0.321019820704041,-0.8239716272406787,-0.147119364014,1.0337689073320616e-17,0.185297207945,0.8085417991850018,-0.13736855676327597,0.7059103559482778,-0.185297207945
373,3.73,3.5526665927263905e-17,0.146791444600,-0.7194133171417266,0.32036402381062656,-0.799777340952351,-0.146791444600,1.3917243462551255e-17,0.185236197284,0.8126183436319901,-0.13735655483732956,0.7099748984693206,-0.185236197284
374,3.74,3.9781087239331986e-17,0.146011045635,-0.6962993956332514,0.3189169815948413,-0.7752163772280887,-0.146011045635,1.548214397884955e-17,0.184719483468,0.8167458576634462,-0.13735645450087353,0.7141023121643193,-0.184719483468
375,3.75,3.9397796592726055e-17,0.144699900192,-0.673698183472408,0.3166915661683719,-0.7503897496407794,-0.144699900192,-9.817987582323352e-18,0.183737484518,0.8209407950699631,-0.13736872944555645,0.7183095245155164,-0.183737484518
376,3.7600000000000002,3.753504344834517e-17,0.142777918505,-0.6516989782728518,0.313707640560558,-0.7254066188334085,-0.142777918505,9.424539318206733e-18,0.182279325980,0.8252197897607633,-0.13739402500040765,0.7226138147611656,-0.182279325980
377,3.77,4.6576546638072816e-17,0.140143791343,-0.6303938241466521,0.3099916100756591,-0.7003854342223099,-0.140143791343,-2.978647367462442e-18,0.180333054268,0.8295994904523855,-0.1374331657143194,0.727032656166704,-0.180333054268
378,3.7800000000000002,3.8276608105506776e-17,0.136657055943,-0.6098790564124715,0.3055758934458842,-0.6754549498583535,-0.136657055943,-1.1116864655389115e-17,0.177885858672,0.834096415321807,-0.13748716259974503,0.7315835779215525,-0.177885858672
379,3.79,4.181289034074709e-17,0.132115407835,-0.590256889395172,0.300498345795691,-0.6507552351908621,-0.132115407835,7.764878354528311e-18,0.174924100141,0.8387269925871809,-0.13755722377574486,0.7362842163629266,-0.174924100141
380,3.8000000000000003,5.105974431616225e-17,0.126219853154,-0.5716372329204279,0.29480165340231157,-0.626438886322743,-0.126219853154,2.652661218342487e-18,0.171432782656,0.8435080589807643,-0.13764477847820322,0.7411528374589671,-0.171432782656
381,3.81,3.4105177374398855e-17,0.118515164213,-0.5541400255035899,0.2885327124050102,-0.6026727379085997,-0.118515164213,2.3477482191258354e-17,0.167393933075,0.848458186262005,-0.13775153381380412,0.7462097200758087,-0.167393933075
382,3.8200000000000003,4.452274933311334e-17,0.108279805264,-0.5378984126578185,0.2817420376200436,-0.579640450277862,-0.108279805264,1.0088176230561546e-17,0.162783279109,0.8536002106515578,-0.1378795941880565,0.751479804839613,-0.162783279109
383,3.83,3.1215127574198513e-17,0.094304873019,-0.5230629623989894,0.27448341888981453,-0.5575463812888066,-0.094304873019,-2.5870383785249677e-18,0.157564821207,0.8589651097427203,-0.1380316785327219,0.7569967882754418,-0.157564821207
384,3.84,-1.4318469753761095e-17,0.074401932998,-0.5098066486993008,0.26681460256790335,-0.5366212512672042,-0.074401932998,1.0404639300989054e-17,0.151683663994,0.864596712061034,-0.13821145677188273,0.7628081688329167,-0.151683663994
385,3.85,3.9769114486821936e-17,0.049401932998,-0.4983294766978129,0.2588015583125115,-0.517131035010324,-0.049401932998,2.9229326116773824e-18,0.145059134909,0.8705554374105099,-0.13842397194998501,0.7689794093604951,-0.145059134909
386,3.86,-3.029372388499152e-17,0.024401932998,-0.4888609292319127,0.2505358011647104,-0.49939673039662,-0.024401932998,8.806015739545282e-18,0.137583004494,0.8769172708150964,-0.138675987011868,0.7755932578269635,-0.137583004494
387,3.87,-3.595468718530097e-16,-0.000598067002,-0.4816630153779303,0.2422140215634362,-0.4838770369413665,0.000598067002,1.8138538432850702e-17,0.129131380535,0.8837617329641471,-0.13897586144759366,0.7827375944117398,-0.129131380535
388,3.88,7.394208248433636e-15,-0.025598067002,-0.47710836934897316,0.23474108988331388,-0.4718494592322968,0.025598067002,7.0718667621139e-18,0.119602568284,0.8911406663886164,-0.13933220852736972,0.7904728749159857,-0.119602568284
389,3.89,1.2422998794563122e-14,-0.000598067002,-0.47412071323599847,0.221270657006453,-0.4553913702424466,0.000598067002,9.834765595482633e-18,0.108968117735,0.8990436453387051,-0.1397515352165951,0.7987951805553002,-0.108968117735
390,3.9,1.5884185574449396e-15,0.024401932998,-0.4747500760600697,0.21250521059731808,-0.447255286657382,-0.024401932998,1.6224155241343846e-17,0.097260507318,0.9074257574458972,-0.14023862607651572,0.8076643835224124,-0.097260507318
391,3.91,1.4630675510789684e-16,0.049401932998,-0.4782676080699285,0.20382965502173278,-0.44209726309165864,-0.049401932998,8.81794525011741e-18,0.084550986456,0.9162278864279908,-0.1407969774850485,0.817024863913042,-0.084550986456
392,3.92,3.717924776514254e-17,0.074401932998,-0.48448576100005625,0.1951904166603261,-0.4396761776603859,-0.074401932998,1.0149543867600485e-17,0.070934739527,0.9253843934194609,-0.14142883662024597,0.8268132300397055,-0.070934739527
393,3.93,5.533465383865791e-17,0.099401932998,-0.49192259639573976,0.1871081220073686,-0.4390307184031079,-0.099401932998,1.0107711974129853e-17,0.056520770349,0.9348272636615543,-0.14213519269346098,0.8369624563550189,-0.056520770349
394,3.94,5.1165977861572755e-17,0.124401932998,-0.5000241290891775,0.17985790130160606,-0.43988203039078533,-0.124401932998,8.159767352658198e-18,0.041424846570,0.9444888570608868,-0.14291579662679033,0.8474046536876769,-0.041424846570
395,3.95,4.242758758264878e-17,0.149401932998,-0.5086566156319715,0.17358134067157904,-0.44223795630354834,-0.149401932998,1.3863663033685133e-17,0.025764514880,0.9543038377975329,-0.1437692204720663,0.8580730582696012,-0.025764514880
396,3.96,3.817672529632688e-17,0.174401932998,-0.5177589841807421,0.16837440204387433,-0.4461333862246142,-0.174401932998,5.339016614143749e-18,0.009655571241,0.9642105140861627,-0.1446929524821151,0.8689034665682782,-0.009655571241
397,3.97,3.841046774129015e-17,0.199401932998,-0.5272736052050898,0.16430865990500598,-0.45158226511009536,-0.199401932998,1.1775634733433214e-17,-0.006790415867,0.9741517271633217,-0.14568351968438054,0.8798352468477026,0.006790415867
398,3.98,4.3770927888874283e-17,0.224401932998,-0.5371327398890752,0.16143650017352018,-0.4585692400625958,-0.224401932998,2.1170064064116618e-18,-0.023467803368,0.9840753918192294,-0.14673662897222084,0.890812020791452,0.023467803368
399,3.99,1.3221089098926182e-16,0.236211900945,-0.5472086799971702,0.15952654854884296,-0.46673522854601535,-0.236211900945,1.0450680136883049e-17,-0.040277341120,0.9939345567482941,-0.1478477079681234,0.901782264716418,0.040277341120
400,4.0,-1.2887814094233678e-17,0.237893156301,-0.557306749539504,0.15789066748903047,-0.47519741702853713,-0.237893156301,-6.366418972232073e-17,-0.057129567229,1.0036884097562337,-0.14901033272382114,0.9126987424800546,0.057129567229
401,4.01,2.862965486293747e-17,0.234541153249,-0.567352297980695,0.15636605678827797,-0.4837183547689725,-0.234541153249,3.7710531266500065e-17,-0.073940941744,1.0133006571563117,-0.1502192239883341,0.9235198811446437,0.073940941744
402,4.0200000000000005,4.297091371668306e-17,0.228720197231,-0.5773035609893046,0.1549226170424679,-0.4922261780317725,-0.228720197231,1.5990745731040908e-17,-0.090636537985,1.0227403787063318,-0.15146842376359226,0.9342088024699229,0.090636537985
403,4.03,7.735578457996725e-18,0.221727045955,-0.5871285458334842,0.15355578635430078,-0.5006843321877823,-0.221727045955,4.998978206911648e-18,-0.107149682641,1.0319815688954153,-0.1527517867606677,0.9447333556560848,0.107149682641
404,4.04,4.400107045394628e-17,0.214222810350,-0.5968002937028852,0.15226523613337195,-0.5090655298362576,-0.214222810350,-2.150201931622922e-18,-0.123421574902,1.041002777182059,-0.15406316873069115,0.9550659459127444,0.123421574902
405,4.05,2.494508151674861e-17,0.206549020575,-0.6062957885622718,0.15105073567133787,-0.5173465242336106,-0.206549020575,-1.9622334227564384e-17,-0.139400864977,1.0497867480533154,-0.15539654177703455,0.9651832898303474,0.139400864977
406,4.0600000000000005,4.044141101903262e-17,0.198886278605,-0.6155954921407673,0.1499104272310069,-0.5255059193717719,-0.198886278605,8.030128962915684e-18,-0.155042204181,1.0583207149414031,-0.1567450769450539,0.9750657918864554,0.155042204181
407,4.07,4.227627290495511e-17,0.191332229088,-0.6246833888794657,0.1488441812773812,-0.5335275701568469,-0.191332229088,1.0222539313715603e-17,-0.170308230847,1.0665938473577414,-0.15810456778762394,0.9846984151453646,0.170308230847
408,4.08,3.682916882697082e-17,0.183942380380,-0.6335463776240334,0.147849629749632,-0.5413960073736681,-0.183942380380,6.96951160174276e-18,-0.185166892077,1.0745994949344793,-0.15946945843105598,0.9940689533655358,0.185166892077
409,4.09,4.231049849749469e-17,0.176749731626,-0.6421742269493232,0.14692425264961317,-0.5490984795989369,-0.176749731626,9.673349945092925e-18,-0.199591671493,1.0823335796930467,-0.1608348465610755,1.0031684262541218,0.199591671493
410,4.1,3.979182671147138e-17,0.169774903529,-0.6505593229628533,0.14606525530656234,-0.5566245782694152,-0.169774903529,1.2082009874055414e-17,-0.213561068642,1.0897944134338369,-0.16219628938051456,1.0119907028143527,0.213561068642
411,4.11,3.668938536243272e-17,0.163031326012,-0.6586964392970788,0.14526961466981458,-0.5639660539668951,-0.163031326012,9.198199424447542e-18,-0.227058094153,1.096982422419619,-0.1635497782897405,1.0205322007093554,0.227058094153
412,4.12,4.303856858234439e-17,0.156527948552,-0.6665825180356048,0.1445341497562228,-0.5711166677918249,-0.156527948552,4.382689877354659e-18,-0.240114936915,1.1038782229945534,-0.16492101439970386,1.0287992373942576,0.240114936915
413,4.13,3.4577931320229854e-17,0.150270705318,-0.6742164609651741,0.14385558788852004,-0.5780720488536928,-0.150270705318,1.312685158997485e-17,-0.253866223317,1.1099987614719575,-0.1669538339457174,1.0369525954176748,0.253866223317
414,4.14,3.976897987683153e-17,0.144263350743,-0.681598932212066,0.1432306217703646,-0.584829553982432,-0.144263350743,5.330535832124046e-18,-0.269826035195,1.1150417156670693,-0.17002321501891615,1.0450649306859863,0.269826035195
415,4.15,3.748506018634693e-17,0.138507973135,-0.6887321732703394,0.14265595718344992,-0.591388130453788,-0.138507973135,-4.084604523622296e-18,-0.289654688062,1.1189495305247847,-0.17417476642755114,1.0531242969523344,0.289654688062
416,4.16,2.918419534266564e-17,0.133005340105,-0.6956198311023708,0.1421283520597202,-0.5977481831620906,-0.133005340105,2.4144611895694186e-17,-0.315708647160,1.1217307575819335,-0.17937630821467787,1.06110706579661,0.315708647160
417,4.17,2.6579248409595535e-17,0.127755152828,-0.7022667996681601,0.14164464786680286,-0.6039114475349634,-0.127755152828,-2.244189965506605e-18,-0.351993427393,1.123424869633081,-0.18556711648262036,1.0689919861157027,0.351993427393
418,4.18,4.529955289883352e-17,0.122756247897,-0.7086790749669812,0.14120179425306445,-0.6098808692200506,-0.122756247897,1.15811369423048e-16,-0.401993427393,1.1240972468446175,-0.19266425595079506,1.0767615027954112,0.401993427393
419,4.19,2.871804843104061e-17,0.118006766459,-0.7148636234561653,0.14079686785790557,-0.6156604913140682,-0.118006766459,7.849158164628401e-17,-0.451993427393,1.1236286719536226,-0.2004990266072456,1.084127698560864,0.451993427393
420,4.2,4.036884192842719e-17,0.113504300851,-0.720828263541237,0.14042708613349408,-0.6212553496747275,-0.113504300851,1.1650604302128828e-16,-0.501993427393,1.120874948407221,-0.2085368787386762,1.0894118271458961,0.501993427393
421,4.21,4.42473939440689e-17,0.109246024283,-0.7265815597028588,0.14008981695638945,-0.6266713766592473,-0.109246024283,-1.2313320623318e-16,-0.551993427393,1.1160533929680634,-0.21588696316117517,1.0919403561292402,0.551993427393
422,4.22,3.644582506289351e-17,0.105228806743,-0.7321327287323253,0.13978258473627447,-0.6319153134686011,-0.105228806743,-3.405388764859899e-16,-0.501993427393,1.1046630110271858,-0.22846887875630018,1.0931318897834867,0.501993427393
423,4.23,3.719903321927831e-17,0.101449319195,-0.7374915574827884,0.13950307365778924,-0.6369946311405754,-0.101449319195,-1.0041434643390418e-16,-0.451993427393,1.0942718996284606,-0.23657279746309456,1.090844697091556,0.451993427393
424,4.24,5.967973561156379e-17,0.097904127503,-0.7426683315020216,0.13924912862231242,-0.641917460124334,-0.097904127503,-2.5043312254838896e-16,-0.401993427393,1.0816239406364412,-0.24466110378544148,1.0862850444218826,0.401993427393
425,4.25,5.382124062274724e-17,0.094589777275,-0.747673773889031,0.13901875439130607,-0.6466925282803344,-0.094589777275,-6.5927324899095576e-18,-0.351993427393,1.0668386409674548,-0.25279647657915183,1.0796351175466061,0.351993427393
426,4.26,2.666952485524984e-17,0.091502870595,-0.7525189937062545,0.13881011337230043,-0.6513291070785541,-0.091502870595,3.2753019153966685e-17,-0.301993427393,1.0502084465819772,-0.26081443743903565,1.0710228840210096,0.301993427393
427,4.2700000000000005,2.7445685167044127e-17,0.088640135553,-0.7572154432785193,0.1386215224335553,-0.6558369657120742,-0.088640135553,1.4532655481405697e-17,-0.251993427393,1.0319865075375505,-0.2685963085149715,1.060582816052521,0.251993427393
428,4.28,1.9879772334038537e-17,0.085998489373,-0.7617748837179202,0.13845144908395224,-0.6602263328018707,-0.085998489373,4.30996961720709e-18,-0.201993427393,1.0123942800603745,-0.27605644414935304,1.048450724209727,0.201993427393
429,4.29,5.1542447154954506e-17,0.083575095889,-0.7662093580341792,0.13829850731085103,-0.6645078653450276,-0.083575095889,1.3327965727794525e-17,-0.151993427393,0.9916332265525699,-0.2831250234915671,1.034758250044136,0.151993427393
430,4.3,1.504100314394426e-17,0.081367418081,-0.7705311712311033,0.13816145333028163,-0.6686926245613818,-0.081367418081,4.545919977843254e-18,-0.101993427393,0.9698898948583664,-0.2897402632158369,1.0196301580742049,0.101993427393
431,4.3100000000000005,4.739286927140397e-17,0.079373266337,-0.774752876866665,0.13803918147092464,-0.6727920583375897,-0.079373266337,5.753818004736526e-18,-0.051993427393,0.9473378328664924,-0.2958454442837982,1.0031832771502898,0.051993427393
432,4.32,1.0598627070448341e-17,0.077590843157,-0.7788872696854777,0.13793072038601928,-0.6768179900714961,-0.077590843157,-2.7303772888721053e-18,-0.019398986835,0.9241383946636831,-0.30138798397522903,0.9855263786389101,0.019398986835
433,4.33,3.092461343654442e-17,0.076018785029,-0.7829473841315294,0.13783522976640994,-0.6807826138979371,-0.076018785029,9.499180273795581e-18,-0.006978107471,0.9004412608457112,-0.30631939825687493,0.9667606591025844,0.006978107471
434,4.34,2.5128850868263587e-17,0.074656202392,-0.7869464988087326,0.13775199771454905,-0.6846984965232799,-0.074656202392,1.240736903224242e-17,-0.003743916616,0.8763849787708803,-0.3105956762927785,0.9469806550636597,0.003743916616
435,4.3500000000000005,2.59005087576764e-17,0.073502718679,-0.7908981472202586,0.13768043893501736,-0.6885785861552782,-0.073502718679,8.747017557372906e-19,-0.004367795858,0.8520976350877493,-0.3141778435647994,0.9262754786525469,0.004367795858
436,4.36,2.6790719732793934e-17,0.072558509554,-0.7948161352433277,0.13762009390262187,-0.6924362291459487,-0.072558509554,9.070748693985896e-18,-0.006298137815,0.8276976997749382,-0.3170325881616184,0.9047302879365566,0.006298137815
437,4.37,4.813460229575584e-17,0.071824343306,-0.7987145655252529,0.13757062918230745,-0.6962851947075577,-0.071824343306,5.718079932887188e-18,-0.008334894625,0.8032950509972113,-0.31913286707857946,0.8824279180757926,0.008334894625
438,4.38,6.727086836756344e-17,0.071301622723,-0.8026078679372414,0.13753183908779276,-0.7001397070250355,-0.071301622723,1.4372720930925316e-17,-0.009926013290,0.7789921754355983,-0.32045843188134226,0.8594506073169383,0.009926013290
439,4.39,7.048734609868659e-17,0.070992427313,-0.8065108329575362,0.13750364886019784,-0.7040144818177345,-0.070992427313,7.395630041311344e-18,-0.010821010075,0.7548855290020714,-0.3209962288446132,0.8358817578466868,0.010821010075
440,4.4,6.254939139644208e-17,0.070899552197,-0.8104386410848302,0.13748611949492473,-0.707924760579759,-0.070899552197,5.252675838786949e-18,-0.010900470277,0.7310670339091568,-0.3207406425686231,0.8118076764777817,0.010900470277
441,4.41,4.7906180941901815e-17,0.071026536349,-0.8144068763626048,0.13747945420824614,-0.7118863305708536,-0.071026536349,7.2103837890313e-18,-0.010091409800,0.7076256785510618,-0.3196935659730823,0.7873192445241464,0.010091409800
442,4.42,4.4459369340330305e-17,0.071377666099,-0.8184315021286476,0.13748400624513446,-0.7159155083737807,-0.071377666099,6.716684315980725e-18,-0.008323574303,0.6846491730211223,-0.31786429431885976,0.7625134673399834,0.008323574303
443,4.43,7.568425906884387e-17,0.071957936953,-0.8225287762600547,0.13750028730561914,-0.7200290635656734,-0.071957936953,1.3188761699919569e-17,-0.005503924376,0.662225606107982,-0.3152692561898959,0.7374948622978805,0.005503924376
444,4.44,4.29926878409404e-17,0.072772985778,-0.8267151389868318,0.13752897613215886,-0.72424411511899,-0.072772985778,1.0366112082043071e-18,-0.001497175634,0.6404450880142757,-0.3119316046781969,0.7123766926924708,0.001497175634
445,4.45,5.701608681116508e-17,0.073828982330,-0.8310070486721745,0.13757092642280677,-0.7285779750949835,-0.073828982330,1.5456138380040766e-17,0.003895224520,0.6194013135224036,-0.30788070602505224,0.687282019547458,-0.003895224520
446,4.46,4.165722258873194e-17,0.075132516455,-0.8354208374066633,0.1376271744469394,-0.7330480118536058,-0.075132516455,2.95118475311692e-18,0.010964355875,0.5991930542197085,-0.3031515669333561,0.6623446211530655,-0.010964355875
447,4.47,6.254083047604548e-17,0.076690582408,-0.8399727523520798,0.13769895008578914,-0.7376717024378698,-0.076690582408,1.2972304199622979e-17,0.020140114448,0.5799256677311934,-0.29778423605712334,0.6377099037883176,-0.020140114448
448,4.48,2.92040422784015e-17,0.078510843173,-0.8446794547606206,0.13778770118539863,-0.7424671559460179,-0.078510843173,2.540067045339007e-18,0.032069827509,0.5617128102118168,-0.2918232032751479,0.6135360134869656,-0.032069827509
449,4.49,5.884390008817973e-17,0.080602442962,-0.8495593467868662,0.13789515042539569,-0.7474544972122579,-0.080602442962,6.496535468308302e-19,0.047760074506,0.5446786427957814,-0.28531681596726044,0.5899954587630396,-0.047760074506
450,4.5,6.361046115684162e-17,0.082977674115,-0.8546351009915273,0.13802341436256393,-0.7526585153540934,-0.082977674115,1.6850968125285953e-17,0.068851007504,0.5289608667598041,-0.2783167794135718,0.5672776461733746,-0.068851007504
451,4.51,2.8647778665663066e-17,0.085654700746,-0.8599375372220425,0.1381752194686331,-0.7581127566906765,-0.085654700746,2.5000201584653704e-17,0.098196554197,0.5147147952184926,-0.2708780288247149,0.5455928240432057,-0.098196554197
452,4.5200000000000005,4.365685929189491e-17,0.088661154433,-0.8655103323431107,0.1383542364520417,-0.7638645687951509,-0.088661154433,5.0382382591126655e-18,0.141246898010,0.5021182423509646,-0.263060010468923,0.5251782528198858,-0.141246898010
453,4.53,2.02876010792458e-17,0.092037582411,-0.8714137614556111,0.13856549966642506,-0.7699792611220366,-0.092037582411,-1.1510814036239082e-17,0.191246898010,0.4913763199314768,-0.25493309065372627,0.5063094105852044,-0.191246898010
454,4.54,6.093871334229676e-17,0.095838329977,-0.8777236740114499,0.1388157520609582,-0.7765394260724086,-0.095838329977,-5.698857340040933e-16,0.241246898010,0.48272561667046177,-0.24660652555049734,0.4893321422209609,-0.241246898010
455,4.55,3.976813119407094e-17,0.100125554806,-0.8845194680919598,0.13911332405012422,-0.7836327921420838,-0.100125554806,-2.910900523458643e-15,0.291246898010,0.4764532839027861,-0.2383958696759635,0.47484915357875357,-0.291246898010
456,4.5600000000000005,4.491843489706414e-17,0.104950210262,-0.8918528814901211,0.13946680219647078,-0.7913196836865892,-0.104950210262,-9.539017697254092e-15,0.241246898010,0.47169789884173696,-0.22445460885368906,0.4561525076954225,-0.241246898010
457,4.57,2.673664945160769e-17,0.110326428070,-0.8997134029032533,0.1398826873397715,-0.7995960902430226,-0.110326428070,-3.3908305323170224e-16,0.191246898010,0.47089954647444643,-0.21723920434905886,0.4481387508235044,-0.191246898010
458,4.58,3.432748939040277e-17,0.116237721717,-0.9080560453703274,0.14036577645775383,-0.8084218218280781,-0.116237721717,3.121056659428815e-18,0.141246898010,0.47275834435316455,-0.2090045385553695,0.4417628829085323,-0.141246898010
459,4.59,3.174999211173861e-17,0.122648128979,-0.9168216235706456,0.14091959260848042,-0.8177412161791238,-0.122648128979,-3.815781323520477e-17,0.091246898010,0.4774815146896475,-0.20035520860264866,0.43783672329229395,-0.091246898010
460,4.6000000000000005,4.238159866135317e-17,0.129509676671,-0.9259444322976346,0.14154642160389586,-0.8274908539015278,-0.129509676671,-4.694730441361681e-18,0.041246898010,0.4842175884843104,-0.19194434175383368,0.4361619302381441,-0.041246898010
461,4.61,4.146253673184455e-17,0.136767472875,-0.9353563912550068,0.14224730118168616,-0.8376036924366921,-0.136767472875,-1.667230845507026e-18,-0.008753101990,0.491811228835645,-0.18425081329012738,0.43606204212577415,0.008753101990
462,4.62,4.356929336410923e-17,0.144363260002,-0.9449897943282658,0.14302203863008744,-0.8480118329583504,-0.144363260002,1.316114811288792e-18,-0.058753101990,0.5000147285685276,-0.17746540099251507,0.4374801295610431,0.058753101990
463,4.63,3.903947330024588e-17,0.152237925146,-0.9547792384140311,0.14386926821500856,-0.8586485066290392,-0.152237925146,1.1786253301392478e-17,-0.108753101990,0.5087499441464419,-0.17170074575406835,0.44045068990050984,0.108753101990
464,4.64,3.8428779039728434e-17,0.160333276988,-0.9646629628533719,0.14478654439644256,-0.8694495072498127,-0.160333276988,1.0045663274792288e-17,-0.158753101990,0.5179611845719211,-0.16703858423804585,0.4449997688099656,0.158753101990
465,4.65,4.231728821510173e-17,0.168593291318,-0.9745837384837844,0.1457704627396651,-0.8803542012234487,-0.168593291318,7.470649730780886e-18,-0.179321365733,0.5275859140567231,-0.1635404565109836,0.45112637056770444,0.179321365733
466,4.66,4.004938405594815e-17,0.176964963178,-0.9844894085630226,0.14681679956874316,-0.8913062081317675,-0.176964963178,9.71600716483285e-18,-0.180889356155,0.5375436608780834,-0.16122045597304135,0.4587641168511225,0.180889356155
467,4.67,4.109769710768686e-17,0.185398863627,-0.9943331618720289,0.1479206618306047,-0.902253823702631,-0.185398863627,6.779662757464498e-18,-0.173177222329,0.5476312692320536,-0.15944834277203734,0.46707961200408965,0.173177222329
468,4.68,9.879622802831996e-17,0.193849365721,-1.0040733347673987,0.14907711634796794,-0.913150451115365,-0.193849365721,-2.3619635152549712e-17,-0.160854051676,0.5577196739120015,-0.15783860231489133,0.47555827622689284,0.160854051676
469,4.69,4.142656530940233e-17,0.202275285318,-1.0136744963594042,0.15027925208463977,-0.9239537484440432,-0.202275285318,1.8398473527400615e-17,-0.146291129248,0.5677527594487347,-0.1563165631885438,0.4840693226372763,0.146291129248
470,4.7,4.706255190141716e-17,0.210639115923,-1.0231053694857417,0.15152170868082326,-0.9346270781665651,-0.210639115923,2.2656311544695508e-17,-0.130707926424,0.5776926254196556,-0.15487066383804138,0.49256328925769344,0.130707926424
471,4.71,3.976135774646069e-17,0.218907549635,-1.0323398257491627,0.15279850854149146,-0.9451383342906516,-0.218907549635,1.3591067749251214e-17,-0.114743288192,0.5875080564655636,-0.15350009991165303,0.5010081563772153,0.114743288192
472,4.72,2.1059169471881486e-17,0.227051263353,-1.0413563422424845,0.1541035865958006,-0.9554599288382852,-0.227051263353,-5.693581894458957e-18,-0.098741975350,0.597172256401831,-0.15220534130619134,0.5093775977080219,0.098741975350
473,4.73,-9.511445298694747e-18,0.235044693012,-1.0501376056676444,0.15543097390902638,-0.9655685795766735,-0.235044693012,1.0672641411463216e-16,-0.082898173331,0.6066622517529946,-0.15098636086132944,0.5176486126143209,0.082898173331
474,4.74,-5.34039530988511e-17,0.242865792675,-1.0586701379497976,0.15677489965297087,-0.9754450376027726,-0.242865792675,-2.6658898184057544e-16,-0.067327502654,0.6159586093722257,-0.14984239931758003,0.5258010086898124,0.067327502654
475,4.75,4.245596766903228e-17,0.250494888850,-1.066944482752036,0.1581290410145938,-0.9850735237666313,-0.250494888850,1.0982021110310743e-17,-0.052105074629,0.6250451478817968,-0.148771192968011,0.5338163408498118,0.052105074629
476,4.76,4.4536317509473636e-17,0.257916880893,-1.074953031187257,0.15948929683681234,-0.9944423280240655,-0.257916880893,3.968076409943725e-18,-0.037278972706,0.6339089108718358,-0.14777184272058685,0.5416807535924248,0.037278972706
477,4.7700000000000005,3.75634056929358e-17,0.265118615920,-1.082691814441227,0.16085060575911003,-1.003542420200334,-0.265118615920,3.749359677564066e-18,-0.022884443732,0.642539682559666,-0.1468416632093691,0.5493813457690364,0.022884443732
478,4.78,4.482424344031982e-17,0.272089473361,-1.0901591544902667,0.16220852647133344,-1.012367680961597,-0.272089473361,5.01315067469653e-18,-0.008947199391,0.6509298837348051,-0.14597785509426064,0.5569077388290622,0.008947199391
479,4.79,3.8343013199678557e-17,0.278821095255,-1.0973554754624795,0.16355908289934729,-1.0209145583618249,-0.278821095255,5.638522495563285e-18,0.004513809126,0.6590743323451359,-0.14517742013929935,0.5642517524844322,-0.004513809126
480,4.8,4.3973286640795686e-17,0.285567745730,-1.1040884219408946,0.16516170920993212,-1.0292501311508258,-0.285567745730,1.6378795244666284e-17,0.017484768025,0.6669700230783963,-0.14443720561063123,0.571407228689027,-0.017484768025
481,4.8100000000000005,4.329980406561997e-17,0.293238976498,-1.109836588904618,0.16770126588858691,-1.0375378547932048,-0.293238976498,4.579826566152709e-18,0.029955967166,0.67461591887992,-0.1437539655150798,0.5783698843949963,-0.029955967166
482,4.82,4.6201158723127094e-17,0.302705239863,-1.1144679630279422,0.17131978367307987,-1.045787746701021,-0.302705239863,1.409895028998256e-17,0.041921075386,0.6820127541731767,-0.14312441689721844,0.5851371710703908,-0.041921075386
483,4.83,3.854719622768995e-17,0.315047262241,-1.1179669885470966,0.17600938477197847,-1.053976373319075,-0.315047262241,1.0587204020626167e-17,0.053376585123,0.689162850532104,-0.14254528761091756,0.5917081381430171,-0.053376585123
484,4.84,3.681677746259268e-17,0.331954006040,-1.120359293473947,0.18171933583947208,-1.0620786293134163,-0.331954006040,1.5048369026792165e-17,0.064321356400,0.6960699454349043,-0.14201335564163042,0.598083301076533,-0.064321356400
485,4.8500000000000005,1.6030974504326167e-17,0.356519826366,-1.1216981767601775,0.18837484825975548,-1.0700730250199275,-0.356519826366,5.302169487578141e-18,0.074756224935,0.7027390344477392,-0.1415254807800831,0.6042645152278197,-0.074756224935
486,4.86,3.4234605267179824e-17,0.381519826366,-1.1220675402354603,0.1958724727131812,-1.0779400129486423,-0.381519826366,1.6806958399608313e-17,0.084683656173,0.7091762269231775,-0.1410786295650387,0.6102548564882162,-0.084683656173
487,4.87,4.592732230939127e-16,0.406519826366,-1.1207383567121143,0.20383872576572204,-1.0845770824778367,-0.406519826366,1.3464412633412755e-17,0.094107435497,0.715388615081925,-0.1406698943944057,0.6160585094763298,-0.094107435497
488,4.88,4.381085767090163e-15,0.431519826366,-1.117059086076659,0.2116129741882885,-1.0886720602649416,-0.431519826366,1.0055788391818289e-17,0.103032388905,0.7213841561764777,-0.1402965076497723,0.6216806638262482,-0.103032388905
489,4.89,3.240203389467434e-15,0.456519826366,-1.1127104737937765,0.2168334335181218,-1.0895439073118969,-0.456519826366,1.2861482641663536e-17,0.111464130445,0.7271715673067912,-0.13995585161328983,0.6271274189200802,-0.111464130445
490,4.9,-7.240741165935984e-16,0.431519826366,-1.0988477211487302,0.23125285024711906,-1.0901005713958487,-0.431519826366,1.2551821058091867e-17,0.119408833653,0.7327602323636572,-0.1396454648855695,0.6324056972492271,-0.119408833653
491,4.91,5.49083015550756e-16,0.406519826366,-1.086749773276897,0.240265876458159,-1.0870156497350554,-0.406519826366,1.3578614812419089e-17,0.126873024679,0.7381601205094955,-0.139363045942695,0.6375231664521883,-0.126873024679
492,4.92,1.492879917263133e-16,0.381519826366,-1.0730073227820798,0.24856305902032017,-1.0815703818024016,-0.381519826366,7.273100827884315e-18,0.133863395056,0.7433817155623476,-0.13910645440205605,0.6424881699644032,-0.133863395056
493,4.93,5.297803476362797e-19,0.356519826366,-1.057375387146938,0.2566864672853174,-1.0740618544322562,-0.356519826366,1.355890270038808e-17,0.140386632194,0.74843595562204,-0.1388737105019825,0.6473096661240212,-0.140386632194
494,4.94,4.135830800041732e-17,0.331519826366,-1.0400371693656867,0.2646126267157559,-1.0646497960814412,-0.331519826366,4.6911790599143166e-18,0.146449265825,0.7533341822635659,-0.13866299324024,0.6519971755038063,-0.146449265825
495,4.95,4.135449195766694e-17,0.306519826366,-1.0212148922988584,0.27225970053747395,-1.0534745928363318,-0.306519826366,9.866847011086162e-18,0.152057528681,0.7580880986208999,-0.13847263756171835,0.6565607361826173,-0.152057528681
496,4.96,3.863962521582785e-17,0.281519826366,-1.001118962009401,0.2795518585557236,-1.0406708205651267,-0.281519826366,3.757411703166616e-18,0.157217229847,0.7627097356968707,-0.13830113093651308,0.6610108666333843,-0.157217229847
497,4.97,3.3739404799957635e-17,0.256519826366,-0.9799445037273894,0.2864223017082691,-1.0263668054356618,-0.256519826366,6.847032116274816e-18,0.161933639261,0.7672114262704791,-0.138147109625952,0.665358535896432,-0.161933639261
498,4.98,2.5908008731239926e-17,0.231519826366,-0.9578727445602705,0.2928106455828715,-1.0106833901431405,-0.231519826366,9.878606925039041e-18,0.166211381894,0.7716057858459574,-0.13800935489611732,0.6696151407420756,-0.166211381894
499,4.99,3.582272283731353e-17,0.206519826366,-0.9350720967034157,0.29866133550388796,-0.9937334322073048,-0.206519826366,-7.409449051861737e-18,0.170054340132,0.7759057002168365,-0.13788678940630794,0.6737924896231404,-0.170054340132
500,5.0,4.9807237345229256e-17,0.181519826366,-0.9116988461010226,0.30392313816686534,-0.9756219842678902,-0.181519826366,2.1053844851280888e-17,0.173465562714,0.7801243194161717,-0.13777847397448773,0.677902793390659,-0.173465562714
501,5.01,4.565151559834388e-17,0.160435549175,-0.8878977350770086,0.30854925188293036,-0.9564469869599406,-0.160435549175,5.893672021786504e-18,0.176447178390,0.7842750580835275,-0.1376836049043969,0.6819586629879253,-0.176447178390
502,5.0200000000000005,4.29903073190133e-17,0.151359291062,-0.8638026088521801,0.31249773449394136,-0.9363003433461201,-0.151359291062,-5.1897482680823584e-18,0.179000312166,0.7883716025430917,-0.13760151205122517,0.6859731145943164,-0.179000312166
503,5.03,3.8239146169047056e-17,0.147906606247,-0.8395372019436148,0.31573207344533183,-0.9152692753889453,-0.147906606247,-5.979251073621844e-18,0.181125001835,0.7924279250140184,-0.13753165780536725,0.6899595828193852,-0.181125001835
504,5.04,5.2643277449792755e-17,0.146937923339,-0.8152160928395286,0.3182217877562118,-0.8934378805957421,-0.146937923339,4.398005347765962e-18,0.182820112812,0.7964583051043174,-0.13747363718462113,0.6939319422889354,-0.182820112812
505,5.05,3.681932228907871e-17,0.146918084129,-0.7909458317023069,0.3199429856738091,-0.8708888173761173,-0.146918084129,4.62288990397169e-18,0.184083250536,0.8004773576913432,-0.13742717923600856,0.6979045369273513,-0.184083250536
506,5.0600000000000005,4.827331686176852e-17,0.147100118586,-0.7668262320280529,0.32087882269437495,-0.8477050547224301,-0.147100118586,-1.0435743125052181e-17,0.184910672604,0.8045000640282157,-0.1373921499411127,0.701892213969328,-0.184910672604
507,5.07,3.384330457383537e-17,0.147119364020,-0.7429518065060502,0.3210198207044296,-0.8239716272104807,-0.147119364020,1.1452074944966921e-17,0.185297207907,0.8085417991452363,-0.1373685567636117,0.7059103559088462,-0.185297207907
508,5.08,3.9375252888287965e-17,0.146791444606,-0.7194133171138201,0.32036402381150364,-0.7997773409253255,-0.146791444606,1.8937655860499616e-17,0.185236197249,0.8126183435959692,-0.13735655483754627,0.7099748984335128,-0.185236197249
509,5.09,4.344307210206889e-17,0.146011045642,-0.6962993956077997,0.31891698159610604,-0.7752163772039053,-0.146011045642,1.2160000842324742e-17,0.184719483436,0.8167458576308358,-0.13735645450098855,0.7141023121318226,-0.184719483436
510,5.1000000000000005,4.2148457510027493e-17,0.144699900198,-0.6736981834492052,0.3166915661699373,-0.7503897496191434,-0.144699900198,3.070747542710582e-18,0.183737484489,0.8209407950404614,-0.13736872944558576,0.7183095244860467,-0.183737484489
511,5.11,4.727124240555851e-17,0.142777918510,-0.6516989782517096,0.31370764056234635,-0.7254066188140569,-0.142777918510,4.917019338207055e-18,0.182279325954,0.8252197897340928,-0.13739402500036635,0.7226138147344598,-0.182279325954
512,5.12,4.433064208520624e-17,0.140143791348,-0.6303938241274,0.30999161007760423,-0.7003854342050047,-0.140143791348,1.0255120636656427e-17,0.180333054244,0.8295994904283016,-0.13743316571421815,0.7270326561425207,-0.180333054244
513,5.13,2.8869535441797456e-17,0.136657055949,-0.6098790563949567,0.30557589344792835,-0.6754549498428815,-0.136657055949,-3.441533832753723e-18,0.177885858651,0.8340964153000751,-0.13748716259959404,0.7315835778996678,-0.177885858651
514,5.14,3.378961071860384e-17,0.132115407840,-0.5902568893792416,0.300498345797784,-0.6507552351770243,-0.132115407840,8.881884783457936e-18,0.174924100122,0.8387269925675876,-0.13755722377555346,0.7362842163431416,-0.174924100122
515,5.15,4.696878340540867e-17,0.126219853159,-0.5716372329059541,0.2948016534044121,-0.6264388863103654,-0.126219853159,5.4223531378824365e-19,0.171432782638,0.843508058963118,-0.1376447784779785,0.741152837441097,-0.171432782638
516,5.16,3.62650573228104e-17,0.118515164218,-0.5541400254904484,0.2885327124070832,-0.6026727378975294,-0.118515164218,1.3570770877943492e-18,0.167393933059,0.8484581862461279,-0.13775153381355365,0.7462097200596793,-0.167393933059
517,5.17,2.468573394037954e-17,0.108279805269,-0.5378984126458991,0.28174203762206107,-0.5796404502679571,-0.108279805269,1.6647027169871488e-17,0.162783279094,0.8536002106372901,-0.1378795941877865,0.7514798048250717,-0.162783279094
518,5.18,6.235085727903351e-17,0.094304873024,-0.5230629623881856,0.2744834188917512,-0.557546381279939,-0.094304873024,8.031703891252774e-18,0.157564821194,0.8589651097299126,-0.13803167853243636,0.7569967882623501,-0.157564821194
519,5.19,4.3224815127358695e-17,0.074401933004,-0.5098066486895166,0.2668146025697401,-0.5366212512592603,-0.074401933004,1.1633676305692071e-17,0.151683663982,0.8645967120495516,-0.13821145677158608,0.7628081688211394,-0.151683663982
520,5.2,-9.059484109173722e-17,0.049401933004,-0.4983294766889631,0.25880155831423324,-0.5171310350031937,-0.049401933004,1.4997021399021622e-17,0.145059134898,0.8705554374002321,-0.13842397194968126,0.7689794093499152,-0.145059134898
521,5.21,1.2260803718860484e-16,0.024401933004,-0.48886092922391555,0.2505358011663007,-0.4993967303902145,-0.024401933004,1.9639368657025803e-17,0.137583004485,0.8769172708059091,-0.1386759870115598,0.7755932578174671,-0.137583004485
522,5.22,2.1443577768332966e-16,-0.000598066996,-0.4816630153707112,0.2422140215648848,-0.4838770369355969,0.000598066996,1.0916910767245071e-17,0.129131380526,0.883761732955951,-0.1389758614472828,0.7827375944032311,-0.129131380526
523,5.23,-5.776499983584228e-15,-0.025598066996,-0.47710836934247525,0.23474108988456355,-0.47184945922703525,0.025598066996,3.8836270099885974e-18,0.119602568277,0.8911406663813154,-0.13933220852705885,0.7904728749083723,-0.119602568277
524,5.24,6.497245242806188e-15,-0.000598066996,-0.47412071323014715,0.2212706570078239,-0.4553913702379666,0.000598066996,-1.6306405908823421e-18,0.108968117728,0.8990436453322143,-0.13975153521628558,0.7987951805484967,-0.108968117728
525,5.25,-5.339880497553413e-16,0.024401933004,-0.47475007605479747,0.21250521059850247,-0.44725528665329994,-0.024401933004,7.552967256938239e-18,0.097260507312,0.9074257574401382,-0.14023862607620974,0.807664383516348,-0.097260507312
526,5.26,9.929407529300122e-17,0.049401933004,-0.4782676080651963,0.20382965502275951,-0.44209726308795316,-0.049401933004,5.4630020901817636e-18,0.084550986451,0.9162278864228962,-0.1407969774847483,0.8170248639076454,-0.084550986451
527,5.2700000000000005,2.934268470036012e-17,0.074401933004,-0.48448576099581786,0.19519041666121606,-0.43967617765703215,-0.074401933004,-5.156362245211149e-19,0.070934739523,0.9253843934149596,-0.1414288366199533,0.8268132300349165,-0.070934739523
528,5.28,4.658129033273135e-17,0.099401933004,-0.49192259639194547,0.18710812200813776,-0.43903071840008456,-0.099401933004,7.860881838941533e-18,0.056520770345,0.934827263657593,-0.14213519269317854,0.8369624563507698,-0.056520770345
529,5.29,3.8260664497680427e-17,0.124401933004,-0.5000241290857989,0.1798579013022682,-0.4398820303880675,-0.124401933004,1.416877340804072e-17,0.041424846566,0.9444888570574089,-0.14291579662651943,0.8474046536839253,-0.041424846566
530,5.3,2.4654203866071562e-17,0.149401933004,-0.508656615628973,0.17358134067214614,-0.4422379563011183,-0.149401933004,9.026163038731952e-18,0.025764514877,0.954303837794492,-0.14376922047180873,0.8580730582662972,-0.025764514877
531,5.3100000000000005,3.9365475296522276e-17,0.174401933004,-0.5177589841780917,0.1683744020443575,-0.4461333862224506,-0.174401933004,-1.0365295070828362e-18,0.009655571238,0.9642105140835088,-0.1446929524818722,0.8689034665653792,-0.009655571238
532,5.32,4.430270746313106e-17,0.199401933004,-0.5272736052027628,0.16430865990541543,-0.4515822651081769,-0.199401933004,9.465302888353812e-18,-0.006790415870,0.9741517271610157,-0.14568351968415316,0.879835246845166,0.006790415870
533,5.33,4.34103431351083e-17,0.224401933004,-0.5371327398870395,0.1614365001738639,-0.4585692400609047,-0.224401933004,7.578743439170348e-18,-0.023467803371,0.9840753918172364,-0.1467366289720099,0.8908120207892458,0.023467803371
534,5.34,2.5154652994736764e-16,0.236211900947,-0.547208679995408,0.15952654854913828,-0.46673522854454097,-0.236211900947,-6.685668651554368e-17,-0.040277341122,0.993934556746571,-0.14784770796793334,0.9017822647145102,0.040277341122
535,5.3500000000000005,5.909213516462329e-17,0.237893156302,-0.5573067495379799,0.15789066748927028,-0.47519741702725105,-0.237893156302,4.6505715997729614e-17,-0.057129567230,1.0036884097547665,-0.14901033272364572,0.9126987424784132,0.057129567230
536,5.36,4.8082000221096234e-17,0.234541153249,-0.567352297979384,0.15636605678847337,-0.48371835476785696,-0.234541153249,7.509188880706452e-18,-0.073940941745,1.0133006571550576,-0.15021922398817467,0.9235198811432332,0.073940941745
537,5.37,4.5510017557665426e-17,0.228720197231,-0.5773035609881926,0.1549226170426291,-0.49222617803082036,-0.228720197231,7.426080526075057e-18,-0.090636537986,1.0227403787052767,-0.15146842376344882,0.9342088024687256,0.090636537986
538,5.38,5.233563736448588e-17,0.221727045954,-0.5871285458325427,0.15355578635443712,-0.5006843321869794,-0.221727045954,7.426118772101745e-18,-0.107149682642,1.0319815688945377,-0.15275178676053003,0.9447333556550723,0.107149682642
539,5.39,1.2751987276767054e-17,0.214222810349,-0.5968002937021036,0.1522652361334874,-0.5090655298355897,-0.214222810349,2.6639333072444573e-17,-0.123421574903,1.0410027771813235,-0.15406316873057924,0.955065945911906,0.123421574903
540,5.4,4.1612801450751875e-18,0.206549020575,-0.6062957885616324,0.1510507356714209,-0.5173465242330493,-0.206549020575,5.648412678564169e-17,-0.139400864978,1.049786748052722,-0.15539654177693552,0.9651832898296546,0.139400864978
541,5.41,4.0193687718825024e-17,0.198886278604,-0.615595492140245,0.14991042723106995,-0.5255059193713136,-0.198886278604,9.27035255672724e-18,-0.155042204182,1.0583207149409235,-0.1567450769449753,0.9750657918859011,0.155042204182
542,5.42,4.028900203792594e-17,0.191332229087,-0.6246833888790536,0.14884418127742827,-0.533527570156481,-0.191332229087,1.0714322113204954e-17,-0.170308230847,1.0665938473573648,-0.15810456778756,0.9846984151449241,0.170308230847
543,5.43,4.262969108741782e-17,0.183942380380,-0.6335463776237172,0.14784962974966664,-0.5413960073733839,-0.183942380380,8.757076535204657e-18,-0.185166892077,1.074599494934195,-0.15946945843100535,0.9940689533651983,0.185166892077
544,5.44,3.876333842652011e-17,0.176749731626,-0.6421742269490923,0.14692425264963715,-0.5490984795987273,-0.176749731626,6.331735920661429e-18,-0.199591671493,1.0823335796928406,-0.1608348465610373,1.0031684262538767,0.199591671493
545,5.45,4.367442374867874e-17,0.169774903528,-0.650559322962697,0.14606525530657788,-0.5566245782692731,-0.169774903528,4.489723910138407e-18,-0.213561068642,1.0897944134336983,-0.1621962893804879,1.0119907028141857,0.213561068642
546,5.46,3.7453402857897553e-17,0.163031326012,-0.6586964392969864,0.14526961466982302,-0.5639660539668099,-0.163031326012,6.312280139099955e-18,-0.227058094153,1.0969824224195373,-0.1635497782897245,1.0205322007092594,0.227058094153
547,5.47,3.725190119545942e-17,0.156527948552,-0.6665825180355692,0.14453414975622592,-0.5711166677917929,-0.156527948552,6.830929303251785e-18,-0.240114936915,1.103878222994525,-0.1649210143996972,1.0287992373942185,0.240114936915
548,5.48,3.1648471785564594e-17,0.150270705318,-0.6742164609651883,0.1438555878885187,-0.578072048853707,-0.150270705318,1.1143520248910226e-17,-0.253866223317,1.1099987614719717,-0.16695383394572005,1.036952595417689,0.253866223317
549,5.49,3.777613593408114e-17,0.144263350743,-0.6815989322121264,0.14323062177035972,-0.5848295539824853,-0.144263350743,1.2958429372487464e-17,-0.269826035195,1.1150417156671226,-0.17002321501892725,1.0450649306860467,0.269826035195
550,5.5,5.1836393063810566e-17,0.138507973135,-0.6887321732704318,0.14265595718344193,-0.5913881304538768,-0.138507973135,3.033416152624518e-18,-0.289654688062,1.1189495305248665,-0.1741747664275689,1.053124296952434,0.289654688062
551,5.51,5.568885294399611e-17,0.133005340105,-0.6956198311024951,0.1421283520597113,-0.5977481831622078,-0.133005340105,-1.219835465353663e-17,-0.315708647160,1.1217307575820366,-0.17937630821470185,1.0611070657967414,0.315708647160
552,5.5200000000000005,4.613845105533249e-17,0.127755152828,-0.7022667996683128,0.1416446478667922,-0.6039114475351055,-0.127755152828,3.000885703757019e-17,-0.351993427393,1.1234248696332054,-0.18556711648265012,1.0689919861158554,0.351993427393
553,5.53,5.2518855320237034e-17,0.122756247897,-0.7086790749671589,0.1412017942530538,-0.6098808692202105,-0.122756247897,-1.2719862719224822e-17,-0.401993427393,1.124097246844756,-0.19266425595082926,1.0767615027955888,0.401993427393
554,5.54,4.4165414537041383e-17,0.118006766459,-0.7148636234563571,0.14079686785789403,-0.6156604913142494,-0.118006766459,1.2044136780373615e-17,-0.451993427393,1.1236286719537754,-0.20049902660728158,1.084127698561056,0.451993427393
555,5.55,3.629245229521349e-17,0.113504300851,-0.720828263541443,0.14042708613348298,-0.6212553496749229,-0.113504300851,6.265378665088024e-18,-0.501993427393,1.1208749484073843,-0.2085368787387144,1.089411827146095,0.501993427393
556,5.5600000000000005,4.342384333430889e-17,0.109246024283,-0.7265815597030755,0.1400898169563779,-0.6266713766594498,-0.109246024283,-8.613300814967306e-17,-0.551993427393,1.116053392968234,-0.2158869631612187,1.0919403561294498,0.551993427393
557,5.57,4.418813567475611e-17,0.105228806743,-0.7321327287325526,0.13978258473626382,-0.6319153134688142,-0.105228806743,1.1814128315523903e-16,-0.501993427393,1.1046630110273634,-0.22846887875634014,1.0931318897837035,0.501993427393
558,5.58,4.3781634193455404e-17,0.101449319195,-0.7374915574830193,0.13950307365777903,-0.6369946311407957,-0.101449319195,-6.571620980502469e-16,-0.451993427393,1.0942718996286418,-0.23657279746312965,1.0908446970917727,0.451993427393
559,5.59,5.489891035264348e-17,0.097904127503,-0.7426683315022561,0.13924912862230265,-0.6419174601245579,-0.097904127503,5.508723311744378e-18,-0.401993427393,1.0816239406366224,-0.24466110378548012,1.0862850444221028,0.401993427393
560,5.6000000000000005,3.934470926095755e-17,0.094589777275,-0.7476737738892655,0.1390187543912963,-0.6466925282805618,-0.094589777275,-1.0887979430223946e-17,-0.351993427393,1.066838640967636,-0.2527964765791909,1.0796351175468264,0.351993427393
561,5.61,3.651924679786745e-17,0.091502870595,-0.7525189937064961,0.13881011337229154,-0.651329107078785,-0.091502870595,2.0697174657464207e-17,-0.301993427393,1.0502084465821548,-0.26081443743907295,1.0710228840212264,0.301993427393
562,5.62,3.051658211901823e-17,0.088640135553,-0.7572154432787573,0.13862152243354775,-0.6558369657123051,-0.088640135553,6.3492265372673825e-18,-0.251993427393,1.0319865075377246,-0.2685963085150066,1.0605828160527342,0.251993427393
563,5.63,4.2998526117441184e-17,0.085998489373,-0.7617748837181583,0.13845144908394558,-0.6602263328020981,-0.085998489373,2.192876620891698e-18,-0.201993427393,1.0123942800605485,-0.2760564441493859,1.0484507242099366,0.201993427393
564,5.64,3.233753602383862e-17,0.083575095889,-0.7662093580344137,0.1382985073108448,-0.664507865345255,-0.083575095889,1.2719726521388157e-17,-0.151993427393,0.991633226552744,-0.2831250234915973,1.0347582500443384,0.151993427393
565,5.65,3.9498140625346904e-17,0.081367418081,-0.7705311712313306,0.1381614533302763,-0.6686926245616056,-0.081367418081,3.9262351667435354e-18,-0.101993427393,0.9698898948585405,-0.28974026321586355,1.0196301580744038,0.101993427393
566,5.66,7.273740705391628e-17,0.079373266337,-0.7747528768668889,0.13803918147091931,-0.67279205833781,-0.079373266337,1.1889266048066415e-17,-0.051993427393,0.9473378328666594,-0.2958454442838213,1.0031832771504816,0.051993427393
567,5.67,5.21579782356e-17,0.077590843157,-0.778887269685698,0.13793072038601484,-0.6768179900717128,-0.077590843157,1.0545124822270929e-17,-0.019398986835,0.9241383946638467,-0.30138798397524946,0.9855263786390984,0.019398986835
568,5.68,5.056221490086088e-17,0.076018785029,-0.7829473841317426,0.13783522976640594,-0.6807826138981503,-0.076018785029,1.5540814130168147e-17,-0.006978107471,0.9004412608458711,-0.30631939825689225,0.966760659102762,0.006978107471
569,5.69,5.820545861778539e-17,0.074656202392,-0.7869464988089422,0.13775199771454638,-0.6846984965234895,-0.074656202392,8.113836995682552e-18,-0.003743916616,0.8763849787710402,-0.3105956762927923,0.9469806550638302,0.003743916616
570,5.7,4.304279083922914e-17,0.073502718679,-0.7908981472204647,0.13768043893501558,-0.6885785861554772,-0.073502718679,9.5809067010901e-18,-0.004367795858,0.852097635087902,-0.31417784356481004,0.9262754786527103,0.004367795858
571,5.71,3.909252217468556e-17,0.072558509554,-0.7948161352435231,0.13762009390261964,-0.6924362291461406,-0.072558509554,1.3380414570593582e-17,-0.006298137815,0.8276976997750872,-0.3170325881616264,0.904730287936713,0.006298137815
572,5.72,4.6515771284679705e-17,0.071824343306,-0.7987145655254447,0.13757062918230611,-0.6962851947077495,-0.071824343306,9.807165122152718e-18,-0.008334894625,0.803295050997357,-0.31913286707858435,0.8824279180759418,0.008334894625
573,5.73,-3.4051865743945276e-17,0.071301622723,-0.8026078679374297,0.13753183908779187,-0.7001397070252167,-0.071301622723,1.0583017613166303e-17,-0.009926013290,0.7789921754357404,-0.32045843188134404,0.859450607317084,0.009926013290
574,5.74,5.149592354859583e-17,0.070992427313,-0.8065108329577174,0.13750364886019695,-0.7040144818179122,-0.070992427313,1.5371860376757603e-17,-0.010821010075,0.75488552900221,-0.3209962288446119,0.8358817578468218,0.010821010075
575,5.75,6.202931862740298e-17,0.070899552197,-0.8104386410850078,0.13748611949492429,-0.7079247605799295,-0.070899552197,1.2352551518133948e-17,-0.010900470277,0.7310670339092918,-0.32074064256861956,0.8118076764779132,0.010900470277
576,5.76,8.94891174441569e-17,0.071026536349,-0.8144068763627718,0.1374794542082466,-0.711886330571017,-0.071026536349,1.5339286638005377e-17,-0.010091409800,0.7076256785511968,-0.3196935659730765,0.7873192445242707,0.010091409800
577,5.7700000000000005,9.474101878076347e-17,0.071377666099,-0.8184315021288074,0.13748400624513535,-0.7159155083739441,-0.071377666099,1.5848631344728637e-17,-0.008323574303,0.6846491730212502,-0.3178642943188522,0.7625134673401006,0.008323574303
578,5.78,2.6237147867802395e-17,0.071957936953,-0.822528776260211,0.13750028730561914,-0.7200290635658297,-0.071957936953,1.0571619722142774e-17,-0.005503924376,0.6622256061081063,-0.3152692561898861,0.7374948622979907,0.005503924376
579,5.79,2.816274427994705e-17,0.072772985778,-0.8267151389869812,0.1375289761321602,-0.7242441151191392,-0.072772985778,6.917390755090064e-18,-0.001497175634,0.6404450880143929,-0.3119316046781858,0.7123766926925774,0.001497175634
580,5.8,6.579445841187531e-17,0.073828982330,-0.8310070486723166,0.13757092642280855,-0.7285779750951256,-0.073828982330,1.979985077551419e-17,0.003895224520,0.6194013135225173,-0.30788070602503936,0.6872820195475575,-0.003895224520
581,5.8100000000000005,3.167403883976947e-17,0.075132516455,-0.8354208374068018,0.13762717444694117,-0.7330480118537408,-0.075132516455,1.2714385251212768e-17,0.010964355875,0.5991930542198186,-0.3031515669333419,0.6623446211531614,-0.010964355875
582,5.82,5.606899973094749e-17,0.076690582408,-0.8399727523522077,0.13769895008579092,-0.7376717024380013,-0.076690582408,1.29807574947047e-17,0.020140114448,0.5799256677312999,-0.29778423605710824,0.6377099037884064,-0.020140114448
583,5.83,3.4673561843393195e-17,0.078510843173,-0.8446794547607411,0.13778770118540085,-0.7424671559461458,-0.078510843173,8.428726098656694e-18,0.032069827509,0.5617128102119199,-0.2918232032751319,0.6135360134870509,-0.032069827509
584,5.84,8.869917274808326e-18,0.080602442962,-0.8495593467869799,0.1378951504253979,-0.7474544972123787,-0.080602442962,5.732946197127247e-18,0.047760074506,0.5446786427958773,-0.285316815967244,0.5899954587631213,-0.047760074506
585,5.8500000000000005,3.7336957792803967e-17,0.082977674115,-0.854635100991641,0.1380234143625675,-0.7526585153542107,-0.082977674115,9.890687554459134e-19,0.068851007504,0.5289608667599001,-0.2783167794135545,0.5672776461734528,-0.068851007504
586,5.86,5.820665008356368e-17,0.085654700746,-0.859937537222149,0.1381752194686362,-0.7581127566907866,-0.085654700746,1.1762138713010635e-17,0.098196554197,0.514714795218585,-0.270878028824698,0.5455928240432768,-0.098196554197
587,5.87,4.9003445817575575e-17,0.088661154433,-0.8655103323432104,0.1383542364520448,-0.7638645687952539,-0.088661154433,1.591000988451638e-17,0.141246898010,0.5021182423510498,-0.2630600104689066,0.5251782528199533,-0.141246898010
588,5.88,4.8475842806818695e-17,0.092037582411,-0.871413761455707,0.13856549966642906,-0.7699792611221361,-0.092037582411,1.2834971602434048e-16,0.191246898010,0.4913763199315585,-0.2549330906537085,0.5063094105852648,-0.191246898010
589,5.89,3.204991347187183e-17,0.095838329977,-0.8777236740115385,0.1388157520609613,-0.7765394260725009,-0.095838329977,-2.169260505739666e-16,0.241246898010,0.4827256166705399,-0.2466065255504769,0.48933214222101773,-0.241246898010
590,5.9,6.372759259763569e-17,0.100125554806,-0.8845194680920453,0.13911332405012733,-0.7836327921421726,-0.100125554806,-3.700140102812192e-15,0.291246898010,0.47645328390286423,-0.2383958696759586,0.4748491535788246,-0.291246898010
591,5.91,2.4128768469988592e-17,0.104950210262,-0.8918528814902028,0.13946680219647434,-0.7913196836866745,-0.104950210262,-5.164414661113833e-15,0.241246898010,0.47169789884180446,-0.2244546088536482,0.4561525076954509,-0.241246898010
592,5.92,3.381916703358578e-17,0.110326428070,-0.8997134029033315,0.1398826873397755,-0.7995960902431043,-0.110326428070,9.99687716670147e-16,0.191246898010,0.47089954647451393,-0.21723920434904287,0.4481387508235577,-0.191246898010
593,5.93,4.338088322355089e-17,0.116237721717,-0.9080560453703984,0.14036577645775783,-0.8084218218281563,-0.116237721717,1.9821541115756535e-16,0.141246898010,0.47275834435323205,-0.20900453855535528,0.44176288290858556,-0.141246898010
594,5.94,3.7908774819184004e-17,0.122648128979,-0.9168216235707166,0.14091959260848486,-0.8177412161791984,-0.122648128979,-5.186928887331131e-17,0.091246898010,0.4774815146897079,-0.20035520860263578,0.4378367232923437,-0.091246898010
595,5.95,4.1330020446415185e-17,0.129509676671,-0.9259444322976985,0.1415464216039003,-0.8274908539015988,-0.129509676671,1.5631833895933854e-17,0.041246898010,0.4842175884843708,-0.19194434175382125,0.4361619302381903,-0.041246898010
596,5.96,3.329521246178359e-17,0.136767472875,-0.9353563912550636,0.1422473011816906,-0.837603692436756,-0.136767472875,2.901024851577244e-17,-0.008753101990,0.4918112288357054,-0.18425081329011628,0.43606204212582034,0.008753101990
597,5.97,4.6559755311860794e-17,0.144363260002,-0.9449897943283229,0.14302203863009233,-0.8480118329584108,-0.144363260002,7.649927035444669e-18,-0.058753101990,0.5000147285685844,-0.17746540099250485,0.4374801295610893,0.058753101990
598,5.98,3.8750770417107305e-17,0.152237925146,-0.9547792384140844,0.14386926821501345,-0.8586485066290961,-0.152237925146,1.7689488766722486e-17,-0.108753101990,0.5087499441464917,-0.17170074575405858,0.4404506899005525,0.108753101990
599,5.99,4.353778530021914e-17,0.160333276988,-0.9646629628534217,0.14478654439644745,-0.869449507249866,-0.160333276988,1.5222096457496792e-18,-0.158753101990,0.5179611845719708,-0.16703858423803697,0.44499976881000824,0.158753101990
600,6.0,4.066588893624219e-17,0.168593291318,-0.9745837384838342,0.14577046273966998,-0.8803542012235019,-0.168593291318,1.06946836342304e-17,-0.179321365733,0.5275859140567692,-0.1635404565109747,0.4511263705677435,0.179321365733
601,6.01,4.0442053655965097e-17,0.176964963178,-0.9844894085630688,0.1468167995687485,-0.8913062081318137,-0.176964963178,7.849661982801183e-18,-0.180889356155,0.5375436608781295,-0.16122045597303336,0.4587641168511616,0.180889356155
602,6.0200000000000005,4.104918898269003e-17,0.185398863627,-0.9943331618720715,0.14792066183060915,-0.9022538237026771,-0.185398863627,7.919192424774746e-18,-0.173177222329,0.5476312692320963,-0.15944834277203024,0.4670796120041252,0.173177222329
603,6.03,1.829321505099613e-17,0.193849365721,-1.0040733347674342,0.14907711634798304,-0.9131504511154147,-0.193849365721,-2.0759950708428734e-17,-0.160854051676,0.5577196739120441,-0.15783860231488422,0.4755582762269248,0.160854051676
604,6.04,3.143576181807354e-17,0.202275285318,-1.0136744963594397,0.15027925208464998,-0.9239537484440858,-0.202275285318,8.489593110609257e-18,-0.146291129248,0.5677527594487773,-0.1563165631885407,0.4840693226373154,0.146291129248
605,6.05,4.2693667108284045e-17,0.210639115923,-1.0231053694857772,0.15152170868082904,-0.9346270781666042,-0.210639115923,1.3895295743470232e-17,-0.130707926423,0.5776926254196911,-0.1548706638380396,0.49256328925772896,0.130707926423
606,6.0600000000000005,3.717118664809404e-17,0.218907549635,-1.0323398257491947,0.15279850854149635,-0.9451383342906872,-0.218907549635,7.246843122919195e-18,-0.114743288192,0.5875080564655991,-0.15350009991164948,0.5010081563772473,0.114743288192
607,6.07,4.3354865265129165e-18,0.227051263354,-1.0413563422425165,0.15410358659580192,-0.9554599288383172,-0.227051263354,1.2172497512709676e-17,-0.098741975350,0.597172256401863,-0.15220534130618557,0.5093775977080468,0.098741975350
608,6.08,-9.24105520392066e-18,0.235044693012,-1.0501376056676728,0.15543097390903038,-0.9655685795767055,-0.235044693012,9.526140445914576e-17,-0.082898173331,0.6066622517530266,-0.15098636086133432,0.5176486126143565,0.082898173331
609,6.09,2.142160421821752e-16,0.242865792675,-1.0586701379498402,0.1567748996529611,-0.9754450376027974,-0.242865792675,1.9050203935730656e-16,-0.067327502654,0.6159586093722612,-0.14984239931758803,0.5258010086898515,0.067327502654
610,6.1000000000000005,4.519446909102527e-17,0.250494888850,-1.0669444827520644,0.15812904101459468,-0.9850735237666597,-0.250494888850,8.576428157133125e-18,-0.052105074629,0.6250451478818287,-0.1487711929680101,0.5338163408498366,0.052105074629
611,6.11,4.62955344339798e-17,0.257916880893,-1.0749530311872784,0.1594892968368159,-0.9944423280240939,-0.257916880893,7.640854896954286e-18,-0.037278972706,0.6339089108718642,-0.14777184272058463,0.5416807535924497,0.037278972706
612,6.12,3.819927104607792e-17,0.265118615920,-1.0826918144412483,0.16085060575911403,-1.0035424202003589,-0.265118615920,5.830941755134253e-18,-0.022884443732,0.6425396825596909,-0.14684166320936687,0.5493813457690613,0.022884443732
613,6.13,3.506627088123403e-17,0.272089473361,-1.0901591544902844,0.162208526471337,-1.0123676809616218,-0.272089473361,5.516888340791552e-18,-0.008947199391,0.6509298837348264,-0.14597785509425842,0.5569077388290871,0.008947199391
614,6.140000000000001,4.993792570318209e-17,0.278821095255,-1.0973554754625008,0.16355908289935084,-1.0209145583618497,-0.278821095255,6.619160169258711e-18,0.004513809127,0.6590743323451537,-0.14517742013929802,0.5642517524844499,-0.004513809127
615,6.15,4.421483831564435e-17,0.285567745730,-1.104088421940916,0.16516170920993567,-1.0292501311508506,-0.285567745730,8.42107072848423e-18,0.017484768026,0.666970023078414,-0.14443720561062945,0.5714072286890448,-0.017484768026
616,6.16,4.38195276234148e-17,0.293238976498,-1.1098365889046358,0.16770126588859002,-1.0375378547932261,-0.293238976498,6.409242559279094e-18,0.029955967166,0.6746159188799378,-0.14375396551507846,0.578369884395014,-0.029955967166
617,6.17,4.268135973791387e-17,0.302705239863,-1.1144679630279564,0.17131978367308298,-1.0457877467010388,-0.302705239863,1.0204994643165436e-17,0.041921075386,0.6820127541731945,-0.1431244168972171,0.5851371710704085,-0.041921075386
618,6.18,4.179845992497133e-17,0.315047262241,-1.1179669885471109,0.17600938477198158,-1.0539763733190892,-0.315047262241,2.83964116416587e-17,0.053376585123,0.6891628505321182,-0.14254528761091667,0.5917081381430349,-0.053376585123
619,6.19,5.186277622117119e-17,0.331954006040,-1.1203592934739577,0.1817193358394743,-1.0620786293134306,-0.331954006040,4.126500840503876e-18,0.064321356400,0.6960699454349185,-0.1420133556416291,0.5980833010765507,-0.064321356400
620,6.2,3.4926958896401454e-17,0.356519826366,-1.1216981767601881,0.18837484825975725,-1.0700730250199417,-0.356519826366,9.946552590241544e-18,0.074756224935,0.7027390344477534,-0.14152548078008176,0.6042645152278339,-0.074756224935
621,6.21,1.8464528931711034e-17,0.381519826366,-1.122067540235471,0.19587247271318386,-1.0779400129486565,-0.381519826366,3.275543184436197e-18,0.084683656173,0.7091762269231917,-0.1410786295650378,0.6102548564882269,-0.084683656173
622,6.22,-1.9008230415692907e-16,0.406519826366,-1.120738356712125,0.20383872576572337,-1.0845770824778473,-0.406519826366,2.0114999190504325e-17,0.094107435497,0.7153886150819392,-0.1406698943944048,0.6160585094763404,-0.094107435497
623,6.23,-1.1076528595461928e-15,0.431519826366,-1.1170590860766554,0.21161297418829828,-1.0886720602649522,-0.431519826366,3.869216012093721e-18,0.103032388905,0.7213841561764883,-0.14029650764977142,0.6216806638262589,-0.103032388905
624,6.24,1.5923987388520053e-15,0.456519826366,-1.1127104737937765,0.216833433518132,-1.089543907311911,-0.456519826366,1.0924738649323548e-17,0.111464130445,0.7271715673068019,-0.13995585161328938,0.6271274189200908,-0.111464130445
625,6.25,-2.1825628046143022e-15,0.431519826366,-1.0988477211487515,0.23125285024710973,-1.0901005713958558,-0.431519826366,1.18038841396277e-17,0.119408833653,0.7327602323636678,-0.13964546488556906,0.6324056972492342,-0.119408833653
626,6.26,2.1786464206479481e-16,0.406519826366,-1.086749773276904,0.24026587645816122,-1.0870156497350625,-0.406519826366,1.1409954586386181e-17,0.126873024679,0.7381601205095026,-0.13936304594269455,0.637523166452199,-0.126873024679
627,6.2700000000000005,9.237530254441227e-17,0.381519826366,-1.0730073227820869,0.2485630590203215,-1.0815703818024087,-0.381519826366,1.611370146737272e-17,0.133863395056,0.7433817155623547,-0.1391064544020556,0.6424881699644103,-0.133863395056
628,6.28,1.194392143611532e-16,0.356519826366,-1.0573753871469451,0.2566864672853183,-1.0740618544322669,-0.356519826366,3.591862535516303e-18,0.140386632194,0.7484359556220471,-0.13887371050198205,0.6473096661240283,-0.140386632194
629,6.29,4.889339675155744e-17,0.331519826366,-1.0400371693656938,0.2646126267157568,-1.0646497960814483,-0.331519826366,-9.445159521216892e-18,0.146449265825,0.753334182263573,-0.13866299324023956,0.6519971755038134,-0.146449265825
630,6.3,5.1151480884877685e-17,0.306519826366,-1.0212148922988655,0.27225970053747484,-1.053474592836339,-0.306519826366,9.699235600383994e-18,0.152057528681,0.758088098620907,-0.1384726375617179,0.6565607361826244,-0.152057528681
631,6.3100000000000005,3.548308871364177e-17,0.281519826366,-1.0011189620094045,0.2795518585557245,-1.0406708205651303,-0.281519826366,8.100013296836532e-18,0.157217229847,0.7627097356968778,-0.13830113093651308,0.6610108666333914,-0.157217229847
632,6.32,3.1219070933038165e-17,0.256519826366,-0.979944503727393,0.28642230170826954,-1.0263668054356654,-0.256519826366,1.0921184119634382e-17,0.161933639261,0.7672114262704862,-0.13814710962595156,0.6653585358964391,-0.161933639261
633,6.33,4.4786938016717346e-17,0.231519826366,-0.957872744560274,0.2928106455828724,-1.0106833901431476,-0.231519826366,-1.7070481025898384e-18,0.166211381894,0.7716057858459645,-0.13800935489611688,0.6696151407420792,-0.166211381894
634,6.34,4.113541301490307e-17,0.206519826366,-0.9350720967034195,0.29866133550388885,-0.9937334322073084,-0.206519826366,1.2282372667428495e-17,0.170054340132,0.77590570021684,-0.1378867894063075,0.6737924896231475,-0.170054340132
635,6.3500000000000005,4.322873389850183e-17,0.181519826366,-0.9116988461010261,0.30392313816686534,-0.9756219842678937,-0.181519826366,-1.0646905691883104e-17,0.173465562714,0.7801243194161752,-0.13777847397448773,0.6779027933906625,-0.173465562714
636,6.36,3.634714313680502e-17,0.160435549175,-0.8878977350770122,0.30854925188293125,-0.9564469869599441,-0.160435549175,1.1512217997952752e-17,0.176447178390,0.784275058083531,-0.13768360490439646,0.6819586629879288,-0.176447178390
637,6.37,3.388721274842198e-17,0.151359291062,-0.8638026088521836,0.31249773449394136,-0.9363003433461237,-0.151359291062,2.3375907419958198e-17,0.179000312166,0.7883716025430952,-0.13760151205122473,0.68597311459432,-0.179000312166
638,6.38,4.2410541337372036e-17,0.147906606247,-0.8395372019436184,0.31573207344533183,-0.9152692753889489,-0.147906606247,-7.992488727127844e-18,0.181125001835,0.7924279250140219,-0.13753165780536725,0.6899595828193887,-0.181125001835
639,6.390000000000001,4.3055376617004616e-17,0.146937923339,-0.8152160928395321,0.3182217877562118,-0.8934378805957457,-0.146937923339,4.3069826225610205e-18,0.182820112812,0.7964583051043174,-0.13747363718462113,0.693931942288939,-0.182820112812
640,6.4,4.4924251633009e-17,0.146918084129,-0.7909458317023069,0.3199429856738091,-0.8708888173761173,-0.146918084129,3.33632924318624e-18,0.184083250536,0.8004773576913468,-0.13742717923600856,0.6979045369273549,-0.184083250536
641,6.41,4.4020490411790356e-17,0.147100118586,-0.7668262320280564,0.32087882269437495,-0.8477050547224301,-0.147100118586,7.818313633549073e-18,0.184910672604,0.8045000640282193,-0.1373921499411127,0.7018922139693315,-0.184910672604
642,6.42,4.65854555972081e-17,0.147119364020,-0.7429518065060537,0.32101982070442914,-0.8239716272104807,-0.147119364020,1.8148294902860896e-17,0.185297207907,0.8085417991452398,-0.13736855676361126,0.7059103559088498,-0.185297207907
643,6.43,4.4992402682613267e-17,0.146791444606,-0.7194133171138236,0.3203640238115032,-0.7997773409253255,-0.146791444606,1.8970540879176325e-17,0.185236197249,0.8126183435959692,-0.13735655483754627,0.7099748984335164,-0.185236197249
644,6.44,3.5213530831839023e-17,0.146011045642,-0.6962993956078033,0.31891698159610604,-0.7752163772039053,-0.146011045642,2.2823980091115547e-17,0.184719483436,0.8167458576308358,-0.13735645450098855,0.7141023121318226,-0.184719483436
645,6.45,3.902811104158858e-17,0.144699900198,-0.6736981834492087,0.3166915661699373,-0.7503897496191434,-0.144699900198,6.015082087963523e-18,0.183737484489,0.8209407950404649,-0.1373687294455862,0.7183095244860467,-0.183737484489
646,6.46,4.5277893682077994e-17,0.142777918510,-0.6516989782517132,0.31370764056234635,-0.7254066188140569,-0.142777918510,7.305883370425195e-18,0.182279325954,0.8252197897340928,-0.1373940250003659,0.7226138147344598,-0.182279325954
647,6.47,4.711742875014114e-17,0.140143791348,-0.6303938241274035,0.30999161007760423,-0.7003854342050047,-0.140143791348,3.5305207046178676e-18,0.180333054244,0.8295994904283016,-0.1374331657142177,0.7270326561425207,-0.180333054244
648,6.48,4.6604777091428844e-17,0.136657055949,-0.6098790563949567,0.30557589344792835,-0.6754549498428815,-0.136657055949,1.2660953588869977e-17,0.177885858651,0.8340964153000751,-0.13748716259959404,0.7315835778996713,-0.177885858651
649,6.49,3.156793043283636e-17,0.132115407840,-0.5902568893792416,0.300498345797784,-0.6507552351770243,-0.132115407840,3.66554962487293e-18,0.174924100122,0.8387269925675876,-0.13755722377555346,0.7362842163431451,-0.174924100122
650,6.5,3.191006313912391e-17,0.126219853159,-0.5716372329059541,0.29480165340441256,-0.6264388863103654,-0.126219853159,1.0975731232609401e-17,0.171432782638,0.843508058963118,-0.13764477847797807,0.741152837441097,-0.171432782638
651,6.51,3.739324614369903e-17,0.118515164218,-0.5541400254904448,0.28853271240708367,-0.6026727378975294,-0.118515164218,1.1929855488901112e-17,0.167393933059,0.8484581862461279,-0.13775153381355365,0.7462097200596793,-0.167393933059
652,6.5200000000000005,2.9148569587144864e-17,0.108279805269,-0.5378984126458991,0.2817420376220606,-0.5796404502679571,-0.108279805269,-2.4498151713780143e-18,0.162783279094,0.8536002106372865,-0.1378795941877865,0.7514798048250717,-0.162783279094
653,6.53,5.457021749428251e-17,0.094304873024,-0.5230629623881856,0.27448341889175165,-0.557546381279939,-0.094304873024,7.0525431247780065e-19,0.157564821194,0.8589651097299126,-0.13803167853243592,0.7569967882623465,-0.157564821194
654,6.54,1.4065642456751337e-17,0.074401933004,-0.5098066486895166,0.26681460256974054,-0.5366212512592603,-0.074401933004,1.585905580945572e-17,0.151683663982,0.8645967120495516,-0.13821145677158653,0.7628081688211359,-0.151683663982
655,6.55,9.67728014048726e-17,0.049401933004,-0.4983294766889631,0.25880155831423324,-0.5171310350031937,-0.049401933004,7.638182568575697e-18,0.145059134898,0.8705554374002321,-0.1384239719496808,0.7689794093499116,-0.145059134898
656,6.5600000000000005,1.0052057242581532e-16,0.024401933004,-0.48886092922391555,0.2505358011663007,-0.4993967303902145,-0.024401933004,1.5918266840854956e-17,0.137583004485,0.8769172708059091,-0.1386759870115598,0.7755932578174671,-0.137583004485
657,6.57,4.388715716063674e-16,-0.000598066996,-0.4816630153707112,0.2422140215648808,-0.4838770369355898,0.000598066996,1.6196320648804044e-18,0.129131380526,0.8837617329559474,-0.1389758614472828,0.7827375944032311,-0.129131380526
658,6.58,-1.2406006381409193e-14,-0.025598066996,-0.47710836934247525,0.23474108988457687,-0.47184945922704946,0.025598066996,1.212896916506279e-17,0.119602568277,0.8911406663813118,-0.13933220852705885,0.7904728749083723,-0.119602568277
659,6.59,1.3288565681359213e-14,-0.000598066996,-0.4741207132301436,0.2212706570078119,-0.4553913702379524,0.000598066996,9.915516676964866e-18,0.108968117728,0.8990436453322107,-0.13975153521628558,0.7987951805484967,-0.108968117728
660,6.6000000000000005,-1.6363488444376211e-16,0.024401933004,-0.47475007605479747,0.21250521059849803,-0.4472552866532964,-0.024401933004,1.0794893898088278e-17,0.097260507312,0.9074257574401382,-0.14023862607620974,0.807664383516348,-0.097260507312
661,6.61,-1.7348340817263526e-17,0.049401933004,-0.4782676080651963,0.20382965502275996,-0.44209726308795316,-0.049401933004,1.1839176452132775e-17,0.084550986451,0.9162278864228962,-0.1407969774847483,0.8170248639076418,-0.084550986451
662,6.62,5.4829752184930326e-17,0.074401933004,-0.4844857609958143,0.19519041666121562,-0.4396761776570286,-0.074401933004,2.8601048467708856e-18,0.070934739523,0.9253843934149596,-0.1414288366199533,0.8268132300349129,-0.070934739523
663,6.63,3.031416937018502e-17,0.099401933004,-0.49192259639194547,0.18710812200813776,-0.439030718400081,-0.099401933004,8.474021781277601e-18,0.056520770345,0.934827263657593,-0.14213519269317854,0.8369624563507698,-0.056520770345
664,6.640000000000001,3.765690944732826e-17,0.124401933004,-0.5000241290857989,0.1798579013022682,-0.43988203038806395,-0.124401933004,6.1129827795658905e-18,0.041424846566,0.9444888570574089,-0.14291579662651943,0.8474046536839253,-0.041424846566
665,6.65,4.200565500399751e-17,0.149401933004,-0.5086566156289695,0.17358134067214614,-0.4422379563011183,-0.149401933004,8.638150257335737e-18,0.025764514877,0.954303837794492,-0.14376922047180873,0.8580730582662972,-0.025764514877
666,6.66,3.5868458219831655e-17,0.174401933004,-0.5177589841780882,0.16837440204435794,-0.446133386222447,-0.174401933004,8.288804278044287e-18,0.009655571238,0.9642105140835052,-0.1446929524818722,0.8689034665653756,-0.009655571238
667,6.67,4.4463874263106174e-17,0.199401933004,-0.5272736052027592,0.16430865990541588,-0.4515822651081769,-0.199401933004,5.580952407496923e-18,-0.006790415870,0.9741517271610124,-0.14568351968415316,0.879835246845166,0.006790415870
668,6.68,3.96951910555228e-17,0.224401933004,-0.5371327398870395,0.16143650017386435,-0.45856924006090116,-0.224401933004,1.1698129149752702e-17,-0.023467803371,0.9840753918172328,-0.1467366289720099,0.8908120207892458,0.023467803371
669,6.69,2.5103152466397403e-16,0.236211900947,-0.5472086799954009,0.15952654854912585,-0.46673522854452676,-0.236211900947,8.649779506554934e-17,-0.040277341122,0.9939345567465675,-0.14784770796794755,0.9017822647145137,0.040277341122
670,6.7,1.2428432878244349e-16,0.237893156302,-0.5573067495379763,0.15789066748926273,-0.4751974170272404,-0.237893156302,-5.0845301582129113e-17,-0.057129567230,1.0036884097547594,-0.14901033272365372,0.9126987424784132,0.057129567230
671,6.71,2.9699659615788187e-17,0.234541153249,-0.5673522979793805,0.15636605678847515,-0.48371835476785696,-0.234541153249,-1.0737281454381386e-17,-0.073940941745,1.0133006571550576,-0.150219223988176,0.9235198811432297,0.073940941745
672,6.72,3.5040235236641286e-17,0.228720197231,-0.577303560988189,0.15492261704262822,-0.49222617803081326,-0.228720197231,2.203107587200221e-17,-0.090636537986,1.0227403787052731,-0.1514684237634497,0.9342088024687221,0.090636537986
673,6.73,3.189720057384706e-17,0.221727045954,-0.5871285458325392,0.15355578635443268,-0.5006843321869723,-0.221727045954,1.7434206630172798e-18,-0.107149682642,1.0319815688945342,-0.1527517867605349,0.9447333556550723,0.107149682642
674,6.74,3.561475627378262e-17,0.214222810349,-0.5968002937021036,0.15226523613348697,-0.5090655298355897,-0.214222810349,3.0869791514276348e-18,-0.123421574903,1.04100277718132,-0.15406316873058012,0.9550659459119024,0.123421574903
675,6.75,9.547032344905443e-17,0.206549020575,-0.6062957885616288,0.15105073567141558,-0.5173465242330386,-0.206549020575,1.2181085868537848e-17,-0.139400864978,1.0497867480527292,-0.15539654177691864,0.9651832898296475,0.139400864978
676,6.76,4.1038548120126805e-17,0.198886278604,-0.6155954921402415,0.14991042723106907,-0.5255059193713101,-0.198886278604,8.139810527501256e-18,-0.155042204182,1.058320714940927,-0.15674507694497175,0.9750657918858976,0.155042204182
677,6.7700000000000005,4.1619740158258405e-17,0.191332229087,-0.6246833888790536,0.1488441812774287,-0.5335275701564774,-0.191332229087,6.5893517685674374e-18,-0.170308230847,1.0665938473573648,-0.1581045677875591,0.9846984151449241,0.170308230847
678,6.78,4.4032861870223885e-17,0.183942380380,-0.6335463776237137,0.14784962974966664,-0.5413960073733839,-0.183942380380,3.678698812650121e-18,-0.185166892077,1.074599494934195,-0.15946945843100535,0.9940689533651983,0.185166892077
679,6.79,3.6856940423889155e-17,0.176749731626,-0.6421742269490923,0.14692425264963715,-0.5490984795987308,-0.176749731626,9.942272342187607e-18,-0.199591671493,1.0823335796928406,-0.16083484656103775,1.0031684262538767,0.199591671493
680,6.8,4.282531671582899e-17,0.169774903528,-0.650559322962697,0.14606525530657788,-0.5566245782692731,-0.169774903528,1.5812986006863874e-17,-0.213561068642,1.0897944134336983,-0.1621962893804888,1.0119907028141857,0.213561068642
681,6.8100000000000005,4.6196018796036135e-17,0.163031326012,-0.6586964392969864,0.14526961466982302,-0.5639660539668099,-0.163031326012,1.7109671491373848e-17,-0.227058094153,1.0969824224195373,-0.1635497782897245,1.0205322007092594,0.227058094153
682,6.82,4.1911958419621095e-17,0.156527948552,-0.6665825180355692,0.14453414975622592,-0.5711166677917929,-0.156527948552,1.2992769723383212e-17,-0.240114936915,1.103878222994525,-0.16492101439969808,1.028799237394222,0.240114936915
683,6.83,5.264185850268405e-17,0.150270705318,-0.6742164609651918,0.14385558788851827,-0.578072048853707,-0.150270705318,1.55701614092764e-17,-0.253866223317,1.1099987614719717,-0.1669538339457205,1.0369525954176926,0.253866223317
684,6.84,3.6536027536358345e-17,0.144263350743,-0.6815989322121264,0.14323062177035928,-0.5848295539824888,-0.144263350743,2.465356979073021e-18,-0.269826035195,1.1150417156671226,-0.17002321501892725,1.0450649306860502,0.269826035195
685,6.8500000000000005,4.196301455836003e-17,0.138507973135,-0.6887321732704353,0.14265595718344237,-0.5913881304538768,-0.138507973135,4.40045831298187e-18,-0.289654688062,1.1189495305248665,-0.17417476642756935,1.0531242969524375,0.289654688062
686,6.86,3.492207631803119e-17,0.133005340105,-0.6956198311024951,0.14212835205971175,-0.5977481831622078,-0.133005340105,4.395160496291655e-18,-0.315708647160,1.12173075758204,-0.1793763082147023,1.0611070657967414,0.315708647160
687,6.87,3.3360661469574416e-17,0.127755152828,-0.7022667996683128,0.14164464786679265,-0.6039114475351055,-0.127755152828,1.114549455434253e-17,-0.351993427393,1.1234248696332054,-0.18556711648265056,1.068991986115859,0.351993427393
688,6.88,5.099245172535914e-17,0.122756247897,-0.7086790749671589,0.1412017942530538,-0.6098808692202105,-0.122756247897,1.961290087035657e-17,-0.401993427393,1.1240972468447596,-0.1926642559508297,1.0767615027955924,0.401993427393
689,6.890000000000001,3.4714664469135603e-17,0.118006766459,-0.7148636234563571,0.14079686785789403,-0.6156604913142529,-0.118006766459,-1.4855126472136423e-16,-0.451993427393,1.123628671953779,-0.20049902660728203,1.084127698561056,0.451993427393
690,6.9,5.336112138614325e-17,0.113504300851,-0.720828263541443,0.14042708613348298,-0.6212553496749265,-0.113504300851,2.6366310049537676e-17,-0.501993427393,1.1208749484073879,-0.2085368787387113,1.089411827146095,0.501993427393
691,6.91,5.177729321329665e-17,0.109246024283,-0.726581559703079,0.14008981695637834,-0.6266713766594534,-0.109246024283,-1.779211187629325e-16,-0.551993427393,1.116053392968234,-0.2158869631612187,1.0919403561294498,0.551993427393
692,6.92,3.834216276382809e-17,0.105228806743,-0.7321327287325526,0.13978258473626426,-0.6319153134688142,-0.105228806743,4.138837156606131e-16,-0.501993427393,1.104663011027367,-0.22846887875634014,1.0931318897837035,0.501993427393
693,6.93,3.009189707004668e-17,0.101449319195,-0.7374915574830193,0.1395030736577786,-0.6369946311407957,-0.101449319195,1.226650629838716e-15,-0.451993427393,1.0942718996286418,-0.23657279746313142,1.0908446970917727,0.451993427393
694,6.94,4.822648872149299e-17,0.097904127503,-0.7426683315022596,0.13924912862230265,-0.6419174601245579,-0.097904127503,2.0379971685385304e-17,-0.401993427393,1.0816239406366224,-0.24466110378548145,1.0862850444221028,0.401993427393
695,6.95,2.4415100301552298e-17,0.094589777275,-0.747673773889269,0.13901875439129674,-0.6466925282805618,-0.094589777275,2.1051362081108517e-17,-0.351993427393,1.066838640967636,-0.2527964765791909,1.0796351175468264,0.351993427393
696,6.96,5.533224626322867e-17,0.091502870595,-0.7525189937064961,0.138810113372292,-0.651329107078785,-0.091502870595,9.795571038312815e-18,-0.301993427393,1.0502084465821548,-0.26081443743907295,1.0710228840212264,0.301993427393
697,6.97,2.8384279188985605e-17,0.088640135553,-0.7572154432787573,0.1386215224335482,-0.6558369657123087,-0.088640135553,4.0841901438108164e-18,-0.251993427393,1.0319865075377281,-0.26859630851500704,1.0605828160527342,0.251993427393
698,6.98,4.81193238237808e-17,0.085998489373,-0.7617748837181583,0.13845144908394513,-0.6602263328021016,-0.085998489373,8.528419459802302e-18,-0.201993427393,1.0123942800605485,-0.27605644414938635,1.0484507242099366,0.201993427393
699,6.99,2.4076990584979762e-17,0.083575095889,-0.7662093580344137,0.13829850731084437,-0.664507865345255,-0.083575095889,2.465466710959083e-18,-0.151993427393,0.991633226552744,-0.2831250234915973,1.0347582500443384,0.151993427393
700,7.0,3.871988816012433e-17,0.081367418081,-0.7705311712313306,0.1381614533302763,-0.6686926245616056,-0.081367418081,6.209966246669392e-18,-0.101993427393,0.9698898948585405,-0.28974026321586355,1.0196301580744038,0.101993427393
701,7.01,4.963974280093014e-17,0.079373266337,-0.7747528768668889,0.13803918147091976,-0.6727920583378064,-0.079373266337,9.632874972431378e-18,-0.051993427393,0.9473378328666594,-0.2958454442838213,1.0031832771504816,0.051993427393
702,7.0200000000000005,6.702519939121072e-17,0.077590843157,-0.778887269685698,0.1379307203860144,-0.6768179900717128,-0.077590843157,5.7195191784985794e-18,-0.019398986835,0.9241383946638467,-0.30138798397524946,0.9855263786390984,0.019398986835
703,7.03,3.289757739540244e-17,0.076018785029,-0.7829473841317426,0.13783522976640594,-0.6807826138981503,-0.076018785029,1.2869623054353482e-17,-0.006978107471,0.9004412608458711,-0.30631939825689225,0.966760659102762,0.006978107471
704,7.04,6.315290171603333e-17,0.074656202392,-0.7869464988089422,0.13775199771454638,-0.6846984965234895,-0.074656202392,4.464197185306337e-18,-0.003743916616,0.8763849787710402,-0.3105956762927923,0.9469806550638302,0.003743916616
705,7.05,6.310871830353432e-17,0.073502718679,-0.7908981472204647,0.13768043893501558,-0.6885785861554772,-0.073502718679,9.271623030092987e-18,-0.004367795858,0.8520976350879054,-0.3141778435648096,0.9262754786527103,0.004367795858
706,7.0600000000000005,2.6216274933392692e-17,0.072558509554,-0.7948161352435231,0.1376200939026192,-0.6924362291461406,-0.072558509554,8.36679181203497e-18,-0.006298137815,0.8276976997750872,-0.31703258816162594,0.904730287936713,0.006298137815
707,7.07,4.1718202717176335e-17,0.071824343306,-0.7987145655254447,0.13757062918230567,-0.6962851947077495,-0.071824343306,1.3391662324034422e-17,-0.008334894625,0.803295050997357,-0.31913286707858435,0.8824279180759418,0.008334894625
708,7.08,5.333857192934648e-17,0.071301622723,-0.8026078679374261,0.13753183908779232,-0.7001397070252167,-0.071301622723,2.1794043230652207e-18,-0.009926013290,0.7789921754357404,-0.32045843188134404,0.859450607317084,0.009926013290
709,7.09,1.1085347663854223e-17,0.070992427313,-0.8065108329577139,0.1375036488601974,-0.7040144818179122,-0.070992427313,7.235164304616527e-18,-0.010821010075,0.75488552900221,-0.3209962288446119,0.8358817578468218,0.010821010075
710,7.1000000000000005,2.8439175093118423e-17,0.070899552197,-0.8104386410850043,0.13748611949492473,-0.7079247605799259,-0.070899552197,3.199924079299554e-18,-0.010900470277,0.7310670339092918,-0.32074064256861956,0.8118076764779096,0.010900470277
711,7.11,5.064591800890651e-17,0.071026536349,-0.8144068763627682,0.13747945420824703,-0.711886330571017,-0.071026536349,9.586395591656804e-18,-0.010091409800,0.7076256785511933,-0.3196935659730765,0.7873192445242707,0.010091409800
712,7.12,3.2364306999719733e-17,0.071377666099,-0.8184315021288074,0.1374840062451358,-0.7159155083739406,-0.071377666099,9.729489732479227e-18,-0.008323574303,0.6846491730212466,-0.3178642943188522,0.7625134673400971,0.008323574303
713,7.13,4.639552531279929e-17,0.071957936953,-0.8225287762602073,0.13750028730561958,-0.7200290635658262,-0.071957936953,2.1549530243249117e-17,-0.005503924376,0.6622256061081063,-0.3152692561898861,0.7374948622979871,0.005503924376
714,7.140000000000001,6.711175708402391e-17,0.072772985778,-0.8267151389869777,0.13752897613215975,-0.7242441151191357,-0.072772985778,1.885203244569376e-17,-0.001497175634,0.6404450880143929,-0.3119316046781858,0.7123766926925774,0.001497175634
715,7.15,3.877507669628271e-17,0.073828982330,-0.8310070486723128,0.1375709264228081,-0.728577975095122,-0.073828982330,9.72637461127274e-18,0.003895224520,0.6194013135225173,-0.3078807060250389,0.687282019547554,-0.003895224520
716,7.16,4.485795459605125e-17,0.075132516455,-0.8354208374067983,0.13762717444694073,-0.7330480118537372,-0.075132516455,1.3130542525009335e-17,0.010964355875,0.5991930542198186,-0.30315156693334233,0.6623446211531578,-0.010964355875
717,7.17,6.23792895783212e-17,0.076690582408,-0.8399727523522077,0.13769895008579092,-0.7376717024379977,-0.076690582408,3.749012800597856e-18,0.020140114448,0.5799256677312964,-0.29778423605710824,0.6377099037884029,-0.020140114448
718,7.18,3.848461543077265e-17,0.078510843173,-0.8446794547607411,0.13778770118540085,-0.7424671559461422,-0.078510843173,2.380926520254558e-19,0.032069827509,0.5617128102119163,-0.29182320327513234,0.6135360134870473,-0.032069827509
719,7.19,6.841679176423165e-17,0.080602442962,-0.8495593467869761,0.13789515042539835,-0.7474544972123751,-0.080602442962,1.2202253386477014e-17,0.047760074506,0.5446786427958737,-0.28531681596724445,0.5899954587631178,-0.047760074506
720,7.2,2.191279896698239e-17,0.082977674115,-0.8546351009916374,0.1380234143625666,-0.7526585153542036,-0.082977674115,9.296995313285974e-18,0.068851007504,0.5289608667598965,-0.2783167794135549,0.5672776461734492,-0.068851007504
721,7.21,3.302014772949846e-17,0.085654700746,-0.8599375372221455,0.1381752194686362,-0.758112756690783,-0.085654700746,9.719392559906565e-18,0.098196554197,0.5147147952185814,-0.270878028824698,0.5455928240432768,-0.098196554197
722,7.22,6.15206545436678e-17,0.088661154433,-0.8655103323432068,0.1383542364520448,-0.7638645687952503,-0.088661154433,2.5704026675574157e-17,0.141246898010,0.5021182423510463,-0.2630600104689066,0.5251782528199533,-0.141246898010
723,7.23,2.924907865221009e-17,0.092037582411,-0.8714137614557035,0.13856549966642817,-0.7699792611221326,-0.092037582411,-6.24639730575948e-19,0.191246898010,0.49137631993155495,-0.25493309065370895,0.5063094105852648,-0.191246898010
724,7.24,2.9213765094768693e-17,0.095838329977,-0.8777236740115352,0.1388157520609613,-0.7765394260724974,-0.095838329977,-8.351084633816477e-17,0.241246898010,0.4827256166705399,-0.24660652555047735,0.4893321422210142,-0.241246898010
725,7.25,4.8242980860635466e-17,0.100125554806,-0.8845194680920417,0.13911332405012777,-0.7836327921421691,-0.100125554806,1.0020083158444072e-16,0.291246898010,0.4764532839028607,-0.23839586967595372,0.4748491535788175,-0.291246898010
726,7.26,4.910542719366991e-17,0.104950210262,-0.8918528814901993,0.13946680219647478,-0.7913196836866709,-0.104950210262,-1.0702446071622028e-15,0.241246898010,0.471697898841808,-0.22445460885367796,0.4561525076954829,-0.241246898010
727,7.2700000000000005,4.5316445216100447e-17,0.110326428070,-0.8997134029033279,0.1398826873397755,-0.7995960902431007,-0.110326428070,1.625349968689618e-15,0.191246898010,0.4708995464745104,-0.21723920434903976,0.4481387508235506,-0.191246898010
728,7.28,3.6375227136613007e-17,0.116237721717,-0.9080560453703946,0.14036577645775783,-0.8084218218281563,-0.116237721717,-3.629938222234858e-16,0.141246898010,0.4727583443532285,-0.20900453855535528,0.441762882908582,-0.141246898010
729,7.29,3.550645515437636e-17,0.122648128979,-0.9168216235707131,0.1409195926084844,-0.8177412161791984,-0.122648128979,1.2402483454909727e-17,0.091246898010,0.4774815146897079,-0.20035520860263534,0.4378367232923437,-0.091246898010
730,7.3,3.33549104210103e-17,0.129509676671,-0.9259444322976947,0.14154642160389985,-0.8274908539015988,-0.129509676671,-3.49111705548248e-18,0.041246898010,0.4842175884843708,-0.1919443417538217,0.4361619302381903,-0.041246898010
731,7.3100000000000005,5.403369317079452e-17,0.136767472875,-0.9353563912550636,0.1422473011816906,-0.837603692436756,-0.136767472875,1.2332002721721367e-17,-0.008753101990,0.49181122883570183,-0.18425081329011628,0.43606204212582034,0.008753101990
732,7.32,4.615108849126151e-17,0.144363260002,-0.9449897943283193,0.14302203863009189,-0.8480118329584108,-0.144363260002,1.539953362759477e-17,-0.058753101990,0.5000147285685809,-0.17746540099250485,0.43748012956108573,0.058753101990
733,7.33,4.0876219891571316e-17,0.152237925146,-0.9547792384140806,0.143869268215013,-0.8586485066290961,-0.152237925146,1.1921969159706012e-17,-0.108753101990,0.5087499441464917,-0.17170074575405903,0.4404506899005525,0.108753101990
734,7.34,3.875450783733856e-17,0.160333276988,-0.9646629628534181,0.144786544396447,-0.8694495072498625,-0.160333276988,8.630042723882962e-18,-0.158753101990,0.5179611845719708,-0.1670385842380374,0.44499976881000824,0.158753101990
735,7.3500000000000005,4.1066940953700075e-17,0.168593291318,-0.9745837384838306,0.14577046273966954,-0.8803542012234984,-0.168593291318,9.00804338409401e-18,-0.179321365733,0.5275859140567692,-0.16354045651097515,0.4511263705677435,0.179321365733
736,7.36,4.13981289558364e-17,0.176964963178,-0.9844894085630652,0.14681679956874805,-0.8913062081318137,-0.176964963178,1.3042773364547282e-17,-0.180889356155,0.5375436608781295,-0.1612204559730338,0.4587641168511616,0.180889356155
737,7.37,3.96010704465347e-17,0.185398863627,-0.9943331618720715,0.14792066183060915,-0.9022538237026771,-0.185398863627,6.974189278891248e-18,-0.173177222329,0.5476312692320927,-0.15944834277203024,0.4670796120041252,0.173177222329
738,7.38,1.0300492462630665e-16,0.193849365721,-1.0040733347674342,0.14907711634796705,-0.913150451115404,-0.193849365721,4.6733792854145925e-17,-0.160854051676,0.5577196739120441,-0.15783860231487934,0.47555827622692126,0.160854051676
739,7.390000000000001,4.6244561864843865e-17,0.202275285318,-1.0136744963594433,0.1502792520846371,-0.9239537484440787,-0.202275285318,8.368781718172657e-18,-0.146291129248,0.5677527594487738,-0.1563165631885336,0.48406932263730473,0.146291129248
740,7.4,2.761727604815118e-17,0.210639115923,-1.0231053694857701,0.15152170868082593,-0.9346270781666006,-0.210639115923,9.385918874885345e-18,-0.130707926423,0.5776926254196876,-0.15487066383804005,0.49256328925772896,0.130707926423
741,7.41,3.669537450995679e-17,0.218907549635,-1.0323398257491911,0.15279850854149546,-0.9451383342906872,-0.218907549635,7.207908276925435e-18,-0.114743288192,0.5875080564655956,-0.15350009991164992,0.5010081563772473,0.114743288192
742,7.42,1.0047481286408061e-16,0.227051263353,-1.0413563422425165,0.15410358659580325,-0.9554599288383172,-0.227051263353,2.5274203672758647e-17,-0.098741975350,0.5971722564018594,-0.15220534130618735,0.5093775977080504,0.098741975350
743,7.43,-5.936372744080783e-17,0.235044693012,-1.0501376056676728,0.15543097390903393,-0.965568579576709,-0.235044693012,-9.396098237739858e-17,-0.082898173331,0.6066622517530195,-0.15098636086133566,0.5176486126143565,0.082898173331
744,7.44,-4.97428717669703e-17,0.242865792675,-1.0586701379498225,0.15677489965298064,-0.9754450376028045,-0.242865792675,1.0868664689000963e-16,-0.067327502654,0.6159586093722612,-0.14984239931758758,0.5258010086898515,0.067327502654
745,7.45,4.099224965710586e-17,0.250494888850,-1.0669444827520609,0.15812904101459868,-0.9850735237666597,-0.250494888850,1.1697379553649855e-17,-0.052105074629,0.6250451478818287,-0.1487711929680101,0.5338163408498402,0.052105074629
746,7.46,3.82887327362557e-17,0.257916880893,-1.0749530311872784,0.15948929683681634,-0.9944423280240939,-0.257916880893,8.797820367523985e-18,-0.037278972706,0.6339089108718642,-0.14777184272058463,0.5416807535924497,0.037278972706
747,7.47,4.1822698096681486e-17,0.265118615920,-1.0826918144412447,0.16085060575911403,-1.0035424202003589,-0.265118615920,7.845886793962151e-18,-0.022884443732,0.6425396825596909,-0.14684166320936687,0.5493813457690613,0.022884443732
748,7.48,4.1465470249191423e-17,0.272089473361,-1.0901591544902844,0.162208526471337,-1.0123676809616218,-0.272089473361,1.297191491019942e-17,-0.008947199391,0.6509298837348264,-0.14597785509425887,0.5569077388290871,0.008947199391
749,7.49,3.932669184301177e-17,0.278821095255,-1.0973554754625008,0.1635590828993504,-1.0209145583618497,-0.278821095255,1.2343012669075874e-17,0.004513809127,0.6590743323451572,-0.14517742013929757,0.5642517524844499,-0.004513809127
750,7.5,4.3948066701430923e-17,0.285567745730,-1.104088421940916,0.16516170920993523,-1.0292501311508506,-0.285567745730,1.1636442855459703e-17,0.017484768026,0.6669700230784176,-0.14443720561062945,0.5714072286890448,-0.017484768026
751,7.51,3.8559373034945445e-17,0.293238976498,-1.1098365889046358,0.16770126588859002,-1.0375378547932261,-0.293238976498,1.3954128575536502e-17,0.029955967166,0.6746159188799378,-0.14375396551507846,0.578369884395014,-0.029955967166
752,7.5200000000000005,4.5926207007956065e-17,0.302705239863,-1.1144679630279564,0.17131978367308298,-1.0457877467010388,-0.302705239863,1.1572610926477796e-18,0.041921075386,0.6820127541731945,-0.1431244168972171,0.5851371710704085,-0.041921075386
753,7.53,3.311958392533612e-17,0.315047262241,-1.1179669885471109,0.17600938477198158,-1.0539763733190892,-0.315047262241,1.2679124765346804e-17,0.053376585123,0.6891628505321182,-0.14254528761091667,0.5917081381430349,-0.053376585123
754,7.54,4.30902634509674e-17,0.331954006040,-1.1203592934739577,0.18171933583947475,-1.0620786293134306,-0.331954006040,1.094795640709107e-17,0.064321356400,0.6960699454349221,-0.1420133556416291,0.5980833010765507,-0.064321356400
755,7.55,3.883584852893184e-17,0.356519826366,-1.1216981767601881,0.1883748482597577,-1.0700730250199417,-0.356519826366,1.2435054728679625e-17,0.074756224935,0.7027390344477534,-0.14152548078008176,0.6042645152278339,-0.074756224935
756,7.5600000000000005,1.4130341223128397e-16,0.381519826366,-1.122067540235471,0.19587247271318342,-1.0779400129486565,-0.381519826366,1.047025810295409e-17,0.084683656173,0.7091762269231917,-0.14107862956503736,0.6102548564882304,-0.084683656173
757,7.57,-6.922165480152774e-17,0.406519826366,-1.120738356712125,0.20383872576572382,-1.0845770824778473,-0.406519826366,1.3590822029734502e-17,0.094107435497,0.7153886150819392,-0.1406698943944048,0.616058509476344,-0.094107435497
758,7.58,-1.4863709248950172e-15,0.431519826366,-1.1170590860766518,0.21161297418830183,-1.0886720602649558,-0.431519826366,8.359189030360118e-18,0.103032388905,0.7213841561764919,-0.14029650764977186,0.6216806638262589,-0.103032388905
759,7.59,-3.2606631118973105e-15,0.456519826366,-1.1127104737937765,0.21683343351812756,-1.089543907311911,-0.456519826366,9.781008892789505e-18,0.111464130445,0.7271715673068019,-0.13995585161328938,0.6271274189200908,-0.111464130445
760,7.6000000000000005,5.605058372826046e-17,0.431519826366,-1.0988477211487373,0.23125285024712217,-1.090100571395863,-0.431519826366,4.770017740294783e-18,0.119408833653,0.7327602323636678,-0.13964546488556906,0.6324056972492342,-0.119408833653
761,7.61,8.063551090349392e-17,0.406519826366,-1.086749773276904,0.24026587645816166,-1.087015649735066,-0.406519826366,1.2573779288037672e-17,0.126873024679,0.7381601205095026,-0.139363045942695,0.637523166452199,-0.126873024679
762,7.62,1.410668702398801e-16,0.381519826366,-1.0730073227820869,0.2485630590203215,-1.0815703818024087,-0.381519826366,4.1368355123304058e-19,0.133863395056,0.7433817155623547,-0.13910645440205516,0.6424881699644103,-0.133863395056
763,7.63,5.489945255790068e-17,0.356519826366,-1.0573753871469451,0.25668646728531874,-1.0740618544322633,-0.356519826366,1.1319878266734949e-17,0.140386632194,0.7484359556220471,-0.13887371050198205,0.6473096661240283,-0.140386632194
764,7.640000000000001,2.7251052503262735e-17,0.331519826366,-1.0400371693656902,0.2646126267157568,-1.0646497960814447,-0.331519826366,9.094701645850964e-18,0.146449265825,0.753334182263573,-0.13866299324023956,0.6519971755038134,-0.146449265825
765,7.65,3.8036005156616354e-17,0.306519826366,-1.0212148922988655,0.27225970053747484,-1.0534745928363354,-0.306519826366,-4.20240706162341e-18,0.152057528681,0.7580880986209034,-0.13847263756171835,0.6565607361826244,-0.152057528681
766,7.66,3.792127139393898e-17,0.281519826366,-1.0011189620094045,0.2795518585557245,-1.0406708205651303,-0.281519826366,1.1135541262289685e-17,0.157217229847,0.7627097356968778,-0.13830113093651308,0.6610108666333914,-0.157217229847
767,7.67,3.9322750886281346e-17,0.256519826366,-0.979944503727393,0.2864223017082691,-1.0263668054356654,-0.256519826366,1.3557545172608094e-17,0.161933639261,0.7672114262704862,-0.13814710962595156,0.6653585358964391,-0.161933639261
768,7.68,4.317824955022658e-17,0.231519826366,-0.957872744560274,0.29281064558287195,-1.010683390143144,-0.231519826366,8.451144480516603e-18,0.166211381894,0.7716057858459645,-0.13800935489611732,0.6696151407420792,-0.166211381894
769,7.69,4.6545062523002335e-17,0.206519826366,-0.9350720967034195,0.29866133550388885,-0.9937334322073084,-0.206519826366,1.464839257297054e-18,0.170054340132,0.77590570021684,-0.1378867894063075,0.673792489623144,-0.170054340132
770,7.7,3.7647669710143864e-17,0.181519826366,-0.9116988461010261,0.3039231381668658,-0.9756219842678937,-0.181519826366,8.926566179373905e-18,0.173465562714,0.7801243194161752,-0.13777847397448773,0.6779027933906625,-0.173465562714
771,7.71,4.316616202916952e-17,0.160435549175,-0.8878977350770122,0.3085492518829308,-0.9564469869599441,-0.160435549175,5.254240038164548e-18,0.176447178390,0.784275058083531,-0.1376836049043969,0.6819586629879288,-0.176447178390
772,7.72,4.683375642956656e-17,0.151359291062,-0.8638026088521836,0.31249773449394136,-0.9363003433461237,-0.151359291062,2.4946249829739277e-17,0.179000312166,0.7883716025430952,-0.13760151205122473,0.68597311459432,-0.179000312166
773,7.73,4.5794465987057854e-17,0.147906606247,-0.8395372019436184,0.31573207344533183,-0.9152692753889489,-0.147906606247,4.689785311170237e-18,0.181125001835,0.7924279250140219,-0.1375316578053677,0.6899595828193887,-0.181125001835
774,7.74,3.2258489550166496e-17,0.146937923339,-0.8152160928395321,0.3182217877562118,-0.8934378805957457,-0.146937923339,2.6190585945346078e-17,0.182820112812,0.7964583051043174,-0.13747363718462113,0.693931942288939,-0.182820112812
775,7.75,4.526121273864053e-17,0.146918084129,-0.7909458317023069,0.31994298567380863,-0.8708888173761173,-0.146918084129,4.076162346994262e-18,0.184083250536,0.8004773576913468,-0.137427179236009,0.6979045369273549,-0.184083250536
776,7.76,4.084586571914506e-17,0.147100118586,-0.7668262320280564,0.32087882269437495,-0.8477050547224301,-0.147100118586,-7.31763868402969e-18,0.184910672604,0.8045000640282193,-0.1373921499411127,0.7018922139693315,-0.184910672604
777,7.7700000000000005,3.663441698122925e-17,0.147119364020,-0.7429518065060537,0.3210198207044296,-0.8239716272104807,-0.147119364020,-8.042623181435022e-18,0.185297207907,0.8085417991452398,-0.13736855676361126,0.7059103559088498,-0.185297207907
778,7.78,4.666734172816716e-17,0.146791444606,-0.7194133171138236,0.32036402381150364,-0.7997773409253255,-0.146791444606,2.9198550997154402e-18,0.185236197249,0.8126183435959727,-0.13735655483754627,0.7099748984335164,-0.185236197249
779,7.79,4.735158725124768e-17,0.146011045642,-0.6962993956078033,0.31891698159610604,-0.7752163772039053,-0.146011045642,1.4915275168132197e-17,0.184719483436,0.8167458576308394,-0.13735645450098855,0.7141023121318262,-0.184719483436
780,7.8,4.509789894459174e-17,0.144699900198,-0.6736981834492087,0.31669156616993777,-0.750389749619147,-0.144699900198,6.804755141122435e-18,0.183737484489,0.8209407950404649,-0.1373687294455862,0.7183095244860502,-0.183737484489
781,7.8100000000000005,3.835228011150165e-17,0.142777918510,-0.6516989782517132,0.3137076405623459,-0.7254066188140604,-0.142777918510,1.0795301774300568e-17,0.182279325954,0.8252197897340966,-0.1373940250003659,0.7226138147344634,-0.182279325954
782,7.82,4.96707903003248e-17,0.140143791348,-0.6303938241274035,0.30999161007760423,-0.7003854342050082,-0.140143791348,5.358107812700701e-18,0.180333054244,0.8295994904283052,-0.13743316571421815,0.7270326561425242,-0.180333054244
783,7.83,3.0961285004638876e-17,0.136657055949,-0.6098790563949567,0.30557589344792835,-0.675454949842885,-0.136657055949,-1.922568437409708e-18,0.177885858651,0.8340964153000751,-0.13748716259959404,0.7315835778996713,-0.177885858651
784,7.84,5.4037867464406375e-17,0.132115407840,-0.5902568893792416,0.30049834579778356,-0.6507552351770278,-0.132115407840,6.3828539270968905e-18,0.174924100122,0.8387269925675912,-0.13755722377555346,0.7362842163431451,-0.174924100122
785,7.8500000000000005,4.395992703778987e-17,0.126219853159,-0.5716372329059577,0.2948016534044121,-0.6264388863103689,-0.126219853159,1.7256028570605853e-17,0.171432782638,0.8435080589631215,-0.13764477847797896,0.7411528374411005,-0.171432782638
786,7.86,4.469227274851547e-17,0.118515164218,-0.5541400254904484,0.2885327124070832,-0.602672737897533,-0.118515164218,1.1216602875028834e-17,0.167393933059,0.8484581862461315,-0.1377515338135541,0.7462097200596829,-0.167393933059
787,7.87,2.494581701903289e-17,0.108279805269,-0.5378984126458991,0.2817420376220606,-0.5796404502679606,-0.108279805269,-2.880906566004866e-18,0.162783279094,0.8536002106372901,-0.1378795941877865,0.7514798048250753,-0.162783279094
788,7.88,5.5001337184535177e-17,0.094304873024,-0.5230629623881856,0.2744834188917512,-0.557546381279939,-0.094304873024,7.219768302757555e-18,0.157564821194,0.8589651097299126,-0.13803167853243636,0.7569967882623501,-0.157564821194
789,7.890000000000001,3.389213770111797e-17,0.074401933004,-0.5098066486895202,0.26681460256973966,-0.5366212512592603,-0.074401933004,1.8084656162279878e-17,0.151683663982,0.8645967120495551,-0.13821145677158608,0.7628081688211394,-0.151683663982
790,7.9,4.591967859744458e-17,0.049401933004,-0.4983294766889631,0.2588015583142328,-0.5171310350031972,-0.049401933004,1.2763934552854216e-17,0.145059134898,0.8705554374002357,-0.13842397194968126,0.7689794093499152,-0.145059134898
791,7.91,-7.220847198799725e-17,0.024401933004,-0.48886092922391555,0.2505358011663007,-0.49939673039021804,-0.024401933004,6.623542482789151e-19,0.137583004485,0.8769172708059091,-0.13867598701155937,0.7755932578174707,-0.137583004485
792,7.92,8.655970608663028e-17,-0.000598066996,-0.4816630153707112,0.2422140215648777,-0.4838770369355898,0.000598066996,1.1236630622135906e-17,0.129131380526,0.883761732955951,-0.13897586144728236,0.7827375944032311,-0.129131380526
793,7.930000000000001,9.948681819570775e-15,-0.025598066996,-0.4771083693424717,0.2347410898845813,-0.471849459227053,0.025598066996,6.882937015264771e-18,0.119602568277,0.8911406663813154,-0.13933220852705885,0.7904728749083723,-0.119602568277
794,7.94,1.1467989935917821e-15,-0.000598066996,-0.4741207132301436,0.2212706570078079,-0.4553913702379453,0.000598066996,1.8131256291724943e-17,0.108968117728,0.8990436453322143,-0.13975153521628558,0.7987951805484967,-0.108968117728
795,7.95,-2.3252940955382654e-16,0.024401933004,-0.47475007605479747,0.21250521059850025,-0.4472552866532964,-0.024401933004,1.403534990330593e-17,0.097260507312,0.9074257574401382,-0.14023862607620974,0.807664383516348,-0.097260507312
796,7.96,2.3812788834244406e-17,0.049401933004,-0.4782676080651963,0.20382965502276085,-0.44209726308795316,-0.049401933004,6.0331420728923995e-18,0.084550986451,0.9162278864228962,-0.1407969774847483,0.8170248639076454,-0.084550986451
797,7.97,3.012876345842437e-17,0.074401933004,-0.48448576099581786,0.19519041666121606,-0.43967617765703215,-0.074401933004,1.6703604736266725e-17,0.070934739523,0.9253843934149596,-0.1414288366199533,0.8268132300349165,-0.070934739523
798,7.98,4.104477744107278e-17,0.099401933004,-0.49192259639194547,0.18710812200813776,-0.439030718400081,-0.099401933004,3.807588958148084e-18,0.056520770345,0.934827263657593,-0.14213519269317854,0.8369624563507698,-0.056520770345
799,7.99,5.287042639221499e-17,0.124401933004,-0.5000241290857989,0.1798579013022682,-0.4398820303880675,-0.124401933004,6.23407488933085e-18,0.041424846566,0.9444888570574089,-0.14291579662651943,0.8474046536839253,-0.041424846566
800,8.0,4.1090785132058175e-17,0.149401933004,-0.5086566156289695,0.17358134067214614,-0.4422379563011183,-0.149401933004,8.256927737702436e-18,0.025764514877,0.9543038377944882,-0.1437692204718083,0.8580730582662937,-0.025764514877
801,8.01,3.549138446277651e-17,0.174401933004,-0.5177589841780882,0.16837440204435794,-0.446133386222447,-0.174401933004,4.710346262717775e-18,0.009655571238,0.9642105140835052,-0.1446929524818722,0.8689034665653756,-0.009655571238
802,8.02,4.1796037220286274e-17,0.199401933004,-0.5272736052027592,0.16430865990541588,-0.4515822651081769,-0.199401933004,8.983248863074873e-18,-0.006790415870,0.9741517271610124,-0.14568351968415272,0.879835246845166,0.006790415870
803,8.03,4.1781589348054873e-17,0.224401933004,-0.5371327398870359,0.1614365001738648,-0.45856924006090116,-0.224401933004,5.712230576975458e-18,-0.023467803371,0.9840753918172328,-0.14673662897200945,0.8908120207892423,0.023467803371
804,8.040000000000001,7.932568235920072e-17,0.236211900947,-0.5472086799954009,0.15952654854913073,-0.4667352285445303,-0.236211900947,1.5952189697180204e-16,-0.040277341122,0.9939345567465782,-0.14784770796792535,0.9017822647145031,0.040277341122
805,8.05,-5.558807738423896e-17,0.237893156302,-0.5573067495379728,0.15789066748925873,-0.4751974170272333,-0.237893156302,-3.3147680341043926e-17,-0.057129567230,1.0036884097547665,-0.14901033272363906,0.9126987424784061,0.057129567230
806,8.06,5.223457036906561e-17,0.234541153249,-0.5673522979793805,0.15636605678847249,-0.4837183547678534,-0.234541153249,1.820486529770567e-17,-0.073940941745,1.0133006571550576,-0.15021922398817378,0.9235198811432297,0.073940941745
807,8.07,3.38472229539567e-17,0.228720197231,-0.5773035609881855,0.15492261704262822,-0.49222617803081326,-0.228720197231,8.303607165077924e-18,-0.090636537986,1.0227403787052731,-0.15146842376345104,0.9342088024687221,0.090636537986
808,8.08,4.2942930011227355e-17,0.221727045954,-0.5871285458325356,0.15355578635443268,-0.5006843321869687,-0.221727045954,-3.8224574740663436e-18,-0.107149682642,1.0319815688945342,-0.15275178676053003,0.9447333556550652,0.107149682642
809,8.09,2.4273874578330935e-17,0.214222810349,-0.5968002937021001,0.15226523613347542,-0.5090655298355755,-0.214222810349,4.2662816819435434e-17,-0.123421574903,1.0410027771813235,-0.1540631687305748,0.9550659459118989,0.123421574903
810,8.1,3.4040979381036367e-17,0.206549020575,-0.6062957885616217,0.15105073567139116,-0.5173465242330102,-0.206549020575,8.535585247781955e-17,-0.139400864978,1.0497867480527185,-0.1553965417769222,0.9651832898296475,0.139400864978
811,8.11,4.279926717461658e-17,0.198886278604,-0.6155954921402379,0.14991042723106418,-0.525505919371303,-0.198886278604,8.940823573272604e-18,-0.155042204182,1.05832071494092,-0.1567450769449722,0.975065791885894,0.155042204182
812,8.120000000000001,4.281663574115878e-17,0.191332229087,-0.6246833888790501,0.14884418127742738,-0.5335275701564774,-0.191332229087,6.862767288766301e-18,-0.170308230847,1.0665938473573613,-0.15810456778755866,0.9846984151449205,0.170308230847
813,8.13,3.62346116156182e-17,0.183942380380,-0.6335463776237137,0.14784962974966664,-0.5413960073733803,-0.183942380380,1.09346899716096e-17,-0.185166892077,1.0745994949341915,-0.1594694584310049,0.9940689533651947,0.185166892077
814,8.14,4.647957832847048e-17,0.176749731626,-0.6421742269490888,0.1469242526496376,-0.5490984795987273,-0.176749731626,8.46154147736837e-18,-0.199591671493,1.082333579692837,-0.1608348465610373,1.0031684262538731,0.199591671493
815,8.15,4.2281929015439015e-17,0.169774903528,-0.6505593229626935,0.14606525530657788,-0.5566245782692731,-0.169774903528,1.148797294050298e-17,-0.213561068642,1.0897944134336948,-0.1621962893804879,1.0119907028141821,0.213561068642
816,8.16,4.2056617252837064e-17,0.163031326012,-0.6586964392969828,0.14526961466982347,-0.5639660539668099,-0.163031326012,1.2144384330860859e-17,-0.227058094153,1.0969824224195373,-0.16354977828972406,1.0205322007092559,0.227058094153
817,8.17,3.986732492682298e-17,0.156527948552,-0.6665825180355657,0.14453414975622636,-0.5711166677917929,-0.156527948552,1.3195010835368758e-17,-0.240114936915,1.1038782229945214,-0.1649210143996972,1.0287992373942185,0.240114936915
818,8.18,3.380823587088639e-17,0.150270705318,-0.6742164609651883,0.1438555878885187,-0.5780720488537034,-0.150270705318,6.912768709573837e-18,-0.253866223317,1.1099987614719682,-0.16695383394571917,1.036952595417689,0.253866223317
819,8.19,4.23706930972042e-17,0.144263350743,-0.6815989322121229,0.14323062177035972,-0.5848295539824853,-0.144263350743,1.4812906624075143e-17,-0.269826035195,1.115041715667119,-0.1700232150189268,1.0450649306860467,0.269826035195
820,8.2,3.982110685931885e-17,0.138507973135,-0.6887321732704318,0.14265595718344237,-0.5913881304538733,-0.138507973135,7.173306522981795e-18,-0.289654688062,1.118949530524863,-0.17417476642756846,1.053124296952434,0.289654688062
821,8.21,3.682256103172022e-17,0.133005340105,-0.6956198311024916,0.14212835205971175,-0.5977481831622042,-0.133005340105,-4.3230729552562846e-18,-0.315708647160,1.1217307575820366,-0.1793763082147014,1.0611070657967379,0.315708647160
822,8.22,2.936341607886661e-17,0.127755152828,-0.7022667996683093,0.14164464786679265,-0.603911447535102,-0.127755152828,-5.336162796513233e-19,-0.351993427393,1.1234248696332019,-0.18556711648265012,1.0689919861158519,0.351993427393
823,8.23,6.078266440711353e-17,0.122756247897,-0.7086790749671553,0.14120179425305424,-0.6098808692202105,-0.122756247897,4.2691131255791283e-17,-0.401993427393,1.124097246844756,-0.19266425595082837,1.0767615027955852,0.401993427393
824,8.24,3.457346043691481e-17,0.118006766459,-0.7148636234563571,0.14079686785789403,-0.6156604913142494,-0.118006766459,2.824751860614749e-17,-0.451993427393,1.1236286719537718,-0.20049902660728203,1.0841276985610524,0.451993427393
825,8.25,2.5991540102963726e-17,0.113504300851,-0.7208282635414395,0.14042708613348298,-0.6212553496749229,-0.113504300851,1.0562868814191515e-15,-0.501993427393,1.1208749484073843,-0.20853687873870863,1.0894118271460915,0.501993427393
826,8.26,4.4608212220856516e-17,0.109246024283,-0.7265815597030755,0.14008981695637834,-0.6266713766594498,-0.109246024283,5.5098494491894023e-17,-0.551993427393,1.1160533929682304,-0.21588696316121736,1.0919403561294463,0.551993427393
827,8.27,5.0821392708848066e-17,0.105228806743,-0.7321327287325491,0.13978258473626426,-0.6319153134688142,-0.105228806743,3.6026674504630577e-16,-0.501993427393,1.1046630110273634,-0.2284688787563388,1.0931318897837,0.501993427393
828,8.28,4.164888627136965e-17,0.101449319195,-0.7374915574830158,0.13950307365777903,-0.6369946311407957,-0.101449319195,-5.702102485917328e-16,-0.451993427393,1.0942718996286382,-0.23657279746313054,1.0908446970917691,0.451993427393
829,8.290000000000001,4.596689047046876e-17,0.097904127503,-0.7426683315022561,0.1392491286223031,-0.6419174601245579,-0.097904127503,-1.4226082838309065e-16,-0.401993427393,1.0816239406366224,-0.24466110378547923,1.0862850444221028,0.401993427393
830,8.3,2.7605379125136407e-17,0.094589777275,-0.7476737738892655,0.13901875439129718,-0.6466925282805618,-0.094589777275,6.781776286475942e-17,-0.351993427393,1.066838640967636,-0.25279647657919,1.0796351175468264,0.351993427393
831,8.31,2.1267124767522862e-17,0.091502870595,-0.7525189937064926,0.13881011337229243,-0.651329107078785,-0.091502870595,9.511579769289609e-18,-0.301993427393,1.0502084465821548,-0.26081443743907295,1.0710228840212228,0.301993427393
832,8.32,4.9563063537543884e-17,0.088640135553,-0.7572154432787573,0.13862152243354775,-0.6558369657123051,-0.088640135553,8.537904045998084e-18,-0.251993427393,1.0319865075377246,-0.2685963085150066,1.0605828160527306,0.251993427393
833,8.33,2.0450740752701525e-17,0.085998489373,-0.7617748837181547,0.13845144908394558,-0.6602263328020981,-0.085998489373,-2.609159643469591e-18,-0.201993427393,1.0123942800605485,-0.2760564441493859,1.048450724209933,0.201993427393
834,8.34,1.732716783240976e-17,0.083575095889,-0.7662093580344137,0.13829850731084437,-0.664507865345255,-0.083575095889,9.720262395104219e-18,-0.151993427393,0.991633226552744,-0.28312502349159685,1.0347582500443384,0.151993427393
835,8.35,1.5148007580183987e-17,0.081367418081,-0.7705311712313306,0.1381614533302763,-0.6686926245616056,-0.081367418081,1.2528315455262412e-17,-0.101993427393,0.9698898948585405,-0.28974026321586355,1.0196301580744038,0.101993427393
836,8.36,4.165187716896424e-17,0.079373266337,-0.7747528768668889,0.13803918147091976,-0.6727920583378064,-0.079373266337,2.1770834512365833e-18,-0.051993427393,0.9473378328666594,-0.2958454442838213,1.0031832771504816,0.051993427393
837,8.370000000000001,3.0034415831450136e-17,0.077590843157,-0.778887269685698,0.1379307203860144,-0.6768179900717128,-0.077590843157,1.151133555859398e-17,-0.019398986835,0.9241383946638467,-0.30138798397524946,0.9855263786390984,0.019398986835
838,8.38,4.665783723644418e-17,0.076018785029,-0.7829473841317426,0.1378352297664064,-0.6807826138981503,-0.076018785029,2.0558110373138533e-17,-0.006978107471,0.9004412608458675,-0.30631939825689225,0.966760659102762,0.006978107471
839,8.39,3.642656782263751e-17,0.074656202392,-0.7869464988089422,0.13775199771454638,-0.6846984965234859,-0.074656202392,9.466425735552556e-18,-0.003743916616,0.8763849787710366,-0.3105956762927923,0.9469806550638302,0.003743916616
840,8.4,3.597775004511836e-17,0.073502718679,-0.7908981472204647,0.13768043893501558,-0.6885785861554772,-0.073502718679,1.0976540832480244e-17,-0.004367795858,0.852097635087902,-0.3141778435648096,0.9262754786527103,0.004367795858
841,8.41,5.5045775233419947e-17,0.072558509554,-0.7948161352435231,0.13762009390261964,-0.6924362291461406,-0.072558509554,1.4259321420614918e-17,-0.006298137815,0.8276976997750872,-0.31703258816162594,0.904730287936713,0.006298137815
842,8.42,8.111874134019269e-18,0.071824343306,-0.7987145655254447,0.13757062918230567,-0.6962851947077495,-0.071824343306,1.1064492811960869e-17,-0.008334894625,0.803295050997357,-0.31913286707858435,0.8824279180759418,0.008334894625
843,8.43,2.8119853375131304e-17,0.071301622723,-0.8026078679374261,0.13753183908779232,-0.7001397070252167,-0.071301622723,1.21113732488425e-17,-0.009926013290,0.7789921754357368,-0.32045843188134404,0.8594506073170805,0.009926013290
844,8.44,5.255078692773653e-17,0.070992427313,-0.8065108329577139,0.1375036488601974,-0.7040144818179122,-0.070992427313,8.571045981126294e-18,-0.010821010075,0.7548855290022064,-0.3209962288446119,0.8358817578468218,0.010821010075
845,8.45,5.0026483845502547e-17,0.070899552197,-0.8104386410850043,0.13748611949492429,-0.7079247605799259,-0.070899552197,1.0151301480525312e-17,-0.010900470277,0.7310670339092883,-0.32074064256861956,0.8118076764779096,0.010900470277
846,8.46,8.305522677232343e-18,0.071026536349,-0.8144068763627682,0.13747945420824748,-0.711886330571017,-0.071026536349,1.6043415916235255e-17,-0.010091409800,0.7076256785511933,-0.3196935659730765,0.7873192445242707,0.010091409800
847,8.47,7.999696487784062e-17,0.071377666099,-0.8184315021288039,0.13748400624513535,-0.7159155083739406,-0.071377666099,1.0885306918515956e-17,-0.008323574303,0.6846491730212466,-0.3178642943188522,0.7625134673400971,0.008323574303
848,8.48,6.980339993263212e-17,0.071957936953,-0.8225287762602073,0.13750028730561914,-0.7200290635658262,-0.071957936953,1.1416328096316886e-17,-0.005503924376,0.6622256061081028,-0.3152692561898861,0.7374948622979871,0.005503924376
849,8.49,6.242224758482338e-17,0.072772985778,-0.8267151389869777,0.1375289761321602,-0.7242441151191357,-0.072772985778,1.0922630236147788e-17,-0.001497175634,0.6404450880143894,-0.31193160467818626,0.7123766926925774,0.001497175634
850,8.5,1.3662542279175592e-17,0.073828982330,-0.8310070486723166,0.13757092642280855,-0.728577975095122,-0.073828982330,2.641595533567065e-18,0.003895224520,0.6194013135225173,-0.30788070602503936,0.687282019547554,-0.003895224520
851,8.51,2.994873206901576e-17,0.075132516455,-0.8354208374067983,0.13762717444694117,-0.7330480118537372,-0.075132516455,1.182175709257774e-17,0.010964355875,0.5991930542198186,-0.30315156693334233,0.6623446211531614,-0.010964355875
852,8.52,2.558021993548531e-17,0.076690582408,-0.8399727523522077,0.13769895008579092,-0.7376717024379977,-0.076690582408,1.3351827331314743e-17,0.020140114448,0.5799256677312999,-0.29778423605710824,0.6377099037884064,-0.020140114448
853,8.53,2.305814484773127e-17,0.078510843173,-0.8446794547607411,0.1377877011854013,-0.7424671559461422,-0.078510843173,1.4210154300928978e-17,0.032069827509,0.5617128102119199,-0.2918232032751319,0.6135360134870509,-0.032069827509
854,8.540000000000001,3.420577031285118e-17,0.080602442962,-0.8495593467869799,0.13789515042539835,-0.7474544972123787,-0.080602442962,1.557299777531475e-17,0.047760074506,0.5446786427958773,-0.285316815967244,0.5899954587631213,-0.047760074506
855,8.55,1.9949915784207685e-17,0.082977674115,-0.854635100991641,0.1380234143625666,-0.7526585153542071,-0.082977674115,9.683051696222558e-18,0.068851007504,0.5289608667598965,-0.2783167794135549,0.5672776461734528,-0.068851007504
856,8.56,3.9977804534055866e-17,0.085654700746,-0.859937537222149,0.1381752194686362,-0.758112756690783,-0.085654700746,1.179319014914072e-17,0.098196554197,0.5147147952185814,-0.270878028824698,0.5455928240432768,-0.098196554197
857,8.57,4.72871483497264e-17,0.088661154433,-0.8655103323432104,0.1383542364520448,-0.7638645687952539,-0.088661154433,-3.339668139593662e-18,0.141246898010,0.5021182423510463,-0.2630600104689066,0.5251782528199533,-0.141246898010
858,8.58,3.895596334003321e-17,0.092037582411,-0.871413761455707,0.13856549966642817,-0.7699792611221361,-0.092037582411,-7.435621711821987e-17,0.191246898010,0.4913763199315585,-0.25493309065370895,0.5063094105852683,-0.191246898010
859,8.59,6.096973518420033e-17,0.095838329977,-0.8777236740115385,0.13881575206096175,-0.7765394260725009,-0.095838329977,9.069507989807343e-17,0.241246898010,0.4827256166705399,-0.2466065255504778,0.48933214222101773,-0.241246898010
860,8.6,3.8970629833922696e-17,0.100125554806,-0.8845194680920453,0.13911332405012777,-0.7836327921421726,-0.100125554806,2.1016335210164737e-16,0.291246898010,0.4764532839028678,-0.23839586967595283,0.47484915357882107,-0.291246898010
861,8.61,4.9485348772117876e-17,0.104950210262,-0.8918528814902028,0.13946680219647478,-0.7913196836866745,-0.104950210262,5.674616295975334e-15,0.241246898010,0.47169789884180446,-0.22445460885367485,0.45615250769548643,-0.241246898010
862,8.620000000000001,4.195828817116277e-17,0.110326428070,-0.8997134029033315,0.1398826873397755,-0.7995960902431007,-0.110326428070,-1.7911334166790397e-15,0.191246898010,0.4708995464745104,-0.2172392043490411,0.44813875082355414,-0.191246898010
863,8.63,4.082905679635391e-17,0.116237721717,-0.9080560453703984,0.14036577645775783,-0.8084218218281563,-0.116237721717,2.3050126059514336e-16,0.141246898010,0.4727583443532285,-0.20900453855535528,0.44176288290858556,-0.141246898010
864,8.64,5.173733577873985e-17,0.122648128979,-0.9168216235707166,0.1409195926084844,-0.8177412161792019,-0.122648128979,2.4141781006104037e-17,0.091246898010,0.4774815146897079,-0.20035520860263534,0.4378367232923437,-0.091246898010
865,8.65,4.279613379588383e-17,0.129509676671,-0.9259444322976985,0.1415464216039003,-0.8274908539015988,-0.129509676671,-6.6543417692073696e-18,0.041246898010,0.4842175884843708,-0.19194434175382125,0.4361619302381903,-0.041246898010
866,8.66,4.6482033110567466e-17,0.136767472875,-0.9353563912550672,0.1422473011816906,-0.837603692436756,-0.136767472875,1.2922324573144205e-17,-0.008753101990,0.4918112288357054,-0.18425081329011583,0.43606204212582034,0.008753101990
867,8.67,4.392350267847228e-17,0.144363260002,-0.9449897943283229,0.14302203863009233,-0.8480118329584108,-0.144363260002,1.0648678912330591e-17,-0.058753101990,0.5000147285685844,-0.17746540099250485,0.4374801295610893,0.058753101990
868,8.68,4.536947178190365e-17,0.152237925146,-0.9547792384140844,0.14386926821501345,-0.8586485066290961,-0.152237925146,3.756559365166271e-18,-0.108753101990,0.5087499441464917,-0.17170074575405903,0.4404506899005525,0.108753101990
869,8.69,3.8404099248068133e-17,0.160333276988,-0.9646629628534217,0.144786544396447,-0.869449507249866,-0.160333276988,7.400049387916387e-18,-0.158753101990,0.5179611845719708,-0.16703858423803697,0.44499976881000824,0.158753101990
870,8.700000000000001,3.578599816010006e-17,0.168593291318,-0.9745837384838342,0.14577046273966954,-0.8803542012235019,-0.168593291318,7.973266520691402e-18,-0.179321365733,0.5275859140567692,-0.1635404565109747,0.4511263705677435,0.179321365733
871,8.71,4.50988921529828e-17,0.176964963178,-0.9844894085630688,0.14681679956874805,-0.8913062081318137,-0.176964963178,7.135690404227455e-18,-0.180889356155,0.5375436608781295,-0.16122045597303336,0.4587641168511616,0.180889356155
872,8.72,4.014222318399048e-17,0.185398863627,-0.9943331618720715,0.14792066183060915,-0.9022538237026771,-0.185398863627,8.36517890169214e-18,-0.173177222329,0.5476312692320927,-0.15944834277203024,0.4670796120041252,0.173177222329
873,8.73,4.9031481527654396e-17,0.193849365721,-1.0040733347674413,0.14907711634796306,-0.913150451115404,-0.193849365721,1.9889939768231926e-17,-0.160854051676,0.5577196739120477,-0.15783860231488378,0.4755582762269248,0.160854051676
874,8.74,4.37232505450479e-17,0.202275285318,-1.0136744963594362,0.1502792520846491,-0.9239537484440858,-0.202275285318,1.0446706438848916e-17,-0.146291129248,0.5677527594487773,-0.15631656318853715,0.4840693226373083,0.146291129248
875,8.75,2.8190270287594616e-17,0.210639115923,-1.0231053694857701,0.1515217086808317,-0.9346270781666006,-0.210639115923,1.8358713918835886e-17,-0.130707926423,0.5776926254196911,-0.15487066383803783,0.4925632892577254,0.130707926423
876,8.76,3.912225758329239e-17,0.218907549635,-1.0323398257491911,0.15279850854149635,-0.9451383342906872,-0.218907549635,9.14131875983385e-18,-0.114743288192,0.5875080564655956,-0.15350009991164904,0.5010081563772437,0.114743288192
877,8.77,2.6123494513423675e-17,0.227051263353,-1.0413563422425165,0.15410358659580015,-0.9554599288383137,-0.227051263353,-3.8686394665175885e-17,-0.098741975350,0.5971722564018594,-0.15220534130618735,0.5093775977080468,0.098741975350
878,8.78,3.7966119053210707e-17,0.235044693012,-1.0501376056676728,0.1554309739090335,-0.9655685795767055,-0.235044693012,-4.6794116632880435e-17,-0.082898173331,0.6066622517530195,-0.1509863608613321,0.5176486126143529,0.082898173331
879,8.790000000000001,1.251442603433808e-16,0.242865792675,-1.0586701379498367,0.15677489965296154,-0.9754450376027974,-0.242865792675,-1.6504122579507665e-16,-0.067327502654,0.6159586093722612,-0.14984239931758758,0.5258010086898479,0.067327502654
880,8.8,3.484937768222194e-17,0.250494888850,-1.0669444827520609,0.15812904101459468,-0.9850735237666561,-0.250494888850,9.056924694262096e-18,-0.052105074629,0.6250451478818252,-0.14877119296800967,0.5338163408498366,0.052105074629
881,8.81,4.83900521051019e-17,0.257916880893,-1.0749530311872748,0.15948929683681545,-0.9944423280240904,-0.257916880893,1.0173664316312496e-17,-0.037278972706,0.6339089108718642,-0.14777184272058463,0.5416807535924462,0.037278972706
882,8.82,4.2991593092074197e-17,0.265118615920,-1.0826918144412447,0.16085060575911359,-1.0035424202003589,-0.265118615920,1.1296510377270645e-17,-0.022884443732,0.6425396825596909,-0.14684166320936687,0.5493813457690577,0.022884443732
883,8.83,3.9779653136643677e-17,0.272089473361,-1.0901591544902844,0.16220852647133654,-1.0123676809616218,-0.272089473361,4.1223439626128265e-18,-0.008947199391,0.6509298837348264,-0.14597785509425887,0.5569077388290835,0.008947199391
884,8.84,3.7319085938984636e-17,0.278821095255,-1.0973554754624972,0.1635590828993504,-1.0209145583618497,-0.278821095255,1.3799463774819772e-17,0.004513809127,0.6590743323451537,-0.14517742013929802,0.5642517524844499,-0.004513809127
885,8.85,4.0551293395486626e-17,0.285567745730,-1.1040884219409124,0.16516170920993523,-1.0292501311508506,-0.285567745730,1.1047975736980103e-17,0.017484768026,0.666970023078414,-0.1444372056106299,0.5714072286890448,-0.017484768026
886,8.86,4.7540421682750655e-17,0.293238976498,-1.1098365889046322,0.16770126588859002,-1.0375378547932261,-0.293238976498,1.2630072252947451e-17,0.029955967166,0.6746159188799378,-0.14375396551507846,0.578369884395014,-0.029955967166
887,8.870000000000001,3.4108579976188564e-17,0.302705239863,-1.1144679630279564,0.17131978367308298,-1.0457877467010388,-0.302705239863,1.7346202613782006e-17,0.041921075386,0.682012754173191,-0.1431244168972171,0.5851371710704085,-0.041921075386
888,8.88,3.284042171757963e-17,0.315047262241,-1.1179669885471109,0.17600938477198158,-1.0539763733190892,-0.315047262241,1.5325021506278324e-17,0.053376585123,0.6891628505321182,-0.14254528761091712,0.5917081381430349,-0.053376585123
889,8.89,2.9554868564937144e-17,0.331954006040,-1.1203592934739577,0.18171933583947475,-1.0620786293134306,-0.331954006040,7.157674325452653e-18,0.064321356400,0.6960699454349185,-0.1420133556416291,0.5980833010765507,-0.064321356400
890,8.9,2.6591042591429486e-17,0.356519826366,-1.1216981767601881,0.1883748482597577,-1.0700730250199417,-0.356519826366,8.828951261475533e-18,0.074756224935,0.7027390344477534,-0.14152548078008176,0.6042645152278339,-0.074756224935
891,8.91,2.2723817796318447e-18,0.381519826366,-1.122067540235471,0.19587247271318386,-1.0779400129486565,-0.381519826366,4.7969456871368484e-18,0.084683656173,0.7091762269231917,-0.14107862956503736,0.6102548564882269,-0.084683656173
892,8.92,-1.8664746299655407e-16,0.406519826366,-1.120738356712125,0.2038387257657256,-1.084577082477851,-0.406519826366,2.7096646706669938e-18,0.094107435497,0.7153886150819392,-0.14066989439440525,0.6160585094763404,-0.094107435497
893,8.93,2.8640068512768403e-15,0.431519826366,-1.117059086076659,0.21161297418829828,-1.0886720602649558,-0.431519826366,3.763108023389797e-18,0.103032388905,0.7213841561764883,-0.14029650764977142,0.6216806638262589,-0.103032388905
894,8.94,1.7646727020523572e-15,0.456519826366,-1.1127104737937836,0.21683343351812623,-1.0895439073119075,-0.456519826366,2.1368904021171457e-18,0.111464130445,0.7271715673068019,-0.13995585161328894,0.6271274189200908,-0.111464130445
895,8.950000000000001,4.423272913250796e-15,0.431519826366,-1.0988477211487373,0.23125285024711906,-1.0901005713958594,-0.431519826366,1.2551524272385262e-17,0.119408833653,0.7327602323636678,-0.13964546488556862,0.6324056972492342,-0.119408833653
896,8.96,-1.566391326442999e-16,0.406519826366,-1.0867497732769076,0.2402658764581599,-1.087015649735066,-0.406519826366,1.5599179971034793e-17,0.126873024679,0.7381601205095062,-0.139363045942695,0.637523166452199,-0.126873024679
897,8.97,1.5285778159036162e-16,0.381519826366,-1.0730073227820904,0.2485630590203206,-1.0815703818024123,-0.381519826366,2.1337416999509894e-17,0.133863395056,0.7433817155623582,-0.13910645440205516,0.6424881699644138,-0.133863395056
898,8.98,5.076441049260543e-17,0.356519826366,-1.0573753871469487,0.25668646728531874,-1.0740618544322669,-0.356519826366,1.4888311579921977e-17,0.140386632194,0.7484359556220471,-0.13887371050198205,0.6473096661240283,-0.140386632194
899,8.99,4.899967167197675e-18,0.331519826366,-1.0400371693656938,0.2646126267157568,-1.0646497960814483,-0.331519826366,5.764794046096907e-18,0.146449265825,0.7533341822635765,-0.13866299324023956,0.6519971755038134,-0.146449265825
900,9.0,4.220773154330624e-17,0.306519826366,-1.0212148922988655,0.2722597005374753,-1.053474592836339,-0.306519826366,-3.037482181328408e-18,0.152057528681,0.758088098620907,-0.1384726375617179,0.6565607361826244,-0.152057528681
901,9.01,4.269795295485099e-17,0.281519826366,-1.001118962009408,0.27955185855572495,-1.0406708205651338,-0.281519826366,-4.295953900222029e-18,0.157217229847,0.7627097356968778,-0.13830113093651264,0.6610108666333914,-0.157217229847
902,9.02,2.4476939693630203e-17,0.256519826366,-0.9799445037273965,0.28642230170826954,-1.026366805435669,-0.256519826366,1.0975798977445553e-17,0.161933639261,0.7672114262704862,-0.13814710962595156,0.6653585358964391,-0.161933639261
903,9.03,3.0086978667026046e-17,0.231519826366,-0.9578727445602774,0.29281064558287284,-1.0106833901431476,-0.231519826366,1.111594925280476e-17,0.166211381894,0.7716057858459645,-0.13800935489611688,0.6696151407420827,-0.166211381894
904,9.040000000000001,3.426818083180136e-17,0.206519826366,-0.9350720967034231,0.29866133550388885,-0.9937334322073084,-0.206519826366,-9.198858126206313e-18,0.170054340132,0.7759057002168436,-0.1378867894063075,0.6737924896231475,-0.170054340132
905,9.05,4.0563244046484307e-17,0.181519826366,-0.9116988461010297,0.3039231381668662,-0.9756219842678973,-0.181519826366,2.1822831530130866e-18,0.173465562714,0.7801243194161788,-0.13777847397448773,0.6779027933906661,-0.173465562714
906,9.06,4.2061748891210656e-17,0.160435549175,-0.8878977350770122,0.30854925188293125,-0.9564469869599441,-0.160435549175,2.209583816385333e-17,0.176447178390,0.7842750580835346,-0.1376836049043969,0.6819586629879324,-0.176447178390
907,9.07,4.404863900913671e-17,0.151359291062,-0.8638026088521836,0.31249773449394136,-0.9363003433461237,-0.151359291062,1.3293621669695298e-17,0.179000312166,0.7883716025430988,-0.13760151205122517,0.6859731145943235,-0.179000312166
908,9.08,4.3811585449974077e-17,0.147906606247,-0.8395372019436184,0.3157320734453323,-0.9152692753889489,-0.147906606247,1.5185456043794303e-17,0.181125001835,0.7924279250140219,-0.1375316578053668,0.6899595828193923,-0.181125001835
909,9.09,3.799350561331156e-17,0.146937923339,-0.8152160928395321,0.3182217877562118,-0.8934378805957457,-0.146937923339,1.3469218812812346e-17,0.182820112812,0.7964583051043209,-0.1374736371846207,0.6939319422889425,-0.182820112812
910,9.1,3.827353885383005e-17,0.146918084129,-0.7909458317023105,0.3199429856738091,-0.8708888173761209,-0.146918084129,-1.199660821987368e-19,0.184083250536,0.8004773576913468,-0.137427179236009,0.6979045369273584,-0.184083250536
911,9.11,4.213066580144707e-17,0.147100118586,-0.7668262320280564,0.32087882269437495,-0.8477050547224336,-0.147100118586,-9.239806109823726e-18,0.184910672604,0.8045000640282228,-0.1373921499411127,0.7018922139693315,-0.184910672604
912,9.120000000000001,3.8370879269575554e-17,0.147119364020,-0.7429518065060537,0.3210198207044296,-0.8239716272104842,-0.147119364020,2.7425722848490795e-18,0.185297207907,0.8085417991452434,-0.13736855676361126,0.7059103559088533,-0.185297207907
913,9.13,5.0771383601664155e-17,0.146791444606,-0.7194133171138236,0.32036402381150364,-0.799777340925329,-0.146791444606,-5.380402861007041e-18,0.185236197249,0.8126183435959727,-0.13735655483754583,0.7099748984335199,-0.185236197249
914,9.14,4.0091523997848484e-17,0.146011045642,-0.6962993956078033,0.31891698159610604,-0.7752163772039089,-0.146011045642,1.2036488932834222e-17,0.184719483436,0.8167458576308394,-0.13735645450098855,0.7141023121318262,-0.184719483436
915,9.15,4.9493993620827835e-17,0.144699900198,-0.6736981834492123,0.3166915661699369,-0.750389749619147,-0.144699900198,-6.301062150284684e-18,0.183737484489,0.8209407950404649,-0.1373687294455862,0.7183095244860502,-0.183737484489
916,9.16,3.6444550738572626e-17,0.142777918510,-0.6516989782517167,0.3137076405623459,-0.7254066188140604,-0.142777918510,4.721499667240592e-19,0.182279325954,0.8252197897340966,-0.1373940250003659,0.7226138147344634,-0.182279325954
917,9.17,4.408958430097775e-17,0.140143791348,-0.6303938241274071,0.3099916100776038,-0.7003854342050082,-0.140143791348,1.0852275324736117e-17,0.180333054244,0.8295994904283052,-0.1374331657142177,0.7270326561425242,-0.180333054244
918,9.18,3.143577242883932e-17,0.136657055949,-0.6098790563949567,0.3055758934479279,-0.675454949842885,-0.136657055949,2.3291140896589738e-17,0.177885858651,0.8340964153000786,-0.13748716259959404,0.7315835778996713,-0.177885858651
919,9.19,4.471484494417015e-17,0.132115407840,-0.5902568893792451,0.30049834579778356,-0.6507552351770278,-0.132115407840,-8.767022864937993e-18,0.174924100122,0.8387269925675912,-0.13755722377555346,0.7362842163431451,-0.174924100122
920,9.200000000000001,5.486784072921852e-17,0.126219853159,-0.5716372329059577,0.2948016534044121,-0.6264388863103689,-0.126219853159,1.737280684542275e-17,0.171432782638,0.8435080589631215,-0.1376447784779785,0.7411528374411005,-0.171432782638
921,9.21,2.4970594559092605e-17,0.118515164218,-0.5541400254904484,0.2885327124070832,-0.602672737897533,-0.118515164218,-1.2553381421530923e-18,0.167393933059,0.8484581862461315,-0.13775153381355365,0.7462097200596829,-0.167393933059
922,9.22,4.3140927580703604e-17,0.108279805269,-0.5378984126459027,0.2817420376220606,-0.5796404502679606,-0.108279805269,1.7299744636127993e-17,0.162783279094,0.8536002106372901,-0.1378795941877865,0.7514798048250753,-0.162783279094
923,9.23,4.7940055876276294e-17,0.094304873024,-0.5230629623881892,0.2744834188917512,-0.5575463812799426,-0.094304873024,2.0070888875191953e-18,0.157564821194,0.8589651097299164,-0.13803167853243636,0.7569967882623501,-0.157564821194
924,9.24,4.4657477603719906e-17,0.074401933004,-0.5098066486895202,0.26681460256973966,-0.5366212512592639,-0.074401933004,8.939517801219817e-18,0.151683663982,0.8645967120495551,-0.13821145677158653,0.7628081688211394,-0.151683663982
925,9.25,1.2169794610000575e-16,0.049401933004,-0.4983294766889631,0.25880155831423235,-0.5171310350031972,-0.049401933004,8.223422405353733e-18,0.145059134898,0.8705554374002357,-0.13842397194968126,0.7689794093499187,-0.145059134898
926,9.26,-6.14199195210807e-17,0.024401933004,-0.4888609292239191,0.2505358011663007,-0.49939673039021804,-0.024401933004,7.851737433118593e-18,0.137583004485,0.8769172708059091,-0.1386759870115598,0.7755932578174707,-0.137583004485
927,9.27,2.358138739684102e-15,-0.000598066996,-0.4816630153707112,0.2422140215648826,-0.4838770369355969,0.000598066996,-1.2037787998613499e-18,0.129131380526,0.883761732955951,-0.1389758614472828,0.7827375944032311,-0.129131380526
928,9.28,-7.686388257171554e-15,-0.025598066996,-0.47710836934248235,0.23474108988457154,-0.4718494592270459,0.025598066996,1.5117604693878747e-17,0.119602568277,0.8911406663813154,-0.13933220852705885,0.7904728749083723,-0.119602568277
929,9.290000000000001,2.808197638273662e-15,-0.000598066996,-0.4741207132301507,0.22127065700779414,-0.45539137023793463,0.000598066996,2.81570818281048e-18,0.108968117728,0.8990436453322143,-0.13975153521628558,0.7987951805485003,-0.108968117728
930,9.3,-6.449554294885375e-17,0.024401933004,-0.474750076054801,0.21250521059849536,-0.44725528665329284,-0.024401933004,5.475082520904946e-18,0.097260507312,0.9074257574401382,-0.14023862607620974,0.807664383516348,-0.097260507312
931,9.31,1.3000140235318617e-16,0.049401933004,-0.4782676080651963,0.20382965502275951,-0.4420972630879567,-0.049401933004,1.0476216618896218e-17,0.084550986451,0.9162278864228962,-0.1407969774847483,0.8170248639076454,-0.084550986451
932,9.32,5.074983928570688e-17,0.074401933004,-0.48448576099581786,0.19519041666121606,-0.43967617765703215,-0.074401933004,1.6518125735531936e-18,0.070934739523,0.9253843934149596,-0.1414288366199533,0.8268132300349165,-0.070934739523
933,9.33,4.28013323978137e-17,0.099401933004,-0.49192259639194547,0.18710812200813776,-0.439030718400081,-0.099401933004,3.0238529032182774e-18,0.056520770345,0.934827263657593,-0.14213519269317854,0.8369624563507698,-0.056520770345
934,9.34,3.194389810811146e-17,0.124401933004,-0.5000241290857989,0.1798579013022682,-0.43988203038806395,-0.124401933004,2.3297184891368386e-18,0.041424846566,0.9444888570574089,-0.14291579662651943,0.8474046536839253,-0.041424846566
935,9.35,3.146873058048813e-17,0.149401933004,-0.5086566156289695,0.17358134067214614,-0.4422379563011183,-0.149401933004,4.775346778616377e-18,0.025764514877,0.954303837794492,-0.14376922047180873,0.8580730582662972,-0.025764514877
936,9.36,3.3623436996779233e-17,0.174401933004,-0.5177589841780882,0.16837440204435794,-0.446133386222447,-0.174401933004,8.184133294201204e-18,0.009655571238,0.9642105140835052,-0.1446929524818722,0.8689034665653792,-0.009655571238
937,9.370000000000001,4.7943104313610355e-17,0.199401933004,-0.5272736052027592,0.16430865990541543,-0.4515822651081769,-0.199401933004,4.283072897953333e-18,-0.006790415870,0.9741517271610124,-0.14568351968415316,0.879835246845166,0.006790415870
938,9.38,4.729506777658204e-17,0.224401933004,-0.5371327398870395,0.16143650017386435,-0.45856924006090116,-0.224401933004,1.203743285365345e-17,-0.023467803371,0.9840753918172328,-0.1467366289720099,0.8908120207892458,0.023467803371
939,9.39,4.0701865431473873e-17,0.236211900947,-0.5472086799953974,0.1595265485491263,-0.46673522854452676,-0.236211900947,-1.3951259869493677e-16,-0.040277341122,0.9939345567465675,-0.14784770796793778,0.9017822647145102,0.040277341122
940,9.4,-3.0504455825459357e-18,0.237893156302,-0.5573067495379763,0.15789066748926273,-0.4751974170272404,-0.237893156302,-5.87203257502635e-17,-0.057129567230,1.003688409754763,-0.14901033272364395,0.9126987424784097,0.057129567230
941,9.41,2.8366401818651246e-17,0.234541153249,-0.5673522979793805,0.15636605678847426,-0.48371835476785696,-0.234541153249,1.8589483338058935e-17,-0.073940941745,1.0133006571550576,-0.1502192239881751,0.9235198811432332,0.073940941745
942,9.42,4.460697669954571e-17,0.228720197231,-0.577303560988189,0.1549226170426291,-0.4922261780308168,-0.228720197231,5.629582274114582e-18,-0.090636537986,1.0227403787052731,-0.15146842376345104,0.9342088024687256,0.090636537986
943,9.43,7.506723370013873e-17,0.221727045954,-0.5871285458325427,0.1535557863544318,-0.5006843321869723,-0.221727045954,-7.086589249801189e-18,-0.107149682642,1.0319815688945377,-0.15275178676053802,0.9447333556550759,0.107149682642
944,9.44,5.558569016090198e-17,0.214222810349,-0.5968002937020965,0.1522652361334874,-0.5090655298355897,-0.214222810349,-7.151976101905353e-18,-0.123421574903,1.041002777181327,-0.15406316873057702,0.955065945911906,0.123421574903
945,9.450000000000001,3.96734364115329e-18,0.206549020575,-0.6062957885616252,0.1510507356714098,-0.5173465242330351,-0.206549020575,-1.5594893319255184e-17,-0.139400864977,1.0497867480527256,-0.1553965417769413,0.9651832898296582,0.139400864977
946,9.46,4.2090216322667514e-17,0.198886278604,-0.6155954921402415,0.1499104272310673,-0.5255059193713101,-0.198886278604,1.053790348858931e-17,-0.155042204182,1.058320714940927,-0.15674507694497664,0.9750657918859011,0.155042204182
947,9.47,4.2538002986247384e-17,0.191332229087,-0.6246833888790536,0.14884418127742782,-0.533527570156481,-0.191332229087,6.609594781333966e-18,-0.170308230847,1.0665938473573684,-0.15810456778756043,0.9846984151449276,0.170308230847
948,9.48,4.5376690238737174e-17,0.183942380380,-0.6335463776237172,0.1478496297496662,-0.5413960073733839,-0.183942380380,9.815854451763826e-18,-0.185166892077,1.0745994949341986,-0.1594694584310058,0.9940689533652018,0.185166892077
949,9.49,4.614107781011157e-17,0.176749731626,-0.6421742269490923,0.14692425264963715,-0.5490984795987308,-0.176749731626,3.2465271219525337e-18,-0.199591671493,1.0823335796928406,-0.16083484656103775,1.0031684262538767,0.199591671493
950,9.5,4.271801763797615e-17,0.169774903528,-0.650559322962697,0.14606525530657744,-0.5566245782692767,-0.169774903528,8.287220120981276e-18,-0.213561068642,1.0897944134336983,-0.16219628938048836,1.0119907028141892,0.213561068642
951,9.51,3.4633995000931543e-17,0.163031326012,-0.65869643929699,0.14526961466982302,-0.5639660539668134,-0.163031326012,1.291011211022041e-17,-0.227058094153,1.0969824224195408,-0.16354977828972495,1.020532200709263,0.227058094153
952,9.52,4.562085534592579e-17,0.156527948552,-0.6665825180355692,0.14453414975622592,-0.5711166677917965,-0.156527948552,5.773393181674897e-18,-0.240114936915,1.103878222994525,-0.16492101439969808,1.028799237394222,0.240114936915
953,9.53,4.1120595268712896e-17,0.150270705318,-0.6742164609651918,0.14385558788851827,-0.578072048853707,-0.150270705318,1.4751680420317206e-17,-0.253866223317,1.1099987614719717,-0.1669538339457205,1.0369525954176926,0.253866223317
954,9.540000000000001,3.698966363337075e-17,0.144263350743,-0.6815989322121264,0.14323062177035928,-0.5848295539824888,-0.144263350743,-4.274375119107909e-18,-0.269826035195,1.1150417156671226,-0.17002321501892725,1.0450649306860502,0.269826035195
955,9.55,3.09232096707069e-17,0.138507973135,-0.6887321732704353,0.14265595718344237,-0.5913881304538804,-0.138507973135,-7.045313426332187e-18,-0.289654688062,1.1189495305248665,-0.1741747664275698,1.0531242969524375,0.289654688062
956,9.56,5.4129472063065765e-17,0.133005340105,-0.6956198311024987,0.1421283520597113,-0.5977481831622113,-0.133005340105,1.1902298521881184e-17,-0.315708647160,1.12173075758204,-0.17937630821470274,1.061107065796745,0.315708647160
957,9.57,5.223347106456722e-17,0.127755152828,-0.7022667996683164,0.1416446478667922,-0.6039114475351055,-0.127755152828,1.501684918541589e-17,-0.351993427393,1.123424869633209,-0.18556711648265056,1.068991986115859,0.351993427393
958,9.58,3.6164655813390854e-17,0.122756247897,-0.7086790749671624,0.1412017942530538,-0.609880869220214,-0.122756247897,7.200582101886915e-18,-0.401993427393,1.1240972468447596,-0.1926642559508306,1.0767615027955924,0.401993427393
959,9.59,4.4593587941156005e-17,0.118006766459,-0.7148636234563607,0.14079686785789403,-0.6156604913142565,-0.118006766459,-1.5055375331641776e-16,-0.451993427393,1.123628671953779,-0.2004990266072807,1.0841276985610595,0.451993427393
960,9.6,1.9989147481108265e-17,0.113504300851,-0.7208282635414466,0.14042708613348254,-0.62125534967493,-0.113504300851,1.0571227935076398e-15,-0.501993427393,1.1208749484073843,-0.2085368787387153,1.0894118271460986,0.501993427393
961,9.61,4.324486772840658e-17,0.109246024283,-0.726581559703079,0.1400898169563779,-0.6266713766594569,-0.109246024283,3.680545837811157e-17,-0.551993427393,1.1160533929682375,-0.21588696316121958,1.0919403561294534,0.551993427393
962,9.620000000000001,3.907781339070347e-17,0.105228806743,-0.7321327287325562,0.13978258473626382,-0.6319153134688178,-0.105228806743,2.2495454350295342e-17,-0.501993427393,1.104663011027367,-0.22846887875634103,1.093131889783707,0.501993427393
963,9.63,3.436842227754683e-17,0.101449319195,-0.7374915574830229,0.13950307365777814,-0.6369946311407992,-0.101449319195,-6.055528828186148e-16,-0.451993427393,1.0942718996286418,-0.23657279746313276,1.0908446970917762,0.451993427393
964,9.64,3.122895841660401e-17,0.097904127503,-0.7426683315022596,0.1392491286223022,-0.6419174601245614,-0.097904127503,-8.378715355644119e-18,-0.401993427393,1.081623940636626,-0.24466110378548145,1.0862850444221064,0.401993427393
965,9.65,4.9643904455463156e-17,0.094589777275,-0.747673773889269,0.13901875439129674,-0.6466925282805653,-0.094589777275,5.563359463877746e-17,-0.351993427393,1.0668386409676396,-0.25279647657919135,1.07963511754683,0.351993427393
966,9.66,5.351757122056111e-17,0.091502870595,-0.7525189937064961,0.138810113372292,-0.6513291070787885,-0.091502870595,1.0051456755449973e-17,-0.301993427393,1.0502084465821584,-0.2608144374390734,1.07102288402123,0.301993427393
967,9.67,3.078119469036623e-17,0.088640135553,-0.7572154432787609,0.13862152243354775,-0.6558369657123087,-0.088640135553,-1.837426618899084e-18,-0.251993427393,1.0319865075377281,-0.26859630851500704,1.0605828160527377,0.251993427393
968,9.68,4.457440833378204e-17,0.085998489373,-0.7617748837181583,0.13845144908394513,-0.6602263328021016,-0.085998489373,7.102737243582594e-18,-0.201993427393,1.012394280060552,-0.27605644414938635,1.0484507242099366,0.201993427393
969,9.69,4.587772437809034e-17,0.083575095889,-0.7662093580344173,0.13829850731084437,-0.6645078653452585,-0.083575095889,1.2851774145633025e-17,-0.151993427393,0.991633226552744,-0.28312502349159774,1.034758250044342,0.151993427393
970,9.700000000000001,4.7535543521192656e-17,0.081367418081,-0.7705311712313342,0.1381614533302763,-0.6686926245616092,-0.081367418081,4.5595255874839504e-18,-0.101993427393,0.9698898948585405,-0.28974026321586444,1.0196301580744074,0.101993427393
971,9.71,3.024076391609213e-17,0.079373266337,-0.7747528768668924,0.13803918147091976,-0.67279205833781,-0.079373266337,1.1832084316071258e-17,-0.051993427393,0.9473378328666594,-0.2958454442838222,1.0031832771504852,0.051993427393
972,9.72,1.8286281874354436e-17,0.077590843157,-0.7788872696857015,0.13793072038601484,-0.6768179900717164,-0.077590843157,6.839333482247642e-18,-0.019398986835,0.9241383946638467,-0.3013879839752499,0.9855263786390984,0.019398986835
973,9.73,3.690110924344222e-17,0.076018785029,-0.7829473841317461,0.1378352297664064,-0.6807826138981503,-0.076018785029,1.1422898524315934e-17,-0.006978107471,0.9004412608458711,-0.30631939825689225,0.966760659102762,0.006978107471
974,9.74,5.074538013155116e-17,0.074656202392,-0.7869464988089422,0.13775199771454683,-0.6846984965234895,-0.074656202392,6.337400221818018e-18,-0.003743916616,0.8763849787710402,-0.3105956762927923,0.9469806550638338,0.003743916616
975,9.75,2.587645765718584e-17,0.073502718679,-0.7908981472204647,0.13768043893501603,-0.6885785861554807,-0.073502718679,1.1941899281717401e-17,-0.004367795858,0.8520976350879054,-0.31417784356481004,0.9262754786527139,0.004367795858
976,9.76,2.289929937010143e-17,0.072558509554,-0.7948161352435231,0.1376200939026201,-0.6924362291461441,-0.072558509554,7.548351910230918e-18,-0.006298137815,0.8276976997750872,-0.3170325881616264,0.904730287936713,0.006298137815
977,9.77,5.2319320817842223e-17,0.071824343306,-0.7987145655254447,0.13757062918230611,-0.6962851947077531,-0.071824343306,1.2660005749057835e-17,-0.008334894625,0.803295050997357,-0.31913286707858435,0.8824279180759418,0.008334894625
978,9.78,6.048275238143622e-17,0.071301622723,-0.8026078679374261,0.13753183908779187,-0.7001397070252202,-0.071301622723,9.07682562463675e-18,-0.009926013290,0.7789921754357404,-0.32045843188134404,0.859450607317084,0.009926013290
979,9.790000000000001,6.225097531580666e-18,0.070992427313,-0.8065108329577139,0.13750364886019695,-0.7040144818179122,-0.070992427313,1.4219303758567413e-17,-0.010821010075,0.75488552900221,-0.3209962288446119,0.8358817578468218,0.010821010075
980,9.8,4.051960058259053e-17,0.070899552197,-0.8104386410850043,0.13748611949492429,-0.7079247605799259,-0.070899552197,8.784298987358984e-18,-0.010900470277,0.7310670339092918,-0.32074064256861956,0.8118076764779096,0.010900470277
981,9.81,1.4066321857844466e-18,0.071026536349,-0.8144068763627718,0.13747945420824703,-0.711886330571017,-0.071026536349,1.1981225739584537e-17,-0.010091409800,0.7076256785511933,-0.3196935659730765,0.7873192445242707,0.010091409800
982,9.82,7.934431692527582e-17,0.071377666099,-0.8184315021288074,0.13748400624513535,-0.7159155083739406,-0.071377666099,1.2656284949792919e-17,-0.008323574303,0.6846491730212466,-0.3178642943188522,0.7625134673400971,0.008323574303
983,9.83,2.16349592153676e-17,0.071957936953,-0.8225287762602073,0.13750028730561958,-0.7200290635658262,-0.071957936953,1.544727520921462e-17,-0.005503924376,0.6622256061081063,-0.3152692561898861,0.7374948622979907,0.005503924376
984,9.84,4.109865865310684e-17,0.072772985778,-0.8267151389869777,0.13752897613215975,-0.7242441151191357,-0.072772985778,1.0929399519322864e-17,-0.001497175634,0.6404450880143929,-0.3119316046781858,0.7123766926925774,0.001497175634
985,9.85,2.2428746075007656e-17,0.073828982330,-0.8310070486723166,0.137570926422809,-0.7285779750951256,-0.073828982330,4.3025211738752486e-18,0.003895224520,0.6194013135225173,-0.30788070602503936,0.6872820195475575,-0.003895224520
986,9.86,4.465518809236502e-17,0.075132516455,-0.8354208374067983,0.13762717444694117,-0.7330480118537408,-0.075132516455,1.4145165242049373e-17,0.010964355875,0.5991930542198186,-0.30315156693334233,0.6623446211531614,-0.010964355875
987,9.870000000000001,7.098315497100033e-17,0.076690582408,-0.8399727523522077,0.13769895008579092,-0.7376717024380013,-0.076690582408,1.9044022998089808e-17,0.020140114448,0.5799256677312999,-0.29778423605710824,0.6377099037884064,-0.020140114448
988,9.88,6.488467355812707e-17,0.078510843173,-0.8446794547607411,0.1377877011854013,-0.7424671559461458,-0.078510843173,3.3521528600583553e-18,0.032069827509,0.5617128102119199,-0.2918232032751319,0.6135360134870509,-0.032069827509
989,9.89,2.2629346014856395e-17,0.080602442962,-0.8495593467869799,0.13789515042539835,-0.7474544972123787,-0.080602442962,9.989457944609392e-18,0.047760074506,0.5446786427958773,-0.285316815967244,0.5899954587631213,-0.047760074506
990,9.9,6.77783243040243e-17,0.082977674115,-0.854635100991641,0.13802341436256704,-0.7526585153542071,-0.082977674115,4.182471700661986e-18,0.068851007504,0.5289608667599001,-0.2783167794135545,0.5672776461734528,-0.068851007504
991,9.91,3.726452019238396e-17,0.085654700746,-0.859937537222149,0.1381752194686362,-0.758112756690783,-0.085654700746,1.1791180718863034e-17,0.098196554197,0.514714795218585,-0.2708780288246976,0.5455928240432768,-0.098196554197
992,9.92,4.6241965913968505e-17,0.088661154433,-0.8655103323432104,0.1383542364520448,-0.7638645687952539,-0.088661154433,1.3280456333734832e-17,0.141246898010,0.5021182423510498,-0.2630600104689066,0.5251782528199533,-0.141246898010
993,9.93,5.671484095488546e-17,0.092037582411,-0.871413761455707,0.13856549966642862,-0.7699792611221361,-0.092037582411,-3.676506843957269e-17,0.191246898010,0.4913763199315585,-0.2549330906537094,0.5063094105852683,-0.191246898010
994,9.94,6.320248212663851e-17,0.095838329977,-0.8777236740115385,0.1388157520609613,-0.7765394260725009,-0.095838329977,-7.522572427073785e-16,0.241246898010,0.4827256166705399,-0.24660652555047824,0.48933214222101773,-0.241246898010
995,9.950000000000001,4.2007896965725463e-17,0.100125554806,-0.8845194680920417,0.13911332405012733,-0.7836327921421691,-0.100125554806,-9.63123301813303e-16,0.291246898010,0.47645328390286423,-0.23839586967594795,0.4748491535788104,-0.291246898010
996,9.96,4.401055137552374e-17,0.104950210262,-0.8918528814901993,0.13946680219647434,-0.7913196836866709,-0.104950210262,6.120006679129409e-15,0.241246898010,0.47169789884181157,-0.2244546088536895,0.45615250769550064,-0.241246898010
997,9.97,3.4598228200164377e-17,0.110326428070,-0.8997134029033279,0.13988268733977594,-0.7995960902431007,-0.110326428070,-2.8109860590939257e-16,0.191246898010,0.47089954647451393,-0.21723920434904775,0.44813875082356125,-0.191246898010
998,9.98,3.8188240099388444e-17,0.116237721717,-0.9080560453703984,0.14036577645775783,-0.8084218218281563,-0.116237721717,1.6013663790901382e-16,0.141246898010,0.47275834435323205,-0.2090045385553566,0.44176288290858556,-0.141246898010
999,9.99,4.5647587506083797e-17,0.122648128979,-0.9168216235707166,0.1409195926084844,-0.8177412161791984,-0.122648128979,1.1852940322353586e-17,0.091246898010,0.4774815146897079,-0.20035520860263534,0.4378367232923437,-0.091246898010
1000,10.0,3.638030039022969e-17,0.129509676671,-0.9259444322976985,0.14154642160389985,-0.8274908539015988,-0.129509676671,2.2635560670357155e-17,0.041246898010,0.4842175884843708,-0.1919443417538217,0.4361619302381903,-0.041246898010
1001,10.01,4.903192044574433e-17,0.136767472875,-0.9353563912550636,0.1422473011816906,-0.837603692436756,-0.136767472875,-2.4327310182914592e-18,-0.008753101990,0.4918112288357054,-0.18425081329011628,0.43606204212582034,0.008753101990
1002,10.02,3.87467946860357e-17,0.144363260002,-0.9449897943283193,0.14302203863009233,-0.8480118329584108,-0.144363260002,9.026903348477132e-18,-0.058753101990,0.5000147285685844,-0.17746540099250485,0.43748012956108573,0.058753101990
1003,10.03,3.9604883012855436e-17,0.152237925146,-0.9547792384140806,0.14386926821501345,-0.8586485066290961,-0.152237925146,8.396945778696648e-18,-0.108753101990,0.5087499441464917,-0.17170074575405903,0.4404506899005525,0.108753101990
1004,10.040000000000001,3.9147832961854296e-17,0.160333276988,-0.9646629628534181,0.144786544396447,-0.8694495072498625,-0.160333276988,1.1963237610617784e-17,-0.158753101990,0.5179611845719708,-0.16703858423803697,0.44499976881000824,0.158753101990
1005,10.05,4.193191556123191e-17,0.168593291318,-0.9745837384838306,0.14577046273966954,-0.8803542012234984,-0.168593291318,8.917084537034335e-18,-0.179321365733,0.5275859140567692,-0.16354045651097515,0.4511263705677435,0.179321365733
1006,10.06,3.911499716042358e-17,0.176964963178,-0.9844894085630652,0.14681679956874805,-0.8913062081318137,-0.176964963178,8.057171177782563e-18,-0.180889356155,0.5375436608781295,-0.1612204559730338,0.4587641168511616,0.180889356155
1007,10.07,4.2655714945272757e-17,0.185398863627,-0.9943331618720715,0.1479206618306087,-0.9022538237026771,-0.185398863627,8.94844221482926e-18,-0.173177222329,0.5476312692320927,-0.15944834277203024,0.4670796120041252,0.173177222329
1008,10.08,4.4878979481782135e-17,0.193849365721,-1.0040733347674342,0.14907711634797194,-0.9131504511154076,-0.193849365721,3.41065537272474e-17,-0.160854051676,0.5577196739120406,-0.15783860231487934,0.47555827622692126,0.160854051676
1009,10.09,3.886948243765712e-17,0.202275285319,-1.0136744963594397,0.15027925208464776,-0.9239537484440858,-0.202275285319,2.845802655660053e-17,-0.146291129248,0.5677527594487773,-0.15631656318853626,0.4840693226373083,0.146291129248
1010,10.1,4.802637785107316e-17,0.210639115923,-1.0231053694857701,0.15152170868083303,-0.9346270781666006,-0.210639115923,1.450114776582101e-17,-0.130707926424,0.5776926254196911,-0.1548706638380405,0.49256328925772896,0.130707926424
1011,10.11,3.907237615389357e-17,0.218907549635,-1.0323398257491911,0.15279850854149635,-0.9451383342906872,-0.218907549635,6.0209093004037335e-18,-0.114743288192,0.5875080564655956,-0.15350009991164992,0.5010081563772437,0.114743288192
1012,10.120000000000001,3.591550202674639e-17,0.227051263353,-1.0413563422425165,0.1541035865957997,-0.9554599288383137,-0.227051263353,2.8062346234027616e-17,-0.098741975350,0.5971722564018594,-0.15220534130618069,0.5093775977080397,0.098741975350
1013,10.13,8.265804899666828e-17,0.235044693012,-1.0501376056676834,0.15543097390902372,-0.965568579576702,-0.235044693012,2.1198316673469272e-17,-0.082898173331,0.6066622517530195,-0.15098636086133121,0.5176486126143529,0.082898173331
1014,10.14,-1.3757693035711553e-16,0.242865792675,-1.058670137949826,0.15677489965296865,-0.9754450376027974,-0.242865792675,-2.2107020128283328e-16,-0.067327502654,0.6159586093722577,-0.14984239931758758,0.5258010086898479,0.067327502654
1015,10.15,4.253508573262323e-17,0.250494888850,-1.0669444827520609,0.15812904101459602,-0.9850735237666561,-0.250494888850,1.816874503805449e-18,-0.052105074629,0.6250451478818252,-0.1487711929680101,0.5338163408498366,0.052105074629
1016,10.16,4.0970721148437434e-17,0.257916880893,-1.0749530311872748,0.15948929683681545,-0.9944423280240904,-0.257916880893,6.358467400976329e-18,-0.037278972706,0.6339089108718642,-0.14777184272058508,0.5416807535924462,0.037278972706
1017,10.17,3.888605360813108e-17,0.265118615920,-1.0826918144412447,0.16085060575911314,-1.0035424202003553,-0.265118615920,3.1630259885871584e-18,-0.022884443732,0.6425396825596909,-0.1468416632093673,0.5493813457690577,0.022884443732
1018,10.18,4.209623764139259e-17,0.272089473361,-1.090159154490281,0.16220852647133654,-1.0123676809616182,-0.272089473361,1.2222895305706873e-17,-0.008947199391,0.6509298837348229,-0.14597785509425887,0.5569077388290835,0.008947199391
1019,10.19,4.3340723789320474e-17,0.278821095255,-1.0973554754624972,0.16355908289934995,-1.0209145583618462,-0.278821095255,1.1960327917930832e-17,0.004513809127,0.6590743323451537,-0.14517742013929757,0.5642517524844499,-0.004513809127
1020,10.200000000000001,3.7205174152968995e-17,0.285567745730,-1.1040884219409124,0.16516170920993478,-1.029250131150847,-0.285567745730,1.2564277747779677e-17,0.017484768026,0.666970023078414,-0.14443720561062945,0.5714072286890448,-0.017484768026
1021,10.21,3.292598326883527e-17,0.293238976498,-1.1098365889046322,0.16770126588858958,-1.0375378547932226,-0.293238976498,9.22377599583618e-18,0.029955967166,0.6746159188799342,-0.1437539655150789,0.578369884395014,-0.029955967166
1022,10.22,4.480840610986214e-17,0.302705239863,-1.1144679630279528,0.17131978367308254,-1.0457877467010352,-0.302705239863,-6.359320988886737e-19,0.041921075386,0.682012754173191,-0.14312441689721755,0.585137171070405,-0.041921075386
1023,10.23,3.663207258339856e-17,0.315047262241,-1.1179669885471073,0.17600938477198114,-1.0539763733190857,-0.315047262241,4.1639417885864585e-18,0.053376585123,0.6891628505321147,-0.14254528761091667,0.5917081381430314,-0.053376585123
1024,10.24,4.698793262666915e-17,0.331954006040,-1.1203592934739577,0.1817193358394743,-1.062078629313427,-0.331954006040,3.821085643041232e-19,0.064321356400,0.6960699454349185,-0.1420133556416291,0.5980833010765472,-0.064321356400
1025,10.25,3.5890249713053455e-17,0.356519826366,-1.1216981767601846,0.1883748482597577,-1.0700730250199382,-0.356519826366,1.2420114460836711e-17,0.074756224935,0.7027390344477499,-0.14152548078008176,0.6042645152278303,-0.074756224935
1026,10.26,1.6533226141135208e-16,0.381519826366,-1.122067540235471,0.19587247271318342,-1.077940012948653,-0.381519826366,1.2403377173837297e-17,0.084683656173,0.7091762269231882,-0.1410786295650378,0.6102548564882269,-0.084683656173
1027,10.27,-2.760820643874692e-16,0.406519826366,-1.1207383567121214,0.2038387257657247,-1.0845770824778473,-0.406519826366,1.1795471837625364e-17,0.094107435497,0.7153886150819356,-0.14066989439440525,0.6160585094763404,-0.094107435497
1028,10.28,1.2445513573043588e-15,0.431519826366,-1.1170590860766554,0.21161297418829472,-1.0886720602649487,-0.431519826366,6.3030779104257285e-18,0.103032388905,0.7213841561764883,-0.14029650764977186,0.6216806638262553,-0.103032388905
1029,10.290000000000001,1.7157458254360865e-15,0.456519826366,-1.11271047379378,0.21683343351812623,-1.089543907311904,-0.456519826366,9.259613425019207e-18,0.111464130445,0.7271715673067983,-0.13995585161328938,0.6271274189200873,-0.111464130445
1030,10.3,-2.9995384863498326e-15,0.431519826366,-1.0988477211487444,0.23125285024711284,-1.0901005713958558,-0.431519826366,6.2955675519962955e-18,0.119408833653,0.7327602323636643,-0.13964546488556906,0.6324056972492342,-0.119408833653
1031,10.31,-2.252024930338574e-16,0.406519826366,-1.0867497732769005,0.2402658764581599,-1.0870156497350625,-0.406519826366,1.6145645044572067e-17,0.126873024679,0.7381601205095026,-0.139363045942695,0.6375231664521954,-0.126873024679
1032,10.32,1.0256712773988445e-18,0.381519826366,-1.0730073227820869,0.24856305902031972,-1.0815703818024052,-0.381519826366,5.293408652377364e-18,0.133863395056,0.7433817155623547,-0.13910645440205516,0.6424881699644103,-0.133863395056
1033,10.33,2.2199319745718152e-17,0.356519826366,-1.0573753871469451,0.25668646728531785,-1.0740618544322633,-0.356519826366,2.524424109138055e-18,0.140386632194,0.7484359556220471,-0.13887371050198205,0.6473096661240283,-0.140386632194
1034,10.34,8.751978115610123e-18,0.331519826366,-1.0400371693656902,0.26461262671575636,-1.0646497960814447,-0.331519826366,1.2757107168892731e-17,0.146449265825,0.753334182263573,-0.13866299324023956,0.6519971755038134,-0.146449265825
1035,10.35,2.6014507687954965e-17,0.306519826366,-1.021214892298862,0.2722597005374744,-1.0534745928363354,-0.306519826366,4.355849160650684e-18,0.152057528681,0.7580880986209034,-0.13847263756171835,0.6565607361826209,-0.152057528681
1036,10.36,4.6233289190438214e-17,0.281519826366,-1.0011189620094045,0.27955185855572406,-1.0406708205651267,-0.281519826366,1.548960930133314e-17,0.157217229847,0.7627097356968743,-0.13830113093651308,0.6610108666333878,-0.157217229847
1037,10.370000000000001,5.736127875142643e-17,0.256519826366,-0.979944503727393,0.28642230170826866,-1.0263668054356618,-0.256519826366,-4.694690328466645e-18,0.161933639261,0.7672114262704862,-0.13814710962595156,0.6653585358964356,-0.161933639261
1038,10.38,4.515210934173622e-17,0.231519826366,-0.957872744560274,0.29281064558287195,-1.010683390143144,-0.231519826366,1.2862730697854216e-17,0.166211381894,0.7716057858459645,-0.13800935489611732,0.6696151407420792,-0.166211381894
1039,10.39,4.6120420219263663e-17,0.206519826366,-0.9350720967034195,0.29866133550388885,-0.9937334322073084,-0.206519826366,4.0597064652765315e-18,0.170054340132,0.77590570021684,-0.1378867894063075,0.6737924896231475,-0.170054340132
1040,10.4,4.4396486025061966e-17,0.181519826366,-0.9116988461010261,0.30392313816686534,-0.9756219842678937,-0.181519826366,-5.299227745798481e-18,0.173465562714,0.7801243194161752,-0.13777847397448728,0.6779027933906625,-0.173465562714
1041,10.41,4.1042664414908977e-17,0.160435549175,-0.8878977350770122,0.30854925188293036,-0.9564469869599441,-0.160435549175,9.759619968609478e-18,0.176447178390,0.784275058083531,-0.1376836049043969,0.6819586629879288,-0.176447178390
1042,10.42,4.2296873858639e-17,0.151359291062,-0.8638026088521836,0.31249773449394136,-0.9363003433461237,-0.151359291062,2.1209401579110095e-17,0.179000312166,0.7883716025430952,-0.13760151205122517,0.68597311459432,-0.179000312166
1043,10.43,4.648088033112048e-17,0.147906606247,-0.8395372019436184,0.31573207344533183,-0.9152692753889489,-0.147906606247,1.8151565902233232e-17,0.181125001835,0.7924279250140219,-0.13753165780536725,0.6899595828193887,-0.181125001835
1044,10.44,4.286694526403214e-17,0.146937923339,-0.8152160928395321,0.31822178775621224,-0.8934378805957457,-0.146937923339,9.744513370453023e-18,0.182820112812,0.7964583051043174,-0.13747363718462113,0.693931942288939,-0.182820112812
1045,10.450000000000001,3.8731718775538806e-17,0.146918084129,-0.7909458317023069,0.31994298567380863,-0.8708888173761173,-0.146918084129,-1.0348143381759458e-17,0.184083250536,0.8004773576913468,-0.13742717923600856,0.6979045369273549,-0.184083250536
1046,10.46,3.446821643987475e-17,0.147100118586,-0.7668262320280564,0.3208788226943745,-0.8477050547224301,-0.147100118586,1.0653358593510356e-17,0.184910672604,0.8045000640282193,-0.13739214994111226,0.7018922139693315,-0.184910672604
1047,10.47,4.413043927337249e-17,0.147119364020,-0.7429518065060537,0.3210198207044296,-0.8239716272104807,-0.147119364020,-8.37164189037135e-18,0.185297207907,0.8085417991452398,-0.13736855676361126,0.7059103559088498,-0.185297207907
1048,10.48,4.172495418037225e-17,0.146791444606,-0.7194133171138236,0.32036402381150364,-0.7997773409253255,-0.146791444606,-1.1584421234085397e-18,0.185236197249,0.8126183435959727,-0.13735655483754583,0.7099748984335164,-0.185236197249
1049,10.49,4.3693932563764917e-17,0.146011045642,-0.6962993956078033,0.3189169815961065,-0.7752163772039053,-0.146011045642,1.3768064258536376e-17,0.184719483436,0.8167458576308394,-0.1373564545009881,0.7141023121318262,-0.184719483436
1050,10.5,5.2400915148380453e-17,0.144699900198,-0.6736981834492087,0.3166915661699373,-0.750389749619147,-0.144699900198,-2.1672036776735313e-17,0.183737484489,0.8209407950404649,-0.13736872944558576,0.7183095244860502,-0.183737484489
1051,10.51,4.395478498069166e-17,0.142777918510,-0.6516989782517132,0.3137076405623459,-0.7254066188140604,-0.142777918510,1.238480994428543e-17,0.182279325954,0.8252197897340966,-0.1373940250003659,0.7226138147344634,-0.182279325954
1052,10.52,4.5471695061251616e-17,0.140143791348,-0.6303938241274035,0.3099916100776038,-0.7003854342050082,-0.140143791348,3.177459451942656e-18,0.180333054244,0.8295994904283052,-0.1374331657142177,0.7270326561425242,-0.180333054244
1053,10.53,3.901440959575554e-17,0.136657055949,-0.6098790563949602,0.30557589344792746,-0.675454949842885,-0.136657055949,8.542323771533228e-18,0.177885858651,0.8340964153000786,-0.13748716259959404,0.7315835778996749,-0.177885858651
1054,10.540000000000001,5.433217899648372e-17,0.132115407840,-0.5902568893792451,0.30049834579778356,-0.6507552351770278,-0.132115407840,1.2002195768946676e-17,0.174924100122,0.8387269925675948,-0.13755722377555346,0.7362842163431487,-0.174924100122
1055,10.55,3.126782671015796e-17,0.126219853159,-0.5716372329059612,0.29480165340441167,-0.6264388863103725,-0.126219853159,1.3441522117284797e-17,0.171432782638,0.8435080589631249,-0.13764477847797896,0.741152837441104,-0.171432782638
1056,10.56,4.9161647394326454e-17,0.118515164218,-0.5541400254904519,0.2885327124070828,-0.602672737897533,-0.118515164218,4.4083659038652686e-18,0.167393933059,0.848458186246135,-0.1377515338135541,0.7462097200596864,-0.167393933059
1057,10.57,4.7666930153095226e-17,0.108279805269,-0.5378984126459027,0.2817420376220602,-0.5796404502679606,-0.108279805269,1.2756847975349028e-17,0.162783279094,0.8536002106372934,-0.1378795941877865,0.7514798048250788,-0.162783279094
1058,10.58,6.93150987323094e-17,0.094304873024,-0.5230629623881892,0.2744834188917503,-0.5575463812799426,-0.094304873024,1.6149875154186684e-17,0.157564821194,0.8589651097299164,-0.13803167853243636,0.7569967882623536,-0.157564821194
1059,10.59,3.382460340836868e-17,0.074401933004,-0.5098066486895237,0.26681460256973966,-0.5366212512592639,-0.074401933004,1.0475544378663064e-18,0.151683663982,0.8645967120495587,-0.13821145677158653,0.762808168821143,-0.151683663982
1060,10.6,-3.696893461514285e-17,0.049401933004,-0.49832947668896665,0.2588015583142319,-0.5171310350031972,-0.049401933004,8.96247285707609e-18,0.145059134898,0.8705554374002392,-0.13842397194968126,0.7689794093499187,-0.145059134898
1061,10.61,7.420986380140957e-17,0.024401933004,-0.4888609292239191,0.2505358011663007,-0.49939673039021804,-0.024401933004,5.645027299433186e-18,0.137583004485,0.8769172708059126,-0.1386759870115598,0.7755932578174742,-0.137583004485
1062,10.620000000000001,-3.8824922339968293e-16,-0.000598066996,-0.48166301537071476,0.2422140215648746,-0.4838770369355898,0.000598066996,5.743820261907982e-18,0.129131380526,0.8837617329559545,-0.1389758614472828,0.7827375944032346,-0.129131380526
1063,10.63,7.428730140200097e-15,-0.025598066996,-0.47710836934246814,0.234741089884548,-0.47184945922702104,0.025598066996,7.458479412980181e-18,0.119602568277,0.891140666381319,-0.13933220852705885,0.7904728749083758,-0.119602568277
1064,10.64,2.628282832182146e-15,-0.000598066996,-0.4741207132301507,0.22127065700781146,-0.4553913702379595,0.000598066996,3.912372991206666e-18,0.108968117728,0.8990436453322178,-0.13975153521628558,0.7987951805485003,-0.108968117728
1065,10.65,1.3302434892131943e-16,0.024401933004,-0.474750076054801,0.21250521059849892,-0.44725528665329994,-0.024401933004,1.1659726126612788e-17,0.097260507312,0.9074257574401418,-0.14023862607620974,0.8076643835163515,-0.097260507312
1066,10.66,4.2026744092892995e-17,0.049401933004,-0.47826760806519986,0.20382965502275996,-0.4420972630879567,-0.049401933004,1.3195208313978579e-17,0.084550986451,0.9162278864228998,-0.1407969774847483,0.817024863907649,-0.084550986451
1067,10.67,5.40950854612966e-17,0.074401933004,-0.4844857609958214,0.19519041666121562,-0.4396761776570357,-0.074401933004,7.259081956275882e-18,0.070934739523,0.9253843934149631,-0.1414288366199533,0.82681323003492,-0.070934739523
1068,10.68,4.329484743030372e-17,0.099401933004,-0.491922596391949,0.18710812200813687,-0.43903071840008456,-0.099401933004,3.965969945233188e-18,0.056520770345,0.9348272636575966,-0.14213519269317854,0.8369624563507734,-0.056520770345
1069,10.69,4.401881383651131e-17,0.124401933004,-0.5000241290858024,0.17985790130226775,-0.4398820303880675,-0.124401933004,8.775653918155844e-18,0.041424846566,0.9444888570574125,-0.14291579662651943,0.8474046536839288,-0.041424846566
1070,10.700000000000001,4.6016486748276445e-17,0.149401933004,-0.508656615628973,0.1735813406721457,-0.4422379563011183,-0.149401933004,1.1914825961084327e-18,0.025764514877,0.954303837794492,-0.14376922047180873,0.8580730582662972,-0.025764514877
1071,10.71,3.9559940974124896e-17,0.174401933004,-0.5177589841780917,0.1683744020443575,-0.4461333862224506,-0.174401933004,8.793034259113288e-18,0.009655571238,0.9642105140835088,-0.1446929524818722,0.8689034665653792,-0.009655571238
1072,10.72,4.262510263099564e-17,0.199401933004,-0.5272736052027628,0.16430865990541543,-0.4515822651081769,-0.199401933004,6.092992098740423e-18,-0.006790415870,0.9741517271610157,-0.14568351968415316,0.8798352468451696,0.006790415870
1073,10.73,4.389116605409942e-17,0.224401933004,-0.5371327398870395,0.1614365001738639,-0.4585692400609047,-0.224401933004,9.605939302302728e-18,-0.023467803371,0.9840753918172364,-0.1467366289720099,0.8908120207892458,0.023467803371
1074,10.74,2.4770589070875458e-17,0.236211900947,-0.5472086799954045,0.1595265485491254,-0.46673522854452676,-0.236211900947,-6.27533577902322e-17,-0.040277341122,0.993934556746571,-0.14784770796793867,0.9017822647145102,0.040277341122
1075,10.75,1.3679532639106275e-16,0.237893156302,-0.5573067495379799,0.1578906674892676,-0.4751974170272475,-0.237893156302,-1.6657837784463332e-17,-0.057129567230,1.0036884097547665,-0.14901033272364705,0.9126987424784132,0.057129567230
1076,10.76,4.5364865063911056e-17,0.234541153249,-0.567352297979384,0.15636605678847204,-0.48371835476785696,-0.234541153249,-2.0660671522673663e-17,-0.073940941745,1.0133006571550576,-0.15021922398817467,0.9235198811432332,0.073940941745
1077,10.77,4.3032155106852116e-17,0.228720197231,-0.577303560988189,0.154922617042626,-0.49222617803081326,-0.228720197231,7.329376040399875e-18,-0.090636537986,1.0227403787052731,-0.15146842376345016,0.9342088024687256,0.090636537986
1078,10.78,4.148098698135408e-17,0.221727045954,-0.5871285458325392,0.15355578635442957,-0.5006843321869687,-0.221727045954,3.546421163430623e-18,-0.107149682642,1.0319815688945377,-0.15275178676053314,0.9447333556550723,0.107149682642
1079,10.790000000000001,1.2775389172346631e-17,0.214222810349,-0.5968002937021001,0.15226523613348697,-0.5090655298355897,-0.214222810349,1.3964578862822968e-17,-0.123421574903,1.04100277718132,-0.15406316873058812,0.9550659459119095,0.123421574903
1080,10.8,7.924467284122832e-17,0.206549020575,-0.6062957885616288,0.15105073567141514,-0.5173465242330422,-0.206549020575,7.623165147779404e-18,-0.139400864978,1.0497867480527185,-0.1553965417769373,0.9651832898296582,0.139400864978
1081,10.81,4.0476278916036e-17,0.198886278604,-0.6155954921402415,0.14991042723106862,-0.5255059193713136,-0.198886278604,7.762480298879923e-18,-0.155042204182,1.0583207149409235,-0.15674507694497575,0.9750657918859011,0.155042204182
1082,10.82,4.295050330002219e-17,0.191332229087,-0.6246833888790536,0.14884418127742827,-0.533527570156481,-0.191332229087,6.550108597984629e-18,-0.170308230847,1.0665938473573648,-0.15810456778756,0.9846984151449241,0.170308230847
1083,10.83,4.504223124064329e-17,0.183942380380,-0.6335463776237172,0.1478496297496662,-0.5413960073733839,-0.183942380380,1.3750803012024708e-17,-0.185166892077,1.074599494934195,-0.1594694584310058,0.9940689533651983,0.185166892077
1084,10.84,4.2253664729511295e-17,0.176749731626,-0.6421742269490959,0.1469242526496367,-0.5490984795987308,-0.176749731626,5.8728065887399716e-18,-0.199591671493,1.0823335796928406,-0.16083484656103775,1.0031684262538767,0.199591671493
1085,10.85,3.7884268171922674e-17,0.169774903528,-0.6505593229627006,0.14606525530657788,-0.5566245782692767,-0.169774903528,1.218846831251044e-17,-0.213561068642,1.0897944134336983,-0.1621962893804888,1.0119907028141892,0.213561068642
1086,10.86,3.886279602051847e-17,0.163031326012,-0.65869643929699,0.14526961466982347,-0.5639660539668134,-0.163031326012,9.754503473153978e-18,-0.227058094153,1.0969824224195408,-0.16354977828972495,1.020532200709263,0.227058094153
1087,10.870000000000001,4.614127863758816e-17,0.156527948552,-0.6665825180355728,0.14453414975622636,-0.5711166677917965,-0.156527948552,1.327702409002205e-17,-0.240114936915,1.103878222994525,-0.16492101439969808,1.028799237394222,0.240114936915
1088,10.88,4.394843615154829e-17,0.150270705318,-0.6742164609651918,0.1438555878885187,-0.5780720488537106,-0.150270705318,2.260864765599245e-18,-0.253866223317,1.1099987614719717,-0.1669538339457205,1.0369525954176926,0.253866223317
1089,10.89,3.8513523340924e-17,0.144263350743,-0.68159893221213,0.14323062177035972,-0.5848295539824888,-0.144263350743,-5.155450571684549e-18,-0.269826035195,1.1150417156671226,-0.1700232150189277,1.0450649306860502,0.269826035195
1090,10.9,4.177238768300157e-17,0.138507973135,-0.6887321732704353,0.14265595718344282,-0.5913881304538804,-0.138507973135,5.710022557320245e-18,-0.289654688062,1.1189495305248665,-0.1741747664275698,1.0531242969524375,0.289654688062
1091,10.91,3.2008252480007314e-17,0.133005340105,-0.6956198311024987,0.1421283520597113,-0.5977481831622113,-0.133005340105,1.5336427162349992e-17,-0.315708647160,1.12173075758204,-0.17937630821470274,1.061107065796745,0.315708647160
1092,10.92,3.7848406653306313e-17,0.127755152828,-0.7022667996683164,0.1416446478667922,-0.6039114475351091,-0.127755152828,1.0005519056788546e-17,-0.351993427393,1.123424869633209,-0.18556711648265056,1.068991986115859,0.351993427393
1093,10.93,4.0175938536529036e-17,0.122756247897,-0.7086790749671624,0.1412017942530538,-0.609880869220214,-0.122756247897,-1.3941572149748626e-17,-0.401993427393,1.1240972468447596,-0.19266425595083014,1.0767615027955924,0.401993427393
1094,10.94,4.5113063925234096e-17,0.118006766459,-0.7148636234563607,0.14079686785789403,-0.6156604913142565,-0.118006766459,9.07723230810533e-17,-0.451993427393,1.123628671953779,-0.20049902660728158,1.0841276985610595,0.451993427393
1095,10.950000000000001,4.402957629199374e-17,0.113504300851,-0.7208282635414466,0.14042708613348298,-0.62125534967493,-0.113504300851,-4.48851778209067e-16,-0.501993427393,1.1208749484073914,-0.20853687873870996,1.0894118271460986,0.501993427393
1096,10.96,3.370821629460616e-17,0.109246024283,-0.7265815597030826,0.1400898169563779,-0.6266713766594569,-0.109246024283,-4.772747861031043e-18,-0.551993427393,1.1160533929682375,-0.21588696316121825,1.0919403561294534,0.551993427393
1097,10.97,3.1570445333273463e-17,0.105228806743,-0.7321327287325562,0.13978258473626382,-0.6319153134688178,-0.105228806743,-8.979562498122787e-17,-0.501993427393,1.104663011027367,-0.2284688787563406,1.093131889783707,0.501993427393
1098,10.98,3.2715471292407764e-17,0.101449319195,-0.7374915574830229,0.1395030736577786,-0.6369946311407992,-0.101449319195,1.2888179240744207e-16,-0.451993427393,1.0942718996286418,-0.23657279746313542,1.0908446970917762,0.451993427393
1099,10.99,3.948901371208813e-17,0.097904127503,-0.7426683315022596,0.1392491286223022,-0.6419174601245614,-0.097904127503,-8.952092731327125e-17,-0.401993427393,1.081623940636626,-0.2446611037854819,1.0862850444221064,0.401993427393
1100,11.0,3.9826874941747214e-17,0.094589777275,-0.747673773889269,0.1390187543912963,-0.6466925282805653,-0.094589777275,4.287490624188533e-18,-0.351993427393,1.0668386409676396,-0.25279647657919135,1.07963511754683,0.351993427393
1101,11.01,4.632505016543061e-17,0.091502870595,-0.7525189937064997,0.13881011337229154,-0.6513291070787885,-0.091502870595,-8.383922184649731e-18,-0.301993427393,1.0502084465821584,-0.2608144374390734,1.07102288402123,0.301993427393
1102,11.02,3.2723258320451195e-17,0.088640135553,-0.7572154432787609,0.13862152243354775,-0.6558369657123087,-0.088640135553,1.6125235478135692e-17,-0.251993427393,1.0319865075377281,-0.26859630851500704,1.0605828160527377,0.251993427393
1103,11.03,3.8343120398341e-17,0.085998489373,-0.7617748837181618,0.13845144908394558,-0.6602263328021052,-0.085998489373,7.947524379369316e-18,-0.201993427393,1.012394280060552,-0.27605644414938635,1.0484507242099366,0.201993427393
1104,11.040000000000001,4.383142275960731e-17,0.083575095889,-0.7662093580344173,0.1382985073108448,-0.6645078653452585,-0.083575095889,1.5465246183957453e-17,-0.151993427393,0.9916332265527475,-0.28312502349159774,1.034758250044342,0.151993427393
1105,11.05,4.3106946800205997e-17,0.081367418081,-0.7705311712313342,0.13816145333027585,-0.6686926245616092,-0.081367418081,1.358180548471064e-17,-0.101993427393,0.969889894858544,-0.28974026321586444,1.0196301580744074,0.101993427393
1106,11.06,3.3000360641718887e-17,0.079373266337,-0.7747528768668924,0.13803918147091931,-0.6727920583378135,-0.079373266337,1.1191413469768831e-17,-0.051993427393,0.947337832866663,-0.2958454442838222,1.0031832771504852,0.051993427393
1107,11.07,5.537919701873357e-17,0.077590843157,-0.7788872696857015,0.1379307203860144,-0.6768179900717164,-0.077590843157,9.011156658272113e-18,-0.019398986835,0.9241383946638503,-0.3013879839752499,0.985526378639102,0.019398986835
1108,11.08,4.2094108697649955e-17,0.076018785029,-0.7829473841317461,0.1378352297664055,-0.6807826138981539,-0.076018785029,1.1178022200571945e-17,-0.006978107471,0.9004412608458746,-0.30631939825689225,0.9667606591027655,0.006978107471
1109,11.09,3.3064664900966525e-17,0.074656202392,-0.7869464988089457,0.13775199771454594,-0.684698496523493,-0.074656202392,1.175913121545704e-17,-0.003743916616,0.8763849787710435,-0.3105956762927923,0.9469806550638338,0.003743916616
1110,11.1,5.2881575553616946e-17,0.073502718679,-0.7908981472204683,0.13768043893501558,-0.6885785861554807,-0.073502718679,5.076004171891396e-18,-0.004367795858,0.8520976350879054,-0.31417784356481004,0.9262754786527139,0.004367795858
1111,11.11,5.1442181108893583e-17,0.072558509554,-0.7948161352435267,0.13762009390261964,-0.6924362291461441,-0.072558509554,1.3759516625450202e-17,-0.006298137815,0.827697699775091,-0.31703258816162594,0.9047302879367165,0.006298137815
1112,11.120000000000001,1.7588668354390976e-17,0.071824343306,-0.7987145655254483,0.13757062918230611,-0.6962851947077531,-0.071824343306,3.0560575975147837e-18,-0.008334894625,0.8032950509973605,-0.31913286707858435,0.8824279180759418,0.008334894625
1113,11.13,4.650034168614541e-17,0.071301622723,-0.8026078679374297,0.13753183908779187,-0.7001397070252202,-0.071301622723,1.5242414393373595e-17,-0.009926013290,0.7789921754357404,-0.32045843188134404,0.859450607317084,0.009926013290
1114,11.14,2.6110073180807786e-17,0.070992427313,-0.8065108329577174,0.13750364886019695,-0.7040144818179122,-0.070992427313,3.518335528849008e-18,-0.010821010075,0.75488552900221,-0.3209962288446119,0.8358817578468254,0.010821010075
1115,11.15,8.083660356634683e-17,0.070899552197,-0.8104386410850078,0.13748611949492473,-0.7079247605799295,-0.070899552197,4.652589321154488e-18,-0.010900470277,0.7310670339092918,-0.32074064256861956,0.8118076764779132,0.010900470277
1116,11.16,3.376096483775852e-17,0.071026536349,-0.8144068763627718,0.1374794542082466,-0.711886330571017,-0.071026536349,1.0375496125419936e-17,-0.010091409800,0.7076256785511968,-0.3196935659730765,0.7873192445242707,0.010091409800
1117,11.17,8.403269621906344e-17,0.071377667463,-0.8184315072664684,0.13748400627160529,-0.7159155135380728,-0.071377667463,2.6947432121298194e-18,-0.008323575501,0.6846491770657909,-0.31786429404438155,0.7625134711101729,0.008323575501
1118,11.18,4.43752749249665e-17,0.071957948181,-0.8225288169694885,0.1375002876128374,-0.7200291045823284,-0.071957948181,8.003031558850067e-18,-0.005503934580,0.6622256384016306,-0.31526925344845325,0.7374948918500848,0.005503934580
1119,11.19,6.837566756980552e-18,0.072773024978,-0.8267152733775741,0.1375289774713645,-0.7242442508489382,-0.072773024978,1.2739740167341688e-17,-0.001497212813,0.6404451954543343,-0.3119315938152202,0.7123767892695532,0.001497212813
1120,11.200000000000001,3.24586537923975e-17,0.073829076644,-0.8310073560862189,0.13757093025333644,-0.7285782863395567,-0.073829076644,9.16184660966466e-18,0.003895130217,0.6194015612659111,-0.307880677103194,0.6872822383691015,-0.003895130217
1121,11.21,4.345560969090232e-17,0.075132700377,-0.8354214117744344,0.13762718308831057,-0.7330485948627454,-0.075132700377,2.9917346616890713e-18,0.010964159760,0.5991935209361091,-0.30315150546019043,0.6623450263962964,-0.010964159760
1122,11.22,4.339890082825195e-17,0.076690895891,-0.8399736968207857,0.1376989668274745,-0.7376726636482593,-0.076690895891,7.872922814670831e-18,0.020139753269,0.579926441711554,-0.2977841231184032,0.6377105648299568,-0.020139753269
1123,11.23,3.5869674900860474e-17,0.078511329911,-0.8446808776060638,0.1377877303700893,-0.7424686079761513,-0.078511329911,2.1463050272016201e-19,0.032069212262,0.561713986382011,-0.2918230159635523,0.6135370023455606,-0.032069212262
1124,11.24,4.26938550546862e-17,0.080603148963,-0.8495613583834479,0.1378951975195114,-0.7474565559029585,-0.080603148963,1.778356405917117e-17,0.047759077595,0.5446803204980287,-0.2853165280198643,0.5899968485178895,-0.047759077595
1125,11.25,5.415918254721866e-17,0.082978646593,-0.854637811612677,0.13802348602829018,-0.7526612976409637,-0.082978646593,8.407553969500664e-18,0.068849439200,0.528963148162526,-0.27831636198540866,0.5672795101479351,-0.068849439200
1126,11.26,4.572007610484659e-17,0.085655987294,-0.8599410554766901,0.13817532365547713,-0.7581163791321628,-0.085655987294,1.3269386876599148e-17,0.098194116951,0.5147177842346312,-0.270877451323147,0.5455952355577742,-0.098194116951
1127,11.27,4.742000246810071e-17,0.088662802443,-0.8655147640861581,0.13835438253114962,-0.7638691466173078,-0.088662802443,4.272423713189976e-18,0.141243089558,0.5021220439509807,-0.26305924132304803,0.5251812852740279,-0.141243089558
1128,11.28,4.0522773691978686e-17,0.092039638696,-0.8714192090369374,0.1385656986319611,-0.7699849076689005,-0.092039638696,-1.3258301191878437e-16,0.191243089558,0.49138103968031743,-0.2549320976665489,0.5063131373468663,-0.191243089558
1129,11.290000000000001,3.724267355686288e-17,0.095840840543,-0.8777302357553803,0.13881601680768452,-0.7765462525630666,-0.095840840543,5.635095172273926e-16,0.241243089558,0.48273135996810723,-0.2466052744218451,0.48933663438995145,-0.241243089558
1130,11.3,3.6569322143472965e-17,0.100128564748,-0.884527237940426,0.13911366968570882,-0.7836409076261304,-0.100128564748,1.5169962734203012e-15,0.291243089558,0.4764601519857702,-0.23839431283991053,0.4748544648256803,-0.291243089558
1131,11.31,4.892156543765462e-17,0.104953763721,-0.891861948818833,0.13946724623887985,-0.791329195057711,-0.104953763721,-1.6479189943230733e-15,0.241243089558,0.4717061065273792,-0.22445299123927376,0.45615909776665964,-0.241243089558
1132,11.32,4.6554749783892006e-17,0.110330568231,-0.8997238525728452,0.13988324962464838,-0.7996071021974962,-0.110330568231,4.036237028174259e-15,0.191243089558,0.4709090963671453,-0.21723726751146233,0.4481463638786152,-0.191243089558
1133,11.33,4.048540736522747e-17,0.116242490825,-0.9080679578784022,0.1403664790056759,-0.8084344368840752,-0.116242490825,-2.8731301409196724e-16,0.141243089558,0.4727693611467042,-0.20900226681078016,0.4417716279574839,-0.141243089558
1134,11.34,4.271316898515975e-17,0.122653568389,-0.9168350752658448,0.14092045949121934,-0.8177555347570666,-0.122653568389,-5.244311629376931e-17,0.091243089558,0.47749412715357764,-0.20035262469880888,0.4378467518523883,-0.091243089558
1135,11.35,5.026731466277893e-17,0.129515826907,-0.9259594956538503,0.14154747878785712,-0.8275069744417087,-0.129515826907,1.874092158663773e-17,0.041243089558,0.484231917665917,-0.19194146241264154,0.43617338007855855,-0.041243089558
1136,11.36,3.855504293296919e-17,0.136774373706,-0.9353731351950191,0.14224857635283084,-0.8376217115478517,-0.136774373706,-4.1703509142603674e-18,-0.008756910442,0.4918273852964258,-0.1842476464596473,0.43607503175607,0.008756910442
1137,11.370000000000001,3.8565098017660817e-17,0.144370950523,-0.945008284585403,0.14302356100925684,-0.8480318455946558,-0.144370950523,6.7384467401783175e-18,-0.058756910442,0.5000328157541435,-0.17746195432824685,0.43749477008238946,0.058756910442
1138,11.38,4.145328208421676e-17,0.152246443873,-0.9547995379211979,0.14387106837206576,-0.8586706062932605,-0.152246443873,4.9390049875472824e-18,-0.108756910442,0.5087700580375848,-0.17169702898275807,0.44046708702034243,0.108756910442
1139,11.39,4.402658425560929e-17,0.160342661949,-0.9646851321494917,0.14478865407006813,-0.8694737862195594,-0.160342661949,3.817914870377099e-18,-0.158756910442,0.51798341245759,-0.16703460977886897,0.4450180222364586,0.158756910442
1140,11.4,4.0422384780229e-17,0.168603580153,-0.9746078361283504,0.14577291466792464,-0.8803807507962751,-0.168603580153,8.857635015680655e-18,-0.179312003772,0.5276103331817988,-0.1635362395068768,0.45114657268867253,0.179312003772
1141,11.41,4.19823767427399e-17,0.176976193244,-0.9845154915499005,0.14681962733393938,-0.8913351188838354,-0.176976193244,7.8594196552242e-18,-0.180872503877,0.5375703383252609,-0.1612160138430091,0.45878635216826913,0.180872503877
1142,11.42,4.106184535818966e-17,0.185411072099,-0.9943612860344554,0.1479238997205049,-0.9022851857549568,-0.185411072099,9.431117004275273e-18,-0.173155609312,0.5476602867251482,-0.15944369021169946,0.467103976936849,0.173155609312
1143,11.43,8.728911756797056e-17,0.193862589982,-1.0041035554592534,0.14908079866660773,-0.9131843541258617,-0.193862589982,5.539462485869947e-17,-0.160829005117,0.5577511251396504,-0.15783375169885983,0.475584876838512,0.160829005117
1144,11.44,4.144868460988605e-17,0.202289562139,-1.0137068679263637,0.15028341480924345,-0.9239902827356068,-0.202289562139,2.6466357371510254e-17,-0.146263276588,0.5677867412213377,-0.15631152814609062,0.4840982693674305,0.146263276588
1145,11.450000000000001,2.7229957670891177e-17,0.210654482469,-1.0231399464249131,0.15152638770586357,-0.9346663341307759,-0.210654482469,1.037925061573055e-17,-0.130677543822,0.5777292355561673,-0.1548654578901313,0.4925946934462977,0.130677543822
1146,11.46,4.3106133668196793e-17,0.218924043441,-1.0323766628334434,0.15280373998493613,-0.9451804028183779,-0.218924043441,1.1761590153288807e-17,-0.114710475824,0.5875473936107031,-0.15349473678943337,0.5010421304001347,0.114710475824
1147,11.47,2.0856469094640106e-17,0.227068922348,-1.0413954947500281,0.15410940681496677,-0.9555049015649977,-0.227068922348,2.8560804375316634e-17,-0.098706744984,0.5972144200577009,-0.15219983492800193,0.5094142549857046,0.098706744984
1148,11.48,-6.039705258224514e-17,0.235063555556,-1.0501791295983844,0.15543741946682277,-0.9656165490652113,-0.235063555556,-6.596153668409064e-17,-0.082860492053,0.6067073423390258,-0.15098072525443007,0.517688067593459,0.082860492053
1149,11.49,-3.1316257293600724e-16,0.242885897610,-1.0587140902032077,0.15678200728085578,-0.9754960974840698,-0.242885897610,-3.882216948058382e-17,-0.067287314689,0.6160067282730114,-0.1498366485413719,0.5258433768143838,0.067287314689
1150,11.5,4.2220381406974104e-17,0.250516273814,-1.0669909221136367,0.15813684641651815,-0.9851277685301567,-0.250516273814,1.2466793613268237e-17,-0.052062315653,0.6250963974552423,-0.14876533985085028,0.5338617373060948,0.052062315653
1151,11.51,4.0483097864227585e-17,0.257939585738,-1.075002016312859,0.15949783757564628,-0.9944998538885037,-0.257939585738,8.70686056479847e-18,-0.037233568491,0.6339633945248454,-0.14776590180268745,0.5417292963275364,0.037233568491
1152,11.52,4.31952185966564e-17,0.265142680863,-1.0827434054817937,0.16085991898492502,-1.0036033244667215,-0.265142680863,7.834590245208373e-18,-0.022836316584,0.6425975046247859,-0.14683564840662566,0.5494331530314134,0.022836316584
1153,11.53,4.2943714924961564e-17,0.272114939065,-1.090213412796282,0.16221864928878438,-1.0124320620850693,-0.272114939065,6.604117741162566e-18,-0.008896269353,0.6509911494100368,-0.14597178007663703,0.5569629294866707,0.008896269353
1154,11.540000000000001,3.984219587488266e-17,0.278848002851,-1.09741246345681,0.16357005241697975,-1.020982515873791,-0.278848002851,8.79293831783651e-18,0.004567623635,0.6591391475766893,-0.14517129839788068,0.5643104459745678,-0.004567623635
1155,11.55,4.1427714725055135e-17,0.285596233855,-1.1041481780450804,0.16517355716534843,-1.0293217352104318,-0.285596233855,7.59557442503535e-18,0.017541549825,0.6670384943929274,-0.14443105047068283,0.571469544863612,-0.017541549825
1156,11.56,4.5682004712956264e-17,0.293269511225,-1.1098990820041275,0.16771400754846522,-1.0376130895525908,-0.293269511225,1.4648407401496435e-17,0.030015800042,0.6746881531636727,-0.14374779014591088,0.5784359433095836,-0.030015800042
1157,11.57,4.142622816851944e-17,0.302738582143,-1.1145331390140756,0.17133342578064303,-1.045866564794719,-0.302738582143,6.771221275992855e-18,0.041984043842,0.6820888583935424,-0.143118234328386,0.585207092721928,-0.041984043842
1158,11.58,5.204316358675192e-17,0.315084534351,-1.1180347852758539,0.17602392712068415,-1.0540587123965406,-0.315084534351,7.581763729315076e-18,0.053442774114,0.6892429313965539,-0.14253911075611125,0.5917820421526634,-0.053442774114
1159,11.59,3.751565361230799e-17,0.331996895976,-1.1204296476639337,0.18173477025449947,-1.0621644179184326,-0.331996895976,4.936031352198273e-18,0.064390851041,0.6961541089819124,-0.14200719732997868,0.598161306311892,-0.064390851041
1160,11.6,7.338420104228529e-17,0.356571043279,-1.1217710312961957,0.18839115506046122,-1.0701621863566555,-0.356571043278,6.321932674202792e-18,0.074829110146,0.7028273855640538,-0.1415193537943643,0.6043467393584172,-0.074829110146
1161,11.61,-9.688221725014892e-17,0.381571043278,-1.1221428571653798,0.1958896109580609,-1.0780324681234401,-0.381571043278,2.8734091805050252e-18,0.084760016283,0.7092688687813978,-0.14107254668625446,0.6103414154676492,-0.084760016283
1162,11.620000000000001,-3.362393904448377e-17,0.406571043278,-1.1208162190743147,0.20385655008752634,-1.0846727691618387,-0.406571043279,1.567679842385961e-17,0.094187353770,0.7154856484919822,-0.1406638684522067,0.6161495169441884,-0.094187353770
1163,11.63,8.830032768454298e-16,0.431571043278,-1.1171398431954644,0.21163109937078206,-1.0887709425662468,-0.431571043279,1.0028330356934777e-17,0.103115946999,0.7214856788441689,-0.14029055157824877,0.6217762304224173,-0.103115946999
1164,11.64,-4.689785076479624e-15,0.456571043278,-1.1127949450381047,0.21685128355236805,-1.0896462285904758,-0.456571043279,2.003286336769703e-17,0.111551407799,0.727277672991968,-0.1399499785116466,0.6272276515036146,-0.111551407799
1165,11.65,2.2157000535689622e-15,0.431571043278,-1.0989320457531457,0.23127381501368183,-1.0902058607668306,-0.431571043279,1.0346508631107517e-17,0.119499906786,0.7328710099301478,-0.1396396880831744,0.6325106980133248,-0.119499906786
1166,11.66,-3.662743107299349e-16,0.406571043278,-1.0868367984790668,0.24028721144966492,-1.0871240099287338,-0.406571043279,1.5186811765867048e-17,0.126967966403,0.7382756528581719,-0.13935737906796775,0.6376330319261405,-0.126967966403
1167,11.67,3.081924310604487e-18,0.381571043278,-1.07309747230119,0.24858432299405442,-1.0816817952952473,-0.381571043278,2.4803349133379712e-17,0.133962273587,0.7435020784381347,-0.13910091145455994,0.6426029898926955,-0.133962273587
1168,11.68,5.5051710728469304e-17,0.356571043278,-1.057468775877937,0.2567075050951263,-1.0741762809730642,-0.356571043279,7.697278381517553e-18,0.140489510170,0.7485612162848386,-0.1388683059269994,0.6474295222118385,-0.140489510170
1169,11.69,3.907018047151962e-17,0.331571043278,-1.0401338980913843,0.26463328471814995,-1.0647671828095338,-0.331571043279,7.842939699433354e-18,0.146556199195,0.7534643980123806,-0.13865774200491698,0.652122140017299,-0.146556199195
1170,11.700000000000001,5.820590647870176e-17,0.306571043278,-1.0213150734700713,0.2722798020408167,-1.0535948755108901,-0.306571043279,8.909804799465658e-18,0.152168565488,0.7582233151595129,-0.13846755523169751,0.6566908703912104,-0.152168565488
1171,11.71,3.4611659415001516e-17,0.281571043278,-1.0012227130619467,0.279571210274162,-1.040793923336108,-0.281571043279,3.085702621090663e-17,0.157332408864,0.7628499853285869,-0.138296233751663,0.6611462190802491,-0.157332408864
1172,11.72,1.876135767985599e-17,0.256571043278,-0.9800519400185524,0.28644070037638125,-1.0264926403949357,-0.256571043278,2.7254863321898115e-18,0.162052988489,0.7673567259084574,-0.13814241457350163,0.6654991404819603,-0.162052988489
1173,11.73,4.2359279742477806e-17,0.231571043278,-0.9579839743598245,0.29282788253277847,-1.0108118568926028,-0.231571043279,1.1517477757071525e-17,0.166334916908,0.7717561348246927,-0.13800487977908082,0.6697610146037767,-0.166334916908
1174,11.74,4.0371820914833655e-17,0.206571043278,-0.935187217399709,0.2986772000622119,-0.9938644174619191,-0.206571043279,1.1423579354759745e-17,0.170182062245,0.7760610778892679,-0.13788255290459184,0.6739436307938624,-0.170182062245
1175,11.75,4.601706301737681e-17,0.181571043278,-0.9118179409123258,0.30393742054407025,-0.9757553614563981,-0.181571043279,6.3735539159987126e-18,0.173597456966,0.7802846825198354,-0.13777449569550904,0.6780591782153436,-0.173597456966
1176,11.76,3.835510193803163e-17,0.160444364277,-0.8880208698614541,0.3085617459127753,-0.9565826157742285,-0.160444364277,1.4484615177925554e-17,0.176583211331,0.7844403378579702,-0.13767990541936526,0.6821202432773332,-0.176583211331
1177,11.77,4.526134555801797e-17,0.151347222507,-0.8639298287849339,0.3125082404081111,-0.9364380691930427,-0.151347222507,8.981025194717903e-18,0.179140429418,0.78854170157969,-0.1375981129124707,0.6861398144921593,-0.179140429418
1178,11.78,4.4362584015720004e-17,0.147884255146,-0.839668527920847,0.3157404007855781,-0.915408928706428,-0.147884255146,2.0312710647783026e-17,0.181269125419,0.7926027138180426,-0.1375285815391819,0.6901312953572236,-0.181269125419
1179,11.790000000000001,4.138282496356469e-17,0.146910448433,-0.8153515175191802,0.3182277584859291,-0.8935792760051071,-0.146910448433,3.273435444170425e-18,0.182968138216,0.7966376183478988,-0.13747090725295374,0.6941085256008512,-0.182968138216
1180,11.8,4.013765398427276e-17,0.146887932201,-0.7910853151237386,0.3199464375288953,-0.8710317526526317,-0.146887932201,-1.3610180659063907e-17,0.184235043496,0.8006609901348628,-0.1374248199588869,0.6980858100937488,-0.184235043496
1181,11.81,4.156894274333398e-17,0.147068384033,-0.766969696775985,0.3208796127983421,-0.8478493095743267,-0.147068384033,1.136301030284814e-17,0.185066065581,0.8046877660864605,-0.13739018636963218,0.7020779524560914,-0.185066065581
1182,11.82,4.1531925823043165e-17,0.147086463672,-0.7430991324021622,0.32101782945986523,-0.8241169618620261,-0.147086463672,2.34809607315385e-17,0.185455996227,0.8087332720739805,-0.13736701449048339,0.7061002865644652,-0.185455996227
1183,11.83,4.603589988490478e-17,0.146757450289,-0.7195643354333728,0.3203591590664724,-0.7999234944998448,-0.146757450289,1.4973997548678432e-17,0.185398134880,0.8128132342740325,-0.13735545972823326,0.7101686940022645,-0.185398134880
1184,11.84,3.718326277573718e-17,0.145975846502,-0.6964538868600957,0.3189091828228664,-0.7753630696829616,-0.145975846502,9.173310522291584e-18,0.184884272791,0.8169437580480167,-0.13735583236567106,0.714299590413686,-0.184884272791
1185,11.85,4.025612096977671e-17,0.144663282658,-0.6738558867283376,0.3166808075781976,-0.7505366943065339,-0.144663282658,-8.250938862600541e-18,0.183904747782,0.8211412563446717,-0.13736860580468113,0.7185098621493515,-0.183904747782
1186,11.86,4.1800017631868854e-17,0.142739599411,-0.6518595865872615,0.313693934371445,-0.7255535209587065,-0.142739599411,1.1062501572153803e-17,0.182448589562,0.8254223180300367,-0.13739442470246044,0.722816742732499,-0.182448589562
1187,11.870000000000001,4.7603554620149176e-17,0.140103424561,-0.630556972433337,0.3099750105521536,-0.7005319829854897,-0.140103424561,1.4072576130517924e-17,0.180503744993,0.8298035332592743,-0.13743411226931912,0.7272376455285943,-0.180503744993
1188,11.88,4.861080888638808e-17,0.136614222753,-0.6100443086176074,0.30555650149047164,-0.6756008101080773,-0.136614222753,2.8095482817421484e-19,0.178057304060,0.8343013474078597,-0.13748867722390934,0.7317900246317719,-0.178057304060
1189,11.89,3.730251575734557e-17,0.132069593971,-0.5904237259456596,0.3004763138810663,-0.6509000398267282,-0.132069593971,2.3821819928870905e-17,0.175095528896,0.8389321023730442,-0.13755932415816885,0.7364914265312144,-0.175095528896
1190,11.9,3.1614789056108684e-17,0.126170410126,-0.5718050384203625,0.2947771906636786,-0.626582229084041,-0.126170410126,-1.7335733856488906e-18,0.171603323827,0.8437125357371694,-0.13764747730450877,0.741360013041676,-0.171603323827
1191,11.91,5.1935100812670385e-17,0.118461246582,-0.5543080764092397,0.2885060897716524,-0.6028141661808895,-0.118461246582,7.36972971551389e-18,0.167562613341,0.8486611076860423,-0.1377548371153995,0.7464159448014391,-0.167562613341
1192,11.92,2.2859212643696003e-17,0.108220265611,-0.5380658646195907,0.28171359295318343,-0.5797794575727742,-0.108220265611,1.339995314712813e-17,0.162949018082,0.8538005305415705,-0.13788349960731783,0.7516840301488847,-0.162949018082
1193,11.93,4.637450106013514e-17,0.094238075129,-0.5232288369238925,0.27445356225093065,-0.5576823991748241,-0.094238075129,-2.0800031981490263e-18,0.157726424861,0.8591616454968481,-0.13803617356169362,0.7571978190585447,-0.157726424861
1194,11.94,5.3832021896079187e-17,0.074325392064,-0.5099698186887746,0.26678382214039165,-0.5367536408291662,-0.074325392064,8.184824357384229e-18,0.151839816300,0.864788131804585,-0.13821651687142034,0.7630046486760071,-0.151839816300
1195,11.950000000000001,8.667884004848363e-17,0.049325392064,-0.49848865016818167,0.2587704288664009,-0.5172590790345821,-0.049325392064,-3.0633624997987226e-18,0.145208387712,0.8707402467276256,-0.13842955812232927,0.7691698048499567,-0.145208387712
1196,11.96,1.4124831719832732e-16,0.024325392064,-0.48901462992088185,0.2505050026086658,-0.4995196325295459,-0.024325392064,2.6842667481229618e-18,0.137723765512,0.8770937993658069,-0.13868204186759414,0.7757758412334019,-0.137723765512
1197,11.97,-6.638438424466034e-16,-0.000674607936,-0.4818095562072787,0.2421844029406418,-0.4839939591479179,0.000674607936,9.231108044853755e-18,0.129261899279,0.8839281217065577,-0.13898230220799468,0.7829104239145521,-0.129261899279
1198,11.98,-7.066932630803959e-15,-0.025674607936,-0.4772457609240536,0.2347139013216789,-0.47195966224573516,0.025674607936,1.0803144178953002e-17,0.119720919721,0.8912948565588802,-0.13933891513572105,0.7906337716946026,-0.119720919721
1199,11.99,-9.34301599901349e-15,-0.000674607936,-0.47424694848668125,0.2212426098911663,-0.45548955837785376,0.000674607936,7.700492821436775e-18,0.109072184118,0.8991833692903989,-0.13975833457191345,0.7989417038623094,-0.109072184118
1200,12.0,-2.771121858635959e-16,0.024325392064,-0.47486251721706296,0.21248051511994837,-0.44734303233701445,-0.024325392064,1.3493494242524035e-17,0.097347959605,0.9075485279807519,-0.1402452796047703,0.80779380758552,-0.097347959605
1201,12.01,-2.0625436046164984e-17,0.049325392064,-0.4783634111106504,0.20380917173866753,-0.44217258284931793,-0.049325392064,1.0625327337421872e-17,0.084619265409,0.9163309847453941,-0.14080317089883565,0.8171341556442271,-0.084619265409
1202,12.02,3.6109979146627344e-17,0.074325392064,-0.48456166425828784,0.195174700382455,-0.4397363646407455,-0.074325392064,9.316587381855699e-18,0.070981036286,0.9254648560666406,-0.14143417041590578,0.8268990264825447,-0.070981036286
1203,12.030000000000001,2.6896562009953424e-17,0.099325392064,-0.4919748713893429,0.18709766536870032,-0.43907253675804503,-0.099325392064,7.875147708255744e-18,0.056542006282,0.9348818684060635,-0.1421391729748499,0.8370210413809125,-0.056542006282
1204,12.040000000000001,4.260163201940562e-17,0.124325392064,-0.5000486243678789,0.17985319642465047,-0.4399018207925294,-0.124325392064,7.732972976897237e-18,0.041417652185,0.9445141074929043,-0.14291782607605408,0.8474319335689571,-0.041417652185
1205,12.05,4.371386977596692e-17,0.149325392064,-0.5086487742931222,0.17358287761842484,-0.4422316519115497,-0.149325392064,1.9803179434471598e-17,0.025725207603,0.9542959464401203,-0.14376858933972214,0.8580645357798438,-0.025725207603
1206,12.06,3.8673953835197543e-17,0.174325392064,-0.5177138535851472,0.16838265327037683,-0.4460965068555267,-0.174325392064,4.243790742794366e-18,0.009580131840,0.9641653837857699,-0.14468882948279005,0.8688542132685604,-0.009580131840
1207,12.07,4.0768180028871264e-17,0.199325392064,-0.5271858514921891,0.1643240660578319,-0.451509917550021,-0.199325392064,7.789195886662324e-18,-0.006906368427,0.9740649305365966,-0.1456749426898304,0.8797398732264283,0.006906368427
1208,12.08,3.8726341614643665e-17,0.224325392064,-0.536996669058195,0.1614594582511205,-0.4584561273093164,-0.224325392064,6.793526683209346e-18,-0.023629038858,0.9839421485408631,-0.14672249539604076,0.8906646439369026,0.023629038858
1209,12.09,8.005803374778452e-17,0.236108081327,-0.5470181895542449,0.1595574091596249,-0.466575598713868,-0.236108081327,5.746534027710263e-18,-0.040489057167,0.9937497111559715,-0.14782676005948547,0.9015764712154577,0.040489057167
1210,12.1,-3.1597234352079945e-17,0.237760263891,-0.5570551089343435,0.15792977855956558,-0.47498488749391177,-0.237760263891,1.1090802512574343e-16,-0.057397390454,1.0034463950751098,-0.14898116128678895,0.9124275563618993,0.057397390454
1211,12.11,3.2688856946387515e-17,0.234376640369,-0.567032140738733,0.15641374428798882,-0.48344588502672314,-0.234376640369,1.747033997101659e-17,-0.074270986707,1.0129954723254437,-0.1501802445374284,0.9231757168628731,0.074270986707
1212,12.120000000000001,3.574899617054786e-17,0.228520999937,-0.5769068529846894,0.15497918431454283,-0.49188603729923264,-0.228520999937,1.1694032027396649e-18,-0.091035442175,1.0223655536408218,-0.15141786725203776,0.9337834208928597,0.091035442175
1213,12.13,2.6942758929918886e-17,0.221489692048,-0.5866465392125281,0.15362151314449035,-0.5002680523570198,-0.221489692048,3.63335559375574e-18,-0.107624645254,1.0315301278328066,-0.1526876874200186,0.9442178152528249,0.107624645254
1214,12.14,2.6893826841029778e-17,0.213943461908,-0.5962234748511729,0.152340377645254,-0.5085638524964309,-0.213943461908,2.9743831360550244e-17,-0.123980399187,1.0404671990181429,-0.15398335058265256,0.9544505496007978,0.123980399187
1215,12.15,3.26077299468556e-17,0.206223482839,-0.6056138215433552,0.15113552169303157,-0.5167493432363854,-0.206223482839,3.2289073881180164e-17,-0.140052004151,1.0491589233165657,-0.15529860405012264,0.964457527366688,0.140052004151
1216,12.16,4.220373594327719e-17,0.198510013677,-0.6147971543317797,0.1500050365893163,-0.5248021909210947,-0.198510013677,9.69468118312704e-18,-0.155794765887,1.0575919141194463,-0.1566263535688922,0.9742182676883409,0.155794765887
1217,12.17,3.9847700909795794e-17,0.190900298403,-0.623756513165966,0.14894880082021456,-0.5327053139861788,-0.190900298403,6.0711227269638865e-18,-0.171172108140,1.0657546345758222,-0.15796217040000393,0.9837168049758254,0.171172108140
1218,12.18,4.0272030690675207e-17,0.183449440027,-0.6324777754229071,0.1479644085357591,-0.5404421839586653,-0.183449440027,1.0037554080977891e-17,-0.186152780745,1.0736397007527119,-0.15930021296407715,0.9929399137167905,0.186152780745
1219,12.19,3.9455769335711234e-17,0.176190002702,-0.6409496129256783,0.14704930897175228,-0.5479989218974288,-0.176190002702,7.479491477167159e-18,-0.200711133323,1.0812422379982722,-0.1606352814284634,1.0018775194267362,0.200711133323
1220,12.200000000000001,4.5230520767883105e-17,0.169142139581,-0.6491632331001159,0.14620067737521147,-0.5553639104753265,-0.169142139581,5.534455260023148e-18,-0.214826598528,1.0885596977635759,-0.16196261583231364,1.0105223135958863,0.214826598528
1221,12.21,4.572839942930847e-17,0.162318777715,-0.6571121426196253,0.1454154599419658,-0.5625276025615924,-0.162318777715,6.149096114263935e-18,-0.228483191741,1.0955915784812378,-0.16327786785341092,1.018869446334649,0.228483191741
1222,12.22,4.7210668208849595e-17,0.155728325603,-0.664791921722718,0.14469044387485008,-0.5694823655975632,-0.155728325603,8.33393162661478e-18,-0.241714823244,1.1023175728975945,-0.16460638654393256,1.0269239594415265,0.241714823244
1223,12.23,4.60822230496151e-17,0.149376135459,-0.67220000846734,0.1440223233927257,-0.5762223318600639,-0.149376135459,1.5253027274645167e-17,-0.255673788968,1.1082554531147482,-0.16659192797123945,1.0348473810859862,0.255673788968
1224,12.24,5.014733093739819e-17,0.143265335773,-0.6793354939375905,0.1434077565720805,-0.5827432505096701,-0.143265335773,4.451343454261823e-18,-0.271898943365,1.1131035531353932,-0.1696093578197725,1.0427129109551683,0.271898943365
1225,12.25,3.6195717849312776e-17,0.137397341730,-0.6861989293825995,0.1428434127703465,-0.5890423421529447,-0.137397341730,-1.0410789912799277e-18,-0.292080775408,1.1168043098095355,-0.17370403327373485,1.0505083430832702,0.292080775408
1226,12.26,3.926755679244124e-17,0.131772197255,-0.6927921459417209,0.14232601137261514,-0.5951181573143365,-0.131772197255,-2.6879115791445526e-18,-0.318621471118,1.119366115373574,-0.17884342382504415,1.058209539198619,0.318621471118
1227,12.27,4.012417270094715e-17,0.126388825678,-0.6991180872847497,0.14185235279264685,-0.6009704400773948,-0.126388825678,-1.1661480640658796e-17,-0.355605901149,1.1208282542355876,-0.18496629153801936,1.0657945457736073,0.355605901149
1228,12.280000000000001,2.3514723853351014e-17,0.121245227755,-0.7051806552210113,0.14141934266726885,-0.6065999978882792,-0.121245227755,-5.111245567767777e-17,-0.405605901149,1.1212559988298354,-0.19198883236010877,1.07324483118994,0.405605901149
1229,12.290000000000001,3.503611048970667e-17,0.116338646716,-0.7109845681101606,0.14102401014136323,-0.6120085782515239,-0.116338646716,2.2945947966169116e-18,-0.455605901149,1.1206391898890695,-0.19976697271050636,1.0804061625995776,0.455605901149
1230,12.3,5.2090063094678055e-17,0.111665710557,-0.7165352317346293,0.14066352107985136,-0.6171987528144789,-0.111665710557,7.720943548063018e-16,-0.505605901149,1.1184949315272954,-0.2079249017638244,1.0864198332911148,0.505605901149
1231,12.31,4.319949224123239e-17,0.107222557075,-0.7218386221625518,0.1403351869736108,-0.6221738091361622,-0.107222557075,7.07678968555426e-17,-0.555605901149,1.1152566800474242,-0.2156069346256998,1.090863614673123,0.555605901149
1232,12.32,4.204122437160045e-17,0.103004944824,-0.7269011800343971,0.14003647023317634,-0.6269376502675761,-0.103004944824,-1.3155863203574428e-16,-0.505605901149,1.106257244622637,-0.22893261263346576,1.0951898572561032,0.505605901149
1233,12.33,4.7299550834695166e-17,0.099008352026,-0.731729715640527,0.1397649864906031,-0.6314947021311332,-0.099008352026,4.3763270287615726e-17,-0.455605901149,1.099288514804745,-0.2378450877179833,1.0971336025227256,0.455605901149
1234,12.34,2.577499065743608e-17,0.095228064854,-0.7363313241157751,0.13951850445827374,-0.6358498285740501,-0.095228064854,1.7005849216570217e-17,-0.405605901149,1.090938314039204,-0.24691606748636208,1.097854381525566,0.405605901149
1235,12.35,4.003345742642549e-17,0.091659256251,-0.7407133100561413,0.13929494382525764,-0.6400082538813989,-0.091659256251,-5.711092984729594e-17,-0.355605901149,1.0812740340783948,-0.256180684887526,1.0974547189659216,0.355605901149
1236,12.36,3.1246599131900055e-17,0.088297056245,-0.7448831208580354,0.13909237160811216,-0.6439754924661485,-0.088297056245,-2.2197589541584927e-18,-0.305605901149,1.0705492412807383,-0.26542801669233473,1.0959772579730729,0.305605901149
1237,12.370000000000001,4.814441265549578e-17,0.085136614618,-0.7488482880885928,0.13890899731433504,-0.6477572854029297,-0.085136614618,2.1191674731180805e-17,-0.255605901149,1.058979887357542,-0.27448977021026055,1.093469657567803,0.255605901149
1238,12.38,3.505813885004841e-17,0.082173156748,-0.7526163762136991,0.13874316722336044,-0.6513595434370614,-0.082173156748,1.4885361915412435e-17,-0.205605901149,1.046750963768802,-0.28322964328250066,1.0899806070513034,0.205605901149
1239,12.39,7.300702957594584e-17,0.079402033325,-0.7561949380358303,0.1385933580420492,-0.6547882960778799,-0.079402033325,3.398100087893169e-18,-0.155605901149,1.0340280713439123,-0.2915271199063839,1.0855551912502979,0.155605901149
1240,12.4,7.29395244588564e-18,0.076818764644,-0.7595914762244976,0.13845817014908868,-0.658049646373589,-0.076818764644,1.1636533405685448e-17,-0.105605901149,1.0209622498449287,-0.29927074503306994,1.0802329948780003,0.105605901149
1241,12.41,2.2288376941269626e-17,0.074419080113,-0.7628134103565759,0.13833632060525158,-0.6611497309618293,-0.074419080113,8.024671835380576e-18,-0.055605901149,1.0076915392374106,-0.3063562378371444,1.0740477770745553,0.055605901149
1242,12.42,1.7850657427070144e-17,0.072198953593,-0.765868048920031,0.1382266360740051,-0.6640946849940383,-0.072198953593,5.3072426860471104e-18,-0.018146424791,0.9943413767380963,-0.3126865949371803,1.0670279716752742,0.018146424791
1243,12.43,7.54878871075576e-17,0.070154635234,-0.7687625657721436,0.13812804576908067,-0.6668906115412248,-0.070154635234,7.160856785812848e-18,-0.003237749053,0.9810246682699929,-0.3181729903024154,1.0591976585724094,0.003237749053
1244,12.44,1.3883117946710973e-17,0.068282680461,-0.7715039805806906,0.1380395745219568,-0.669543555102647,-0.068282680461,1.0858257229706929e-17,0.001333701311,0.9678418406295614,-0.32273597996705095,1.0505778205966128,-0.001333701311
1245,12.450000000000001,7.041117275197209e-17,0.066579976847,-0.7740991428134382,0.13796033604220848,-0.6720594788556453,-0.066579976847,6.613474605260993e-18,0.001509979109,0.954880984056559,-0.32630678563747406,1.0411877696940313,-0.001509979109
1246,12.46,6.742807818873544e-17,0.065043769634,-0.7765547188770877,0.13788952642635321,-0.6744442453034423,-0.065043769634,9.238797741157587e-18,0.000151366987,0.9422181244279183,-0.3288285342859899,1.0310466587139058,-0.000151366987
1247,12.47,5.141442111464128e-17,0.063671686551,-0.7788771820414989,0.13782641795484418,-0.6767035999963418,-0.063671686551,1.0361824523043408e-17,-0.001383997180,0.9299176394311718,-0.3302573750351204,1.0201750144662942,0.001383997180
1248,12.48,-5.158115525318883e-18,0.062461762244,-0.7810728048182806,0.1377703532003941,-0.6788431580186738,-0.062461762244,1.5223932294792194e-17,-0.002459349130,0.9180328245353638,-0.3305634174935582,1.0085962420289232,0.002459349130
1249,12.49,3.530384176734844e-17,0.061412461895,-0.7831476534955552,0.1377207394517722,-0.6808683929473296,-0.061412461895,5.566705507205822e-18,-0.002773961104,0.9066066115150885,-0.3297314507793555,0.9963380622944462,0.002773961104
1250,12.5,2.8864326703665253e-17,0.060522702245,-0.7851075845621988,0.13767704343426124,-0.6827846279964596,-0.060522702245,5.261018960188857e-18,-0.002172664087,0.8956724404814668,-0.32776141479583043,0.9834338552772954,0.002172664087
1251,12.51,1.0646314231337221e-17,0.059791866422,-0.7869582427859686,0.13763878628175397,-0.6845970290677221,-0.059791866422,1.580934097771142e-17,-0.000550423060,0.8852552841239404,-0.3246686067709944,0.9699238908949375,0.000550423060
1252,12.52,4.6748002251396166e-17,0.059219806899,-0.7887050607389529,0.13760553869167513,-0.6863105994306244,-0.059219806899,3.78701655317971e-19,0.002197940003,0.875372819468848,-0.32048361725290386,0.9558564367217541,-0.002197940003
1253,12.530000000000001,2.383585226632751e-17,0.058806829827,-0.7903532595883408,0.1375769161854633,-0.6879301757738054,-0.058806829827,1.487077098344197e-17,0.006208305214,0.8660367376296466,-0.31525200083022453,0.9412887384598725,-0.006208305214
1254,12.540000000000001,-1.085371524486392e-17,0.058553655746,-0.791907850986001,0.13755257442756286,-0.6894604254135621,-0.058553655746,1.5114705699432383e-17,0.011671910377,0.8572541756254682,-0.3090336979129066,0.9262878735383757,-0.011671910377
1255,12.55,2.3310699334418185e-17,0.058461359551,-0.7933736398892971,0.13753220465672433,-0.690905844546021,-0.058461359551,1.3854208979212263e-17,0.018863105616,0.8490292462389181,-0.3019022353153199,0.9109314815542411,-0.018863105616
1256,12.56,1.9656477501749128e-17,0.058531310150,-0.7947552281208782,0.13751552948780177,-0.69227075760868,-0.058531310150,1.1930908630368369e-17,0.028178597183,0.8413646317801887,-0.29394374621689334,0.8953083779970838,-0.028178597183
1257,12.57,4.4418804646351914e-17,0.058765160576,-0.7960570184221832,0.13750229966333116,-0.69355931808551,-0.058765160576,9.105666402843433e-18,0.040199765295,0.8342631948324105,-0.2852558671253599,0.8795190619577737,-0.040199765295
1258,12.58,1.994670725632248e-17,0.059164981231,-0.7972832186819839,0.13749229272849128,-0.6947755114104779,-0.059164981231,1.353463798111877e-17,0.055798568588,0.8277295418741925,-0.275946597671339,0.8636761395455337,-0.055798568588
1259,12.59,6.146546920249653e-17,0.059733672354,-0.7984378459581701,0.13748531491835225,-0.6959231608765193,-0.059733672354,1.3593157834437693e-17,0.076328545209,0.8217714496644933,-0.266133266282894,0.8479047159473878,-0.076328545209
1260,12.6,2.8252573924445664e-17,0.060475810911,-0.7995247299253282,0.13748120746502634,-0.6970059373903523,-0.060475810911,1.3771925102032722e-18,0.103993575794,0.8164010167664709,-0.2559418807734063,0.8323428975398754,-0.103993575794
1261,12.61,1.46655163250677e-17,0.061399033707,-0.8005475155859411,0.1374798575416173,-0.6980273731275601,-0.061399033707,3.3772456495399547e-18,0.142623744774,0.8116352934483163,-0.24550751228362666,0.8171428057319416,-0.142623744774
1262,12.620000000000001,5.0719406839101255e-17,0.062515861174,-0.8015096656263739,0.1374812115056333,-0.6989908771320095,-0.062515861174,-7.021980551981262e-18,0.192623744774,0.8074958266617546,-0.23497751917758392,0.8024733458393398,-0.192623744774
1263,12.63,8.362196004145006e-17,0.063845441901,-0.8024144638179368,0.13748528342214306,-0.6998997472400794,-0.063845441901,-1.3047920282372036e-16,0.242623744774,0.804005395661446,-0.22452377988830918,0.7885291755497561,-0.242623744774
1264,12.64,2.44861638824233e-17,0.065413988593,-0.8032650223655234,0.13749214509096197,-0.7007571674564814,-0.065413988593,-2.593571736180451e-16,0.292623744774,0.8011745887439982,-0.21439137980564615,0.7755659685496474,-0.292623744774
1265,12.65,6.907787098015365e-17,0.067251723230,-0.8040642977700837,0.13750187656258384,-0.7015661743326667,-0.067251723230,-1.3533170115505138e-16,0.342623744774,0.7989309480262686,-0.20516260381123363,0.7640935518375023,-0.342623744774
1266,12.66,-1.880385526844599e-18,0.069383212218,-0.8048151206772555,0.13751445267569873,-0.7023295733529564,-0.069383212218,-1.7374395478160222e-15,0.292623744774,0.7998160524246646,-0.18762581812901813,0.747441870553677,-0.292623744774
1267,12.67,4.810675139519643e-17,0.071814377880,-0.8055202268317895,0.13752962794945633,-0.7030498547812427,-0.071814377880,-1.8398075402844994e-15,0.242623744774,0.7989477622517117,-0.18038643335613014,0.7393341956078365,-0.242623744774
1268,12.68,4.8416744245320574e-17,0.074535697268,-0.8061822411042289,0.13754704314788058,-0.7037292842521068,-0.074535697268,1.3125477555451968e-15,0.192623744774,0.7992320427087886,-0.17291635526124483,0.7321483979700303,-0.192623744774
1269,12.69,4.703834506413237e-17,0.077527899681,-0.8068036669401099,0.13756630246871115,-0.704369969408821,-0.077527899681,-1.7076495412143726e-16,0.142623744774,0.8006783570611208,-0.16547155536796432,0.7261499124290807,-0.142623744774
1270,12.700000000000001,3.7156429006480496e-17,0.080765781106,-0.8073868850790983,0.13758700491224574,-0.7049738899913414,-0.080765781106,2.0188633766208023e-17,0.092623744774,0.8026943111825889,-0.158560882381254,0.7212551935638429,-0.092623744774
1271,12.71,5.616933536125449e-17,0.084220799923,-0.807934154941088,0.13760876194421645,-0.7055429168853045,-0.084220799923,2.919091940874787e-17,0.042623744774,0.8046141895475155,-0.15245806607820278,0.717072255625721,-0.042623744774
1272,12.72,3.2695501211692634e-17,0.087862878989,-0.8084476171471248,0.1376312090128008,-0.7060788261599256,-0.087862878989,2.844597715702678e-17,-0.007376255226,0.806292077495237,-0.14731576371574218,0.7136078412109774,0.007376255226
1273,12.73,4.3811541142035816e-17,0.091661668501,-0.8089292967581915,0.13765401303928437,-0.7065833097974781,-0.091661668501,7.10900789723526e-18,-0.057376255226,0.8076928146940051,-0.14323225842215825,0.7109250731161629,0.057376255226
1274,12.74,4.557780878619626e-17,0.095587429257,-0.8093811070426621,0.13767687685421726,-0.7070579838968789,-0.095587429257,2.101553657055906e-18,-0.107376255226,0.8088064797170677,-0.1402757320289939,0.7090822117460625,0.107376255226
1275,12.75,5.0288926936381016e-17,0.099611641533,-0.8098048536356696,0.1376995412606049,-0.7075043948962736,-0.099611641533,6.056519542211177e-18,-0.157376255226,0.8096295962676737,-0.13849266529027926,0.7081222615579512,0.157376255226
1276,12.76,3.824267410401025e-17,0.103707412105,-0.8102022389739371,0.13772178528316215,-0.7079240242570974,-0.103707412105,-3.680510801414837e-19,-0.207376255226,0.8101671875003379,-0.13788041008909702,0.7080475975894323,0.207376255226
1277,12.77,3.9969822271403635e-17,0.107849731271,-0.8105748669046068,0.13774342507385662,-0.7083182919784625,-0.107849731271,6.301206023397638e-18,-0.257376255226,0.810567856609887,-0.13777515003504315,0.7083430066449288,0.257376255226
1278,12.780000000000001,4.1874108413257025e-17,0.112015618025,-0.8109242473811565,0.13776431186503724,-0.708688559246196,-0.112015618025,9.863361915948845e-18,-0.289071931160,0.8109228453222111,-0.13777065685727463,0.7086935021794871,0.289071931160
1279,12.790000000000001,2.9384205843894113e-17,0.116184182020,-0.811251801173751,0.1377843292895783,-0.7090361304633261,-0.116184182020,9.707970272726653e-18,-0.300748527891,0.8112515207619612,-0.13778559828802595,0.7090371190499858,0.300748527891
1280,12.8,4.465242918361172e-17,0.120336624098,-0.8115588645347894,0.13780339032318623,-0.709362254857973,-0.120336624098,1.6735049546590022e-17,-0.302450506097,0.8115588084524293,-0.13780364412287593,0.7093624525753035,0.302450506097
1281,12.81,3.9811995910724987e-17,0.124456192098,-0.8118466937726981,0.13782143404791658,-0.7096681278206147,-0.124456192098,-3.621115898519517e-18,-0.299214801277,0.8118466825562268,-0.13782148480785505,0.7096681673640801,0.299214801277
1282,12.82,4.3265291246264394e-17,0.128528104832,-0.8121164696979025,0.1378384223880179,-0.7099548920859191,-0.128528104832,1.1925702114077672e-17,-0.293572691399,0.812116467454609,-0.1378384325400056,0.709954899994615,0.293572691399
1283,12.83,3.209160939395749e-17,0.132539454150,-0.8123693019143988,0.1378543369291615,-0.7102236388435563,-0.132539454150,1.4893016650644883e-17,-0.286800850558,0.8123693014657373,-0.13785433895955912,0.7102236404252955,0.286800850558
1284,12.84,3.490500998212687e-17,0.136479092764,-0.8126062329383404,0.13786917589926306,-0.710475408837604,-0.136479092764,9.130645150955333e-18,-0.279547002227,0.8126062328486096,-0.13786917630534312,0.7104754091539518,0.279547002227
1285,12.85,5.0321269701494186e-17,0.140337513702,-0.8128282421317446,0.1378829513626597,-0.7107111934944057,-0.140337513702,1.2191180165360731e-17,-0.272142874800,0.8128282421137999,-0.13788295144387563,0.7107111935576724,0.272142874800
1286,12.86,4.2376423754399885e-17,0.144106725865,-0.8130362494447186,0.13789568665858953,-0.7109319361033086,-0.144106725865,1.1462669720037116e-17,-0.264760807700,0.8130362494411304,-0.1378956866748321,0.7109319361159634,0.264760807700
1287,12.870000000000001,3.9615018832086524e-17,0.147780129067,-0.813231118964116,0.13790741409884844,-0.7111385330629587,-0.147780129067,4.6192358719109525e-18,-0.257492179907,0.8132311189633984,-0.1379074141020965,0.7111385330654953,0.257492179907
1288,12.88,4.252175805915997e-17,0.151352391074,-0.8134136622696754,0.1379181729273996,-0.7113318351970732,-0.151352391074,1.460534092251357e-17,-0.250386745199,0.8134136622695297,-0.1379181729280493,0.7113318351975777,0.250386745199
1289,12.89,4.350029823376325e-17,0.154819328452,-0.8135846416014739,0.13792800753590717,-0.7115126491373807,-0.154819328452,5.72118525851818e-18,-0.243472415095,0.8135846416014455,-0.13792800753603685,0.7115126491374801,0.243472415095
1290,12.9,4.23356592939747e-17,0.158177792540,-0.8137447728441894,0.13793696592297133,-0.711681738767163,-0.158177792540,1.432803124642492e-17,-0.236765259247,0.8137447728441859,-0.1379369659229971,0.7116817387671808,0.236765259247
1291,12.91,4.516809543688771e-17,0.161425561390,-0.8138947283351438,0.13794509838078606,-0.711839826715932,-0.161425561390,7.51984544979143e-18,-0.230274607711,0.8138947283351438,-0.1379450983807914,0.7118398267159356,0.230274607711
1292,12.92,3.990975333107089e-17,0.164561238248,-0.8140351395039086,0.13795245639047338,-0.7119875958943793,-0.164561238248,8.358586954860048e-18,-0.224005697076,0.8140351395039086,-0.1379524563904747,0.7119875958943829,0.224005697076
1293,12.93,4.113176641189461e-17,0.167584156839,-0.8141665993517694,0.13795909170617915,-0.7121256910579503,-0.167584156839,1.0264454965220483e-17,-0.217961081433,0.8141665993517694,-0.13795909170617915,0.7121256910579503,0.217961081433
1294,12.94,4.203647144702221e-17,0.170494293571,-0.814289664779655,0.13796505560774464,-0.7122547203874006,-0.170494293571,6.556246373035665e-18,-0.212141418741,0.814289664779655,-0.13796505560774464,0.7122547203874006,0.212141418741
1295,12.950000000000001,4.244777572621251e-17,0.173292186585,-0.8144048587730143,0.13797039830220126,-0.7123752570752138,-0.173292186585,1.404532771478193e-17,-0.206545938098,0.8144048587730143,-0.13797039830220126,0.7123752570752138,0.206545938098
1296,12.96,3.831144774945331e-17,0.175978861520,-0.8145126724522004,0.13797516845522717,-0.7124878409074262,-0.175978861520,9.033568257443232e-18,-0.201172740920,0.8145126724522004,-0.13797516845522717,0.7124878409074262,0.201172740920
1297,12.97,4.1334655121285834e-17,0.178555763724,-0.8146135669964824,0.13797941283490778,-0.7125929798313897,-0.178555763724,7.097031617060047e-18,-0.196019012859,0.8146135669964824,-0.13797941283490778,0.7125929798313897,0.196019012859
1298,12.98,4.2541775759288233e-17,0.181024696630,-0.8147079754496299,0.13798317605154875,-0.7126911515011805,-0.181024696630,8.626847183704203e-18,-0.191081185220,0.8147079754496299,-0.13798317605154875,0.7126911515011805,0.191081185220
1299,12.99,3.883779418323571e-17,0.183387765969,-0.8147963044145438,0.13798650037876714,-0.7127828047933078,-0.183387765969,9.871046275587668e-18,-0.186355065629,0.8147963044145402,-0.13798650037876758,0.7127828047933078,0.186355065629
1300,13.0,3.90608936831887e-17,0.185647329455,-0.8148789356440435,0.13798942564260142,-0.7128683612866431,-0.185647329455,9.511533723296665e-18,-0.181835948200,0.8148789356440435,-0.13798942564260097,0.7128683612866431,0.181835948200
1301,13.01,4.280934040614866e-17,0.187805951590,-0.8149562275345562,0.13799198916685562,-0.712948216701411,-0.187805951590,1.0573349179139842e-17,-0.177518708702,0.8149562275345562,-0.13799198916685518,0.712948216701411,0.177518708702
1302,13.02,4.15501442610282e-17,0.189866363215,-0.815028516528881,0.13799422576432374,-0.713022742293203,-0.189866363215,8.884346114875512e-18,-0.173397887837,0.815028516528881,-0.13799422576432374,0.713022742293203,0.173397887837
1303,13.030000000000001,4.173055503427792e-17,0.191831425457,-0.8150961184339894,0.13799616776485035,-0.7130922861988345,-0.191831425457,9.127903586740016e-18,-0.169467764545,0.8150961184339894,-0.1379961677648499,0.7130922861988345,0.169467764545
1304,13.040000000000001,4.09019439996141e-17,0.193704097713,-0.8151593296592533,0.13799784507241875,-0.7131571747316712,-0.193704097713,7.039000897374498e-18,-0.165722420631,0.8151593296592533,-0.13799784507241875,0.7131571747316712,0.165722420631
1305,13.05,8.044125673191365e-17,0.195487169722,-0.8152182651447478,0.13799999473434543,-0.7132182598790933,-0.195487169722,1.049901200871001e-17,-0.162156276910,0.8152182651447443,-0.1379999947343632,0.7132182598791075,0.162156276910
1306,13.06,8.935126970878609e-17,0.197184124789,-0.8152734973031716,0.13800128849252824,-0.7132747857956985,-0.197184124789,4.4640981085919525e-17,-0.158762366925,0.8152734973031716,-0.1380012884925207,0.7132747857956914,0.158762366925
1307,13.07,-1.1221841093949559e-17,0.198797967054,-0.8153251507572011,0.138002272610816,-0.7133274233680154,-0.198797967054,4.819160344125756e-17,-0.155534682470,0.8153251507572047,-0.13800227261080356,0.7133274233680083,0.155534682470
1308,13.08,3.0228945185273967e-17,0.200331752958,-0.8153734313961155,0.13800307210349472,-0.7133765034996116,-0.200331752958,-2.929990002842089e-17,-0.152467110701,0.8153734313961191,-0.13800307210349205,0.713376503499608,0.152467110701
1309,13.09,5.720395429179889e-17,0.201788550451,-0.8154185501443837,0.1380037262960384,-0.7134222764404234,-0.201788550451,2.419352910342962e-17,-0.149553515732,0.8154185501443837,-0.1380037262960424,0.7134222764404234,0.149553515732
1310,13.1,3.890996251599308e-17,0.203171412665,-0.8154607083904476,0.13800425603166755,-0.7134649644221134,-0.203171412665,1.580516735101974e-17,-0.146787791313,0.8154607083904476,-0.13800425603165956,0.7134649644221063,0.146787791313
1311,13.11,5.752671672989291e-17,0.204483359717,-0.8155000957076705,0.13800467720674015,-0.7135047729144097,-0.204483359717,5.9358647553789136e-18,-0.144163897215,0.8155000957076705,-0.1380046772067468,0.7135047729144168,0.144163897215
1312,13.120000000000001,4.523208111494539e-17,0.205727365402,-0.8155368899963459,0.13800500357001655,-0.7135418935663593,-0.205727365402,2.5182765496106215e-17,-0.141675885847,0.8155368899963459,-0.13800500357000545,0.7135418935663522,0.141675885847
1313,13.13,2.7345676003334124e-17,0.206906347066,-0.8155712580747912,0.1380052473716612,-0.7135765054464485,-0.206906347066,2.2074770804887682e-17,-0.139317922520,0.8155712580747912,-0.13800524737166253,0.713576505446452,0.139317922520
1314,13.14,4.6052844524850905e-17,0.208023157702,-0.8156033563270643,0.13800541957918855,-0.7136087759062533,-0.208023157702,2.8454413721095975e-17,-0.137084301250,0.8156033563270678,-0.13800541957919255,0.7136087759062568,0.137084301250
1315,13.15,5.415630920849e-17,0.209080579741,-0.815633331331033,0.1380055300022459,-0.7136388613332811,-0.209080579741,-3.986584938948757e-18,-0.134969457171,0.8156333313310365,-0.1380055300022468,0.7136388613332811,0.134969457171
1316,13.16,3.6506447073489396e-17,0.210081320206,-0.8156613204530326,0.1380055873953313,-0.7136669078483684,-0.210081320206,-3.0346271738012814e-18,-0.132967976242,0.8156613204530326,-0.1380055873953251,0.7136669078483613,0.132967976242
1317,13.17,5.513459483451815e-17,0.211028006979,-0.8156874524083665,0.1380055995512658,-0.7136930519596354,-0.211028006979,1.062395177901951e-17,-0.131074602695,0.8156874524083665,-0.13800559955126446,0.7136930519596318,0.131074602695
1318,13.18,2.853311868660819e-17,0.211923186038,-0.8157118477888804,0.13800557338838948,-0.7137174211772694,-0.211923186038,5.630845532043207e-18,-0.129284244577,0.8157118477888804,-0.1380055733883837,0.7137174211772659,0.129284244577
1319,13.19,4.4003418786811153e-17,0.212769319506,-0.8157346195595362,0.13800551503169622,-0.7137401345912315,-0.212769319506,3.272835158728043e-18,-0.127591977641,0.8157346195595397,-0.13800551503169,0.713740134591228,0.127591977641
1320,13.200000000000001,4.1968647614367764e-17,0.213568784419,-0.8157558735256255,0.13800542988840026,-0.7137613034140222,-0.213568784419,1.1880959242789702e-17,-0.125993047816,0.8157558735256291,-0.13800542988839892,0.7137613034140222,0.125993047816
1321,13.21,3.8851263940726296e-17,0.214323872108,-0.8157757087723932,0.1380053227177528,-0.7137810314901407,-0.214323872108,3.0354622560557113e-17,-0.124482872437,0.8157757087723932,-0.138005322717755,0.7137810314901443,0.124482872437
1322,13.22,4.4450516036179103e-17,0.215036788118,-0.8157942180786338,0.13800519769553132,-0.7137994157741665,-0.215036788118,2.65421948431031e-18,-0.123057040416,0.8157942180786338,-0.13800519769552688,0.7137994157741594,0.123057040416
1323,13.23,3.254334699321194e-17,0.215709652580,-0.8158114883057453,0.13800505847331268,-0.7138165467790585,-0.215709652580,7.291976378487891e-18,-0.121711311494,0.8158114883057453,-0.13800505847331623,0.713816546779062,0.121711311494
1324,13.24,3.133175320838344e-17,0.216344500977,-0.8158276007636412,0.13800490823283662,-0.7138325089964801,-0.216344500977,5.055978729716832e-18,-0.120441614699,0.8158276007636412,-0.1380049082328375,0.7138325089964801,0.120441614699
1325,13.25,4.803241049216878e-17,0.216943285254,-0.8158426315548662,0.1380047497356448,-0.7138473812905075,-0.216943285254,1.3172607127952961e-17,-0.119244046146,0.8158426315548662,-0.1380047497356488,0.7138473812905146,0.119244046146
1326,13.26,5.262873564751272e-17,0.217507875198,-0.8158566518981597,0.13800458536839788,-0.7138612372665576,-0.217507875198,1.1863449167866042e-17,-0.118114866258,0.8158566518981597,-0.13800458536840055,0.7138612372665576,0.118114866258
1327,13.27,3.845541403300377e-17,0.218040060064,-0.8158697284326567,0.13800441718401324,-0.7138741456166691,-0.218040060064,1.1671697034806037e-17,-0.117050496525,0.8158697284326567,-0.13800441718401235,0.7138741456166691,0.117050496525
1328,13.280000000000001,3.885625439953394e-17,0.218541550394,-0.815881923503814,0.13800424693900715,-0.7138861704428243,-0.218541550394,5.530215838218819e-18,-0.116047515866,0.815881923503814,-0.13800424693901026,0.7138861704428243,0.116047515866
1329,13.290000000000001,3.7514152623941816e-17,0.219013979990,-0.8158932954321304,0.13800407612731924,-0.7138973715594488,-0.219013979990,2.39462767992278e-17,-0.115102656674,0.8158932954321304,-0.1380040761273228,0.7138973715594523,0.115102656674
1330,13.3,3.902492505381597e-17,0.219458908021,-0.8159038987656447,0.1380039060107926,-0.7139078047764413,-0.219458908021,5.708845889393052e-18,-0.114212800611,0.8159038987656483,-0.13800390601079482,0.7139078047764413,0.114212800611
1331,13.31,3.565004953022099e-17,0.219877821225,-0.8159137845171937,0.13800373764666107,-0.7139175221638587,-0.219877821225,5.897625387559921e-18,-0.113374974204,0.8159137845171937,-0.1380037376466624,0.7139175221638587,0.113374974204
1332,13.32,4.208647979463069e-17,0.220272136180,-0.8159230003872092,0.13800357191229307,-0.7139265722995041,-0.220272136180,1.2653479457752173e-17,-0.112586344293,0.8159230003872092,-0.13800357191229484,0.7139265722995076,0.112586344293
1333,13.33,3.887592871566962e-17,0.220643201635,-0.8159315909730235,0.13800340952733425,-0.7139350005003542,-0.220643201635,8.210138780879111e-18,-0.111844213384,0.8159315909730235,-0.1380034095273298,0.7139350005003542,0.111844213384
1334,13.34,4.84380617138182e-17,0.220992300861,-0.8159395979653513,0.13800325107356237,-0.7139428490389128,-0.220992300861,1.543104375092905e-17,-0.111146014931,0.8159395979653513,-0.13800325107356282,0.7139428490389164,0.111146014931
1335,13.35,5.244164579825475e-17,0.221320654031,-0.8159470603328006,0.13800309701265523,-0.7139501573454559,-0.221320654031,1.0197860674176909e-17,-0.110489308591,0.8159470603328006,-0.13800309701265479,0.7139501573454559,0.110489308591
1336,13.36,4.25745783777448e-17,0.221629420588,-0.8159540144950174,0.1380029477019714,-0.7139569621969861,-0.221629420588,-4.903061581736007e-18,-0.109871775478,0.8159540144950174,-0.13800294770196964,0.7139569621969861,0.109871775478
1337,13.370000000000001,3.2089403240482227e-17,0.221919701606,-0.8159604944852045,0.138002803408647,-0.7139632978938528,-0.221919701606,4.502475961140704e-18,-0.109291213440,0.8159604944852045,-0.13800280340864435,0.7139632978938493,0.109291213440
1338,13.38,3.379624388651855e-17,0.222192542135,-0.8159665321026078,0.13800266432210473,-0.7139691964247148,-0.222192542135,1.0538238431704988e-17,-0.108745532383,0.8159665321026078,-0.13800266432210206,0.7139691964247112,0.108745532383
1339,13.39,4.487090666842397e-17,0.222448933500,-0.8159721570555628,0.13800253056512146,-0.7139746876206856,-0.222448933500,8.083282485187227e-18,-0.108232749654,0.8159721570555628,-0.13800253056512413,0.7139746876206856,0.108232749654
1340,13.4,3.301565635781992e-17,0.222689815574,-0.8159773970956731,0.13800240220364535,-0.713979799299318,-0.222689815574,6.291464657240705e-18,-0.107750985504,0.8159773970956731,-0.13800240220364757,0.7139797992993215,0.107750985504
1341,13.41,3.8735086964672215e-17,0.222916079002,-0.8159822781436478,0.13800227925542397,-0.7139845573990704,-0.222916079002,7.005919489697162e-18,-0.107298458650,0.8159822781436478,-0.13800227925542263,0.7139845573990704,0.107298458650
1342,13.42,4.4714242507403605e-17,0.223128567365,-0.8159868244072764,0.13800216169762847,-0.7139889861049027,-0.223128567365,1.0216929779914301e-17,-0.106873481923,0.8159868244072764,-0.13800216169762847,0.7139889861049027,0.106873481923
1343,13.43,4.045280304250774e-17,0.223328079304,-0.8159910584920357,0.13800204947354333,-0.7139931079655795,-0.223328079304,3.709288319990193e-18,-0.106474458046,0.8159910584920357,-0.13800204947354333,0.7139931079655795,0.106474458046
1344,13.44,4.005428063269323e-17,0.223515370572,-0.8159950015047716,0.13800194249842435,-0.7139969440031932,-0.223515370572,6.177101298992111e-18,-0.106099875509,0.8159950015047716,-0.1380019424984239,0.7139969440031932,0.106099875509
1345,13.450000000000001,4.0308035177549656e-17,0.223691156034,-0.8159986731508414,0.13800184066461096,-0.7140005138154506,-0.223691156034,1.1165048511857273e-17,-0.105748304586,0.8159986731508414,-0.1380018406646114,0.7140005138154506,0.105748304586
1346,13.46,4.4043859511829765e-17,0.223856111596,-0.8160020918251557,0.13800174384599562,-0.7140038356711513,-0.223856111596,8.26144895737948e-18,-0.105418393461,0.8160020918251557,-0.13800174384599562,0.7140038356711513,0.105418393461
1347,13.47,4.165168774318658e-17,0.224010876078,-0.8160052746974574,0.13800165190188418,-0.7140069265993403,-0.224010876078,4.688874722130673e-18,-0.105108864496,0.8160052746974574,-0.13800165190188507,0.7140069265993403,0.105108864496
1348,13.48,4.204214228889339e-17,0.224156053015,-0.8160082377922083,0.13800156468036395,-0.7140098024725687,-0.224156053015,8.261908323414753e-18,-0.104818510623,0.8160082377922083,-0.1380015646803635,0.7140098024725687,0.104818510623
1349,13.49,4.0006376775483e-17,0.224292212393,-0.8160109960633949,0.13800148202117912,-0.7140124780845745,-0.224292212393,8.715257336634706e-18,-0.104546191868,0.8160109960633949,-0.13800148202117868,0.7140124780845745,0.104546191868
